Run,BioProject,SubGroup,g__Streptococcus,g__Actinomyces,g__Moraxella,g__Pseudomonas,g__Haemophilus,g__Granulicatella,g__Veillonella,g__Prevotella_7,g__Pasteurella,g__Rothia,g__Fusobacterium,g__Porphyromonas,g__Gemella,g__Janthinobacterium,g__Escherichia.Shigella,g__Atopobium,g__Stomatobaculum,g__Alloprevotella,g__Oribacterium,g__Neisseria,g__Limosilactobacillus,g__Abiotrophia,g__Leptotrichia,g__Prevotella,g__Ligilactobacillus,g__Capnocytophaga,g__Stenotrophomonas,g__Lautropia,g__Campylobacter,g__Corynebacterium,g__Acinetobacter,g__TM7x,g__Scardovia,g__Aeromonas,g__Staphylococcus,g__Bifidobacterium,g__Propionibacterium,g__Mogibacterium,g__Lachnoanaerobaculum,g__Tannerella,g__Alloscardovia,g__Flavobacterium,g__Megasphaera,g__Brevundimonas,g__Actinobacillus,g__F0058,g__Selenomonas,g__Fretibacterium,g__Centipeda,g__Tropheryma,g__Anaeroglobus,g__Turicibacter,g__Treponema,g__Romboutsia,g__Erysipelatoclostridium,g__Parvimonas,g__ASF356,g__Lactobacillus,g__Prevotellaceae.NK3B31.group,g__Lactococcus,g__Catonella,g__Dolosigranulum,g__Bergeyella,g__Filifactor,g__Akkermansia,g__Mycoplasma,g__Anaeroplasma,g__Peptostreptococcus,g__A2,g__Dialister,g__Lentimicrobium,g__Prevotellaceae.UCG.001,g__Rikenellaceae.RC9.gut.group,g__Lachnospiraceae.NK4A136.group,g__Clostridioides,g__Oscillibacter,g__Colidextribacter,g__Kingella,g__Phocaeicola,g__Granulicella,g__Solobacterium,g__Bacteroides,g__Planktomarina,g__Synechococcus.CC9902,g__HIMB11,g__Cardiobacterium,g__Propionigenium,g__Polaribacter,g__Paracoccus,g__Sulfurovum,g__Proteiniclasticum,g__Clade.Ia,g__Sphingomonas,g__.Eubacterium..nodatum.group,g__Amylibacter,g__Thermovirga,g__Nitrospira,g__Methanosaeta,g__Faecalibacterium,g__Arachidicoccus,g__Butyrivibrio,g__Marinifilum,g__Paludibacter,g__Syner.01,g__Methanolinea,g__Allobaculum,g__Johnsonella,g__Cyanobium.PCC.6307,g__Agathobacter,g__Tepidibacter,g__Candidatus.Saccharimonas,g__Polynucleobacter,g__Odoribacter,g__NS4.marine.group,g__Anaerolineaceae.UCG.001,g__Blastococcus,g__Cutibacterium,g__Blautia,g__Ileibacterium,g__Mobiluncus,g__Aminobacterium,g__Lachnospira,g__Pyramidobacter,g__Shuttleworthia,g__Fusibacter,g__Pseudarcicella,g__UCG.002,g__Proteiniphilum,g__Sulfitobacter,g__Oceanicaulis,g__F0332,g__Rhodovastum,g__Lutibacter,g__Chroococcidiopsis.SAG.2023,g__Dongia,g__.Eubacterium..yurii.group,g__Fusicatenibacter,g__Ercella,g__Candidatus.Actinomarina,g__Pseudarcobacter,g__Magnetovibrio,g__RBG.16.49.21,g__Petrimonas,g__Marmoricola,g__Gaiella,g__Endomicrobium,g__Rhodocytophaga,g__Blvii28.wastewater.sludge.group,g__Dubosiella,g__SWB02,g__Ilumatobacter,g__Acidothermus,g__Chryseobacterium,g__Prevotella_9,g__Aeromicrobium,g__Cryptobacterium,g__Tuzzerella,g__UCG.005,g__Ulvibacter,g__Streptomyces,g__Exilispira,g__Amnipila,g__ML602J.51,g__.Ruminococcus..gnavus.group,g__hgcI.clade,g__Pseudorhodobacter,g__RB41,g__Aurantivirga,g__Anaerolinea,g__Fluviicola,g__Family.XIII.UCG.001,g__Cryptanaerobacter,g__Mangrovibacterium,g__Mucilaginibacter,g__Balneola,g__Sediminibacterium,g__Enterococcus,g__Klebsiella,g__Fructilactobacillus,g__Hungatella,g__Serratia,g__Sphingobacterium,g__Alcaligenes,g__Finegoldia,g__Aggregatibacter,g__Subdoligranulum,g__Pseudochrobactrum,g__Eikenella,g__Geobacillus,g__Dorea,g__Dysgonomonas,g__.Ruminococcus..torques.group,g__Ruminococcus,g__Arsenicicoccus,g__Anaerostipes,g__Sphaerochaeta,g__CL500.29.marine.group,g__Luteococcus,g__.Eubacterium..hallii.group,g__Lacticaseibacillus,g__Castellaniella,g__.Eubacterium..eligens.group,g__Alistipes,g__Carnobacterium,g__Megamonas,g__Erysipelotrichaceae.UCG.003,g__Comamonas,g__Enhydrobacter,g__Yoonia.Loktanella,g__Collinsella,g__Lachnoclostridium,g__Cloacibacterium,g__Monoglobus,g__Micrococcus,g__Shinella,g__Lachnospiraceae.ND3007.group,g__Aquabacterium,g__DMER64,g__Coprococcus,g__Sphingorhabdus,g__.Eubacterium..ruminantium.group,g__Gemmobacter,g__Candidatus.Arthromitus,g__Catenibacterium,g__Parabacteroides,g__Parasutterella,g__Parapusillimonas,g__Limnobacter,g__Tissierella,g__Phascolarctobacterium,g__Arcobacter,g__CAG.56,g__Hydrogenophaga,g__.Eubacterium..siraeum.group,g__Thiobacillus,g__.Eubacterium..saphenum.group,g__Candidatus.Methylopumilus,g__Parascardovia,g__Limnohabitans,g__Asteroleplasma,g__Ralstonia,g__Rhodanobacter,g__NK4A214.group,g__Anaerococcus,g__Peptoniphilus,g__Gardnerella,g__Morganella,g__Muribaculum,g__Burkholderia.Caballeronia.Paraburkholderia,g__Roseburia,g__NS3a.marine.group,g__Brevinema,g__Bilophila,g__HT002,g__Achromobacter,g__Sutterella,g__S5.A14a,g__Nautella,g__Mucispirillum,g__Rhodococcus,g__Latilactobacillus,g__Thioalkalispira.Sulfurivermis,g__Helicobacter,g__Clostridium.sensu.stricto.1,g__UCG.003,g__Arenimonas,g__Hymenobacter,g__MND1,g__Streptobacillus,g__Candidatus.Nucleicultrix,g__Bulleidia,g__Edaphobaculum
ERR1288562,PRJEB12565,COPD_Stable,0,0,0,0,0,0,0,0,0,0.030232558,0,0,0,0,0,0,0,0,0,0,0,0,0,0,0,0,0,0,0,0,0,0,0,0,0,0,0,0,0,0,0,0,0,0,0,0,0,0,0,0,0,0,0,0,0,0,0,0,0,0,0,0,0,0,0,0,0,0,0,0,0,0,0,0,0,0,0,0,0,0,0,0,0,0,0,0,0,0,0,0,0,0,0,0,0,0,0,0,0,0,0,0,0,0,0,0,0,0,0,0,0,0,0,0,0,0,0,0,0,0,0,0,0,0,0,0,0,0,0,0,0,0,0,0,0,0,0,0,0,0,0,0,0,0,0,0,0,0,0,0,0,0,0,0,0,0,0,0,0,0,0,0,0,0,0,0,0,0,0,0,0,0,0,0,0,0,0,0,0,0,0,0,0,0,0,0,0,0,0,0,0,0,0,0,0,0,0,0,0,0,0,0,0,0,0,0,0,0,0,0,0,0,0,0,0,0,0,0,0,0,0,0,0,0,0,0,0,0,0,0,0,0,0,0,0,0,0,0,0,0,0,0,0,0,0,0,0,0,0,0,0,0,0,0,0,0,0,0,0,0,0,0,0,0,0,0,0,0,0,0,0,0
ERR1288563,PRJEB12565,COPD_Stable,0.014192485,0.036855535,0,0.003663971,0,0,0.118858603,0,0,0,0,0,0,0,0,0,0,0,0,0,0,0,0,0,0,0,0,0,0,0,0,0,0,0,0,0,0,0,0,0,0,0,0,0,0,0,0,0,0,0,0,0,0,0,0,0,0,0,0,0,0,0,0,0,0,0,0,0,0,0,0,0,0,0,0,0,0,0,0,0,0,0,0,0,0,0,0,0,0,0,0,0,0,0,0,0,0,0,0,0,0,0,0,0,0,0,0,0,0,0,0,0,0,0,0,0,0,0,0,0,0,0,0,0,0,0,0,0,0,0,0,0,0,0,0,0,0,0,0,0,0,0,0,0,0,0,0,0,0,0,0,0,0,0,0,0,0,0,0,0,0,0,0,0,0,0,0,0,0,0,0,0,0,0,0,0,0,0,0,0,0,0,0,0,0,0,0,0,0,0,0,0,0,0,0,0,0,0,0,0,0,0,0,0,0,0,0,0,0,0,0,0,0,0,0,0,0,0,0,0,0,0,0,0,0,0,0,0,0,0,0,0,0,0,0,0,0,0,0,0,0,0,0,0,0,0,0,0,0,0,0,0,0,0,0,0,0,0,0,0,0,0,0,0,0,0,0,0,0,0,0,0
ERR1288565,PRJEB12565,COPD_Stable,0.019484323,0,0,0.070431286,0,0.004247716,0,0,0,0.009375338,0,0,0,0,0,0,0,0,0,0,0,0,0,0,0,0,0,0,0,0,0,0,0,0,0,0,0,0,0,0,0,0,0,0,0,0,0,0,0,0,0,0,0,0,0,0,0,0,0,0,0,0,0,0,0,0,0,0,0,0,0,0,0,0,0,0,0,0,0,0,0,0,0,0,0,0,0,0,0,0,0,0,0,0,0,0,0,0,0,0,0,0,0,0,0,0,0,0,0,0,0,0,0,0,0,0,0,0,0,0,0,0,0,0,0,0,0,0,0,0,0,0,0,0,0,0,0,0,0,0,0,0,0,0,0,0,0,0,0,0,0,0,0,0,0,0,0,0,0,0,0,0,0,0,0,0,0,0,0,0,0,0,0,0,0,0,0,0,0,0,0,0,0,0,0,0,0,0,0,0,0,0,0,0,0,0,0,0,0,0,0,0,0,0,0,0,0,0,0,0,0,0,0,0,0,0,0,0,0,0,0,0,0,0,0,0,0,0,0,0,0,0,0,0,0,0,0,0,0,0,0,0,0,0,0,0,0,0,0,0,0,0,0,0,0,0,0,0,0,0,0,0,0,0,0,0,0,0,0,0,0,0
ERR1288567,PRJEB12565,COPD_Stable,0,0,0,0,0,0,0,0,0,0,0,0,0,0,0,0,0,0,0,0,0,0,0,0,0,0,0,0,0,0,0,0,0,0,0,0,0,0,0,0,0,0,0,0,0,0,0,0,0,0,0,0,0,0,0,0,0,0,0,0,0,0,0,0,0,0,0,0,0,0,0,0,0,0,0,0,0,0,0,0,0,0,0,0,0,0,0,0,0,0,0,0,0,0,0,0,0,0,0,0,0,0,0,0,0,0,0,0,0,0,0,0,0,0,0,0,0,0,0,0,0,0,0,0,0,0,0,0,0,0,0,0,0,0,0,0,0,0,0,0,0,0,0,0,0,0,0,0,0,0,0,0,0,0,0,0,0,0,0,0,0,0,0,0,0,0,0,0,0,0,0,0,0,0,0,0,0,0,0,0,0,0,0,0,0,0,0,0,0,0,0,0,0,0,0,0,0,0,0,0,0,0,0,0,0,0,0,0,0,0,0,0,0,0,0,0,0,0,0,0,0,0,0,0,0,0,0,0,0,0,0,0,0,0,0,0,0,0,0,0,0,0,0,0,0,0,0,0,0,0,0,0,0,0,0,0,0,0,0,0,0,0,0,0,0,0,0,0,0,0,0,0
ERR1288568,PRJEB12565,COPD_Stable,0.183575333,0,0,0.007721681,0,0.004693364,0.078675877,0.009782565,0,0,0,0,0,0,0,0,0,0,0,0,0,0,0,0,0,0,0,0,0,0,0,0,0,0,0,0,0,0,0,0,0,0,0,0,0,0,0,0,0,0,0,0,0,0,0,0,0,0,0,0,0,0,0,0,0,0,0,0,0,0,0,0,0,0,0,0,0,0,0,0,0,0,0,0,0,0,0,0,0,0,0,0,0,0,0,0,0,0,0,0,0,0,0,0,0,0,0,0,0,0,0,0,0,0,0,0,0,0,0,0,0,0,0,0,0,0,0,0,0,0,0,0,0,0,0,0,0,0,0,0,0,0,0,0,0,0,0,0,0,0,0,0,0,0,0,0,0,0,0,0,0,0,0,0,0,0,0,0,0,0,0,0,0,0,0,0,0,0,0,0,0,0,0,0,0,0,0,0,0,0,0,0,0,0,0,0,0,0,0,0,0,0,0,0,0,0,0,0,0,0,0,0,0,0,0,0,0,0,0,0,0,0,0,0,0,0,0,0,0,0,0,0,0,0,0,0,0,0,0,0,0,0,0,0,0,0,0,0,0,0,0,0,0,0,0,0,0,0,0,0,0,0,0,0,0,0,0,0,0,0,0,0
ERR1288569,PRJEB12565,COPD_Stable,0,0,0,0,0,0,0,0,0,0,0,0,0,0,0,0,0,0,0,0,0,0,0,0,0,0,0,0,0,0,0,0,0,0,0,0,0,0,0,0,0,0,0,0,0,0,0,0,0,0,0,0,0,0,0,0,0,0,0,0,0,0,0,0,0,0,0,0,0,0,0,0,0,0,0,0,0,0,0,0,0,0,0,0,0,0,0,0,0,0,0,0,0,0,0,0,0,0,0,0,0,0,0,0,0,0,0,0,0,0,0,0,0,0,0,0,0,0,0,0,0,0,0,0,0,0,0,0,0,0,0,0,0,0,0,0,0,0,0,0,0,0,0,0,0,0,0,0,0,0,0,0,0,0,0,0,0,0,0,0,0,0,0,0,0,0,0,0,0,0,0,0,0,0,0,0,0,0,0,0,0,0,0,0,0,0,0,0,0,0,0,0,0,0,0,0,0,0,0,0,0,0,0,0,0,0,0,0,0,0,0,0,0,0,0,0,0,0,0,0,0,0,0,0,0,0,0,0,0,0,0,0,0,0,0,0,0,0,0,0,0,0,0,0,0,0,0,0,0,0,0,0,0,0,0,0,0,0,0,0,0,0,0,0,0,0,0,0,0,0,0,0
ERR1288571,PRJEB12565,COPD_Stable,0.200033734,0.001428046,0.005536378,0,0,0.001182221,0.10412683,0.013329733,0,0,0,0,0,0,0,0,0,0,0,0,0,0,0,0,0,0,0,0,0,0,0,0,0,0,0,0,0,0,0,0,0,0,0,0,0,0,0,0,0,0,0,0,0,0,0,0,0,0,0,0,0,0,0,0,0,0,0,0,0,0,0,0,0,0,0,0,0,0,0,0,0,0,0,0,0,0,0,0,0,0,0,0,0,0,0,0,0,0,0,0,0,0,0,0,0,0,0,0,0,0,0,0,0,0,0,0,0,0,0,0,0,0,0,0,0,0,0,0,0,0,0,0,0,0,0,0,0,0,0,0,0,0,0,0,0,0,0,0,0,0,0,0,0,0,0,0,0,0,0,0,0,0,0,0,0,0,0,0,0,0,0,0,0,0,0,0,0,0,0,0,0,0,0,0,0,0,0,0,0,0,0,0,0,0,0,0,0,0,0,0,0,0,0,0,0,0,0,0,0,0,0,0,0,0,0,0,0,0,0,0,0,0,0,0,0,0,0,0,0,0,0,0,0,0,0,0,0,0,0,0,0,0,0,0,0,0,0,0,0,0,0,0,0,0,0,0,0,0,0,0,0,0,0,0,0,0,0,0,0,0,0,0
ERR1288574,PRJEB12565,COPD_Stable,0,0,0.187022386,0,0,0.006178943,0.173052857,0.008314284,0,0,0,0,0,0,0,0,0,0,0,0,0,0,0,0,0,0,0,0,0,0,0,0,0,0,0,0,0,0,0,0,0,0,0,0,0,0,0,0,0,0,0,0,0,0,0,0,0,0,0,0,0,0,0,0,0,0,0,0,0,0,0,0,0,0,0,0,0,0,0,0,0,0,0,0,0,0,0,0,0,0,0,0,0,0,0,0,0,0,0,0,0,0,0,0,0,0,0,0,0,0,0,0,0,0,0,0,0,0,0,0,0,0,0,0,0,0,0,0,0,0,0,0,0,0,0,0,0,0,0,0,0,0,0,0,0,0,0,0,0,0,0,0,0,0,0,0,0,0,0,0,0,0,0,0,0,0,0,0,0,0,0,0,0,0,0,0,0,0,0,0,0,0,0,0,0,0,0,0,0,0,0,0,0,0,0,0,0,0,0,0,0,0,0,0,0,0,0,0,0,0,0,0,0,0,0,0,0,0,0,0,0,0,0,0,0,0,0,0,0,0,0,0,0,0,0,0,0,0,0,0,0,0,0,0,0,0,0,0,0,0,0,0,0,0,0,0,0,0,0,0,0,0,0,0,0,0,0,0,0,0,0,0
ERR1288575,PRJEB12565,COPD_Stable,0,0,0,0,0,0,0,0,0,0,0,0,0,0,0,0,0,0,0,0,0,0,0,0,0,0,0,0,0,0,0,0,0,0,0,0,0,0,0,0,0,0,0,0,0,0,0,0,0,0,0,0,0,0,0,0,0,0,0,0,0,0,0,0,0,0,0,0,0,0,0,0,0,0,0,0,0,0,0,0,0,0,0,0,0,0,0,0,0,0,0,0,0,0,0,0,0,0,0,0,0,0,0,0,0,0,0,0,0,0,0,0,0,0,0,0,0,0,0,0,0,0,0,0,0,0,0,0,0,0,0,0,0,0,0,0,0,0,0,0,0,0,0,0,0,0,0,0,0,0,0,0,0,0,0,0,0,0,0,0,0,0,0,0,0,0,0,0,0,0,0,0,0,0,0,0,0,0,0,0,0,0,0,0,0,0,0,0,0,0,0,0,0,0,0,0,0,0,0,0,0,0,0,0,0,0,0,0,0,0,0,0,0,0,0,0,0,0,0,0,0,0,0,0,0,0,0,0,0,0,0,0,0,0,0,0,0,0,0,0,0,0,0,0,0,0,0,0,0,0,0,0,0,0,0,0,0,0,0,0,0,0,0,0,0,0,0,0,0,0,0,0
ERR1288576,PRJEB12565,COPD_Stable,0.142260838,0,0,0.027250322,0,0.002721954,0,0,0,0,0,0.008489778,0,0,0,0,0,0,0,0,0,0,0,0,0,0,0,0,0,0,0,0,0,0,0,0,0,0,0,0,0,0,0,0,0,0,0,0,0,0,0,0,0,0,0,0,0,0,0,0,0,0,0,0,0,0,0,0,0,0,0,0,0,0,0,0,0,0,0,0,0,0,0,0,0,0,0,0,0,0,0,0,0,0,0,0,0,0,0,0,0,0,0,0,0,0,0,0,0,0,0,0,0,0,0,0,0,0,0,0,0,0,0,0,0,0,0,0,0,0,0,0,0,0,0,0,0,0,0,0,0,0,0,0,0,0,0,0,0,0,0,0,0,0,0,0,0,0,0,0,0,0,0,0,0,0,0,0,0,0,0,0,0,0,0,0,0,0,0,0,0,0,0,0,0,0,0,0,0,0,0,0,0,0,0,0,0,0,0,0,0,0,0,0,0,0,0,0,0,0,0,0,0,0,0,0,0,0,0,0,0,0,0,0,0,0,0,0,0,0,0,0,0,0,0,0,0,0,0,0,0,0,0,0,0,0,0,0,0,0,0,0,0,0,0,0,0,0,0,0,0,0,0,0,0,0,0,0,0,0,0,0
ERR1288577,PRJEB12565,COPD_Stable,0,0,0,0.002785607,0,0.003018769,0.030372319,0,0,0,0,0,0,0,0,0,0,0,0,0,0,0,0,0,0,0,0,0,0,0,0,0,0,0,0,0,0,0,0,0,0,0,0,0,0,0,0,0,0,0,0,0,0,0,0,0,0,0,0,0,0,0,0,0,0,0,0,0,0,0,0,0,0,0,0,0,0,0,0,0,0,0,0,0,0,0,0,0,0,0,0,0,0,0,0,0,0,0,0,0,0,0,0,0,0,0,0,0,0,0,0,0,0,0,0,0,0,0,0,0,0,0,0,0,0,0,0,0,0,0,0,0,0,0,0,0,0,0,0,0,0,0,0,0,0,0,0,0,0,0,0,0,0,0,0,0,0,0,0,0,0,0,0,0,0,0,0,0,0,0,0,0,0,0,0,0,0,0,0,0,0,0,0,0,0,0,0,0,0,0,0,0,0,0,0,0,0,0,0,0,0,0,0,0,0,0,0,0,0,0,0,0,0,0,0,0,0,0,0,0,0,0,0,0,0,0,0,0,0,0,0,0,0,0,0,0,0,0,0,0,0,0,0,0,0,0,0,0,0,0,0,0,0,0,0,0,0,0,0,0,0,0,0,0,0,0,0,0,0,0,0,0
ERR1288579,PRJEB12565,COPD_Stable,0.184590841,0.011383333,0,0.002041161,0,0.024221731,0,0.028838113,0,0.01626468,0,0.004714428,0,0,0,0,0,0,0,0,0,0,0,0,0,0,0,0,0,0,0,0,0,0,0,0,0,0,0,0,0,0,0,0,0,0,0,0,0,0,0,0,0,0,0,0,0,0,0,0,0,0,0,0,0,0,0,0,0,0,0,0,0,0,0,0,0,0,0,0,0,0,0,0,0,0,0,0,0,0,0,0,0,0,0,0,0,0,0,0,0,0,0,0,0,0,0,0,0,0,0,0,0,0,0,0,0,0,0,0,0,0,0,0,0,0,0,0,0,0,0,0,0,0,0,0,0,0,0,0,0,0,0,0,0,0,0,0,0,0,0,0,0,0,0,0,0,0,0,0,0,0,0,0,0,0,0,0,0,0,0,0,0,0,0,0,0,0,0,0,0,0,0,0,0,0,0,0,0,0,0,0,0,0,0,0,0,0,0,0,0,0,0,0,0,0,0,0,0,0,0,0,0,0,0,0,0,0,0,0,0,0,0,0,0,0,0,0,0,0,0,0,0,0,0,0,0,0,0,0,0,0,0,0,0,0,0,0,0,0,0,0,0,0,0,0,0,0,0,0,0,0,0,0,0,0,0,0,0,0,0,0
ERR1288580,PRJEB12565,COPD_Stable,0,0,0,0.047735618,0,0,0,0,0,0,0,0,0,0,0,0,0,0,0,0,0,0,0,0,0,0,0,0,0,0,0,0,0,0,0,0,0,0,0,0,0,0,0,0,0,0,0,0,0,0,0,0,0,0,0,0,0,0,0,0,0,0,0,0,0,0,0,0,0,0,0,0,0,0,0,0,0,0,0,0,0,0,0,0,0,0,0,0,0,0,0,0,0,0,0,0,0,0,0,0,0,0,0,0,0,0,0,0,0,0,0,0,0,0,0,0,0,0,0,0,0,0,0,0,0,0,0,0,0,0,0,0,0,0,0,0,0,0,0,0,0,0,0,0,0,0,0,0,0,0,0,0,0,0,0,0,0,0,0,0,0,0,0,0,0,0,0,0,0,0,0,0,0,0,0,0,0,0,0,0,0,0,0,0,0,0,0,0,0,0,0,0,0,0,0,0,0,0,0,0,0,0,0,0,0,0,0,0,0,0,0,0,0,0,0,0,0,0,0,0,0,0,0,0,0,0,0,0,0,0,0,0,0,0,0,0,0,0,0,0,0,0,0,0,0,0,0,0,0,0,0,0,0,0,0,0,0,0,0,0,0,0,0,0,0,0,0,0,0,0,0,0
ERR1288583,PRJEB12565,COPD_Stable,0,0,0,0,0,0,0.017469561,0,0,0,0,0,0,0,0,0,0,0,0,0,0,0,0,0,0,0,0,0,0,0,0,0,0,0,0,0,0,0,0,0,0,0,0,0,0,0,0,0,0,0,0,0,0,0,0,0,0,0,0,0,0,0,0,0,0,0,0,0,0,0,0,0,0,0,0,0,0,0,0,0,0,0,0,0,0,0,0,0,0,0,0,0,0,0,0,0,0,0,0,0,0,0,0,0,0,0,0,0,0,0,0,0,0,0,0,0,0,0,0,0,0,0,0,0,0,0,0,0,0,0,0,0,0,0,0,0,0,0,0,0,0,0,0,0,0,0,0,0,0,0,0,0,0,0,0,0,0,0,0,0,0,0,0,0,0,0,0,0,0,0,0,0,0,0,0,0,0,0,0,0,0,0,0,0,0,0,0,0,0,0,0,0,0,0,0,0,0,0,0,0,0,0,0,0,0,0,0,0,0,0,0,0,0,0,0,0,0,0,0,0,0,0,0,0,0,0,0,0,0,0,0,0,0,0,0,0,0,0,0,0,0,0,0,0,0,0,0,0,0,0,0,0,0,0,0,0,0,0,0,0,0,0,0,0,0,0,0,0,0,0,0,0
ERR1288585,PRJEB12565,COPD_Stable,0.11819241,0,0,0.004090888,0,0.009697361,0,0,0,0.013518455,0,0,0.001695605,0,0,0,0,0,0,0,0,0,0,0,0,0,0,0,0,0,0,0,0,0,0,0,0,0,0,0,0,0,0,0,0,0,0,0,0,0,0,0,0,0,0,0,0,0,0,0,0,0,0,0,0,0,0,0,0,0,0,0,0,0,0,0,0,0,0,0,0,0,0,0,0,0,0,0,0,0,0,0,0,0,0,0,0,0,0,0,0,0,0,0,0,0,0,0,0,0,0,0,0,0,0,0,0,0,0,0,0,0,0,0,0,0,0,0,0,0,0,0,0,0,0,0,0,0,0,0,0,0,0,0,0,0,0,0,0,0,0,0,0,0,0,0,0,0,0,0,0,0,0,0,0,0,0,0,0,0,0,0,0,0,0,0,0,0,0,0,0,0,0,0,0,0,0,0,0,0,0,0,0,0,0,0,0,0,0,0,0,0,0,0,0,0,0,0,0,0,0,0,0,0,0,0,0,0,0,0,0,0,0,0,0,0,0,0,0,0,0,0,0,0,0,0,0,0,0,0,0,0,0,0,0,0,0,0,0,0,0,0,0,0,0,0,0,0,0,0,0,0,0,0,0,0,0,0,0,0,0,0
ERR1288586,PRJEB12565,COPD_Stable,0.022878299,0.001795591,0,0.008314782,0,0,0,0.048927172,0,0,0,0,0,0,0,0,0,0,0,0,0,0,0,0,0,0,0,0,0,0,0,0,0,0,0,0,0,0,0,0,0,0,0,0,0,0,0,0,0,0,0,0,0,0,0,0,0,0,0,0,0,0,0,0,0,0,0,0,0,0,0,0,0,0,0,0,0,0,0,0,0,0,0,0,0,0,0,0,0,0,0,0,0,0,0,0,0,0,0,0,0,0,0,0,0,0,0,0,0,0,0,0,0,0,0,0,0,0,0,0,0,0,0,0,0,0,0,0,0,0,0,0,0,0,0,0,0,0,0,0,0,0,0,0,0,0,0,0,0,0,0,0,0,0,0,0,0,0,0,0,0,0,0,0,0,0,0,0,0,0,0,0,0,0,0,0,0,0,0,0,0,0,0,0,0,0,0,0,0,0,0,0,0,0,0,0,0,0,0,0,0,0,0,0,0,0,0,0,0,0,0,0,0,0,0,0,0,0,0,0,0,0,0,0,0,0,0,0,0,0,0,0,0,0,0,0,0,0,0,0,0,0,0,0,0,0,0,0,0,0,0,0,0,0,0,0,0,0,0,0,0,0,0,0,0,0,0,0,0,0,0,0
ERR1288587,PRJEB12565,COPD_Stable,0,0,0,0,0,0,0,0,0.088943146,0,0,0,0,0,0,0,0,0,0,0,0,0,0,0,0,0,0,0,0,0,0,0,0,0,0,0,0,0,0,0,0,0,0,0,0,0,0,0,0,0,0,0,0,0,0,0,0,0,0,0,0,0,0,0,0,0,0,0,0,0,0,0,0,0,0,0,0,0,0,0,0,0,0,0,0,0,0,0,0,0,0,0,0,0,0,0,0,0,0,0,0,0,0,0,0,0,0,0,0,0,0,0,0,0,0,0,0,0,0,0,0,0,0,0,0,0,0,0,0,0,0,0,0,0,0,0,0,0,0,0,0,0,0,0,0,0,0,0,0,0,0,0,0,0,0,0,0,0,0,0,0,0,0,0,0,0,0,0,0,0,0,0,0,0,0,0,0,0,0,0,0,0,0,0,0,0,0,0,0,0,0,0,0,0,0,0,0,0,0,0,0,0,0,0,0,0,0,0,0,0,0,0,0,0,0,0,0,0,0,0,0,0,0,0,0,0,0,0,0,0,0,0,0,0,0,0,0,0,0,0,0,0,0,0,0,0,0,0,0,0,0,0,0,0,0,0,0,0,0,0,0,0,0,0,0,0,0,0,0,0,0,0
ERR1288588,PRJEB12565,COPD_Stable,0.01235679,0,0,0,0,0,0,0,0,0,0,0,0,0,0.000643552,0,0,0,0,0,0,0,0,0,0,0,0,0,0,0,0,0,0,0,0,0,0,0,0,0,0,0,0,0,0,0,0,0,0,0,0,0,0,0,0,0,0,0,0,0,0,0,0,0,0,0,0,0,0,0,0,0,0,0,0,0,0,0,0,0,0,0,0,0,0,0,0,0,0,0,0,0,0,0,0,0,0,0,0,0,0,0,0,0,0,0,0,0,0,0,0,0,0,0,0,0,0,0,0,0,0,0,0,0,0,0,0,0,0,0,0,0,0,0,0,0,0,0,0,0,0,0,0,0,0,0,0,0,0,0,0,0,0,0,0,0,0,0,0,0,0,0,0,0,0,0,0,0,0,0,0,0,0,0,0,0,0,0,0,0,0,0,0,0,0,0,0,0,0,0,0,0,0,0,0,0,0,0,0,0,0,0,0,0,0,0,0,0,0,0,0,0,0,0,0,0,0,0,0,0,0,0,0,0,0,0,0,0,0,0,0,0,0,0,0,0,0,0,0,0,0,0,0,0,0,0,0,0,0,0,0,0,0,0,0,0,0,0,0,0,0,0,0,0,0,0,0,0,0,0,0,0
ERR1288591,PRJEB12565,COPD_Stable,0.124521511,0.000269278,0,0.007728703,0,0,0,0,0,0.002509162,0,0,0,0,0,0,0,0,0,0,0,0,0,0,0,0,0,0,0,0,0,0,0,0,0,0,0,0,0,0,0,0,0,0,0,0,0,0,0,0,0,0,0,0,0,0,0,0,0,0,0,0,0,0,0,0,0,0,0,0,0,0,0,0,0,0,0,0,0,0,0,0,0,0,0,0,0,0,0,0,0,0,0,0,0,0,0,0,0,0,0,0,0,0,0,0,0,0,0,0,0,0,0,0,0,0,0,0,0,0,0,0,0,0,0,0,0,0,0,0,0,0,0,0,0,0,0,0,0,0,0,0,0,0,0,0,0,0,0,0,0,0,0,0,0,0,0,0,0,0,0,0,0,0,0,0,0,0,0,0,0,0,0,0,0,0,0,0,0,0,0,0,0,0,0,0,0,0,0,0,0,0,0,0,0,0,0,0,0,0,0,0,0,0,0,0,0,0,0,0,0,0,0,0,0,0,0,0,0,0,0,0,0,0,0,0,0,0,0,0,0,0,0,0,0,0,0,0,0,0,0,0,0,0,0,0,0,0,0,0,0,0,0,0,0,0,0,0,0,0,0,0,0,0,0,0,0,0,0,0,0,0
ERR1288593,PRJEB12565,COPD_Exacerbation,0,0.092979946,0,0,0,0,0.37454141,0.10523482,0,0.010923859,0.003639824,0,0,0,0,0,0.00438486,0,0,0,0,0,0,0,0,0,0,0,0,0,0,0,0,0,0,0,0,0,0,0,0,0,0,0,0,0,0,0,0,0,0,0,0,0,0,0,0,0,0,0,0,0,0,0,0,0,0,0,0,0,0,0,0,0,0,0,0,0,0,0,0,0,0,0,0,0,0,0,0,0,0,0,0,0,0,0,0,0,0,0,0,0,0,0,0,0,0,0,0,0,0,0,0,0,0,0,0,0,0,0,0,0,0,0,0,0,0,0,0,0,0,0,0,0,0,0,0,0,0,0,0,0,0,0,0,0,0,0,0,0,0,0,0,0,0,0,0,0,0,0,0,0,0,0,0,0,0,0,0,0,0,0,0,0,0,0,0,0,0,0,0,0,0,0,0,0,0,0,0,0,0,0,0,0,0,0,0,0,0,0,0,0,0,0,0,0,0,0,0,0,0,0,0,0,0,0,0,0,0,0,0,0,0,0,0,0,0,0,0,0,0,0,0,0,0,0,0,0,0,0,0,0,0,0,0,0,0,0,0,0,0,0,0,0,0,0,0,0,0,0,0,0,0,0,0,0,0,0,0,0,0,0
ERR1288594,PRJEB12565,COPD_Exacerbation,0.164169964,0,0,0,0.211292885,0,0,0,0,0,0,0,0,0,0,0,0,0,0,0,0,0,0,0,0,0,0,0,0,0,0,0,0,0,0,0,0,0,0,0,0,0,0,0,0,0,0,0,0,0,0,0,0,0,0,0,0,0,0,0,0,0,0,0,0,0,0,0,0,0,0,0,0,0,0,0,0,0,0,0,0,0,0,0,0,0,0,0,0,0,0,0,0,0,0,0,0,0,0,0,0,0,0,0,0,0,0,0,0,0,0,0,0,0,0,0,0,0,0,0,0,0,0,0,0,0,0,0,0,0,0,0,0,0,0,0,0,0,0,0,0,0,0,0,0,0,0,0,0,0,0,0,0,0,0,0,0,0,0,0,0,0,0,0,0,0,0,0,0,0,0,0,0,0,0,0,0,0,0,0,0,0,0,0,0,0,0,0,0,0,0,0,0,0,0,0,0,0,0,0,0,0,0,0,0,0,0,0,0,0,0,0,0,0,0,0,0,0,0,0,0,0,0,0,0,0,0,0,0,0,0,0,0,0,0,0,0,0,0,0,0,0,0,0,0,0,0,0,0,0,0,0,0,0,0,0,0,0,0,0,0,0,0,0,0,0,0,0,0,0,0,0
ERR1288597,PRJEB12565,COPD_Exacerbation,0,0,0,0,0,0,0,0,0,0,0,0,0,0,0,0,0,0,0,0,0,0,0,0,0,0,0,0,0,0,0,0,0,0,0,0,0,0,0,0,0,0,0,0,0,0,0,0,0,0,0,0,0,0,0,0,0,0,0,0,0,0,0,0,0,0,0,0,0,0,0,0,0,0,0,0,0,0,0,0,0,0,0,0,0,0,0,0,0,0,0,0,0,0,0,0,0,0,0,0,0,0,0,0,0,0,0,0,0,0,0,0,0,0,0,0,0,0,0,0,0,0,0,0,0,0,0,0,0,0,0,0,0,0,0,0,0,0,0,0,0,0,0,0,0,0,0,0,0,0,0,0,0,0,0,0,0,0,0,0,0,0,0,0,0,0,0,0,0,0,0,0,0,0,0,0,0,0,0,0,0,0,0,0,0,0,0,0,0,0,0,0,0,0,0,0,0,0,0,0,0,0,0,0,0,0,0,0,0,0,0,0,0,0,0,0,0,0,0,0,0,0,0,0,0,0,0,0,0,0,0,0,0,0,0,0,0,0,0,0,0,0,0,0,0,0,0,0,0,0,0,0,0,0,0,0,0,0,0,0,0,0,0,0,0,0,0,0,0,0,0,0
ERR1288598,PRJEB12565,COPD_Exacerbation,0.501205651,0.001805776,0,0.0001119,0,0,0.040386566,0,0,0.000978609,0,0,0,0,0,0,0,0,0,0,0,0,0,0,0,0,0,0,0,0,0,0,0,0,0,0,0,0,0,0,0,0,0,0,0,0,0,0,0,0,0,0,0,0,0,0,0,0,0,0,0,0,0,0,0,0,0,0,0,0,0,0,0,0,0,0,0,0,0,0,0,0,0,0,0,0,0,0,0,0,0,0,0,0,0,0,0,0,0,0,0,0,0,0,0,0,0,0,0,0,0,0,0,0,0,0,0,0,0,0,0,0,0,0,0,0,0,0,0,0,0,0,0,0,0,0,0,0,0,0,0,0,0,0,0,0,0,0,0,0,0,0,0,0,0,0,0,0,0,0,0,0,0,0,0,0,0,0,0,0,0,0,0,0,0,0,0,0,0,0,0,0,0,0,0,0,0,0,0,0,0,0,0,0,0,0,0,0,0,0,0,0,0,0,0,0,0,0,0,0,0,0,0,0,0,0,0,0,0,0,0,0,0,0,0,0,0,0,0,0,0,0,0,0,0,0,0,0,0,0,0,0,0,0,0,0,0,0,0,0,0,0,0,0,0,0,0,0,0,0,0,0,0,0,0,0,0,0,0,0,0,0
ERR1288599,PRJEB12565,COPD_Exacerbation,0,0,0,0,0.012985238,0,0,0,0,0,0,0,0,0,0,0,0,0,0,0,0,0,0,0,0,0,0,0,0,0,0,0,0,0,0,0,0,0,0,0,0,0,0,0,0,0,0,0,0,0,0,0,0,0,0,0,0,0,0,0,0,0,0,0,0,0,0,0,0,0,0,0,0,0,0,0,0,0,0,0,0,0,0,0,0,0,0,0,0,0,0,0,0,0,0,0,0,0,0,0,0,0,0,0,0,0,0,0,0,0,0,0,0,0,0,0,0,0,0,0,0,0,0,0,0,0,0,0,0,0,0,0,0,0,0,0,0,0,0,0,0,0,0,0,0,0,0,0,0,0,0,0,0,0,0,0,0,0,0,0,0,0,0,0,0,0,0,0,0,0,0,0,0,0,0,0,0,0,0,0,0,0,0,0,0,0,0,0,0,0,0,0,0,0,0,0,0,0,0,0,0,0,0,0,0,0,0,0,0,0,0,0,0,0,0,0,0,0,0,0,0,0,0,0,0,0,0,0,0,0,0,0,0,0,0,0,0,0,0,0,0,0,0,0,0,0,0,0,0,0,0,0,0,0,0,0,0,0,0,0,0,0,0,0,0,0,0,0,0,0,0,0
ERR1288600,PRJEB12565,COPD_Exacerbation,0.015865751,0,0,0,0,0,0,0,0,0,0,0,0,0,0,0,0,0,0,0,0,0,0,0,0,0,0,0,0,0,0,0,0,0,0,0,0,0,0,0,0,0,0,0,0,0,0,0,0,0,0,0,0,0,0,0,0,0,0,0,0,0,0,0,0,0,0,0,0,0,0,0,0,0,0,0,0,0,0,0,0,0,0,0,0,0,0,0,0,0,0,0,0,0,0,0,0,0,0,0,0,0,0,0,0,0,0,0,0,0,0,0,0,0,0,0,0,0,0,0,0,0,0,0,0,0,0,0,0,0,0,0,0,0,0,0,0,0,0,0,0,0,0,0,0,0,0,0,0,0,0,0,0,0,0,0,0,0,0,0,0,0,0,0,0,0,0,0,0,0,0,0,0,0,0,0,0,0,0,0,0,0,0,0,0,0,0,0,0,0,0,0,0,0,0,0,0,0,0,0,0,0,0,0,0,0,0,0,0,0,0,0,0,0,0,0,0,0,0,0,0,0,0,0,0,0,0,0,0,0,0,0,0,0,0,0,0,0,0,0,0,0,0,0,0,0,0,0,0,0,0,0,0,0,0,0,0,0,0,0,0,0,0,0,0,0,0,0,0,0,0,0
ERR1288601,PRJEB12565,COPD_Exacerbation,0.65854007,0.003405991,0.001117494,0,0,0,0.076227089,0.007808029,0,0,0,0,0,0,0,0.001006544,0,0,0,0,0,0,0,0,0,0,0,0,0,0,0,0,0,0,0,0,0,0,0,0,0,0,0,0,0,0,0,0,0,0,0,0,0,0,0,0,0,0,0,0,0,0,0,0,0,0,0,0,0,0,0,0,0,0,0,0,0,0,0,0,0,0,0,0,0,0,0,0,0,0,0,0,0,0,0,0,0,0,0,0,0,0,0,0,0,0,0,0,0,0,0,0,0,0,0,0,0,0,0,0,0,0,0,0,0,0,0,0,0,0,0,0,0,0,0,0,0,0,0,0,0,0,0,0,0,0,0,0,0,0,0,0,0,0,0,0,0,0,0,0,0,0,0,0,0,0,0,0,0,0,0,0,0,0,0,0,0,0,0,0,0,0,0,0,0,0,0,0,0,0,0,0,0,0,0,0,0,0,0,0,0,0,0,0,0,0,0,0,0,0,0,0,0,0,0,0,0,0,0,0,0,0,0,0,0,0,0,0,0,0,0,0,0,0,0,0,0,0,0,0,0,0,0,0,0,0,0,0,0,0,0,0,0,0,0,0,0,0,0,0,0,0,0,0,0,0,0,0,0,0,0,0
ERR1288602,PRJEB12565,COPD_Exacerbation,0,0.002694756,0,0,0,0.004491379,0.036439702,0,0,0,0.001436071,0,0,0,0,0,0,0,0,0,0,0,0,0,0,0,0,0,0,0,0,0,0,0,0,0,0,0,0,0,0,0,0,0,0,0,0,0,0,0,0,0,0,0,0,0,0,0,0,0,0,0,0,0,0,0,0,0,0,0,0,0,0,0,0,0,0,0,0,0,0,0,0,0,0,0,0,0,0,0,0,0,0,0,0,0,0,0,0,0,0,0,0,0,0,0,0,0,0,0,0,0,0,0,0,0,0,0,0,0,0,0,0,0,0,0,0,0,0,0,0,0,0,0,0,0,0,0,0,0,0,0,0,0,0,0,0,0,0,0,0,0,0,0,0,0,0,0,0,0,0,0,0,0,0,0,0,0,0,0,0,0,0,0,0,0,0,0,0,0,0,0,0,0,0,0,0,0,0,0,0,0,0,0,0,0,0,0,0,0,0,0,0,0,0,0,0,0,0,0,0,0,0,0,0,0,0,0,0,0,0,0,0,0,0,0,0,0,0,0,0,0,0,0,0,0,0,0,0,0,0,0,0,0,0,0,0,0,0,0,0,0,0,0,0,0,0,0,0,0,0,0,0,0,0,0,0,0,0,0,0,0
ERR1288603,PRJEB12565,COPD_Exacerbation,0,0.000249408,0,0,0,0,0.012767598,0,0,0,0,0,0,0,0,0,0,0,0,0,0,0,0,0,0,0,0,0,0,0,0,0,0,0,0,0,0,0,0,0,0,0,0,0,0,0,0,0,0,0,0,0,0,0,0,0,0,0,0,0,0,0,0,0,0,0,0,0,0,0,0,0,0,0,0,0,0,0,0,0,0,0,0,0,0,0,0,0,0,0,0,0,0,0,0,0,0,0,0,0,0,0,0,0,0,0,0,0,0,0,0,0,0,0,0,0,0,0,0,0,0,0,0,0,0,0,0,0,0,0,0,0,0,0,0,0,0,0,0,0,0,0,0,0,0,0,0,0,0,0,0,0,0,0,0,0,0,0,0,0,0,0,0,0,0,0,0,0,0,0,0,0,0,0,0,0,0,0,0,0,0,0,0,0,0,0,0,0,0,0,0,0,0,0,0,0,0,0,0,0,0,0,0,0,0,0,0,0,0,0,0,0,0,0,0,0,0,0,0,0,0,0,0,0,0,0,0,0,0,0,0,0,0,0,0,0,0,0,0,0,0,0,0,0,0,0,0,0,0,0,0,0,0,0,0,0,0,0,0,0,0,0,0,0,0,0,0,0,0,0,0,0
ERR1288605,PRJEB12565,COPD_Exacerbation,0.452162516,0,0,0,0,0,0,0,0,0,0,0,0,0,0,0,0,0,0,0,0,0,0,0,0,0,0,0,0,0,0,0,0,0,0,0,0,0,0,0,0,0,0,0,0,0,0,0,0,0,0,0,0,0,0,0,0,0,0,0,0,0,0,0,0,0,0,0,0,0,0,0,0,0,0,0,0,0,0,0,0,0,0,0,0,0,0,0,0,0,0,0,0,0,0,0,0,0,0,0,0,0,0,0,0,0,0,0,0,0,0,0,0,0,0,0,0,0,0,0,0,0,0,0,0,0,0,0,0,0,0,0,0,0,0,0,0,0,0,0,0,0,0,0,0,0,0,0,0,0,0,0,0,0,0,0,0,0,0,0,0,0,0,0,0,0,0,0,0,0,0,0,0,0,0,0,0,0,0,0,0,0,0,0,0,0,0,0,0,0,0,0,0,0,0,0,0,0,0,0,0,0,0,0,0,0,0,0,0,0,0,0,0,0,0,0,0,0,0,0,0,0,0,0,0,0,0,0,0,0,0,0,0,0,0,0,0,0,0,0,0,0,0,0,0,0,0,0,0,0,0,0,0,0,0,0,0,0,0,0,0,0,0,0,0,0,0,0,0,0,0,0
ERR1288606,PRJEB12565,COPD_Exacerbation,0.101764957,0.009102455,0.005466328,0,0,0.000707766,0,0,0,0,0,0.002092067,0,0,0,0,0,0,0,0,0,0,0,0,0,0,0,0,0,0,0,0,0,0,0,0,0,0,0,0,0,0,0,0,0,0,0,0,0,0,0,0,0,0,0,0,0,0,0,0,0,0,0,0,0,0,0,0,0,0,0,0,0,0,0,0,0,0,0,0,0,0,0,0,0,0,0,0,0,0,0,0,0,0,0,0,0,0,0,0,0,0,0,0,0,0,0,0,0,0,0,0,0,0,0,0,0,0,0,0,0,0,0,0,0,0,0,0,0,0,0,0,0,0,0,0,0,0,0,0,0,0,0,0,0,0,0,0,0,0,0,0,0,0,0,0,0,0,0,0,0,0,0,0,0,0,0,0,0,0,0,0,0,0,0,0,0,0,0,0,0,0,0,0,0,0,0,0,0,0,0,0,0,0,0,0,0,0,0,0,0,0,0,0,0,0,0,0,0,0,0,0,0,0,0,0,0,0,0,0,0,0,0,0,0,0,0,0,0,0,0,0,0,0,0,0,0,0,0,0,0,0,0,0,0,0,0,0,0,0,0,0,0,0,0,0,0,0,0,0,0,0,0,0,0,0,0,0,0,0,0,0
ERR1288607,PRJEB12565,COPD_Exacerbation,0.010907224,0,0,0,0,0,0,0,0,0,0,0,0,0,0,0,0,0,0,0,0,0,0,0,0,0,0,0,0,0,0,0,0,0,0,0,0,0,0,0,0,0,0,0,0,0,0,0,0,0,0,0,0,0,0,0,0,0,0,0,0,0,0,0,0,0,0,0,0,0,0,0,0,0,0,0,0,0,0,0,0,0,0,0,0,0,0,0,0,0,0,0,0,0,0,0,0,0,0,0,0,0,0,0,0,0,0,0,0,0,0,0,0,0,0,0,0,0,0,0,0,0,0,0,0,0,0,0,0,0,0,0,0,0,0,0,0,0,0,0,0,0,0,0,0,0,0,0,0,0,0,0,0,0,0,0,0,0,0,0,0,0,0,0,0,0,0,0,0,0,0,0,0,0,0,0,0,0,0,0,0,0,0,0,0,0,0,0,0,0,0,0,0,0,0,0,0,0,0,0,0,0,0,0,0,0,0,0,0,0,0,0,0,0,0,0,0,0,0,0,0,0,0,0,0,0,0,0,0,0,0,0,0,0,0,0,0,0,0,0,0,0,0,0,0,0,0,0,0,0,0,0,0,0,0,0,0,0,0,0,0,0,0,0,0,0,0,0,0,0,0,0
ERR1288608,PRJEB12565,COPD_Exacerbation,0.070668522,0.010638055,0,0.022915897,0,0.015421524,0,0.045258999,0,0.024188963,0.015592741,0,0,0,0,0.00567887,0.001700135,0.008267119,0.002786623,0,0,0,0,0,0,0,0,0,0,0,0,0,0,0,0,0,0,0,0,0,0,0,0,0,0,0,0,0,0,0,0,0,0,0,0,0,0,0,0,0,0,0,0,0,0,0,0,0,0,0,0,0,0,0,0,0,0,0,0,0,0,0,0,0,0,0,0,0,0,0,0,0,0,0,0,0,0,0,0,0,0,0,0,0,0,0,0,0,0,0,0,0,0,0,0,0,0,0,0,0,0,0,0,0,0,0,0,0,0,0,0,0,0,0,0,0,0,0,0,0,0,0,0,0,0,0,0,0,0,0,0,0,0,0,0,0,0,0,0,0,0,0,0,0,0,0,0,0,0,0,0,0,0,0,0,0,0,0,0,0,0,0,0,0,0,0,0,0,0,0,0,0,0,0,0,0,0,0,0,0,0,0,0,0,0,0,0,0,0,0,0,0,0,0,0,0,0,0,0,0,0,0,0,0,0,0,0,0,0,0,0,0,0,0,0,0,0,0,0,0,0,0,0,0,0,0,0,0,0,0,0,0,0,0,0,0,0,0,0,0,0,0,0,0,0,0,0,0,0,0,0,0
ERR1288609,PRJEB12565,COPD_Exacerbation,0.093677207,0.00924614,0,0,0,0.010275546,0,0.03102801,0,0,0.00246676,0.003952965,0,0,0,0,0,0,0,0,0,0,0,0,0,0,0,0,0,0,0,0,0,0,0,0,0,0,0,0,0,0,0,0,0,0,0,0,0,0,0,0,0,0,0,0,0,0,0,0,0,0,0,0,0,0,0,0,0,0,0,0,0,0,0,0,0,0,0,0,0,0,0,0,0,0,0,0,0,0,0,0,0,0,0,0,0,0,0,0,0,0,0,0,0,0,0,0,0,0,0,0,0,0,0,0,0,0,0,0,0,0,0,0,0,0,0,0,0,0,0,0,0,0,0,0,0,0,0,0,0,0,0,0,0,0,0,0,0,0,0,0,0,0,0,0,0,0,0,0,0,0,0,0,0,0,0,0,0,0,0,0,0,0,0,0,0,0,0,0,0,0,0,0,0,0,0,0,0,0,0,0,0,0,0,0,0,0,0,0,0,0,0,0,0,0,0,0,0,0,0,0,0,0,0,0,0,0,0,0,0,0,0,0,0,0,0,0,0,0,0,0,0,0,0,0,0,0,0,0,0,0,0,0,0,0,0,0,0,0,0,0,0,0,0,0,0,0,0,0,0,0,0,0,0,0,0,0,0,0,0,0
ERR1288610,PRJEB12565,COPD_Exacerbation,0,0.21699011,0,0,0,0.009641914,0.196359827,0,0,0.013067335,0,0,0,0,0.002545572,0.002215372,0,0,0,0,0,0,0,0,0,0,0,0,0,0,0,0,0,0,0,0,0,0,0,0,0,0,0,0,0,0,0,0,0,0,0,0,0,0,0,0,0,0,0,0,0,0,0,0,0,0,0,0,0,0,0,0,0,0,0,0,0,0,0,0,0,0,0,0,0,0,0,0,0,0,0,0,0,0,0,0,0,0,0,0,0,0,0,0,0,0,0,0,0,0,0,0,0,0,0,0,0,0,0,0,0,0,0,0,0,0,0,0,0,0,0,0,0,0,0,0,0,0,0,0,0,0,0,0,0,0,0,0,0,0,0,0,0,0,0,0,0,0,0,0,0,0,0,0,0,0,0,0,0,0,0,0,0,0,0,0,0,0,0,0,0,0,0,0,0,0,0,0,0,0,0,0,0,0,0,0,0,0,0,0,0,0,0,0,0,0,0,0,0,0,0,0,0,0,0,0,0,0,0,0,0,0,0,0,0,0,0,0,0,0,0,0,0,0,0,0,0,0,0,0,0,0,0,0,0,0,0,0,0,0,0,0,0,0,0,0,0,0,0,0,0,0,0,0,0,0,0,0,0,0,0,0
ERR1288611,PRJEB12565,COPD_Exacerbation,0,0,0,0.04290888,0,0,0,0,0,0,0,0,0,0.05715798,0,0,0,0,0,0,0,0,0,0,0,0,0,0,0,0,0,0,0,0,0,0,0,0,0,0,0,0,0,0,0,0,0,0,0,0,0,0,0,0,0,0,0,0,0,0,0,0,0,0,0,0,0,0,0,0,0,0,0,0,0,0,0,0,0,0,0,0,0,0,0,0,0,0,0,0,0,0,0,0,0,0,0,0,0,0,0,0,0,0,0,0,0,0,0,0,0,0,0,0,0,0,0,0,0,0,0,0,0,0,0,0,0,0,0,0,0,0,0,0,0,0,0,0,0,0,0,0,0,0,0,0,0,0,0,0,0,0,0,0,0,0,0,0,0,0,0,0,0,0,0,0,0,0,0,0,0,0,0,0,0,0,0,0,0,0,0,0,0,0,0,0,0,0,0,0,0,0,0,0,0,0,0,0,0,0,0,0,0,0,0,0,0,0,0,0,0,0,0,0,0,0,0,0,0,0,0,0,0,0,0,0,0,0,0,0,0,0,0,0,0,0,0,0,0,0,0,0,0,0,0,0,0,0,0,0,0,0,0,0,0,0,0,0,0,0,0,0,0,0,0,0,0,0,0,0,0,0
ERR1288615,PRJEB12565,COPD_Exacerbation,0,0,0,0.005372249,0,0,0,0,0,0,0,0,0,0.012668988,0,0,0,0,0,0,0,0,0,0,0,0,0,0,0,0,0,0,0,0,0,0,0,0,0,0,0,0,0,0,0,0,0,0,0,0,0,0,0,0,0,0,0,0,0,0,0,0,0,0,0,0,0,0,0,0,0,0,0,0,0,0,0,0,0,0,0,0,0,0,0,0,0,0,0,0,0,0,0,0,0,0,0,0,0,0,0,0,0,0,0,0,0,0,0,0,0,0,0,0,0,0,0,0,0,0,0,0,0,0,0,0,0,0,0,0,0,0,0,0,0,0,0,0,0,0,0,0,0,0,0,0,0,0,0,0,0,0,0,0,0,0,0,0,0,0,0,0,0,0,0,0,0,0,0,0,0,0,0,0,0,0,0,0,0,0,0,0,0,0,0,0,0,0,0,0,0,0,0,0,0,0,0,0,0,0,0,0,0,0,0,0,0,0,0,0,0,0,0,0,0,0,0,0,0,0,0,0,0,0,0,0,0,0,0,0,0,0,0,0,0,0,0,0,0,0,0,0,0,0,0,0,0,0,0,0,0,0,0,0,0,0,0,0,0,0,0,0,0,0,0,0,0,0,0,0,0,0
ERR1288616,PRJEB12565,COPD_Exacerbation,0.053936948,0.002190729,0,0,0,0.001212872,0.113039392,0.012351101,0,0.005770469,0.002231984,0,0.005827666,0,0,0,0,0.000392511,0,0,0,0,0,0,0,0,0,0,0,0,0,0,0,0,0,0,0,0,0,0,0,0,0,0,0,0,0,0,0,0,0,0,0,0,0,0,0,0,0,0,0,0,0,0,0,0,0,0,0,0,0,0,0,0,0,0,0,0,0,0,0,0,0,0,0,0,0,0,0,0,0,0,0,0,0,0,0,0,0,0,0,0,0,0,0,0,0,0,0,0,0,0,0,0,0,0,0,0,0,0,0,0,0,0,0,0,0,0,0,0,0,0,0,0,0,0,0,0,0,0,0,0,0,0,0,0,0,0,0,0,0,0,0,0,0,0,0,0,0,0,0,0,0,0,0,0,0,0,0,0,0,0,0,0,0,0,0,0,0,0,0,0,0,0,0,0,0,0,0,0,0,0,0,0,0,0,0,0,0,0,0,0,0,0,0,0,0,0,0,0,0,0,0,0,0,0,0,0,0,0,0,0,0,0,0,0,0,0,0,0,0,0,0,0,0,0,0,0,0,0,0,0,0,0,0,0,0,0,0,0,0,0,0,0,0,0,0,0,0,0,0,0,0,0,0,0,0,0,0,0,0,0
ERR1288617,PRJEB12565,COPD_Exacerbation,0,0.009702287,0,0,0.131494307,0,0,0,0.051858961,0,0,0,0,0,0,0,0,0,0,0,0,0,0,0,0,0,0,0,0,0,0,0,0,0,0,0,0,0,0,0,0,0,0,0,0,0,0,0,0,0,0,0,0,0,0,0,0,0,0,0,0,0,0,0,0,0,0,0,0,0,0,0,0,0,0,0,0,0,0,0,0,0,0,0,0,0,0,0,0,0,0,0,0,0,0,0,0,0,0,0,0,0,0,0,0,0,0,0,0,0,0,0,0,0,0,0,0,0,0,0,0,0,0,0,0,0,0,0,0,0,0,0,0,0,0,0,0,0,0,0,0,0,0,0,0,0,0,0,0,0,0,0,0,0,0,0,0,0,0,0,0,0,0,0,0,0,0,0,0,0,0,0,0,0,0,0,0,0,0,0,0,0,0,0,0,0,0,0,0,0,0,0,0,0,0,0,0,0,0,0,0,0,0,0,0,0,0,0,0,0,0,0,0,0,0,0,0,0,0,0,0,0,0,0,0,0,0,0,0,0,0,0,0,0,0,0,0,0,0,0,0,0,0,0,0,0,0,0,0,0,0,0,0,0,0,0,0,0,0,0,0,0,0,0,0,0,0,0,0,0,0,0
ERR1288618,PRJEB12565,COPD_Exacerbation,0,0,0,0,0,0,0,0,0,0,0,0,0,0,0.006976039,0,0,0,0,0,0,0,0,0,0,0,0,0,0,0,0,0,0,0,0,0,0,0,0,0,0,0,0,0,0,0,0,0,0,0,0,0,0,0,0,0,0,0,0,0,0,0,0,0,0,0,0,0,0,0,0,0,0,0,0,0,0,0,0,0,0,0,0,0,0,0,0,0,0,0,0,0,0,0,0,0,0,0,0,0,0,0,0,0,0,0,0,0,0,0,0,0,0,0,0,0,0,0,0,0,0,0,0,0,0,0,0,0,0,0,0,0,0,0,0,0,0,0,0,0,0,0,0,0,0,0,0,0,0,0,0,0,0,0,0,0,0,0,0,0,0,0,0,0,0,0,0,0,0,0,0,0,0,0,0,0,0,0,0,0,0,0,0,0,0,0,0,0,0,0,0,0,0,0,0,0,0,0,0,0,0,0,0,0,0,0,0,0,0,0,0,0,0,0,0,0,0,0,0,0,0,0,0,0,0,0,0,0,0,0,0,0,0,0,0,0,0,0,0,0,0,0,0,0,0,0,0,0,0,0,0,0,0,0,0,0,0,0,0,0,0,0,0,0,0,0,0,0,0,0,0,0
ERR1288619,PRJEB12565,COPD_Exacerbation,0,0,0,0,0,0,0,0,0,0,0,0,0,0,0,0,0,0,0,0,0,0,0,0,0,0,0,0,0,0,0,0,0,0,0,0,0,0,0,0,0,0,0,0,0,0,0,0,0,0,0,0,0,0,0,0,0,0,0,0,0,0,0,0,0,0,0,0,0,0,0,0,0,0,0,0,0,0,0,0,0,0,0,0,0,0,0,0,0,0,0,0,0,0,0,0,0,0,0,0,0,0,0,0,0,0,0,0,0,0,0,0,0,0,0,0,0,0,0,0,0,0,0,0,0,0,0,0,0,0,0,0,0,0,0,0,0,0,0,0,0,0,0,0,0,0,0,0,0,0,0,0,0,0,0,0,0,0,0,0,0,0,0,0,0,0,0,0,0,0,0,0,0,0,0,0,0,0,0,0,0,0,0,0,0,0,0,0,0,0,0,0,0,0,0,0,0,0,0,0,0,0,0,0,0,0,0,0,0,0,0,0,0,0,0,0,0,0,0,0,0,0,0,0,0,0,0,0,0,0,0,0,0,0,0,0,0,0,0,0,0,0,0,0,0,0,0,0,0,0,0,0,0,0,0,0,0,0,0,0,0,0,0,0,0,0,0,0,0,0,0,0
ERR1288620,PRJEB12565,COPD_Exacerbation,0,0,0.255555556,0,0,0,0,0,0,0,0,0,0,0,0,0,0,0,0,0,0,0,0,0,0,0,0,0,0,0,0,0,0,0,0,0,0,0,0,0,0,0,0,0,0,0,0,0,0,0,0,0,0,0,0,0,0,0,0,0,0,0,0,0,0,0,0,0,0,0,0,0,0,0,0,0,0,0,0,0,0,0,0,0,0,0,0,0,0,0,0,0,0,0,0,0,0,0,0,0,0,0,0,0,0,0,0,0,0,0,0,0,0,0,0,0,0,0,0,0,0,0,0,0,0,0,0,0,0,0,0,0,0,0,0,0,0,0,0,0,0,0,0,0,0,0,0,0,0,0,0,0,0,0,0,0,0,0,0,0,0,0,0,0,0,0,0,0,0,0,0,0,0,0,0,0,0,0,0,0,0,0,0,0,0,0,0,0,0,0,0,0,0,0,0,0,0,0,0,0,0,0,0,0,0,0,0,0,0,0,0,0,0,0,0,0,0,0,0,0,0,0,0,0,0,0,0,0,0,0,0,0,0,0,0,0,0,0,0,0,0,0,0,0,0,0,0,0,0,0,0,0,0,0,0,0,0,0,0,0,0,0,0,0,0,0,0,0,0,0,0,0
ERR1288621,PRJEB12565,COPD_Exacerbation,0.02793062,0.009361133,0,0.004927885,0,0.003195368,0.074652713,0.066738052,0,0.00835503,0,0,0,0,0,0,0,0,0.001131456,0,0,0,0,0,0,0,0,0,0,0,0,0,0,0,0,0,0,0,0,0,0,0,0,0,0,0,0,0,0,0,0,0,0,0,0,0,0,0,0,0,0,0,0,0,0,0,0,0,0,0,0,0,0,0,0,0,0,0,0,0,0,0,0,0,0,0,0,0,0,0,0,0,0,0,0,0,0,0,0,0,0,0,0,0,0,0,0,0,0,0,0,0,0,0,0,0,0,0,0,0,0,0,0,0,0,0,0,0,0,0,0,0,0,0,0,0,0,0,0,0,0,0,0,0,0,0,0,0,0,0,0,0,0,0,0,0,0,0,0,0,0,0,0,0,0,0,0,0,0,0,0,0,0,0,0,0,0,0,0,0,0,0,0,0,0,0,0,0,0,0,0,0,0,0,0,0,0,0,0,0,0,0,0,0,0,0,0,0,0,0,0,0,0,0,0,0,0,0,0,0,0,0,0,0,0,0,0,0,0,0,0,0,0,0,0,0,0,0,0,0,0,0,0,0,0,0,0,0,0,0,0,0,0,0,0,0,0,0,0,0,0,0,0,0,0,0,0,0,0,0,0,0
SRR12783969,PRJNA667797,COPD_Exacerbation,0,0.049368374,0,0,0,0,0,0.309427735,0,0.061588603,0.032023327,0.022254093,0,0,0,0.005131299,0.005537143,0.016883804,0.010071595,0,0,0,0.034629867,0.059842514,0,0.009032823,0,0,0.004758447,0.001734655,0,0.022516648,0.001391097,0,0,0.005410647,0,0.001859505,0.004415195,0,0,0,0,0.002768121,0,0.001071068,0,0,0,0,0,0,0,0,0,0.004378091,0,0,0,0,0.003209625,0,0.001006943,0.00813506,0,0,0,0.010350804,0,0,0,0,0,0,0,0,0,0,0,0,0.076488849,0.00386434,0,0,0,0,0,0,0,0,0,0,0,0.008523268,0,0,0,0,0.007152997,0,0.00386434,0,0,0,0.000575683,0,0.003316229,0,0.012908144,0,0.006058574,0,0,0,0,0,0,0.001945954,0,0,0,0.001671902,0.000849735,0,0,0,0,0,0,0,0,0,0,0,0,0,0.002768121,0,0,0,0,0,0,0,0,0,0,0,0,0,0,0,0,0.018115187,0,0.001945954,0,0,0,0,0,0,0,0,0,0,0,0,0,0,0.001671902,0,0,0,0,0,0,0,0,0,0,0,0,0,0,0,0,0,0,0,0,0,0,0,0,0,0,0,0,0,0,0,0,0,0,0,0,0,0,0,0,0,0,0,0,0,0,0,0,0,0,0,0,0,0,0,0,0,0,0,0,0,0,0,0,0,0,0,0,0,0,0,0,0,0,0,0,0,0,0,0,0,0,0,0,0,0,0,0,0,0,0,0,0,0,0,0,0,0,0,0,0
SRR12783970,PRJNA667797,COPD_Exacerbation,0,0.006114088,0,0,0,0,0,0.046658403,0,0.011052911,0.00452601,0.006536204,0,0,0,0.001045547,0.000565625,0.005578666,0.001790947,0,0,0,0.003822677,0.017543598,0,0.002421084,0,0,0.00119971,0.001172242,0,0.00460845,0,0,0,0.00178697,0,0.000184863,0.000948281,0.00023117,0,0,0,0.001333177,0,0.001155534,0,0,0,0,0,0,0,0.001200916,0,0.000975388,0,0,0,0,0.0008971,0,0,0.000704173,0,0,0,0.000943949,0,0,0,0,0,0,0,0,0,0,0,0,0.00830911,0.000579021,0.13519568,0.12916244,0,0.019055817,0,0.046016857,0,0,0,0.02471198,0,0,0.037721152,0,0,0,0.001333177,0,0.000767559,0,0.001333177,0,0.001898792,0.001710254,0.002652948,0,0.002464408,0,0,0,0,0.013588194,0,0,0,0.002652948,0.006046645,0,0,0,0,0,0,0,0,0,0.006612261,0,0,0,0,0,0,0.001333177,0,0,0,0,0,0.003595641,0,0,0,0,0,0.002841487,0,0,0,0,0,0,0,0,0,0,0.002087331,0,0.001144638,0,0.005481028,0,0,0,0,0.003972718,0,0,0,0,0,0,0.0009561,0,0,0,0,0,0,0,0,0,0,0,0,0,0,0,0,0,0,0,0,0,0,0,0,0,0,0,0,0,0,0,0,0,0,0,0,0,0,0,0,0,0,0,0,0,0,0,0,0,0,0,0,0,0,0,0,0,0,0,0,0,0,0,0,0,0,0,0,0,0,0,0,0,0,0,0,0,0,0,0,0,0,0,0,0,0,0,0,0,0,0,0,0,0,0,0,0
SRR12783971,PRJNA667797,COPD_Exacerbation,0,0,0,0,0,0,0,0.015139352,0,0.013668632,0.028392497,0.068689063,0,0,0,0.008712876,0,0,0,0,0,0,0,0,0,0,0,0,0,0.002375775,0,0,0.00871771,0,0,0.011523496,0,0.007850562,0,0.005297571,0,0,0,0,0,0,0,0.050283791,0,0,0,0,0,0.053044263,0,0.019534099,0,0,0,0,0,0,0,0,0,0,0,0,0,0,0,0,0,0,0,0,0,0,0,0,0,0.182289704,0,0,0,0,0.078376742,0,0,0.088597689,0,0,0,0,0,0,0.061341831,0,0.013644079,0,0,0.034085973,0,0,0,0,0,0.023865026,0.018754553,0.027272007,0,0,0.018754553,0,0,0,0,0.011940587,0,0,0,0,0,0,0,0,0,0,0,0,0,0,0,0,0,0,0.01534757,0,0,0,0,0,0,0,0,0,0,0,0,0,0,0,0,0,0,0,0,0,0,0,0,0,0,0,0,0,0,0,0,0,0,0,0,0,0,0,0,0,0,0,0,0,0,0,0,0,0,0,0,0,0,0,0,0,0,0,0,0,0,0,0,0,0,0,0,0,0,0,0,0,0,0,0,0,0,0,0,0,0,0,0,0,0,0,0,0,0,0,0,0,0,0,0,0,0,0,0,0,0,0,0,0,0,0,0,0,0,0,0,0,0,0,0,0,0,0,0,0,0,0,0,0,0,0,0,0,0,0,0,0,0,0
SRR12783972,PRJNA667797,COPD_Exacerbation,0,0,0,0,0,0,0,0.015253853,0,0.005003081,0.085825015,0.420267845,0,0,0,0.003159808,0,0,0,0,0,0,0,0.004020133,0,6.75E-05,0,0,0.004456041,0.004452212,0,0,0.007371624,0,0,0,0,0.001327354,0,0.015077416,0,0,0,0,0,0,0,0.00935118,0,0,0,0,0,0.003331666,0,0.01250276,0,0,0,0,0,0,0,0,0,0,0,0,0,0,0,0,0,0,0,0,0,0,0,0,0,0.291856979,0,0,0.019885473,0,0.005036454,0,0,0.001128816,0,0.004880146,0,0,0.002066649,0,0,0,0,0,0,0,0,0,0,0.002535564,0,0.002848175,0,0.002379261,0,0,0.041924542,0,0,0,0,0.001441427,0,0,0,0,0.007693648,0,0.002066649,0,0,0,0,0,0,0,0,0,0,0,0,0,0,0,0,0,0,0,0,0,0,0,0,0,0,0,0,0,0,0,0,0,0,0,0,0,0,0,0,0,0,0,0,0,0,0,0,0,0,0,0,0,0,0,0,0,0,0,0,0,0,0,0,0,0,0,0,0,0,0,0,0,0,0,0,0,0,0,0,0,0,0,0,0,0,0,0,0,0,0,0,0,0,0,0,0,0,0,0,0,0,0,0,0,0,0,0,0,0,0,0,0,0,0,0,0,0,0,0,0,0,0,0,0,0,0,0,0,0,0,0,0,0,0,0,0,0,0,0,0,0,0,0,0,0,0
SRR12783974,PRJNA667797,COPD_Exacerbation,0,0.044437474,0,0,0,0,0,0.280338413,0,0.037336915,0.01299157,0.049394791,0,0,0,0.005326733,0.011597322,0.049399891,0.010630766,0,0,0,0.060549571,0.131766971,0,0.012176203,0,0,0.003231469,0.001896711,0,0.020327103,0,0,0,0.003825312,0,0.002545938,0.009976361,0,0,0,0,0.001488922,0,0.003990969,0,0.002955268,0,0,0,0,0,0.001589248,0,0.00071573,0,0,0,0,0.001141463,0,0.006694974,0,0,0,0,0.006156161,0,0,0,0,0,0,0,0,0,0,0.000488081,0,0.076522329,0.003240675,0,0,0,0.007620058,0,0,0,0,0,0,0,0.012583357,0,0,0,0,0.003240675,0,0.005868305,0,0,0,0,0,0,0,0,0,0,0,0,0,0,0,0,0,0,0,0,0,0,0.004992427,0,0,0,0,0,0,0,0,0,0,0,0,0,0,0,0,0,0,0,0,0,0,0,0,0.001780881,0,0,0,0,0.004408508,0,0.000905003,0,0,0,0,0,0,0,0,0,0,0,0,0,0,0,0,0,0,0,0,0,0,0,0,0,0,0,0,0,0,0,0,0,0,0,0,0,0,0,0,0,0,0,0,0,0,0,0,0,0,0,0,0,0,0,0,0,0,0,0,0,0,0,0,0,0,0,0,0,0,0,0,0,0,0,0,0,0,0,0,0,0,0,0,0,0,0,0,0,0,0,0,0,0,0,0,0,0,0,0,0,0,0,0,0,0,0,0,0,0,0,0,0,0,0,0
SRR12783975,PRJNA667797,COPD_Exacerbation,0,0.024090065,0,0,0,0,0,0.033080178,0,0.027402374,0.017203888,0.036852358,0,0,0,0.005364148,0.003219495,0,0.00139869,0,0,0,0.009192492,0.003382157,0,0.002746713,0,0,0.008346969,0.004965745,0,0.009452469,0.006992999,0,0,0.021253812,0,0.001817153,0,0.001437521,0,0,0,0,0,0,0,0,0,0,0,0,0,0.028450742,0,0.011772905,0,0,0,0,0.002795416,0,0,0,0,0,0,0.002635892,0,0,0,0,0,0,0,0,0,0,0.002471206,0,0.007519239,0.097542987,0.021585451,0,0.138803871,0,0.06472183,0,0,0.077850294,0,0.036589408,0,0,0,0,0.00376825,0,0,0,0,0.01127023,0,0,0,0.046904628,0,0.015958966,0,0.012207977,0.007757008,0,0.006581493,0,0,0,0,0,0.006581493,0,0,0,0.015958966,0,0.016896714,0,0,0,0,0,0,0,0,0,0,0,0,0,0,0,0.01127023,0,0,0,0,0,0,0,0,0,0,0,0,0,0,0,0,0,0,0,0,0,0,0,0,0,0,0,0,0,0,0,0,0,0,0,0,0,0,0,0,0,0,0,0,0,0,0,0,0,0,0,0,0,0,0,0,0,0,0,0,0,0,0,0,0,0,0,0,0,0,0,0,0,0,0,0,0,0,0,0,0,0,0,0,0,0,0,0,0,0,0,0,0,0,0,0,0,0,0,0,0,0,0,0,0,0,0,0,0,0,0,0,0,0,0,0,0,0,0,0,0,0,0,0,0,0,0,0,0,0,0
SRR12783976,PRJNA667797,COPD_Exacerbation,0,0.017502834,0,0,0,0,0,0.052840564,0,0.062799397,0.019835375,0.031612277,0,0,0,0.009397791,0.002933564,0,0.003262343,0,0,0,0.005584587,0.013419196,0,0.013865807,0,0,0.010513224,0.001225442,0,0.008633124,0,0,0,0,0,0,0.00218764,0.001018693,0,0,0,0.042107141,0,0.001267159,0,0,0,0,0,0,0,0.034872551,0,0.007739354,0,0,0,0,0,0,0,0.00491311,0,0,0,0.006996307,0,0,0,0,0,0,0,0,0,0,0,0,0.008757363,0.034166718,0,0,0,0.011933531,0.032578634,0,0,0.029402463,0,0,0,0.019079911,0,0,0.017491827,0.0151097,0.015903743,0,0,0.021462039,0,0,0,0.017491827,0,0,0,0.004787151,0,0,0,0,0,0,0,0,0.010345447,0,0,0.032578634,0,0,0.00796332,0,0,0,0,0.011139488,0,0,0.034960761,0,0,0,0,0,0,0,0.007169276,0,0,0,0,0,0,0,0,0,0,0,0,0,0,0,0,0,0,0,0,0,0,0,0,0,0,0,0,0,0,0,0,0,0,0,0,0,0,0,0,0,0,0,0,0,0,0,0,0,0,0,0,0,0,0,0,0,0,0,0,0,0,0,0,0,0,0,0,0,0,0,0,0,0,0,0,0,0,0,0,0,0,0,0,0,0,0,0,0,0,0,0,0,0,0,0,0,0,0,0,0,0,0,0,0,0,0,0,0,0,0,0,0,0,0,0,0,0,0,0,0,0,0,0,0,0,0,0,0,0,0
SRR12783977,PRJNA667797,COPD_Exacerbation,0,0.017221064,0,0,0,0,0,0.119380498,0,0.265083193,0.034862955,0.207265001,0,0,0,0.006257061,0.010226714,0.00278214,0.001207763,0,0,0,0.037465089,0.068223082,0,0.005726177,0,0,0.002261655,0.005932148,0,0.009417343,0,0,0,0.001258295,0,0.001785046,0.00079218,0.007670243,0,0,0,0,0,0.001090157,0,0,0,0,0,0,0,0.008012123,0,0.008228686,0,0,0,0,0.001703691,0,0.001051249,0.0008843,0,0,0,0.009716009,0,0,0,0,0,0,0,0,0,0,0,0,0.013358226,0,0,0,0,0.004599887,0.008103225,0,0,0.007052225,0,0,0,0.029473565,0,0,0.001797224,0,0.002147556,0,0,0.005300556,0,0,0,0,0,0,0,0.003899224,0.010999349,0,0,0,0,0,0,0,0,0,0,0,0,0,0,0,0,0,0,0,0,0,0.005650887,0,0,0,0,0,0,0,0,0,0,0,0,0,0,0,0,0,0,0,0,0,0,0,0,0,0,0,0,0,0,0,0,0,0,0,0,0,0,0,0,0,0,0,0,0,0,0,0,0,0,0,0,0,0,0,0,0,0,0,0,0,0,0,0,0,0,0,0,0,0,0,0,0,0,0,0,0,0,0,0,0,0,0,0,0,0,0,0,0,0,0,0,0,0,0,0,0,0,0,0,0,0,0,0,0,0,0,0,0,0,0,0,0,0,0,0,0,0,0,0,0,0,0,0,0,0,0,0,0,0,0,0,0,0,0,0,0,0,0
SRR12783978,PRJNA667797,COPD_Exacerbation,0,0.014630897,0,0,0,0,0,0.045101496,0,0.075691481,0.006385218,0.034588428,0,0,0,0.007840845,0.004888638,0,0.003409528,0,0,0,0.006432739,0.005186109,0,0.005543888,0,0,0.010225568,0.003888711,0,0.012031396,0.002449673,0,0,0,0,0.002494089,0.001884661,0.001103574,0,0,0,0.009580094,0,0,0,0.012816246,0,0,0,0,0,0.034770803,0,0.010792712,0,0,0,0,0.002475249,0,0,0.005457634,0,0,0,0.006419693,0,0,0,0,0,0,0,0,0,0,0,0,0,0.029431026,0,0,0,0.011050535,0.050017176,0,0,0.011050535,0,0,0.030166247,0.025754928,0,0,0.057369372,0.055898932,0.018402731,0,0,0.007374436,0,0,0.047076298,0,0,0,0,0.005903996,0.003409874,0,0,0,0,0,0,0.007374436,0,0,0,0.013256193,0,0,0,0,0,0,0,0.007374436,0,0,0.011050535,0,0,0,0,0,0,0,0,0,0,0,0,0,0,0,0.008109657,0,0,0,0,0,0,0.002227898,0,0,0,0,0,0,0,0,0,0,0,0,0,0,0,0,0,0,0,0,0,0,0,0,0,0,0,0,0,0,0,0,0,0,0,0,0,0,0,0,0,0,0,0,0,0,0,0,0,0,0,0,0,0,0,0,0,0,0,0,0,0,0,0,0,0,0,0,0,0,0,0,0,0,0,0,0,0,0,0,0,0,0,0,0,0,0,0,0,0,0,0,0,0,0,0,0,0,0,0,0,0,0,0,0,0,0,0,0,0,0,0,0,0,0,0
SRR12783980,PRJNA667797,COPD_Exacerbation,0,0.018359854,0,0,0,0,0,0.043104603,0,0.121348342,0.041144775,0.029124909,0,0,0,0.018640291,0.002565733,0.008770764,0.009148926,0,0,0,0.059050205,0.008628759,0,0.086223251,0,0,0.035684582,0.013671538,0,0.00869077,0,0,0,0.047687913,0,0.001257633,0.003322784,0.007086797,0,0,0,0.006769733,0,0,0,0,0,0,0,0,0,0.034808448,0,0.001472436,0,0,0,0,0.010414644,0,0.003684739,0,0,0,0,0.003398777,0,0,0,0,0,0,0,0,0,0,0.005505315,0,0.01039611,0.01039611,0,0,0,0.022311342,0,0,0,0.004179464,0,0,0,0,0,0,0,0.008841946,0.004179464,0,0,0.005215574,0,0,0.00314336,0,0.011950269,0,0,0,0.010925973,0,0,0,0,0,0,0,0,0,0,0,0,0.008323896,0,0,0,0,0,0.014022483,0.013504428,0,0,0.070490326,0,0,0,0,0,0,0,0,0,0,0,0,0,0,0,0,0,0,0,0,0,0.004697519,0.028009929,0,0,0,0,0.004697519,0,0,0,0,0,0,0,0,0,0,0,0,0,0,0,0,0,0,0,0,0,0,0,0,0,0,0,0,0,0,0,0,0,0,0,0,0,0,0,0,0,0,0,0,0,0,0,0,0,0,0,0,0,0,0,0,0,0,0,0,0,0,0,0,0,0,0,0,0,0,0,0,0,0,0,0,0,0,0,0,0,0,0,0,0,0,0,0,0,0,0,0,0,0,0,0,0,0,0,0,0,0,0,0,0,0,0,0,0,0
SRR12783982,PRJNA667797,COPD_Exacerbation,0,0.019991066,0,0,0,0,0,0.111544244,0,0.236509103,0.017326079,0.036943682,0,0,0,0.011380234,0.006604885,0.004003578,0.007702439,0,0,0,0.01077264,0.010813533,0,0.016685018,0,0,0.0194408,0.003981353,0,0.007157088,0,0,0,0,0,0.001546385,0.001938443,0.002940372,0,0,0,0.005772145,0,0,0,0.005422736,0,0,0,0,0,0.049719862,0,0.011650886,0,0,0,0,0.003292435,0,0.001489777,0.007102704,0,0,0,0.007870442,0,0,0,0,0,0,0,0,0,0,0,0,0.008323138,0.005772145,0,0,0,0.011511881,0.040848324,0,0,0.051052303,0,0,0,0.032557588,0,0,0.042761571,0,0,0,0,0.024266856,0,0,0,0,0.005772145,0,0.010874135,0.021715863,0,0,0,0,0,0,0,0,0.001307902,0,0,0,0,0,0.018527117,0,0,0,0,0,0.006409891,0,0,0.003858899,0,0,0,0,0,0,0,0,0,0,0,0,0,0,0,0,0,0,0,0,0,0,0,0,0,0,0,0,0,0,0,0,0,0,0,0,0,0,0,0,0,0,0,0,0,0,0,0,0,0,0,0,0,0,0,0,0,0,0,0,0,0,0,0,0,0,0,0,0,0,0,0,0,0,0,0,0,0,0,0,0,0,0,0,0,0,0,0,0,0,0,0,0,0,0,0,0,0,0,0,0,0,0,0,0,0,0,0,0,0,0,0,0,0,0,0,0,0,0,0,0,0,0,0,0,0,0,0,0,0,0,0,0,0,0,0,0,0
SRR12783983,PRJNA667797,COPD_Exacerbation,0,0.011424253,0,0,0,0,0,0.129814654,0,0.093751405,0.003457751,0.002160188,0,0,0,0.001769299,0.000856875,0.002048109,0.004562823,0,0,0,0.008297407,0,0,0.003112129,0,0,0,0.009143401,0,0,0,0,0,0,0,0,0.001974235,0,0,0,0,0.014846995,0,0.002422163,0,0,0,0,0,0,0,0,0,0.00099664,0,0,0,0,0,0,0,0,0,0,0,0,0,0,0,0,0,0,0,0,0,0,0,0.07065888,0,0.004382265,0,0,0,0.049729423,0,0,0.035567782,0,0,0,0.053217665,0,0,0,0,0,0.006998448,0.007870511,0,0,0,0,0,0,0,0,0,0,0,0,0,0,0,0.02095142,0.012230813,0,0,0,0,0,0,0.005254328,0,0,0,0,0,0,0,0,0,0,0.023567603,0,0,0,0,0,0,0,0,0.018335238,0.017463178,0,0,0,0,0.01048669,0,0,0,0,0,0,0,0,0,0,0,0,0,0,0,0,0,0,0,0,0,0,0,0,0,0,0,0,0,0,0,0,0,0,0,0,0,0,0,0,0,0,0,0,0,0,0,0,0,0,0,0,0,0,0,0,0,0,0,0,0,0,0,0,0,0,0,0,0,0,0,0,0,0,0,0,0,0,0,0,0,0,0,0,0,0,0,0,0,0,0,0,0,0,0,0,0,0,0,0,0,0,0,0,0,0,0,0,0,0,0,0,0,0,0,0,0,0,0,0,0,0
SRR12783984,PRJNA667797,COPD_Exacerbation,0,0.037708623,0,0,0,0,0,0.004454814,0,0.11704938,0.004411773,0.013505358,0,0,0,0,0.000719033,0.009640687,0.000301748,0,0,0,0.001361621,0.0024962,0,0.001230573,0,0,0.000421406,0.007448887,0,0.001253416,0,0,0,0.004673286,0,0,0.000702397,0.001170238,0,0,0,0.001403922,0,0,0,0,0,0,0,0,0,0.007676191,0,0.000235185,0,0,0,0,0.002028371,0,0,0,0,0,0,0.00018875,0,0,0,0,0,0,0,0,0,0,0,0.02006702,0.01149582,0.020620001,0,0,0,0,0,0,0.194946028,0,0.003892335,0,0.006380747,0.007486711,0,0.040803795,0,0,0,0.003892335,0,0,0,0.005689523,0,0,0,0,0,0,0,0,0,0,0,0.004998295,0.033338555,0.003892335,0.001680411,0,0,0.000989186,0,0,0,0,0.002095147,0.006242503,0,0,0,0,0,0,0.001818658,0.003477599,0,0.002924619,0,0,0,0,0.001127431,0.004168826,0.001680411,0,0.001680411,0,0.017302116,0.001403922,0.002924619,0,0.001403922,0.004445315,0,0,0.00458356,0.002924619,0,0,0,0,0,0.002786374,0,0,0,0,0,0,0,0.001265678,0.015919664,0.001403922,0,0,0,0,0,0,0,0,0,0,0,0,0,0,0,0,0,0,0,0,0,0,0,0,0,0,0,0,0,0,0,0,0,0,0,0,0,0,0,0,0,0,0,0,0,0,0,0,0,0,0,0,0,0,0,0,0,0,0,0,0,0,0,0,0,0,0,0,0,0,0,0,0,0,0,0,0,0,0,0,0,0,0,0,0,0,0,0,0,0,0,0,0,0,0,0,0,0
SRR12783985,PRJNA667797,COPD_Exacerbation,0,0.026595539,0,0,0,0,0,0.324563479,0,0.06170822,0.036614527,0.032314846,0,0,0,0.005080477,0.003588611,0.061595443,0.009995097,0,0,0,0.026387125,0.09355902,0,0.021007007,0,0,0.009493554,0.005387035,0,0.016559977,0,0,0,0.009873638,0,0,0.007268581,0,0,0,0,0.010976277,0,0,0,0,0,0,0,0,0,0.012998661,0,0.001384406,0,0,0,0,0.002758755,0,0,0,0,0.002904178,0,0.004567742,0,0,0,0,0,0,0,0,0,0,0.001469375,0,0.062067988,0,0,0,0,0.02435744,0,0,0,0,0,0,0,0,0,0,0,0,0,0,0,0,0,0,0,0,0,0,0.025573909,0,0,0,0,0,0,0,0,0,0,0,0,0,0,0,0,0,0,0,0,0,0,0,0,0,0,0,0,0,0,0,0,0,0,0,0,0,0,0,0,0,0,0,0,0,0,0,0,0,0,0,0,0,0,0,0,0,0,0,0,0,0,0,0,0,0,0,0,0,0,0,0,0,0,0,0,0,0,0,0,0,0,0,0,0,0,0,0,0,0,0,0,0,0,0,0,0,0,0,0,0,0,0,0,0,0,0,0,0,0,0,0,0,0,0,0,0,0,0,0,0,0,0,0,0,0,0,0,0,0,0,0,0,0,0,0,0,0,0,0,0,0,0,0,0,0,0,0,0,0,0,0,0,0,0,0,0,0,0,0,0,0,0
SRR12783986,PRJNA667797,COPD_Exacerbation,0,0.026495584,0,0,0,0,0,0.003454908,0,0.466359747,0.000722034,0.000624176,0,0,0,0.000218054,0.001231872,0.000518396,0.001183108,0,0,0,0.013284374,0.000251925,0,0.000680375,0,0,0.000948516,0.042116277,0,0.000338634,0,0,0,0.001013727,0,0,0.00418353,0.000176376,0,0,0,0,0,0,0,0,0,0,0,0,0,0.00300757,0,0.000222549,0,0,0,0,0.000166399,0,0,0.000209857,0,0,0,0,0,0,0,0,0,0,0,0,0,0,0,0.034039751,0.001447723,0.002854574,0,0,0,0,0,0,0.010372937,0,0.073197085,0,0.012233572,0,0,0.005902748,0,0,0.002854574,0.003323523,0,0,0,0.029115778,0,0,0,0,0,0,0,0,0,0,0,0.00496485,0.00496485,0.002854574,0,0,0.015047274,0,0,0,0,0,0.0016822,0.00496485,0,0,0,0.002620097,0,0,0.00496485,0,0,0.006371696,0,0,0,0,0.006137225,0,0.003792471,0,0.000978775,0,0,0.002620097,0.006606173,0,0.0016822,0,0.003323523,0,0,0,0,0.006710073,0,0,0,0.001916672,0,0,0.006137225,0,0,0,0,0,0,0,0,0,0,0,0,0,0,0,0,0,0,0,0,0,0,0,0,0,0,0,0,0,0,0,0,0,0,0,0,0,0,0,0,0,0,0,0,0,0,0,0,0,0,0,0,0,0,0,0,0,0,0,0,0,0,0,0,0,0,0,0,0,0,0,0,0,0,0,0,0,0,0,0,0,0,0,0,0,0,0,0,0,0,0,0,0,0,0,0,0,0,0,0,0,0,0,0,0
SRR12783987,PRJNA667797,COPD_Exacerbation,0,0.021775418,0,0,0,0,0,0.341346714,0,0.18477735,0.015333235,0.031936903,0,0,0,0.012270422,0.008930942,0.012704574,0.005738274,0,0,0,0.053206003,0.077249,0,0.014229988,0,0,0.008112648,0.003662853,0,0.015173918,0,0,0,0.003070985,0,0.004579698,0.004183317,0.001010271,0,0,0,0.000907051,0,0.001195682,0,0.004840545,0,0,0,0,0,0,0,0.009003936,0,0,0,0,0.002968487,0,0.002702984,0.009236844,0,0.000777034,0,0.00383383,0,0,0,0,0,0,0,0,0,0,0.001186609,0,0.039308985,0.001488902,0,0,0,0.008180146,0,0,0,0,0,0,0,0.012544,0,0,0,0,0,0,0.004398139,0,0,0,0,0.000907051,0.003234442,0,0,0,0,0,0,0,0,0,0,0,0,0.002943519,0,0,0,0.005561832,0,0,0,0,0,0,0.004979986,0,0,0,0,0,0,0,0,0,0,0,0,0,0,0,0,0,0,0,0,0,0,0,0,0.000907051,0,0,0,0,0,0,0,0,0,0,0,0,0,0,0,0,0,0,0,0,0,0,0,0,0,0,0,0,0,0,0,0,0,0,0,0,0,0,0,0,0,0,0,0,0,0,0,0,0,0,0,0,0,0,0,0,0,0,0,0,0,0,0,0,0,0,0,0,0,0,0,0,0,0,0,0,0,0,0,0,0,0,0,0,0,0,0,0,0,0,0,0,0,0,0,0,0,0,0,0,0,0,0,0,0,0,0,0,0,0,0,0,0,0,0,0
SRR12783988,PRJNA667797,COPD_Exacerbation,0,0.074656864,0,0,0,0,0,0.113942853,0,0.156055801,0.020313241,0.007851129,0,0,0,0.013865947,0.013215549,0.012663827,0.025383673,0,0,0,0.013143256,0.013405597,0,0.015597302,0,0,0.006103434,0.007936207,0,0.030697072,0,0,0,0,0,0.004266643,0.011656237,0,0,0,0,0.014123003,0,0.001037449,0,0,0,0,0,0,0,0.007412526,0,0.006977045,0,0,0,0,0.026092448,0,0.001157431,0.004364304,0,0,0,0.008634333,0,0,0,0,0,0,0,0,0,0,0,0,0.086342111,0,0,0,0,0.019407327,0,0,0.005222468,0,0,0,0,0.015003723,0,0,0.008838678,0,0,0,0.007957958,0,0,0,0,0.006196514,0.019407327,0,0,0,0,0,0,0,0,0,0,0,0,0.067846974,0,0,0,0,0,0,0,0,0,0,0.005315794,0,0,0,0,0.008838678,0,0,0,0,0,0,0,0,0,0,0,0,0,0,0,0,0,0,0,0.007077238,0,0,0,0,0,0,0,0,0,0,0,0,0,0,0,0,0,0,0,0,0,0,0,0,0,0,0,0,0,0,0,0,0,0,0,0,0,0,0,0,0,0,0,0,0,0,0,0,0,0,0,0,0,0,0,0,0,0,0,0,0,0,0,0,0,0,0,0,0,0,0,0,0,0,0,0,0,0,0,0,0,0,0,0,0,0,0,0,0,0,0,0,0,0,0,0,0,0,0,0,0,0,0,0,0,0,0,0,0,0,0,0,0,0,0,0
SRR12783990,PRJNA667797,COPD_Exacerbation,0,0.037968258,0,0,0,0,0,0.080458689,0,0.027492804,0.025933412,0.090796586,0,0,0,0.002611275,0.002950717,0.007784653,0.005662786,0,0,0,0.019112302,0.030398322,0,0.029999319,0,0,0.021660451,0.028984783,0,0.006147096,0.001190701,0,0,0.015950271,0,0.000736908,0.003193165,0.013417884,0,0,0,0.005655938,0,0.020552458,0,0.010652541,0,0,0,0,0,0.004039782,0,0,0,0,0,0,0.003118244,0,0,0.002328738,0,0,0,0.001965411,0,0,0,0,0,0,0,0,0,0,0,0,0.027090927,0.005006393,0,0,0,0.195106596,0,0,0.001940488,0,0,0,0,0.005222908,0,0,0,0.057186515,0,0,0.003490788,0,0,0,0.019729415,0,0.022544111,0,0.001325637,0,0.003995668,0,0,0,0,0,0,0.005006393,0,0,0,0,0,0.006955029,0,0,0,0,0,0,0.011285327,0,0,0,0,0.002841242,0,0,0,0,0,0,0,0,0,0,0,0,0,0,0,0,0,0,0,0,0,0,0,0,0,0,0,0.006088968,0,0,0,0,0,0,0,0,0,0,0,0,0,0,0,0,0,0,0,0,0,0,0,0,0,0,0,0,0,0,0,0,0,0,0,0,0,0,0,0,0,0,0,0,0,0,0,0,0,0,0,0,0,0,0,0,0,0,0,0,0,0,0,0,0,0,0,0,0,0,0,0,0,0,0,0,0,0,0,0,0,0,0,0,0,0,0,0,0,0,0,0,0,0,0,0,0,0,0,0,0,0,0,0,0,0,0,0
SRR12783991,PRJNA667797,COPD_Exacerbation,0,0.025247303,0,0,0,0,0,0.004123929,0,0.039262054,0.000722699,0.002551339,0,0,0,0.000511217,0.000592668,0.00043585,0.00060884,0,0,0,0.001079594,0,0,0.015633563,0,0,0.0008946,0.005661387,0,0,0,0,0,0.003021511,0,0,0.000455709,0.001114166,0,0,0,0.003329275,0,0.000965116,0,0,0,0,0,0,0,0.003609304,0,0,0,0,0,0,0.000409211,0,0,0,0,0,0,0.000940069,0,0,0,0,0,0,0,0,0,0,0,0.049296743,0.002915154,0,0,0,0,0,0,0,0.016681118,0,0.136676344,0,0.018651764,0,0,0.015338795,0,0,0.009126974,0.004571641,0,0,0,0.036044862,0,0,0,0,0.003329275,0,0,0,0,0,0,0.014924673,0,0.002915154,0,0,0.025277706,0,0,0,0,0,0.002086912,0.008712853,0,0,0.002501033,0.002501033,0,0,0,0,0,0.006228126,0,0,0,0,0.014096431,0,0.00415752,0,0.002086912,0,0,0.003329275,0,0,0,0,0,0,0,0,0,0.00878479,0,0,0,0,0,0,0,0,0,0,0,0,0,0,0,0,0,0,0,0,0,0,0,0,0,0,0,0,0,0,0,0,0,0,0,0,0,0,0,0,0,0,0,0,0,0,0,0,0,0,0,0,0,0,0,0,0,0,0,0,0,0,0,0,0,0,0,0,0,0,0,0,0,0,0,0,0,0,0,0,0,0,0,0,0,0,0,0,0,0,0,0,0,0,0,0,0,0,0,0,0,0,0,0,0,0,0,0,0,0,0,0
SRR12783992,PRJNA667797,COPD_Exacerbation,0,0.024808796,0,0,0,0,0,0.368493416,0,0.019818536,0.039835464,0.057963203,0,0,0,0.003948294,0.003826926,0.070497507,0.003506961,0,0,0,0.01391341,0.073609304,0,0.023937594,0,0,0.030457404,0.010075351,0,0.017682974,0,0,0,0,0,0.000953476,0.006154184,0.002600891,0,0,0,0.002526217,0,0.000605312,0,0,0,0,0,0,0,0.001561753,0,0.00245539,0,0,0,0,0.001877278,0,0.001205393,0.000599121,0,0.002542615,0,0.003460045,0,0,0,0,0,0,0,0,0,0,0.002488149,0,0.027164161,0,0,0,0,0.019308583,0,0,0,0,0,0,0,0.008239364,0,0,0,0.007882291,0,0,0.014666652,0,0,0,0.004311577,0,0.008953508,0,0,0,0,0,0,0,0,0,0,0,0,0.00109793,0,0.003597434,0,0.003597434,0,0,0,0,0,0,0,0,0,0,0,0.00324036,0,0,0,0,0,0,0,0,0,0,0,0,0,0,0,0,0,0,0,0,0,0,0,0,0,0,0,0,0,0,0,0,0,0,0,0,0,0,0,0,0,0,0,0,0,0,0,0,0,0,0,0,0,0,0,0,0,0,0,0,0,0,0,0,0,0,0,0,0,0,0,0,0,0,0,0,0,0,0,0,0,0,0,0,0,0,0,0,0,0,0,0,0,0,0,0,0,0,0,0,0,0,0,0,0,0,0,0,0,0,0,0,0,0,0,0,0,0,0,0,0,0,0,0,0,0,0,0,0,0,0,0,0,0,0,0
SRR12783993,PRJNA667797,COPD_Exacerbation,0,0.021444443,0,0,0,0,0,0.208119337,0,0.030532529,0.043770461,0.03518795,0,0,0,0.004905357,0.004218878,0.288747159,0.006006118,0,0,0,0.033877401,0.059317818,0,0.03962209,0,0,0.011025812,0.002627665,0,0.012657621,0,0,0,0.000597244,0,0.002032788,0.005882657,0.003462195,0,0,0,0.003804498,0,0.013192805,0,0.006405379,0,0,0,0,0,0.002085417,0,0.003129794,0,0,0,0,0.011553884,0,0.000791457,0,0,0,0,0.001727782,0,0,0,0,0,0,0,0,0,0,0.003519958,0,0.040307743,0,0,0,0,0.019328868,0,0,0,0,0,0,0,0.006321964,0,0,0,0.001706611,0,0,0.004224074,0,0,0,0.000867456,0,0.018489713,0,0,0,0,0,0,0,0,0,0,0,0,0.002126187,0,0,0,0,0,0,0,0,0,0,0,0,0,0,0,0,0,0,0,0,0,0,0,0,0,0,0,0,0,0,0,0,0,0,0,0,0,0,0,0,0,0,0,0,0,0,0,0,0,0,0,0,0,0,0,0,0,0,0,0,0,0,0,0,0,0,0,0,0,0,0,0,0,0,0,0,0,0,0,0,0,0,0,0,0,0,0,0,0,0,0,0,0,0,0,0,0,0,0,0,0,0,0,0,0,0,0,0,0,0,0,0,0,0,0,0,0,0,0,0,0,0,0,0,0,0,0,0,0,0,0,0,0,0,0,0,0,0,0,0,0,0,0,0,0,0,0,0,0,0,0,0
SRR12783994,PRJNA667797,COPD_Exacerbation,0,0.030999068,0,0,0,0,0,0.147473897,0,0.031658246,0.031045849,0.01938208,0,0,0,0.005365189,0.010922335,0.021448795,0.012255396,0,0,0,0.020581024,0.055028673,0,0.007132481,0,0,0.004923814,0.002214088,0,0.029945133,0,0,0,0.003407279,0,0.001002366,0.006218898,0.003299829,0,0,0,0.004613354,0,0.000828107,0,0,0,0,0,0,0,0.002224679,0,0.00161989,0,0,0,0,0.004685728,0,0.000555928,0.003694371,0,0.000240101,0,0.002536223,0,0,0,0,0,0,0,0,0,0,0.000253931,0,0.058765995,0.000712526,0.021593419,0.045457296,0,0.015856909,0,0,0,0,0,0.017463133,0,0.005760655,0.007137416,0,0,0,0.003924971,0,0.006449035,0,0.014021228,0,0.005072274,0,0.005531195,0,0,0,0.003994117,0,0,0.00943202,0.019069354,0,0,0,0,0.00208929,0,0,0,0,0,0,0,0,0,0,0,0,0,0,0,0.00323659,0,0,0.012415005,0,0,0,0,0,0,0.007137416,0,0,0.00163037,0,0,0,0,0,0,0,0,0,0,0,0.00208929,0,0,0.00254821,0,0,0,0,0.004383891,0,0,0,0,0,0.004842814,0,0,0,0,0,0,0,0,0,0,0,0,0,0,0,0,0,0,0,0,0,0,0,0,0,0,0,0,0,0,0,0,0,0,0,0,0,0,0,0,0,0,0,0,0,0,0,0,0,0,0,0,0,0,0,0,0,0,0,0,0,0,0,0,0,0,0,0,0,0,0,0,0,0,0,0,0,0,0,0,0,0,0,0,0,0,0,0,0,0,0,0,0,0,0,0,0
SRR12783995,PRJNA667797,COPD_Exacerbation,0,0.016611136,0,0,0,0,0,0.012551574,0,0.046486941,0.004936666,0.006574461,0,0,0,0.000926695,0.002976861,0.006109686,0.000941393,0,0,0,0.022368064,0.008132842,0,0.019903869,0,0,0.002386254,0.002900158,0,0,0,0,0,0,0,0,0.00179567,0.001136656,0,0,0,0.004440085,0,0,0,0.009259492,0,0,0,0,0,0,0,0.000209872,0,0,0,0,0.004177211,0,0,0.002131179,0,0.005706694,0,0,0,0,0,0,0,0,0,0,0,0,0,0.039779025,0.019164643,0.003335744,0,0,0,0.013642934,0,0,0.012681199,0,0.06738757,0,0.034257316,0,0,0.006648768,0,0,0.004808201,0.003335744,0,0,0,0.02247767,0,0,0,0,0,0,0,0,0,0,0,0,0.002967631,0.002231401,0,0.004440085,0.01511539,0,0,0,0,0,0,0,0,0,0,0.001863288,0,0,0,0,0,0.007753111,0,0,0,0,0.009225567,0,0,0,0,0,0,0.002231401,0,0.021373327,0,0,0,0,0,0,0,0,0,0,0,0,0,0,0,0,0,0,0,0,0,0.001495175,0,0,0,0,0,0,0,0,0,0,0,0,0,0,0,0,0,0,0,0,0,0,0,0,0,0,0,0,0,0,0,0,0,0,0,0,0,0,0,0,0,0,0,0,0,0,0,0,0,0,0,0,0,0,0,0,0,0,0,0,0,0,0,0,0,0,0,0,0,0,0,0,0,0,0,0,0,0,0,0,0,0,0,0,0,0,0,0,0,0,0,0,0,0,0,0,0,0
SRR12783997,PRJNA667797,COPD_Exacerbation,0,0.001284369,0,0,0,0,0,0.188718032,0,0.006046788,0.018556202,0.01332026,0,0,0,0.000442837,0.029041046,0.006458059,0.014217445,0,0,0,0.182568019,0.030872918,0,0.00489909,0,0,0.024460104,0.000822156,0,0.03214197,0.000971493,0,0,0,0,0.000925284,0.005432321,0.001379406,0,0,0,0.005288984,0,0.002744569,0,0,0,0,0,0,0,0.001477076,0,0.000753014,0,0,0,0,0.023486924,0,0,0.000609826,0,0,0,0.002563618,0,0,0,0,0,0,0,0,0,0,0,0,0.021064944,0.005470318,0.02215294,0.057875516,0,0.005832982,0,0,0,0,0,0.014718293,0,0,0.003475657,0,0,0.00184366,0,0,0,0,0.016531624,0,0.004019655,0.008734309,0,0,0,0,0,0,0,0.012542301,0.019795615,0,0,0.001118328,0.003112989,0,0,0.002024994,0,0,0,0,0,0,0,0,0,0,0,0,0,0,0,0,0.009640975,0,0,0.003475657,0,0,0,0.007464979,0,0.000755664,0,0,0,0,0,0,0,0,0,0,0,0,0.004563653,0.00184366,0,0,0,0,0,0,0.004744987,0,0,0,0,0,0.00619565,0,0,0,0,0,0,0,0,0,0,0,0,0,0,0,0,0,0,0,0,0,0,0,0,0,0,0,0,0,0,0,0,0,0,0,0,0,0,0,0,0,0,0,0,0,0,0,0,0,0,0,0,0,0,0,0,0,0,0,0,0,0,0,0,0,0,0,0,0,0,0,0,0,0,0,0,0,0,0,0,0,0,0,0,0,0,0,0,0,0,0,0,0,0,0,0,0
SRR12783998,PRJNA667797,COPD_Exacerbation,0,0.011129548,0,0,0,0,0,0.297270864,0,0.037273256,0.035057628,0.036578676,0,0,0,0.003759528,0.012157691,0.032540614,0.011554843,0,0,0,0.030984929,0.143448692,0,0.013429217,0,0,0.00920247,0.002698529,0,0.016086083,0,0,0,0,0,0.003566752,0.006846686,0.002273196,0,0,0,0.002192978,0,0.001251533,0,0.031329508,0,0,0,0,0,0.002959943,0,0.009041621,0,0,0,0,0.003351592,0,0.004740841,0.01543462,0,0,0,0.009034611,0,0,0,0,0,0,0,0,0,0,0.001300342,0,0.02666335,0.008039881,0,0,0,0.011721265,0,0,0,0,0,0,0,0.010638507,0,0,0,0.00565781,0,0,0.005441256,0,0,0,0.004791603,0,0,0,0,0,0.00348549,0,0,0,0,0,0,0,0,0,0,0,0.00132677,0.00782333,0,0,0,0,0,0,0,0,0,0,0,0.003275736,0,0,0,0,0,0,0,0,0,0,0,0,0.002626083,0,0,0,0,0,0,0,0,0,0,0,0,0,0,0,0,0,0,0,0,0,0.00132677,0,0,0,0,0,0,0,0,0,0,0,0,0,0,0,0,0,0,0,0,0,0,0,0,0,0,0,0,0,0,0,0,0,0,0,0,0,0,0,0,0,0,0,0,0,0,0,0,0,0,0,0,0,0,0,0,0,0,0,0,0,0,0,0,0,0,0,0,0,0,0,0,0,0,0,0,0,0,0,0,0,0,0,0,0,0,0,0,0,0,0,0,0,0,0,0,0,0,0,0,0
SRR12784000,PRJNA667797,COPD_Exacerbation,0,0.019759357,0,0,0,0,0,0.495596984,0,0.014788285,0.035284918,0.018235896,0,0,0,0.001651508,0.006524909,0.011551847,0.014354296,0,0,0,0.043908608,0.072494932,0,0.008648835,0,0,0.014022787,0.002930554,0,0.004790428,0,0,0,0,0,0.001584608,0.004814302,0.0017325,0,0,0,0.002345704,0,0.000735125,0,0.003535523,0,0,0,0,0,0,0,0.001970952,0,0,0,0,0.005384152,0,0.003077755,0.005828761,0,0.000566468,0,0.004549438,0,0,0,0,0,0,0,0,0,0,0.000228705,0,0.028500243,0,0,0,0,0.005720483,0,0,0,0,0,0,0,0.006142333,0,0,0,0,0,0,0.009938959,0,0,0,0,0,0,0,0,0,0.006896931,0,0,0,0,0,0,0,0,0,0,0,0,0,0,0,0,0,0,0,0,0,0,0,0,0.002345704,0,0,0,0,0,0,0,0,0,0,0,0,0,0,0,0,0,0.00150201,0,0.00382217,0,0,0,0,0,0,0,0,0,0,0,0,0,0,0.001291085,0,0,0,0,0,0,0,0,0,0,0,0,0,0,0,0,0,0,0,0,0,0,0,0,0,0,0,0,0,0,0,0,0,0,0,0,0,0,0,0,0,0,0,0,0,0,0,0,0,0,0,0,0,0,0,0,0,0,0,0,0,0,0,0,0,0,0,0,0,0,0,0,0,0,0,0,0,0,0,0,0,0,0,0,0,0,0,0,0,0,0,0,0,0,0,0,0,0,0,0,0
SRR12784001,PRJNA667797,COPD_Exacerbation,0,0.017701637,0,0,0,0,0,0.370840185,0,0.011892066,0.019887386,0.026997666,0,0,0,0.002312664,0.01300199,0.0120204,0.009511734,0,0,0,0.059956867,0.107921048,0,0.01851596,0,0,0.008989226,0.005361886,0,0.00751524,0,0,0,0,0,0.002547503,0.008544971,0.004044831,0,0,0,0,0,0.00142992,0,0,0,0,0,0,0,0.001703541,0,0.001254436,0,0,0,0,0.001549577,0,0.101432488,0.002097108,0,0,0,0.001965946,0,0,0,0,0,0,0,0,0,0,0.00191797,0,0.02223093,0.002366858,0,0,0,0.006261775,0,0,0,0,0,0,0,0.010156689,0,0,0,0,0,0,0.007040757,0,0,0,0,0,0,0,0,0,0.002221558,0,0,0,0,0,0,0,0,0,0,0,0,0,0,0,0,0,0,0,0,0,0,0,0,0.002366858,0,0,0,0,0,0,0,0,0,0,0,0,0,0,0,0,0,0,0,0,0,0,0,0,0,0,0,0,0,0,0,0,0,0,0,0,0,0,0,0,0,0,0,0,0,0,0,0,0,0,0,0,0,0,0,0,0,0,0,0,0,0,0,0,0,0,0,0,0,0,0,0,0,0,0,0,0,0,0,0,0,0,0,0,0,0,0,0,0,0,0,0,0,0,0,0,0,0,0,0,0,0,0,0,0,0,0,0,0,0,0,0,0,0,0,0,0,0,0,0,0,0,0,0,0,0,0,0,0,0,0,0,0,0,0,0
SRR12784002,PRJNA667797,COPD_Exacerbation,0,0.014742313,0,0,0,0,0,0.30052629,0,0.017772907,0.07387029,0.056923673,0,0,0,0.003485541,0.010787974,0.050159922,0.014899804,0,0,0,0.027045646,0.094581112,0,0.030804495,0,0,0.020062672,0.005684947,0,0.009509667,0,0,0,0.001964079,0,0.002555376,0.009641888,0.005776095,0,0,0,0.005744036,0,0,0,0,0,0,0,0,0,0.003788993,0,0.006105405,0,0,0,0,0.005154404,0,0.008050512,0.008699041,0,0,0,0.005407457,0,0,0,0,0,0,0,0,0,0,0,0,0.029481273,0,0,0,0,0.034316637,0,0,0,0,0,0,0,0.014535606,0,0,0,0.002227409,0,0,0.014975185,0,0,0,0.00178783,0,0.0105794,0,0,0,0.001497767,0,0,0,0,0,0,0,0,0,0,0.008381506,0,0,0,0,0,0,0,0,0,0,0,0,0,0,0,0,0,0,0,0,0,0,0,0,0,0,0,0,0,0,0,0,0,0.002227409,0,0,0,0,0,0,0,0,0,0,0,0,0,0,0,0,0,0,0,0,0,0,0,0,0,0,0,0,0,0,0,0,0,0,0,0,0,0,0,0,0,0,0,0,0,0,0,0,0,0,0,0,0,0,0,0,0,0,0,0,0,0,0,0,0,0,0,0,0,0,0,0,0,0,0,0,0,0,0,0,0,0,0,0,0,0,0,0,0,0,0,0,0,0,0,0,0,0,0,0,0,0,0,0,0,0,0,0,0,0,0,0,0,0,0,0
SRR12784004,PRJNA667797,COPD_Exacerbation,0,0.010043973,0,0,0,0,0,0.246017791,0,0.008579181,0.135778979,0.051216056,0,0,0,0.002245535,0.029539657,0.012318755,0.021971231,0,0,0,0.122087571,0.081352216,0,0.026778307,0,0,0.008648732,0.000649601,0,0.014046857,0,0,0,0.002650077,0,0.001004445,0.010369158,0.019447539,0,0,0,0.000773885,0,0,0,0,0,0,0,0,0,0.000921166,0,0.001030485,0,0,0,0,0.006025755,0,0.003879807,0.007123809,0,0,0,0.00277677,0,0,0,0,0,0,0,0,0,0,0.000401635,0,0.024976891,0.006972214,0,0,0,0.010809277,0,0,0,0,0,0,0,0.006824635,0,0,0,0,0,0,0.010366541,0,0,0,0.00047875,0,0.007267372,0,0,0,0.008932918,0,0,0,0,0,0,0,0,0,0,0,0,0,0,0,0,0,0,0,0,0,0,0,0,0.008300428,0,0,0,0,0,0,0,0,0,0,0,0,0.000921464,0,0,0,0,0,0,0,0,0,0,0,0,0,0,0,0,0,0,0,0,0,0,0,0,0,0,0,0,0,0,0,0,0,0,0,0,0,0,0,0,0,0,0,0,0,0,0,0,0,0,0,0,0,0,0,0,0,0,0,0,0,0,0,0,0,0,0,0,0,0,0,0,0,0,0,0,0,0,0,0,0,0,0,0,0,0,0,0,0,0,0,0,0,0,0,0,0,0,0,0,0,0,0,0,0,0,0,0,0,0,0,0,0,0,0,0,0,0,0,0,0,0,0
SRR12784006,PRJNA667797,COPD_Exacerbation,0,0.005022477,0,0,0,0,0,0.438594646,0,0.007566954,0.011738854,0.000850588,0,0,0,0.000682891,0.017236708,0.048113567,0.002912132,0,0,0,0.019082965,0.033491717,0,0.000367067,0,0,0.002733066,0.000578848,0,0.00044866,0,0,0,0.000702874,0,0.000958815,0.009648269,0,0,0,0,0.001217176,0,0,0,0,0,0,0,0,0,0.00419203,0,0.000180894,0,0,0,0,0.000175513,0,0,0.000254543,0,0,0,0.000390004,0,0,0,0,0,0,0,0,0,0,0,0.016432138,0.014515292,0.002295402,0,0,0,0.001097374,0,0,0.006459261,0,0.006728106,0,0.006488501,0.001217176,0,0.025896563,0,0.000857768,0.003972641,0.001336979,0.000857768,0,0,0.006009291,0,0,0,0,0.004931065,0,0,0,0,0,0,0.003014218,0.001935994,0.003733036,0,0,0.001696387,0.000618161,0,0.001816189,0,0,0.001696387,0.006368699,0,0,0,0,0,0,0.002535007,0.000258855,0,0.00564988,0,0,0,0,0.002894415,0.001576584,0,0,0.019427209,0,0,0,0.003134021,0,0,0,0,0,0,0,0,0,0,0,0,0.003613233,0,0,0,0,0,0,0,0.003253826,0.000498358,0,0,0,0,0,0,0,0,0,0,0,0,0,0,0,0,0,0,0,0,0,0,0,0,0,0,0,0,0,0,0,0,0,0,0,0,0,0,0,0,0,0,0,0,0,0,0,0,0,0,0,0,0,0,0,0,0,0,0,0,0,0,0,0,0,0,0,0,0,0,0,0,0,0,0,0,0,0,0,0,0,0,0,0,0,0,0,0,0,0,0,0,0,0,0,0,0,0,0
SRR12784007,PRJNA667797,COPD_Exacerbation,0,0.035427664,0,0,0,0,0,0.364300291,0,0.04802054,0.013467747,0.002782474,0,0,0,0.006263371,0.00369237,0.03409136,0.007146732,0,0,0,0.025380344,0.130158326,0,0.006083708,0,0,0.003186456,0.001201486,0,0.064874907,0,0,0,0.013232924,0,0.000240279,0.000850065,0.000569731,0,0,0,0.000511608,0,0,0,0,0,0,0,0,0,0,0,0.000206912,0,0,0,0,0.001265149,0,0.000468306,0.000913107,0,0,0,0.000900731,0,0,0,0,0,0,0,0,0,0,0,0,0.04486772,0.000755325,0,0,0,0.004289189,0,0,0,0,0,0,0,0,0,0,0,0,0,0,0.001486468,0,0,0,0,0,0.000633465,0,0,0,0.011549743,0,0,0,0,0,0,0,0,0,0,0,0,0,0,0,0,0,0,0,0,0,0,0,0,0.001608324,0,0,0,0,0,0,0,0,0,0,0,0,0,0,0,0,0,0,0,0,0,0,0,0,0,0,0,0,0,0,0,0,0,0,0,0,0,0,0,0,0,0,0,0,0,0,0,0,0,0,0,0,0,0,0,0,0,0,0,0,0,0,0,0,0,0,0,0,0,0,0,0,0,0,0,0,0,0,0,0,0,0,0,0,0,0,0,0,0,0,0,0,0,0,0,0,0,0,0,0,0,0,0,0,0,0,0,0,0,0,0,0,0,0,0,0,0,0,0,0,0,0,0,0,0,0,0,0,0,0,0,0,0,0,0,0
SRR12784008,PRJNA667797,COPD_Exacerbation,0,0.00521048,0,0,0,0,0,0.002076187,0,0.008235997,0.000193167,0.000628306,0,0,0,0.000330003,0.000337074,0.028322679,0.000189496,0,0,0,0.000170982,0.000162303,0,0.000723434,0,0,0.00050435,0.000906553,0,0,0.000491904,0,0,0,0,0,0.000499027,0,0,0,0,0.002301061,0,0,0,0,0,0,0,0,0,0.000471183,0,0.000126113,0,0,0,0,0,0,0,0.000239866,0,0,0,0,0,0,0,0,0,0,0,0,0,0,0,0.428494881,0.001250853,0.001537273,0,0,0,0,0,0,0.006954927,0,0.00822042,0,0.035716796,0,0,0.019486297,0,0,0.002396535,0.057580233,0,0,0,0.006215477,0,0,0,0,0,0,0,0,0,0,0,0.005260741,0.001919168,0,0,0,0.003255797,0,0.000296118,0,0,0,0.001632747,0.001059906,0,0,0,0.01633567,0,0,0.004019585,0.000487065,0,0.003446744,0,0,0,0,0.001537273,0.001919168,0,0,0.000868959,0,0,0.001059906,0.00335127,0.001728221,0.010893679,0,0.00822042,0,0,0,0,0.023842485,0,0,0,0.003255797,0,0,0.005165268,0,0,0,0,0.005069794,0,0.00659737,0,0,0,0,0,0,0,0,0,0,0,0,0,0,0,0,0,0,0,0,0,0,0,0,0,0,0,0,0,0,0,0,0,0,0,0,0,0,0,0,0,0,0,0,0,0,0,0,0,0,0,0,0,0,0,0,0,0,0,0,0,0,0,0,0,0,0,0,0,0,0,0,0,0,0,0,0,0,0,0,0,0,0,0,0,0,0,0,0,0,0,0,0,0,0,0,0,0
SRR12784009,PRJNA667797,COPD_Exacerbation,0,0.024172506,0,0,0,0,0,0.306809417,0,0.043033748,0.040560705,0.017081155,0,0,0,0.003537116,0.012110046,0.031295777,0.007204268,0,0,0,0.041780582,0.032699606,0,0.002030098,0,0,0.012441531,0.002484436,0,0.024296349,0.001470948,0,0,0,0,0.004110592,0.003762459,0.001243304,0,0,0,0.000680555,0,0.000511895,0,0.045119982,0,0,0,0,0,0.000976295,0,0.019927131,0,0,0,0,0.004821926,0,0.000368543,0.032732105,0,0.002572872,0,0.014371183,0,0,0,0,0,0,0,0,0,0,0.002046717,0,0.028088367,0.000941578,0,0,0,0.005901089,0,0,0,0,0,0,0,0.003812873,0,0,0,0.001463633,0,0,0.00511801,0,0,0,0.001594147,0.000811065,0.001463633,0,0,0,0,0,0,0,0,0,0,0,0,0,0,0,0.000941578,0.008250329,0,0,0,0,0,0,0,0,0,0,0,0,0,0,0,0,0,0,0,0,0,0,0,0,0,0,0,0,0,0,0,0.000680555,0,0,0,0,0,0,0,0,0,0,0,0,0,0,0.002638253,0,0,0,0,0,0,0,0,0,0,0,0,0,0,0,0,0,0,0,0,0,0,0,0,0,0,0,0,0,0,0,0,0,0,0,0,0,0,0,0,0,0,0,0,0,0,0,0,0,0,0,0,0,0,0,0,0,0,0,0,0,0,0,0,0,0,0,0,0,0,0,0,0,0,0,0,0,0,0,0,0,0,0,0,0,0,0,0,0,0,0,0,0,0,0,0,0,0,0,0,0
SRR12784010,PRJNA667797,COPD_Exacerbation,0,0.024894355,0,0,0,0,0,0.370525689,0,0.05602573,0.031531924,0.002958574,0,0,0,0.004113057,0.019560582,0.033848587,0.010496558,0,0,0,0.039359769,0.027063156,0,0.00257068,0,0,0.005441265,0.001634162,0,0.022478391,0.005226035,0,0,0,0,0.004323742,0.006025464,0.001359362,0,0,0,0.001906048,0,0,0,0.01011232,0,0,0,0,0,0.001547351,0,0.008835366,0,0,0,0,0.005663114,0,0,0.019268612,0,0,0,0.013092924,0,0,0,0,0,0,0,0,0,0,0.000647496,0,0.044738129,0.00303321,0,0,0,0.00153033,0,0,0,0,0,0,0,0.008669009,0,0,0,0,0,0,0.004348229,0,0,0,0,0,0,0,0,0,0.003903527,0,0,0,0,0,0,0,0,0.00810543,0,0,0.00153033,0.003596789,0,0,0,0,0,0,0,0,0,0,0,0,0,0,0,0,0,0,0,0,0,0,0,0,0,0,0,0,0,0,0,0.001906048,0,0,0,0,0,0,0,0,0,0,0,0,0,0,0.002845349,0,0,0,0,0,0,0,0,0,0,0,0,0,0,0,0,0,0,0,0,0,0,0,0,0,0,0,0,0,0,0,0,0,0,0,0,0,0,0,0,0,0,0,0,0,0,0,0,0,0,0,0,0,0,0,0,0,0,0,0,0,0,0,0,0,0,0,0,0,0,0,0,0,0,0,0,0,0,0,0,0,0,0,0,0,0,0,0,0,0,0,0,0,0,0,0,0,0,0,0,0
SRR12784011,PRJNA667797,COPD_Exacerbation,0,0.034348896,0,0,0,0,0,0.381337347,0,0.058028978,0.063993486,0.011971705,0,0,0,0.001320665,0.008728769,0.023709507,0.006298478,0,0,0,0.048669315,0.025056505,0,0.004578929,0,0,0.012864941,0.00241893,0,0.017114223,0.001795243,0,0,0,0,0.003864758,0.006928758,0,0,0,0,0.001450875,0,0.001245347,0,0.007422833,0,0,0,0,0,0,0,0.006534495,0,0,0,0,0.005904336,0,0.00044265,0.023488554,0,0.001337477,0,0.013665904,0,0,0,0,0,0,0,0,0,0,0.002278245,0,0.032254511,0,0,0,0,0,0,0,0,0,0,0,0,0.007611604,0,0,0,0,0,0,0.008243472,0,0,0,0,0,0,0,0.002714615,0,0.012881095,0,0,0,0,0,0,0,0,0,0,0,0,0.002240712,0,0,0,0,0,0,0.001608844,0,0,0,0,0,0,0,0,0,0,0,0,0,0,0,0,0,0,0,0,0,0,0.00287258,0,0.000661038,0,0,0,0,0,0,0,0,0,0,0,0,0,0,0.002714615,0,0,0,0,0,0,0,0,0,0,0,0,0,0,0,0,0,0,0,0,0,0,0,0,0,0,0,0,0,0,0,0,0,0,0,0,0,0,0,0,0,0,0,0,0,0,0,0,0,0,0,0,0,0,0,0,0,0,0,0,0,0,0,0,0,0,0,0,0,0,0,0,0,0,0,0,0,0,0,0,0,0,0,0,0,0,0,0,0,0,0,0,0,0,0,0,0,0,0,0,0
SRR12784017,PRJNA667797,COPD_Exacerbation,0,0.009104652,0,0,0,0,0,0.009654954,0,0.19524158,0.071340457,0.03216717,0,0,0,0,0.001688925,0,0.001649054,0,0,0,0.010895291,0.016251914,0,0.009524992,0,0,0.004575984,0.002181844,0,0.007648604,0.000747099,0,0,0,0,0,0.001661905,0,0,0.024129167,0,0,0,0.000521807,0,0,0,0,0,0,0,0.001719414,0,0.001425985,0,0,0,0,0.003893411,0,0,0.005810729,0,0,0,0.003458918,0,0,0,0,0,0,0,0,0,0,0,0,0.010044698,0.001907007,0.04259547,0.072955321,0,0,0,0.073268309,0,0,0,0,0,0,0.026633072,0,0,0.004410912,0,0,0.002532983,0,0.051359137,0,0.011609642,0,0,0,0,0,0,0.017556416,0,0,0.015991476,0,0,0,0,0,0,0,0,0,0,0.005662864,0,0,0.006914817,0,0,0,0,0,0,0,0,0,0,0.006914817,0,0.008479757,0,0,0,0.012235618,0,0.005662864,0,0,0,0,0,0,0,0,0,0,0.005662864,0,0.01129665,0.012548606,0.005975852,0,0,0.003158959,0,0,0.006914817,0.003471947,0,0,0,0,0,0.003158959,0,0,0,0,0,0,0,0,0,0,0,0,0,0,0,0,0,0,0,0,0,0,0,0,0,0,0,0,0,0,0,0,0,0,0,0,0,0,0,0,0,0,0,0,0,0,0,0,0,0,0,0,0,0,0,0,0,0,0,0,0,0,0,0,0,0,0,0,0,0,0,0,0,0,0,0,0,0,0,0,0,0,0,0,0,0,0,0,0,0,0,0,0,0,0,0
SRR12784018,PRJNA667797,COPD_Exacerbation,0,0.440014852,0,0,0,0,0,0.002982868,0,0.04344314,0.000847884,0.001259322,0,0,0,0.007548268,0.001278922,0.000707576,0.000431409,0,0,0,0.005203778,0.00160055,0,0.000615913,0,0,0.020093748,0.009882354,0,0,0.001424596,0,0,0,0,0,0.003056695,0.000556105,0,0,0,0,0,0,0,0.000943047,0,0,0,0,0,0,0,0.000231707,0,0,0,0,0,0,0,0.000413282,0,0,0,0.000139934,0,0,0,0,0,0,0,0,0,0,0,0.047677637,0.011566736,0.00493412,0,0,0,0.002968901,0,0,0.017060841,0,0,0,0.028271098,0,0,0.001249334,0,0,0.007636297,0.004442815,0,0,0,0,0,0,0,0,0,0,0.00140468,0,0,0,0,0.010092821,0.007881949,0.001986291,0,0,0,0.001986291,0,0,0,0,0.004197163,0,0,0,0.005179773,0.003214553,0,0,0.007144992,0,0.002723248,0,0,0,0,0,0,0.009110211,0.003705858,0,0.002477596,0,0,0.00591673,0.006162382,0.003705858,0,0,0.006653687,0,0,0.002968901,0,0,0,0,0,0,0,0,0.006653687,0,0,0,0,0,0,0,0,0,0,0,0,0,0,0,0,0,0,0,0,0,0,0,0,0,0,0,0,0,0,0,0,0,0,0,0,0,0,0,0,0,0,0,0,0,0,0,0,0,0,0,0,0,0,0,0,0,0,0,0,0,0,0,0,0,0,0,0,0,0,0,0,0,0,0,0,0,0,0,0,0,0,0,0,0,0,0,0,0,0,0,0,0,0,0,0,0,0,0,0,0,0,0,0,0
SRR12784021,PRJNA667797,COPD_Exacerbation,0,0.076047568,0,0,0,0,0,0.103116811,0,0.516435865,0.007008582,0.00233464,0,0,0,0.004591146,0.005039882,0.007379442,0.009884513,0,0,0,0.011934907,0.020152987,0,0.064008155,0,0,0.001034975,0,0,0.014548644,0.001073292,0,0,0.005247316,0,0,0.002913932,0,0,0,0,0,0,0,0,0,0,0,0,0,0,0.002485073,0,0.002940034,0,0,0,0,0.005357265,0,0.002364811,0.002848647,0,0,0,0.003544605,0,0,0,0,0,0,0,0,0,0,0,0,0.056754362,0,0,0,0,0.002335899,0,0,0,0,0,0,0,0,0,0,0.001190243,0,0,0,0,0,0,0,0,0,0.00577285,0,0.009209807,0,0.00524933,0,0,0,0,0,0,0,0,0.002908721,0,0,0,0,0,0,0,0,0,0,0,0,0,0,0,0.001763071,0,0,0,0,0,0,0,0,0,0,0,0,0,0,0,0,0,0,0,0.002335899,0,0,0,0,0,0,0,0,0,0,0,0,0,0,0,0,0,0,0,0,0,0,0,0,0,0,0,0,0,0,0,0,0,0,0,0,0,0,0,0,0,0,0,0,0,0,0,0,0,0,0,0,0,0,0,0,0,0,0,0,0,0,0,0,0,0,0,0,0,0,0,0,0,0,0,0,0,0,0,0,0,0,0,0,0,0,0,0,0,0,0,0,0,0,0,0,0,0,0,0,0,0,0,0,0,0,0,0,0,0,0,0,0,0,0,0
SRR13228897,PRJNA683885,COPD_Exacerbation,0.038715701,0,0,0,0,0,0,0.115610098,0,0,0,0,0,0,0,0,0,0,0,0,0,0,0,0,0,0,0,0,0,0,0,0,0,0,0,0,0,0,0,0,0,0,0,0,0,0,0,0,0,0,0,0,0,0,0,0,0,0,0,0,0,0,0,0,0,0,0,0,0,0,0,0,0,0,0,0,0,0,0,0,0,0,0,0,0,0,0,0,0,0,0,0,0,0,0,0,0,0,0,0,0,0,0,0,0,0,0,0,0,0,0,0,0,0,0,0,0,0,0,0,0,0,0,0,0,0,0,0,0,0,0,0,0,0,0,0,0,0,0,0,0,0,0,0,0,0,0,0,0,0,0,0,0,0,0,0,0,0,0,0,0,0,0,0,0,0,0,0,0,0,0,0,0,0,0,0,0,0,0,0,0,0,0,0,0,0,0,0,0,0,0,0,0,0,0,0,0,0,0,0,0,0,0,0,0,0,0,0,0,0,0,0,0,0,0,0,0,0,0,0,0,0,0,0,0,0,0,0,0,0,0,0,0,0,0,0,0,0,0,0,0,0,0,0,0,0,0,0,0,0,0,0,0,0,0,0,0,0,0,0,0,0,0,0,0,0,0,0,0,0,0,0
SRR13228898,PRJNA683885,COPD_Exacerbation,0,0,0,0,0,0,0,0.035842294,0,0,0,0,0,0,0,0,0,0,0,0,0,0,0,0,0,0,0,0,0,0,0,0,0,0,0,0,0,0,0,0,0,0,0,0,0,0,0,0,0,0,0,0,0,0,0,0,0,0,0,0,0,0,0,0,0,0,0,0,0,0,0,0,0,0,0,0,0,0,0,0,0,0,0,0,0,0,0,0,0,0,0,0,0,0,0,0,0,0,0,0,0,0,0,0,0,0,0,0,0,0,0,0,0,0,0,0,0,0,0,0,0,0,0,0,0,0,0,0,0,0,0,0,0,0,0,0,0,0,0,0,0,0,0,0,0,0,0,0,0,0,0,0,0,0,0,0,0,0,0,0,0,0,0,0,0,0,0,0,0,0,0,0,0,0,0,0,0,0,0,0,0,0,0,0,0,0,0,0,0,0,0,0,0,0,0,0,0,0,0,0,0,0,0,0,0,0,0,0,0,0,0,0,0,0,0,0,0,0,0,0,0,0,0,0,0,0,0,0,0,0,0,0,0,0,0,0,0,0,0,0,0,0,0,0,0,0,0,0,0,0,0,0,0,0,0,0,0,0,0,0,0,0,0,0,0,0,0,0,0,0,0,0
SRR13228900,PRJNA683885,COPD_Stable,0,0,0,0,0,0,0,0,0,0,0,0,0,0,0,0,0,0,0,0,0,0,0,0,0,0,0,0,0,0,0,0,0,0,0,0,0,0,0,0,0,0,0,0,0,0,0,0,0,0,0,0,0,0,0,0,0,0,0,0,0,0,0,0,0,0,0,0,0,0,0,0,0,0,0,0,0,0,0,0,0,0,0,0,0,0,0,0,0,0,0,0,0,0,0,0,0,0,0,0,0,0,0,0,0,0,0,0,0,0,0,0,0,0,0,0,0,0,0,0,0,0,0,0,0,0,0,0,0,0,0,0,0,0,0,0,0,0,0,0,0,0,0,0,0,0,0,0,0,0,0,0,0,0,0,0,0,0,0,0,0,0,0,0,0,0,0,0,0,0,0,0,0,0,0,0,0,0,0,0,0,0,0,0,0,0,0,0,0,0,0,0,0,0,0,0,0,0,0,0,0,0,0,0,0,0,0,0,0,0,0,0,0,0,0,0,0,0,0,0,0,0,0,0,0,0,0,0,0,0,0,0,0,0,0,0,0,0,0,0,0,0,0,0,0,0,0,0,0,0,0,0,0,0,0,0,0,0,0,0,0,0,0,0,0,0,0,0,0,0,0,0
SRR13228901,PRJNA683885,COPD_Stable,0.050466687,0,0,0,0,0,0,0.001879884,0,0,0,0,0,0,0,0,0,0,0,0,0,0,0,0,0,0,0,0,0,0,0,0,0,0,0,0,0,0,0,0,0,0,0,0,0,0,0,0,0,0,0,0,0,0,0,0,0,0,0,0,0,0,0,0,0,0,0,0,0,0,0,0,0,0,0,0,0,0,0,0,0,0,0,0,0,0,0,0,0,0,0,0,0,0,0,0,0,0,0,0,0,0,0,0,0,0,0,0,0,0,0,0,0,0,0,0,0,0,0,0,0,0,0,0,0,0,0,0,0,0,0,0,0,0,0,0,0,0,0,0,0,0,0,0,0,0,0,0,0,0,0,0,0,0,0,0,0,0,0,0,0,0,0,0,0,0,0,0,0,0,0,0,0,0,0,0,0,0,0,0,0,0,0,0,0,0,0,0,0,0,0,0,0,0,0,0,0,0,0,0,0,0,0,0,0,0,0,0,0,0,0,0,0,0,0,0,0,0,0,0,0,0,0,0,0,0,0,0,0,0,0,0,0,0,0,0,0,0,0,0,0,0,0,0,0,0,0,0,0,0,0,0,0,0,0,0,0,0,0,0,0,0,0,0,0,0,0,0,0,0,0,0
SRR13228902,PRJNA683885,COPD_Exacerbation,0,0,0,0,0,0,0,0,0,0,0,0,0,0,0,0,0,0,0,0,0,0,0,0,0,0,0,0,0,0,0,0,0,0,0,0,0,0,0,0,0,0,0,0,0,0,0,0,0,0,0,0,0,0,0,0,0,0,0,0,0,0,0,0,0,0,0,0,0,0,0,0,0,0,0,0,0,0,0,0,0,0,0,0,0,0,0,0,0,0,0,0,0,0,0,0,0,0,0,0,0,0,0,0,0,0,0,0,0,0,0,0,0,0,0,0,0,0,0,0,0,0,0,0,0,0,0,0,0,0,0,0,0,0,0,0,0,0,0,0,0,0,0,0,0,0,0,0,0,0,0,0,0,0,0,0,0,0,0,0,0,0,0,0,0,0,0,0,0,0,0,0,0,0,0,0,0,0,0,0,0,0,0,0,0,0,0,0,0,0,0,0,0,0,0,0,0,0,0,0,0,0,0,0,0,0,0,0,0,0,0,0,0,0,0,0,0,0,0,0,0,0,0,0,0,0,0,0,0,0,0,0,0,0,0,0,0,0,0,0,0,0,0,0,0,0,0,0,0,0,0,0,0,0,0,0,0,0,0,0,0,0,0,0,0,0,0,0,0,0,0,0
SRR13228903,PRJNA683885,COPD_Stable,0.22826087,0,0,0,0,0,0,0,0,0,0,0,0,0,0,0,0,0,0,0,0,0,0,0,0,0,0,0,0,0,0,0,0,0,0,0,0,0,0,0,0,0,0,0,0,0,0,0,0,0,0,0,0,0,0,0,0,0,0,0,0,0,0,0,0,0,0,0,0,0,0,0,0,0,0,0,0,0,0,0,0,0,0,0,0,0,0,0,0,0,0,0,0,0,0,0,0,0,0,0,0,0,0,0,0,0,0,0,0,0,0,0,0,0,0,0,0,0,0,0,0,0,0,0,0,0,0,0,0,0,0,0,0,0,0,0,0,0,0,0,0,0,0,0,0,0,0,0,0,0,0,0,0,0,0,0,0,0,0,0,0,0,0,0,0,0,0,0,0,0,0,0,0,0,0,0,0,0,0,0,0,0,0,0,0,0,0,0,0,0,0,0,0,0,0,0,0,0,0,0,0,0,0,0,0,0,0,0,0,0,0,0,0,0,0,0,0,0,0,0,0,0,0,0,0,0,0,0,0,0,0,0,0,0,0,0,0,0,0,0,0,0,0,0,0,0,0,0,0,0,0,0,0,0,0,0,0,0,0,0,0,0,0,0,0,0,0,0,0,0,0,0
SRR13228904,PRJNA683885,COPD_Stable,0,0,0,0,0,0,0,0,0,0,0,0,0,0,0,0,0,0,0,0,0,0,0,0,0,0,0,0,0,0,0,0,0,0,0,0,0,0,0,0,0,0,0,0,0,0,0,0,0,0,0,0,0,0,0,0,0,0,0,0,0,0,0,0,0,0,0,0,0,0,0,0,0,0,0,0,0,0,0,0,0,0,0,0,0,0,0,0,0,0,0,0,0,0,0,0,0,0,0,0,0,0,0,0,0,0,0,0,0,0,0,0,0,0,0,0,0,0,0,0,0,0,0,0,0,0,0,0,0,0,0,0,0,0,0,0,0,0,0,0,0,0,0,0,0,0,0,0,0,0,0,0,0,0,0,0,0,0,0,0,0,0,0,0,0,0,0,0,0,0,0,0,0,0,0,0,0,0,0,0,0,0,0,0,0,0,0,0,0,0,0,0,0,0,0,0,0,0,0,0,0,0,0,0,0,0,0,0,0,0,0,0,0,0,0,0,0,0,0,0,0,0,0,0,0,0,0,0,0,0,0,0,0,0,0,0,0,0,0,0,0,0,0,0,0,0,0,0,0,0,0,0,0,0,0,0,0,0,0,0,0,0,0,0,0,0,0,0,0,0,0,0
SRR13228905,PRJNA683885,COPD_Stable,0,0,0,0,0,0,0,0,0,0,0,0,0,0,0,0,0,0,0,0,0,0,0,0,0,0,0,0,0,0,0,0,0,0,0,0,0,0,0,0,0,0,0,0,0,0,0,0,0,0,0,0,0,0,0,0,0,0,0,0,0,0,0,0,0,0,0,0,0,0,0,0,0,0,0,0,0,0,0,0,0,0,0,0,0,0,0,0,0,0,0,0,0,0,0,0,0,0,0,0,0,0,0,0,0,0,0,0,0,0,0,0,0,0,0,0,0,0,0,0,0,0,0,0,0,0,0,0,0,0,0,0,0,0,0,0,0,0,0,0,0,0,0,0,0,0,0,0,0,0,0,0,0,0,0,0,0,0,0,0,0,0,0,0,0,0,0,0,0,0,0,0,0,0,0,0,0,0,0,0,0,0,0,0,0,0,0,0,0,0,0,0,0,0,0,0,0,0,0,0,0,0,0,0,0,0,0,0,0,0,0,0,0,0,0,0,0,0,0,0,0,0,0,0,0,0,0,0,0,0,0,0,0,0,0,0,0,0,0,0,0,0,0,0,0,0,0,0,0,0,0,0,0,0,0,0,0,0,0,0,0,0,0,0,0,0,0,0,0,0,0,0
SRR13228907,PRJNA683885,COPD_Stable,0,0,0,0,0,0,0,0,0,0,0,0,0,0,0,0,0,0,0,0,0,0,0,0,0,0,0,0,0,0,0,0,0,0,0,0,0,0,0,0,0,0,0,0,0,0,0,0,0,0,0,0,0,0,0,0,0,0,0,0,0,0,0,0,0,0,0,0,0,0,0,0,0,0,0,0,0,0,0,0,0,0,0,0,0,0,0,0,0,0,0,0,0,0,0,0,0,0,0,0,0,0,0,0,0,0,0,0,0,0,0,0,0,0,0,0,0,0,0,0,0,0,0,0,0,0,0,0,0,0,0,0,0,0,0,0,0,0,0,0,0,0,0,0,0,0,0,0,0,0,0,0,0,0,0,0,0,0,0,0,0,0,0,0,0,0,0,0,0,0,0,0,0,0,0,0,0,0,0,0,0,0,0,0,0,0,0,0,0,0,0,0,0,0,0,0,0,0,0,0,0,0,0,0,0,0,0,0,0,0,0,0,0,0,0,0,0,0,0,0,0,0,0,0,0,0,0,0,0,0,0,0,0,0,0,0,0,0,0,0,0,0,0,0,0,0,0,0,0,0,0,0,0,0,0,0,0,0,0,0,0,0,0,0,0,0,0,0,0,0,0,0
SRR13228909,PRJNA683885,COPD_Exacerbation,0,0,0,0,0,0,0,0.003610108,0,0,0,0,0,0,0,0,0,0,0,0,0,0,0,0,0,0,0,0,0,0,0,0,0,0,0,0,0,0,0,0,0,0,0,0,0,0,0,0,0,0,0,0,0,0,0,0,0,0,0,0,0,0,0,0,0,0,0,0,0,0,0,0,0,0,0,0,0,0,0,0,0,0,0,0,0,0,0,0,0,0,0,0,0,0,0,0,0,0,0,0,0,0,0,0,0,0,0,0,0,0,0,0,0,0,0,0,0,0,0,0,0,0,0,0,0,0,0,0,0,0,0,0,0,0,0,0,0,0,0,0,0,0,0,0,0,0,0,0,0,0,0,0,0,0,0,0,0,0,0,0,0,0,0,0,0,0,0,0,0,0,0,0,0,0,0,0,0,0,0,0,0,0,0,0,0,0,0,0,0,0,0,0,0,0,0,0,0,0,0,0,0,0,0,0,0,0,0,0,0,0,0,0,0,0,0,0,0,0,0,0,0,0,0,0,0,0,0,0,0,0,0,0,0,0,0,0,0,0,0,0,0,0,0,0,0,0,0,0,0,0,0,0,0,0,0,0,0,0,0,0,0,0,0,0,0,0,0,0,0,0,0,0
SRR13228910,PRJNA683885,COPD_Exacerbation,0.221988785,0,0,0,0,0,0,0,0,0,0,0,0,0,0,0,0,0,0,0,0,0,0,0,0,0,0,0,0,0,0,0,0,0,0,0,0,0,0,0,0,0,0,0,0,0,0,0,0,0,0,0,0,0,0,0,0,0,0,0,0,0,0,0,0,0,0,0,0,0,0,0,0,0,0,0,0,0,0,0,0,0,0,0,0,0,0,0,0,0,0,0,0,0,0,0,0,0,0,0,0,0,0,0,0,0,0,0,0,0,0,0,0,0,0,0,0,0,0,0,0,0,0,0,0,0,0,0,0,0,0,0,0,0,0,0,0,0,0,0,0,0,0,0,0,0,0,0,0,0,0,0,0,0,0,0,0,0,0,0.012386215,0,0,0,0,0,0,0,0,0,0,0,0,0,0,0,0,0,0,0,0,0,0,0,0,0,0,0,0,0,0,0,0,0,0,0,0,0,0,0,0,0,0,0,0,0,0,0,0,0,0,0,0,0,0,0,0,0,0,0,0,0,0,0,0,0,0,0,0,0,0,0,0,0,0,0,0,0,0,0,0,0,0,0,0,0,0,0,0,0,0,0,0,0,0,0,0,0,0,0,0,0,0,0,0,0,0,0,0,0,0,0,0
SRR13228911,PRJNA683885,COPD_Stable,0.035777759,0,0,0,0,0,0,0.011123413,0,0,0,0,0,0,0,0,0,0,0,0,0,0,0,0,0,0,0,0,0,0,0,0,0,0,0,0,0,0,0,0,0,0,0,0,0,0,0,0,0,0,0,0,0,0,0,0,0,0,0,0,0,0,0,0,0,0,0,0,0,0,0,0,0,0,0,0,0,0,0,0,0,0,0,0,0,0,0,0,0,0,0,0,0,0,0,0,0,0,0,0,0,0,0,0,0,0,0,0,0,0,0,0,0,0,0,0,0,0,0,0,0,0,0,0,0,0,0,0,0,0,0,0,0,0,0,0,0,0,0,0,0,0,0,0,0,0,0,0,0,0,0,0,0,0,0,0,0,0,0,0,0,0,0,0,0,0,0,0,0,0,0,0,0,0,0,0,0,0,0,0,0,0,0,0,0,0,0,0,0,0,0,0,0,0,0,0,0,0,0,0,0,0,0,0,0,0,0,0,0,0,0,0,0,0,0,0,0,0,0,0,0,0,0,0,0,0,0,0,0,0,0,0,0,0,0,0,0,0,0,0,0,0,0,0,0,0,0,0,0,0,0,0,0,0,0,0,0,0,0,0,0,0,0,0,0,0,0,0,0,0,0,0
SRR13228912,PRJNA683885,COPD_Stable,0,0,0,0,0,0,0,0.060119884,0,0,0,0,0,0,0,0,0,0,0,0,0,0,0.011419774,0,0,0,0,0,0,0,0,0,0,0,0,0,0,0,0,0,0,0,0,0,0,0,0,0,0,0,0,0,0,0,0,0,0,0,0,0,0,0,0,0,0,0,0,0,0,0,0,0,0,0,0,0,0,0,0,0,0,0,0,0,0,0,0,0,0,0,0,0,0,0,0,0,0,0,0,0,0,0,0,0,0,0,0,0,0,0,0,0,0,0,0,0,0,0,0,0,0,0,0,0,0,0,0,0,0,0,0,0,0,0,0,0,0,0,0,0,0,0,0,0,0,0,0,0,0,0,0,0,0,0,0,0,0,0,0,0,0,0,0,0,0,0,0,0,0,0,0,0,0,0,0,0,0,0,0,0,0,0,0,0,0,0,0,0,0,0,0,0,0,0,0,0,0,0,0,0,0,0,0,0,0,0,0,0,0,0,0,0,0,0,0,0,0,0,0,0,0,0,0,0,0,0,0,0,0,0,0,0,0,0,0,0,0,0,0,0,0,0,0,0,0,0,0,0,0,0,0,0,0,0,0,0,0,0,0,0,0,0,0,0,0,0,0,0,0,0,0,0
SRR13228913,PRJNA683885,COPD_Stable,0.405140759,0,0,0,0,0,0,0,0,0,0,0,0,0,0,0,0,0,0,0,0,0,0,0,0,0,0,0,0,0,0,0,0,0,0,0,0,0,0,0,0,0,0,0,0,0,0,0,0,0,0,0,0,0,0,0,0,0,0,0,0,0,0,0,0,0,0,0,0,0,0,0,0,0,0,0,0,0,0,0,0,0,0,0,0,0,0,0,0,0,0,0,0,0,0,0,0,0,0,0,0,0,0,0,0,0,0,0,0,0,0,0,0,0,0,0,0,0,0,0,0,0,0,0,0,0,0,0,0,0,0,0,0,0,0,0,0,0,0,0,0,0,0,0,0,0,0,0,0,0,0,0,0,0,0,0,0,0,0,0,0,0,0,0,0,0,0,0,0,0,0,0,0,0,0,0,0,0,0,0,0,0,0,0,0,0,0,0,0,0,0,0,0,0,0,0,0,0,0,0,0,0,0,0,0,0,0,0,0,0,0,0,0,0,0,0,0,0,0,0,0,0,0,0,0,0,0,0,0,0,0,0,0,0,0,0,0,0,0,0,0,0,0,0,0,0,0,0,0,0,0,0,0,0,0,0,0,0,0,0,0,0,0,0,0,0,0,0,0,0,0,0
SRR13228914,PRJNA683885,COPD_Stable,0,0.022855359,0,0,0,0,0,0.008472266,0,0,0,0,0,0,0,0,0,0,0,0,0,0,0.015552855,0,0,0,0,0,0,0,0,0,0,0,0,0,0,0,0,0,0,0,0,0,0,0,0,0,0,0,0,0,0,0,0,0,0,0,0,0,0,0,0,0,0,0,0,0,0,0,0,0,0,0,0,0,0,0,0,0,0,0,0,0,0,0,0,0,0,0,0,0,0,0,0,0,0,0,0,0,0,0,0,0,0,0,0,0,0,0,0,0,0,0,0,0,0,0,0,0,0,0,0,0,0,0,0,0,0,0,0,0,0,0,0,0,0,0,0,0,0,0,0,0,0,0,0,0,0,0,0,0,0,0,0,0,0,0,0,0.008307159,0,0,0,0,0,0,0,0,0,0,0,0,0,0,0,0,0,0,0,0,0,0,0,0,0,0,0,0,0,0,0,0,0,0,0,0,0,0,0,0,0,0,0,0,0,0,0,0,0,0,0,0,0,0,0,0,0,0,0,0,0,0,0,0,0,0,0,0,0,0,0,0,0,0,0,0,0,0,0,0,0,0,0,0,0,0,0,0,0,0,0,0,0,0,0,0,0,0,0,0,0,0,0,0,0,0,0,0,0,0,0,0
SRR13228915,PRJNA683885,COPD_Stable,0.006865635,0,0,0,0,0,0,0.003896138,0,0,0,0,0,0,0,0,0,0,0,0,0,0,0,0,0,0,0,0,0,0,0,0,0,0,0,0,0,0,0,0,0,0,0,0,0,0,0,0,0,0,0,0,0,0,0,0,0,0,0,0,0,0,0,0,0,0,0,0,0,0,0,0,0,0,0,0,0,0,0,0,0,0,0,0,0,0,0,0,0,0,0,0,0,0,0,0,0,0,0,0,0,0,0,0,0,0,0,0,0,0,0,0,0,0,0,0,0,0,0,0,0,0,0,0,0,0,0,0,0,0,0,0,0,0,0,0,0,0,0,0,0,0,0,0,0,0,0,0,0,0,0,0,0,0,0,0,0,0,0,0.030046913,0,0,0,0,0,0,0,0,0,0,0,0,0,0,0,0,0,0,0,0,0,0,0,0,0,0,0,0,0,0,0,0,0,0,0,0,0,0,0,0,0,0,0,0,0,0,0,0,0,0,0,0,0,0,0,0,0,0,0,0,0,0,0,0,0,0,0,0,0,0,0,0,0,0,0,0,0,0,0,0,0,0,0,0,0,0,0,0,0,0,0,0,0,0,0,0,0,0,0,0,0,0,0,0,0,0,0,0,0,0,0,0
SRR13228916,PRJNA683885,COPD_Stable,0.091405692,0,0,0,0,0,0,0.013557793,0,0,0,0,0,0,0,0,0,0,0,0,0,0,0.001214825,0,0,0,0,0,0,0,0,0,0,0,0,0,0,0,0,0,0,0,0,0,0,0,0,0,0,0,0,0,0,0,0,0,0,0,0,0,0,0,0,0,0,0,0,0,0,0,0,0,0,0,0,0,0,0,0,0,0,0,0,0,0,0,0,0,0,0,0,0,0,0,0,0,0,0,0,0,0,0,0,0,0,0,0,0,0,0,0,0,0,0,0,0,0,0,0,0,0,0,0,0,0,0,0,0,0,0,0,0,0,0,0,0,0,0,0,0,0,0,0,0,0,0,0,0,0,0,0,0,0,0,0,0,0,0,0,0.002869024,0,0,0,0,0,0,0,0,0,0,0,0,0,0,0,0,0,0,0,0,0,0,0,0,0,0,0,0,0,0,0,0,0,0,0,0,0,0,0,0,0,0,0,0,0,0,0,0,0,0,0,0,0,0,0,0,0,0,0,0,0,0,0,0,0,0,0,0,0,0,0,0,0,0,0,0,0,0,0,0,0,0,0,0,0,0,0,0,0,0,0,0,0,0,0,0,0,0,0,0,0,0,0,0,0,0,0,0,0,0,0,0
SRR13228917,PRJNA683885,COPD_Stable,0.119702503,0,0,0,0,0,0,0.007643341,0,0,0,0,0,0,0,0,0,0,0,0,0,0,0,0,0,0,0,0,0,0,0,0,0,0,0,0,0,0,0,0,0,0,0,0,0,0,0,0,0,0,0,0,0,0,0,0,0,0,0,0,0,0,0,0,0,0,0,0,0,0,0,0,0,0,0,0,0,0,0,0,0,0,0,0,0,0,0,0,0,0,0,0,0,0,0,0,0,0,0,0,0,0,0,0,0,0,0,0,0,0,0,0,0,0,0,0,0,0,0,0,0,0,0,0,0,0,0,0,0,0,0,0,0,0,0,0,0,0,0,0,0,0,0,0,0,0,0,0,0,0,0,0,0,0,0,0,0,0,0,0,0,0,0,0,0,0,0,0,0,0,0,0,0,0,0,0,0,0,0,0,0,0,0,0,0,0,0,0,0,0,0,0,0,0,0,0,0,0,0,0,0,0,0,0,0,0,0,0,0,0,0,0,0,0,0,0,0,0,0,0,0,0,0,0,0,0,0,0,0,0,0,0,0,0,0,0,0,0,0,0,0,0,0,0,0,0,0,0,0,0,0,0,0,0,0,0,0,0,0,0,0,0,0,0,0,0,0,0,0,0,0,0
SRR13228918,PRJNA683885,COPD_Exacerbation,0.029338058,0,0,0,0,0,0,0.003437605,0,0,0,0,0,0,0,0,0,0,0,0,0,0,0,0,0,0,0,0,0,0,0,0,0,0,0,0,0,0,0,0,0,0,0,0,0,0,0,0,0,0,0,0,0,0,0,0,0,0,0,0,0,0,0,0,0,0,0,0,0,0,0,0,0,0,0,0,0,0,0,0,0,0,0,0,0,0,0,0,0,0,0,0,0,0,0,0,0,0,0,0,0,0,0,0,0,0,0,0,0,0,0,0,0,0,0,0,0,0,0,0,0,0,0,0,0,0,0,0,0,0,0,0,0,0,0,0,0,0,0,0,0,0,0,0,0,0,0,0,0,0,0,0,0,0,0,0,0,0,0,0.001610954,0,0,0,0,0,0,0,0,0,0,0,0,0,0,0,0,0,0,0,0,0,0,0,0,0,0,0,0,0,0,0,0,0,0,0,0,0,0,0,0,0,0,0,0,0,0,0,0,0,0,0,0,0,0,0,0,0,0,0,0,0,0,0,0,0,0,0,0,0,0,0,0,0,0,0,0,0,0,0,0,0,0,0,0,0,0,0,0,0,0,0,0,0,0,0,0,0,0,0,0,0,0,0,0,0,0,0,0,0,0,0,0
SRR13228919,PRJNA683885,COPD_Stable,0,0,0,0,0,0,0,0.2494696,0,0,0,0,0,0,0,0,0,0,0,0,0,0,0,0,0,0,0,0,0.046229324,0,0,0,0,0,0,0,0,0,0,0,0,0,0,0,0,0,0,0,0,0,0,0,0,0,0,0,0,0,0,0,0,0,0,0,0,0,0,0,0,0,0,0,0,0,0,0,0,0,0,0,0,0,0,0,0,0,0,0,0,0,0,0,0,0,0,0,0,0,0,0,0,0,0,0,0,0,0,0,0,0,0,0,0,0,0,0,0,0,0,0,0,0,0,0,0,0,0,0,0,0,0,0,0,0,0,0,0,0,0,0,0,0,0,0,0,0,0,0,0,0,0,0,0,0,0,0,0,0,0,0,0,0,0,0,0,0,0,0,0,0,0,0,0,0,0,0,0,0,0,0,0,0,0,0,0,0,0,0,0,0,0,0,0,0,0,0,0,0,0,0,0,0,0,0,0,0,0,0,0,0,0,0,0,0,0,0,0,0,0,0,0,0,0,0,0,0,0,0,0,0,0,0,0,0,0,0,0,0,0,0,0,0,0,0,0,0,0,0,0,0,0,0,0,0,0,0,0,0,0,0,0,0,0,0,0,0,0,0,0,0,0,0
SRR13228920,PRJNA683885,COPD_Stable,0.413461538,0,0,0,0,0,0,0,0,0,0,0,0,0,0,0,0,0,0,0,0,0,0,0,0,0,0,0,0,0,0,0,0,0,0,0,0,0,0,0,0,0,0,0,0,0,0,0,0,0,0,0,0,0,0,0,0,0,0,0,0,0,0,0,0,0,0,0,0,0,0,0,0,0,0,0,0,0,0,0,0,0,0,0,0,0,0,0,0,0,0,0,0,0,0,0,0,0,0,0,0,0,0,0,0,0,0,0,0,0,0,0,0,0,0,0,0,0,0,0,0,0,0,0,0,0,0,0,0,0,0,0,0,0,0,0,0,0,0,0,0,0,0,0,0,0,0,0,0,0,0,0,0,0,0,0,0,0,0,0,0,0,0,0,0,0,0,0,0,0,0,0,0,0,0,0,0,0,0,0,0,0,0,0,0,0,0,0,0,0,0,0,0,0,0,0,0,0,0,0,0,0,0,0,0,0,0,0,0,0,0,0,0,0,0,0,0,0,0,0,0,0,0,0,0,0,0,0,0,0,0,0,0,0,0,0,0,0,0,0,0,0,0,0,0,0,0,0,0,0,0,0,0,0,0,0,0,0,0,0,0,0,0,0,0,0,0,0,0,0,0,0
SRR13245364,PRJNA683885,COPD_Exacerbation,0,0,0,0,0,0,0,0,0,0,0,0,0,0,0,0,0,0,0,0,0,0,0,0,0,0,0,0,0,0,0,0,0,0,0,0,0,0,0,0,0,0,0,0,0,0,0,0,0,0,0,0,0,0,0,0,0,0,0,0,0,0,0,0,0,0,0,0,0,0,0,0,0,0,0,0,0,0,0,0,0,0,0,0,0,0,0,0,0,0,0,0,0,0,0,0,0,0,0,0,0,0,0,0,0,0,0,0,0,0,0,0,0,0,0,0,0,0,0,0,0,0,0,0,0,0,0,0,0,0,0,0,0,0,0,0,0,0,0,0,0,0,0,0,0,0,0,0,0,0,0,0,0,0,0,0,0,0,0,0,0,0,0,0,0,0,0,0,0,0,0,0,0,0,0,0,0,0,0,0,0,0,0,0,0,0,0,0,0,0,0,0,0,0,0,0,0,0,0,0,0,0,0,0,0,0,0,0,0,0,0,0,0,0,0,0,0,0,0,0,0,0,0,0,0,0,0,0,0,0,0,0,0,0,0,0,0,0,0,0,0,0,0,0,0,0,0,0,0,0,0,0,0,0,0,0,0,0,0,0,0,0,0,0,0,0,0,0,0,0,0,0
SRR13245365,PRJNA683885,COPD_Stable,0,0,0,0,0,0,0,0,0,0,0,0,0,0,0,0,0,0,0,0,0,0,0,0,0,0,0,0,0,0,0,0,0,0,0,0,0,0,0,0,0,0,0,0,0,0,0,0,0,0,0,0,0,0,0,0,0,0,0,0,0,0,0,0,0,0,0,0,0,0,0,0,0,0,0,0,0,0,0,0,0,0,0,0,0,0,0,0,0,0,0,0,0,0,0,0,0,0,0,0,0,0,0,0,0,0,0,0,0,0,0,0,0,0,0,0,0,0,0,0,0,0,0,0,0,0,0,0,0,0,0,0,0,0,0,0,0,0,0,0,0,0,0,0,0,0,0,0,0,0,0,0,0,0,0,0,0,0,0,0,0,0,0,0,0,0,0,0,0,0,0,0,0,0,0,0,0,0,0,0,0,0,0,0,0,0,0,0,0,0,0,0,0,0,0,0,0,0,0,0,0,0,0,0,0,0,0,0,0,0,0,0,0,0,0,0,0,0,0,0,0,0,0,0,0,0,0,0,0,0,0,0,0,0,0,0,0,0,0,0,0,0,0,0,0,0,0,0,0,0,0,0,0,0,0,0,0,0,0,0,0,0,0,0,0,0,0,0,0,0,0,0
SRR13245366,PRJNA683885,COPD_Exacerbation,0,0,0,0,0,0,0,0,0,0,0,0,0,0,0,0,0,0,0,0,0,0,0,0,0,0,0,0,0,0,0,0,0,0,0,0,0,0,0,0,0,0,0,0,0,0,0,0,0,0,0,0,0,0,0,0,0,0,0,0,0,0,0,0,0,0,0,0,0,0,0,0,0,0,0,0,0,0,0,0,0,0,0,0,0,0,0,0,0,0,0,0,0,0,0,0,0,0,0,0,0,0,0,0,0,0,0,0,0,0,0,0,0,0,0,0,0,0,0,0,0,0,0,0,0,0,0,0,0,0,0,0,0,0,0,0,0,0,0,0,0,0,0,0,0,0,0,0,0,0,0,0,0,0,0,0,0,0,0,0,0,0,0,0,0,0,0,0,0,0,0,0,0,0,0,0,0,0,0,0,0,0,0,0,0,0,0,0,0,0,0,0,0,0,0,0,0,0,0,0,0,0,0,0,0,0,0,0,0,0,0,0,0,0,0,0,0,0,0,0,0,0,0,0,0,0,0,0,0,0,0,0,0,0,0,0,0,0,0,0,0,0,0,0,0,0,0,0,0,0,0,0,0,0,0,0,0,0,0,0,0,0,0,0,0,0,0,0,0,0,0,0
SRR13245367,PRJNA683885,COPD_Exacerbation,0,0,0,0,0,0,0,0,0,0,0,0,0,0,0,0,0,0,0,0,0,0,0,0,0,0,0,0,0,0,0,0,0,0,0,0,0,0,0,0,0,0,0,0,0,0,0,0,0,0,0,0,0,0,0,0,0,0,0,0,0,0,0,0,0,0,0,0,0,0,0,0,0,0,0,0,0,0,0,0,0,0,0,0,0,0,0,0,0,0,0,0,0,0,0,0,0,0,0,0,0,0,0,0,0,0,0,0,0,0,0,0,0,0,0,0,0,0,0,0,0,0,0,0,0,0,0,0,0,0,0,0,0,0,0,0,0,0,0,0,0,0,0,0,0,0,0,0,0,0,0,0,0,0,0,0,0,0,0,0,0,0,0,0,0,0,0,0,0,0,0,0,0,0,0,0,0,0,0,0,0,0,0,0,0,0,0,0,0,0,0,0,0,0,0,0,0,0,0,0,0,0,0,0,0,0,0,0,0,0,0,0,0,0,0,0,0,0,0,0,0,0,0,0,0,0,0,0,0,0,0,0,0,0,0,0,0,0,0,0,0,0,0,0,0,0,0,0,0,0,0,0,0,0,0,0,0,0,0,0,0,0,0,0,0,0,0,0,0,0,0,0
SRR13245368,PRJNA683885,COPD_Stable,0,0,0,0,0,0,0,0,0,0,0,0,0,0,0,0,0,0,0,0,0,0,0,0,0,0,0,0,0,0,0,0,0,0,0,0,0,0,0,0,0,0,0,0,0,0,0,0,0,0,0,0,0,0,0,0,0,0,0,0,0,0,0,0,0,0,0,0,0,0,0,0,0,0,0,0,0,0,0,0,0,0,0,0,0,0,0,0,0,0,0,0,0,0,0,0,0,0,0,0,0,0,0,0,0,0,0,0,0,0,0,0,0,0,0,0,0,0,0,0,0,0,0,0,0,0,0,0,0,0,0,0,0,0,0,0,0,0,0,0,0,0,0,0,0,0,0,0,0,0,0,0,0,0,0,0,0,0,0,0,0,0,0,0,0,0,0,0,0,0,0,0,0,0,0,0,0,0,0,0,0,0,0,0,0,0,0,0,0,0,0,0,0,0,0,0,0,0,0,0,0,0,0,0,0,0,0,0,0,0,0,0,0,0,0,0,0,0,0,0,0,0,0,0,0,0,0,0,0,0,0,0,0,0,0,0,0,0,0,0,0,0,0,0,0,0,0,0,0,0,0,0,0,0,0,0,0,0,0,0,0,0,0,0,0,0,0,0,0,0,0,0
SRR13245369,PRJNA683885,COPD_Stable,0,0,0,0,0,0,0,0,0,0,0,0,0,0,0,0,0,0,0,0,0,0,0,0,0,0,0,0,0,0,0,0,0,0,0,0,0,0,0,0,0,0,0,0,0,0,0,0,0,0,0,0,0,0,0,0,0,0,0,0,0,0,0,0,0,0,0,0,0,0,0,0,0,0,0,0,0,0,0,0,0,0,0,0,0,0,0,0,0,0,0,0,0,0,0,0,0,0,0,0,0,0,0,0,0,0,0,0,0,0,0,0,0,0,0,0,0,0,0,0,0,0,0,0,0,0,0,0,0,0,0,0,0,0,0,0,0,0,0,0,0,0,0,0,0,0,0,0,0,0,0,0,0,0,0,0,0,0,0,0,0,0,0,0,0,0,0,0,0,0,0,0,0,0,0,0,0,0,0,0,0,0,0,0,0,0,0,0,0,0,0,0,0,0,0,0,0,0,0,0,0,0,0,0,0,0,0,0,0,0,0,0,0,0,0,0,0,0,0,0,0,0,0,0,0,0,0,0,0,0,0,0,0,0,0,0,0,0,0,0,0,0,0,0,0,0,0,0,0,0,0,0,0,0,0,0,0,0,0,0,0,0,0,0,0,0,0,0,0,0,0,0
SRR17478060,PRJNA795297,COPD_Exacerbation,0.139987147,0.0046738,0,0.001898263,0.247925513,0,0.174010573,0.053445547,0,0.002298614,0.001047213,0.005599388,9.30E-05,0,0.000982165,0.001058872,0,0.06233727,0.000130126,0.045791086,0.000241191,0.000815409,0.002885821,0.001027702,0.056482188,0.000465949,0.00058504,0.004310353,0.001697448,8.43E-05,0.000861998,0,7.99E-05,0,0.002580254,0,0,0.000314371,0.000371888,0.000434706,0,0,0.005318745,0,0,0,0,0,0.002053144,0,0.000658535,0,0.00133665,0.00483544,0,0.000257916,0,0.026410538,0,5.50E-05,0.000551591,0,0,0.000181165,0,0.002277468,0,0.000216018,0,0.000945695,0,0,0,0,0,0,0,0.001274915,0.000179285,0,0.000789606,0.000139228,0,0,0,0.00064856,0,0,0,0,0,0,0,0.000131393,0,0,0,0,0,0,0,0,0,0,0,0,0,0,0,0,0,0,0,0,0,0,5.30E-05,0,0,0,0,0,0.000233259,0,0,0,0,0,0,0,0,0,0,0,0,0,0,0,0,0,0,0,0,0,0,0,0,0,0,0,0,0,0,0,0,0,0,0,0,0,0,0,0,0,0,0,0,0,0,0,0,0,0,0,0,0,0,0.000358633,0,6.87E-05,0,0,0,0,5.30E-05,0,0,0.000773935,0,0,0,5.30E-05,0,0,0,0.0001549,0,0,0,0,6.09E-05,0,0,0,0,0,0,0.000280274,0,0,0,0,0,0,0,0,0,0,0,0,0,0,0.00616502,0,0,0,0,0,0,0,0,0,0,0,0.00264671,0.000217587,0,0,0,0.000436992,0,0,0,0,0,0,0,0,0,0,0,0,0,0,0,0,0,0,0,0,0,0,0,0,0,0,0,0,0,0,0,0
SRR17478061,PRJNA795297,COPD_Exacerbation,0.145506078,0.010054724,0,0.130946203,0.014934559,0,0.287620772,0.047988111,0,0.006518635,0.001295166,0.003244156,0.000297679,0,0,0.001091967,0.001066617,0.004301295,0.00076462,0.006464463,0.001401392,0.000645536,0.006037174,0.006234973,0.022622839,0.000644568,0.001192229,0.007625074,0.002389274,0.00128423,0.00170564,0.002044772,0.000124914,0,0.002600134,0,0,0.000378586,0.001291944,0.000465336,0,0,0.007913644,0,0,0,0,0,0,0,0,0,0,0.008182935,0,0.000790145,0,0.001585765,0,0,0.000618562,0,0,0.000159323,0,0.001133934,0,0.000442302,0,0.002233231,0,0,0,0,0,0,0,7.13E-05,0.000217376,0,0.00129179,0,0,0,0,0.001242921,0,0,0,0,0,0,0,0.000281815,0,0,0,0,0,0,0.000110771,0,0,0,0,0,0,0,0,0,0,0,0,0,0,0,0.000355119,0,0,0,0,0,0.000346975,0,0,0,0,0,0,0,0,0,0,0,0,0,0,0,0,0,0,0,0,0,0,0,0,0,0,0,0,0,0,0,0,0,0,0,0,0,0,0,0,0,0,0,0,0,0,0,0,0,0,0,0,0,0,0.000770513,0,0.000216656,0,0,0,0,0,0,0,0.000428424,0,0,0,0.00030625,0,0,0,6.19E-05,0,0,0,0,7.00E-05,0,0,0,0,0,0,0.000314395,0,0,0,0,0,8.63E-05,0,0,0,0,0,0,0,0,0.001120746,0,0,0,0,0,0,0,0,0,0,0,0.002660144,6.19E-05,0,0,0,4.56E-05,0,0,0,0,0,0,0,0,0,0,0,0,0,0,0,0,0,0,0,0,0,0,0,0,0,0,0,0,0,0,0,0
SRR17478072,PRJNA795297,COPD_Exacerbation,0.169664352,0.010230903,0.015403289,0,0.059160776,0,0.329835644,0.113899492,0,0.002037041,0.003618087,0.00119418,0.003470598,0,0,0.005148769,0.004477821,0.003667181,0.003722879,0.0021104,4.70E-05,0.000517234,0.033509268,0.018029418,0.003957083,0.00349193,0.001219442,0.001090494,0.001659398,0.000202997,0,0.003173638,0.014080347,0,0,0,0,0.000312816,0.001762197,0.000702019,0,0,0.002078847,0,0.000175284,0,0,0,0,0,0.000275736,0,0,0,0,0.00044743,0,0.003321153,0,0,0.000308235,0,0,0.000385096,0,4.99E-05,0,0.000697625,0,0.000670844,0,0,0,0,0,0,0,0,0,0,0.0020272,2.04E-05,0,0,0,7.20E-05,0,0,0,0,0,0,0,0.000175284,0,0,0,0,0,0,0,0,0,0,0,0,0,0,0,0,0,0,0,0,0,0,0.0002712,0,0,0,0,0,0,0,0,0,0,0,0,0,0,0,0,0,0,0,0,0,0,0,0,0,0,0,0,0,0,0,0,0,0,0,0,0,0,0,0,0,0,0,0,0,0,0,0,0,0,0,0,0,0,0,0,0,0,0,0,0,0,0,0.000101503,0,0,0,0.000367116,0,0,0.000145771,0.002012444,0,0,0,0,0,0,0,0,0,0,0,0,0,0,0,0,0,0,0,0,0,0,0,0,0,0,0,0,0,0,0,0,0,0,0,0,0,0,0,0,0,0,0,0,0,0,4.99E-05,0,0,0,0,0,0,0,0,0,0,0,0,0,0,0,0,0,0,0,0,0,0,0,0,0,0,0,0,0,0,0,0,0,0,0,0
SRR17478083,PRJNA795297,COPD_Exacerbation,0.288798377,0.011332136,0.00020591,0,0.01397683,0.011493933,0.120819354,0.023891256,0,0.011081445,0.028463882,0.01049409,0.010443172,0,0.000599595,0.00126902,0.003383498,0.162640045,0.001009173,0.010795409,0.000734456,0.002501559,0.049266796,0.003988578,0.003671349,0.003087677,8.65E-05,0.005869948,0.006641664,0.01190598,0,0.005210021,0.000907029,0,0,0,0,0.000571873,0.001168164,0.002806898,0,0,0.00091613,0,0,0,0,0,0,0,0.008896772,0,0.008268792,0.000281866,0,0.010804824,0,0.00044212,0,0,0.001168212,0,0,0.005924109,0,0.00232748,0,0.005828467,0,0.003948542,0,0,0,0,0,0,0,0.000137285,0.00052115,0,0.004229551,0.00494986,0,0,0,0.001393335,0,0,0,0,0,0,0,0.00049295,0,0,0,0,0.000303868,0,0,0,0,0,0,0,0,0,0.003122076,0,0,0,0,0,0,0,2.47E-05,0.000510957,0,0,0,0.000249845,0.001798509,0,0,0,0.000510957,0,0,0,0,0,0,0,0,0.000357891,0.000456934,0,0,0,0,0,0,0,0,0,0,0,0,0,0,0,0,0,0,0,0,0,0,0,0,0,0,0,0,0,0,0,0,0,0,0,0,0,0,0,0,0,0,0,0.004508671,0,0,0,0.005652161,0,0,0.001105212,0,5.18E-05,0,9.68E-05,0,0,6.98E-05,0.000510957,0,0,6.08E-05,0,6.98E-05,0.000510957,0.000745058,0,0,0,0,0,0,0,0.000123791,0,0,0,0,0,0,0,0,0,0.00049295,0,0,0,0,0,0,0,0,0.000312872,0,0.000186818,0,0.000429923,0,0,0,6.98E-05,0,0.000114788,0,0,0,0,0,0,0,0,0,0,0,0,0,0,0,0,0,0,0,0,0,0,0,0,0,0,0,0,0,0,0,0
SRR17478094,PRJNA795297,COPD_Exacerbation,0.279568221,0.015119755,9.93E-05,0,0.00511405,0,0.145702366,0.242616638,0,0.005656949,0.012101836,0.011519131,0.003857722,0,0.008111865,0.003750806,0.001268921,0.094986872,0,0.008174905,0,0.002533725,0.015420733,0.006658675,0.000221817,0.000771642,7.30E-05,0.000980674,0.004989853,0.000735238,0,0.007120987,0.000602161,0,0,0.00236796,0,0.001873153,0.00114159,0.00177737,0,0,0.004913441,0,0,0,0,0,0.000873496,0,0,0,0.000111432,0.000236651,0,0.003843794,0,0,0,0,0.000553766,0,0,0.002408157,0,0.001099234,0,0.007088986,0,0.001665453,0,0,0,0,0,0,0,0.000775788,0,0,0.007922261,0.001796461,0,0,0,0.000390379,0,0,0,0,0,0,0,0.002740405,0,0,0,0,0.002268433,0,0,0,0,0,0,0,0,0,8.55E-05,0,0,0,0,0,0,0,0,0.001511311,0,0,0,0.000577201,0,0,0,0,4.62E-05,0,0,0,0,0,0,0,0,0.000174058,0.000301884,0,0,0,0,0,0,0,0,0,0,0,0,0,0,0,0,0.00620153,0,0,0,0,0,0,0,0,0,0.000292051,0,0,0,0,0,0,0,0,0,0,0,0,0,0,0,0,0,0,0,0,0.000272386,0,0,0.00042971,0,8.55E-05,0,0.000734525,0,0,0,5.61E-05,0,0,0.000154392,0,0,0,0,0,0.000488706,0,0,0,0,0.000360881,0.001167165,0,4.62E-05,0,0,0,0,0,0.000292051,0,0,0,0,0,0,0,0,0,0,0.001226161,0,0,0,0,0,0.000233055,0,0,0,0,0,0,0,0,0,0,0,0,0,0,0,0,0,0,0,0,0,0,0,0,0,0,0,0,0,0,0,0,0,0,0,0
SRR17478097,PRJNA795297,COPD_Exacerbation,0.216607119,0.022283384,0,0.013902614,0,0,0.099321282,0.019092303,0,0.022648241,0.000379666,0.007048867,0.000479764,0,0.005011937,0.000680688,0,0.004409256,0,0.011018151,0,0.000283327,0.002836209,0.005568955,0,0.002642962,0,0.005149677,0.002161234,0.038333953,0.006732735,0.007761461,7.99E-05,0.001179712,0.004135956,0.011275435,0,0.000485118,0,0,0,0,0.001898296,0.004996634,0,0,0,0,0,0,0,0,0,0.005146279,0,0.00014136,0,0,0,0.026330673,0,0,0,0.000465537,0,0.000189317,0,0,0,0.001080503,0,0,0,0,0,0,0,0,0.001107492,0,0.002551309,0.012943941,0,0,0,0,0,0,0.005249458,0,0,0,0,0,0,0,0,0,0.01354138,0,0,0,0,0,0,0,0,0,0.009817816,0,0,0,0,0,0,0.000800678,0.026018097,0.01479183,0,0,0,0.002551309,0.00202334,0,0,0,0.000884041,0,0,0,0,0,0,0,0,0,0.005427345,0,0,0.002676354,0,0,0,0,0,0,0,0,0,0,0,0,0.009539938,0.024003482,0,0,0,0,0,0,0,0,0,0.002106704,0,0.002773611,0,0,0,0,0,0,0,0,0,0,0,0.001467585,0,0.004510347,0,0.000286604,0,0.002217855,0.001148025,0.004010168,0.011665704,9.21E-05,0.001689887,0.005232831,0.008609046,0.002398475,0.005538496,0.00391291,0.003384943,0.001787144,0,0.006274873,0.003051488,0.001245282,0.003120958,0.001050768,0.001356433,0.006288767,0.000119876,0.0023429,0,0.001120238,0,0.003079276,0.000786784,0.0023429,0.001036874,0,0.009178697,0.001828826,0.001578735,0,0.000467225,0,0.000495013,0.000286604,0,0.002440157,0.000536693,0,0.001050768,0,0.003371049,6.43E-05,0.000814572,0.000397755,0,0,0,0,0,0,0,5.04E-05,0,0,0,0,0,0,0,0,0,0,0,0,0,0,0,0,0,0,0,0,0,0,0,0,0,0,0,0,0,0,0,0
SRR17478098,PRJNA795297,COPD_Exacerbation,0.098992021,0.00906794,0,0.038843413,0,0,0.101163767,0.036146747,0,0.097489868,0.001943594,0.007463067,0,0,0.007425278,0.000253464,0,0.007171081,0,0.004053832,0,0.000177028,0.000617861,0.003257967,0,0.000650758,0,0.008965533,0.001424602,0.005664785,0.004346126,0.000936969,0,0.000786702,0.003251523,0.011397155,0,0,0,6.90E-05,0,0,0.002216386,0.000511481,0,0,0,0,0,0,0,0,0,0.004936653,0,0,0,0,0,0.011595504,0,0,0,0,0,0,0,0,0,0.000763581,0,0,0,0,0,0,0,0,0,0,0.000330658,0.039672623,0,0,0,0,0,0,0.002486869,0,0,0,0,0,0,0,0,0,0.035474942,0,0,0,0,0,0,0,0,0,0.027893283,0,0,0,0,0,0,0.00083438,0.022662325,0.034661237,0,0,0,0.011606277,4.65E-05,0,0,0,0.000563145,0,0,0,0,0,0,0,0,0.000124003,0.011696689,0,0,0.002668444,0,0,0,0,0,0,0,0,0,0,0,0,0.011231715,0.039982607,0,0,0,0,0,0,0,0,0,0.005626195,0,0.00042107,0,0,0,0,0,0,0,0,0,0,0,0.000459818,0,0.000989371,0,0.002242218,0,0.002771771,0.000136919,0.005949093,0.00124769,0,0.001454345,0.008131888,0.001234774,0.007499007,0.005910346,0.003133417,0.00672405,0,0,0.007821906,0.003830879,0.000124003,0.002694276,0.003533812,0.001480177,0.000136919,0,0.00446376,0,0.00048565,0,0.004024618,0.000886044,0.002397209,0.002216386,0,0.000162751,0.00322383,0.001389765,0,0.002642612,0,0.000640641,0,0,0.001363933,0.002151806,0,0.00089896,0,0.001273522,0.000395238,0.000989371,0.000588977,0,0,0,0,0,0,0,0,0,0,0,0,0,0,0,0,0,0,0,0,0,0,0,0,0,0,0,0,0,0,0,0,0,0,0,0,0,0,0,0
SRR17478099,PRJNA795297,COPD_Exacerbation,0.457345292,0.00299911,0.018521833,0,0.025502547,0.001716066,0.096818512,0.025656904,0,0.046985199,0.002629401,0.002082,0.006552068,0,0,0.000746589,0.001580334,0.001327217,0.001415039,0.031136001,0,0.01657772,0.010273122,0.003849715,0.004035211,0.042226742,0.005279209,0.095281892,0.000410318,0.000274955,0.000299604,0.006393411,0.000757705,0.00134148,0,0,0,0.000213089,0.00066292,0.000495851,0,0,0.00082482,0,0,0,0,0,0,0,0.000525368,0,0,0.000337043,0,0.000773899,0,0.000538794,0,0,0.000624995,0,0,0.000793952,0,0.000147947,0,0.000737175,0,0.000234642,0,0,0,0,0,0,0,0.000155149,0,0,0.001573123,0,0,0,0,7.65E-05,0,0,0,0,0,0,0,0.000212571,0,0,0,0,0,0,0.000246586,0,0,0,0,0,0,0,8.79E-05,0,0,0,0,0,0,0,0.000121869,0,0,0,0,0,0,0,0,0,0,0,0,0,0,0,0,0,0,0,0,0,0,0,0,0,0,0,0,0,0,0,0,0,0,0,0,0.000178558,0,0,0,0,0,0,0,0,0,0,0.006595828,0.000462006,0,0,0,0,0,0,0,0,0,0,0,0,0,0,0,0,0,0,0.000643414,0,0,0.001176297,8.79E-05,0,0,0,0,0,0,0,0.003319165,0,0,0,0,0,0,0,0,0,0,0,0.000133206,0,0,0,0,0,0,0,0.000178558,0,0,0.001947275,0,0,0,0,0,0,0,0.001527772,0,0,0,0,0,0,0,0.000133206,0.001244324,0,0.000405317,0,0,0,0,0,0,0,0,0,0,0,0,0,0,0,0,0,0,0,0,0,0,0,0,0,0,0,0,0,0,0,0,0
SRR17478100,PRJNA795297,COPD_Exacerbation,0.135645796,0.006036577,0.017638562,0,0.043013515,0.001386198,0.083275785,0.040740396,0,0.01242607,0.006141214,0.0059725,0.010687995,0,0,0.000777781,0.002712861,0.001842842,0.00189751,0.015386384,0.013804915,0.002847037,0.005374204,0.015261131,0.000829873,0.003202332,0.004775058,0.005246878,0.00101518,0.000335566,0.000475846,0.005974445,0.00176623,0.00033658,0,0,0,0.000509077,0.000857644,0.000662985,0,0,0.000771217,0,0.000174282,0,0,0,0,0,0.000668957,0,0.000450921,0,0,0.000512261,0,0.00025915,0,0,0,0,0,0.000938118,0,0.000202794,0,0.002315388,0,0.000280923,0,0,0,0,0,0,0,0,0,0,0.001828942,0.00016381,0,0,0,0,0,0,0,0,0,0,0,0.000886414,0,0,0,0,0,0,0.000153337,0,0,0,0,0,0,0,0,0,0,0,0,0,0,0,9.05E-05,0,0,0,0,0,0,0,0,0,0,0,0,0,0,0,0,0,0,0,0,0,0,0,0,0,0,0,0,0,0,0,0,0,0,0,0,5.90E-05,0,0,0,0,0,0,0,0,0,0,0.002624854,0,0,0,0,0,0,0,0,0,0,0,0,0,0,0,0,0,0,6.96E-05,0.000938777,0,0,0.009662395,0.000142865,0,0,0,0,0,0,4.86E-05,0.002216426,0,0,0.001755634,0,0,0,0,0,0,0,0,0,0,0,0,0,0,0,0,0,0.001807997,0,0.000834052,0,0,0,0,0,0,0,0.00016381,0,0,0,0,0.000404678,0,0,0,0.000184755,0.000279008,0,0,0,0,0,0,0,0,0,0,0,0,0,0,0,0,0,0,0,0,0,0,0,0,0,0,0,0,0,0,0,0,0,0
SRR17478101,PRJNA795297,COPD_Exacerbation,0.237648504,0.025442749,0,0,0.004217849,0,0.076969968,0.006095084,0,0.036392396,0.010703687,0.003522816,0.016806113,0,0.058576054,0.001576447,0.0108541,0.000510018,0.004358276,0.02898094,0.000165223,0.001183552,0.005826565,0.007798929,0,0.000466638,0,0.007165771,0.002401261,0.003323799,0.013043066,0.000577304,0.000145643,0,0,0.00091346,0,0,0.000995896,0,0,0,0.000149405,0,0,0,0,0,0,0,0,0,0.042057646,0.004036766,0,0.001018301,0,0,0,0,0,0,0,0.004279848,0,0,0,0.000498166,0,0.001575962,0,0,0,0,0,0,0,0.00023326,0.00018341,0,0.003264623,0.062975607,0,0,0,0.000212658,0,0,0,0,0,0,0,0.000402417,0,0,0,0,0.066517784,0,0,0,0,0,0,0,0,0,0.021339214,0,0,0,0,0,0,0,5.45E-05,0.014507872,0,0,0,0.002964171,0.000307537,0,0,0,0.001256335,0,0,0,0,0,0,0,0,7.03E-05,0.006648667,0,0,0,0,0,0,0,0,0,0,0,0,0,0,0,0,0.00320137,0,0,0,0,0,0,0,0,0,0.000212658,0,0,0,0,0,0,0,0,0,0,0,0,5.45E-05,0,0,0.000196844,0.006522161,0,0,0,0.000196844,0.011013135,0,0,0,0.000781936,0,0.004845952,0.001287962,0,0.001461908,0,0,0,0.00190468,0,0.000718683,0.002932544,0.003644142,0,0.007265385,0.001540974,0,0.000212658,0,0.000212658,0.004324113,0,0.002347452,0,0,0.001303775,0,0,0.000513111,0,0.001952119,0,0,0,0.000402417,0.000592177,0,0,0,0.001888866,0,0.000592177,0,0.001635854,0,0.001003322,0,0,0,0,0,0,0,0,0,0,0,0,0,0,0,0,0,0,0,0,0,0,0,0,0,0,0,0,0,0,0,0,0,0,0,0
SRR17478102,PRJNA795297,COPD_Exacerbation,0.086108765,0.005641627,0.021485619,0,0.512338949,0.003395936,0.089044633,0.011180701,0,0.011255799,0.009389218,0.013731718,0.009640762,0,0,0.000409881,0.003212778,0.004726662,0.001083389,0.03054681,0,0.0012847,0.001585008,0.010216424,0.000726763,0.016407619,0.017838589,0.003501217,0.000690048,0.001937192,0.000593592,0.00025789,0.000508167,0,5.56E-05,0,0,0.000165409,0.00119216,0.000415847,0,0,0.000682417,0,0.00069816,0,0,0,0,0,0.000761582,0,0,0,0,0.000444868,0,0,0,0,0.000357387,0,0,0.000444567,0,0.000137886,0,0.000956112,0,0.000185672,0,0,0,0,0,0,0,0,0,0,0.000351814,0,0,0,0,0.000501373,0,0,0,0,0,0,0,0.000257357,0,0,0,0,0,0,6.85E-05,0,0,0,0,0,0,0,0,0,0,0,0,0,0,0,0.0003282,0,0,0,0,0,0,0,0,0,0,0,0,0,0,0,0,0,0,0,0,0,0,0,0,0,0,0,0,0,0,0,0,0,0,0,0,0,0,0,0,0,0,0,0,0,0,0,0,0,0,0,0,0,0,0,0,0,0,0,0,0,0.022643856,0,0,0,0.00568868,0,0.001099605,0,0,0.001107477,8.42E-05,0,0,0,0,0,0,0,0,0,0,0,0,0,0,0,0,0,0,0,0.008758559,0,0,0,0,0,0,0,0,0,0,0,0,0,0,0,0,0,0,0.000162899,0,0,0,0,0,0,0,0,0,0,0,0,0,0,0,0,0,0,0,0,0,0,0,0,0,0,0,0,0,0,0,0,0,0,0,0,0,0,0,0,0,0,0,0
SRR17478103,PRJNA795297,COPD_Exacerbation,0.405546029,0.002996502,0,0,0.080952174,0.003072198,0.061549266,0.01909175,0,0.059889684,0.004081344,0.003798499,0.106134365,0,0.011285371,0.000644165,0.002645313,0.001962138,0.000408208,0.011460985,0,0.001710952,0.009925447,0.002410149,0.000620049,0.000644539,0.000339446,0.001117806,0.000902317,0.001014507,0.000398251,0.002195654,0.000122335,0,0,0,0,0,0.000799414,0.000315399,0,0,0.002464995,0,0.098407249,0,0,0,0,0,0.001478194,0,0.000893501,0,0,0.001095798,0,0,0,0,0.000429755,0,0,0.002623489,0,0.000451198,0,0.00099027,0,0.000330878,0,0,0,0,0,0,0,0,0.00017213,0,0.000499923,0.001408877,0,0,0,0.001945593,0,0,0,0,0,0,0,0.00050858,0,0,0,0,0.000967385,0,0,0,0,0,0,0,0,0,0.001625294,0,0,0,0,0,0,0,0,0.000335446,0,0,0,4.98E-05,4.11E-05,0,0,0,0,0,0,0,0,0,0,0,0,0,0.000222908,0,0,0,0,0,0,0,0,0,0,0,0,0,0,0,0,0.003417232,0,0,0,0,0,0,0,0,0,0,0,0,0,0,0,0,0,0,0,0,0,0,0,0,0,0,0,0,0,0,0.001131862,0,0,0,0,0,0,0,6.71E-05,0,6.71E-05,0,0,0,0,0,0,0.000647087,0,0,0,0,0,0,0,8.44E-05,0,0,0.000274849,0,0,0.000326789,0,0,3.25E-05,0,6.71E-05,0,0,0,0,0,0,0,0,0,0,0,0,0,0,0.000352759,0,0,0,5.84E-05,0,0,0,0,0,0,0,0,0,0,0,0,0,0,0,0,0,0,0,0,0,0,0,0,0,0,0,0,0,0,0,0
SRR17478104,PRJNA795297,COPD_Exacerbation,0.217692534,0.013740491,0.019081368,0,0.055753651,0.010073353,0.132339604,0.118739981,0,0.019918454,0.017659417,0.010844932,0.044175704,0,0,0.001735927,0.003665447,0.0104235,0.002381614,0.019325258,0,0.003084014,0.009831475,0.02555429,0.000672199,0.004210504,0.006139915,0.004461975,0.001629518,0.000349226,0,0.003459611,0.001347383,0.000820826,0,7.54E-05,0,0.001022957,0.001639046,0.001562876,0,0,0.000977821,0,0.0002551,0,0,0,0,0,0.002106638,0,0.000694537,0.000590455,0,0.002204235,0,0.000251229,0,0,0.001056047,0,0,0.0067086,0,0.000203051,0,0.003057699,0,0.000634318,0,0,0,0,0,0,0,0.000204338,0.00010008,0,0.001531154,0.000379318,0,0,0,0.000221223,0,0,0,0,0,0,0,0.001203671,0,0,0,0,0,0,0.000277685,0,0,0,0,0,0,0,0,0,0,0,0,0,0,0,0.000334148,0,0,0,0,0,0.000108298,0,0,0,0,0,0,0,0,0,0,0,0,0,0,0,0,0,0,0,0,0,0,0,0,0,0,0,0,0,0,0,0,0,0,0,0,0,0,0,0,0,0.001768297,0,0,0,0,0,0,0,0,0,0,0,0,0,4.06E-05,0,0,0,0,0,0.002061902,0,0,0.000729386,0.00011959,0,0,0,0,0,0,0,0.001147208,0,0,2.93E-05,0,0,0,0,0,0,0,0,0.001079453,0,0,0,0,0,0,0,0.00020993,0,0,0.001203671,0,0,0,0,0,0,0,0.001226256,0,0,0,0,0.002140949,0,0,0,0.0002551,0,0.001971561,0,0,0,0,0,0,0,0,0,0,0,0,0,0,0,0,0,0,0,0,0,0,0,0,0,0,0,0,0,0,0,0,0
SRR17478105,PRJNA795297,COPD_Exacerbation,0.120243435,0.002365704,0.027542588,0,0.032721543,0.002011974,0.071671201,0.021771846,0,0.011280791,0.001215804,0.003373165,0.007002659,0,0,0.000973928,0.001576248,0.000913361,0.001557113,0.011895679,0,0.00158487,0.001411143,0.003761451,0.000487317,0.00328044,0.184442725,0.005143587,0.000538541,0.000195188,0.000603519,0.001060245,0.001161659,0,0,0,0,0.000503562,0.000817264,0.000417388,0,0,0.000457695,0,0,0,0,0,0.00052474,0,0.00041393,0,0,0,0,0.000468643,0,0.000370035,0,0,0.00038338,0,0,0.00068526,0,0.000125717,0,0.001245789,0,0.000229325,0,0,0,0,0,0,0,0,0,0,0.00083345,0,0,0,0,0,0,0,0,0,0,0,0,0.000313174,0,0,0,0,0,0,5.31E-05,0,0,0,0,0,0,0,0,0,0,0,0,0,0,0,0.000125353,0,0,0,0,0,0,0,0,0,0,0,0,0,0,0,0,0,0,0,0,0,0,0,0,0,0,0,0,0,0,0,0,0,0,0,0,0,0,0,0,0,0,0,0,0,0,0,0.006021754,0.000775642,0,0,0,0,0,0,0,0,0,0,0,0,0,0,0,0,0,0,0.000746737,0,0,0.000385435,0.000125353,0,0,0,0,0,0,0,0.005111271,0,0,0,0,0,0,0,0,0,0,0,0,0,0,0,0,0,0,0,0.000240914,0.008102856,0,0.00207633,0,0,0,0,0,0,0,0.000717833,0,0,0,0,0,0,0,0,0.00110804,0,0.000920162,0,0,0,0,0,0,0,0,0,0,0,0,0,0,0,0,0,0,0,0,0,0,0,0,0,0,0,0,0,0,0,0,0
SRR17478106,PRJNA795297,COPD_Exacerbation,0.288123285,0.015508745,0.004001951,0,0.177904691,0,0.307039444,0.067116124,0,0.009035041,0.001726081,0.001422059,0.001452103,0,0,0.00307032,0.000761877,0.002527141,0.000544552,0.002278588,0.004042223,0.000216618,0.00190887,0.013576603,0.000979176,0.000714283,0.00411884,0.002125882,0.001630345,0.000179053,0,0.002482857,0.000468413,0,0,0,0,0.000789744,0.000706476,9.45E-05,0,0,0.006407563,5.12E-05,0,0,0,0,0,0,0,0,0,0.000141095,0,0.000135026,0,0,0,0,0,0,0,0,0,0,0,0.000630194,0,0.001533604,0,0,0,0,0,0,0,0.000211875,0.000174175,0,0.001834378,0,0,0,0,0.000374033,0,0,0,0,0,0,0,0.000473951,0,0,0,0,0,0,8.20E-05,0,0,0,0,0,0,0,0,0,0,0,0,0,0,0,0.000466265,0,0,0,0,0,0,0,0,0,0,0,0,0,0,0,0,0,0,0,0,0,0,0,0,0,0,0,0,0,0,0,0,0,0,0,0,0,0,0,0,0,0,0,0,0,0,0,0,0,0,0,0,0,0,0,0,0,0,0,0,0,0,0,8.96E-05,0.000658416,0.002971909,0,0.000466265,0,0,0.000266428,0,0,0,0,0,0,0,0.000681473,0,0,0,0.000358661,0,0,0,0,0,0,0,0,0.002011156,0,0,0,0,0,0,0,0,0,0,0,0,0,0,0,0,0,0,0.000619985,0,0,0,0,0.001473134,0,0,0.000112707,0,0.000120394,0,0,0,0,0,0,0,0,0,0,0,0,0,0,0,0,0,0,0,0,0,0,0,0,0,0,0,0,0,0,0,0,0,0
SRR17478107,PRJNA795297,COPD_Exacerbation,0.274859553,0.012318666,0,0,0.005324709,0,0.20081824,0.076795574,0,0.016268507,0.006366995,0.000792408,0.003380239,0,0.000503106,0.003394802,0.000814645,0.008621231,0.00058827,0.012614272,0.000626485,0.002239982,0.037212309,0.004408997,0.003828287,0.006445251,0.000211773,0.002237981,0.003437088,0,0.000227526,0.000960482,0.000264233,0,0,0,0,0.000388425,0.001583306,0.000284584,0,0,0.00383485,0,0.000724428,0,0,0,0,0,0.016780116,0,0.003650114,0.000264368,0,0.003324887,0,0.001235816,0,0,0.000687359,0,0,0.000270602,0,0.001040782,0,0.000343736,0,0.001997518,0,0,0,0,0,0,0,0.000325931,0.000697469,0,0.000393142,0.00057719,0,0,0,0.001074121,0,0,0,0,0,0,0,0.000485165,0,0,0,0,0.001589457,0,0,0,0,0,0,0,0,0,0,0,0,0,0,0,0,0,0,0.000411546,0,0,0,0.000153879,0.001285777,0,0,0,0.000945287,0,0,0,0,0,0,0,0,0,0.000567987,0,0,0,0,0,0,0,0,0,0,0,0,0,0,0,0,0.005178404,0,0,0,0,0,0,0,0,0,0,0,0,0,0,0,0,0,0,0,0,0,0,0,0,0,0,0,0,0,0,0.001350193,0.000595595,0,0.001064919,0.000374737,0.000117069,0,0.000466761,0,0,0.000172283,0,0,0,8.94E-05,0.000531178,0,0,0.000816453,0,0,0.000328724,0,0,0,0,0,0,0.000117069,0,0,0.000135474,0,0,0,0,0,0,0,0,0.000190688,0,0,0,0,0,0,0,0,0,0,0.000107866,0,0,0,0,0,0,0,0,0,0,0,0,0,0,0,0,0,0,0,0,0,0,0,0,0,0,0,0,0,0,0,0,0,0,0,0
SRR17478108,PRJNA795297,COPD_Exacerbation,0.397559437,0.008791765,0.00046416,0,0.079077549,0.001636155,0.201276219,0.026044327,0,0.013068397,0.00790227,0.012419845,0.00475454,0,0.007895244,0.000882254,0.00044439,0.00202061,0.000602887,0.003265147,0,0.004668251,0.012868779,0.035122749,0.000179127,0.00474648,0.000581403,0.00642538,0.006355284,0.002277192,0.000547393,0.002796575,0.000759592,0,0,0.000178083,0,0.000514756,0.001513154,0.004992075,0,0,0.000766946,0,0.001197867,0,0,0,0.002538467,0,0.001155591,0,0.000734003,0.00041867,0,0.00017303,0,0.000170675,0,0,0.00037757,0,0,0.001587856,0,0.005996217,0,0.000931092,0,0.001190812,0,0,0,0,0,0,0,0,0.000408073,0,0.001161193,0.002032204,0,0,0,0.004361012,0,0,0,0,0,0,0,0.001482092,0,0,0,0,0.000986991,0,0,0,0,0,0,0,0,0,0.00812928,0,0,0,0,0,0,0,0,0.000583576,0,0,0,0,0.000143486,0,0,0,0,0,0,0,0,0,0,0,0,0,0.000235171,0,0,0,0,0,0,0,0,0,0,0,0,0,0,0,0,0,0,0,0,0,0,0,0,0,0,0,0,0,0,0,0,0,0,0,0,0,0,0,0,0,0,0,0,0,0,0,0.000537733,0.000326857,0,0.000354362,0,7.01E-05,0,0.000143486,0.000336025,0,0.000326857,0.000381868,0,0,0,0,0,0.001610451,7.93E-05,0,0.000693598,0.000345194,0,3.35E-05,0,0,0.000161823,0,4.26E-05,0,0,7.01E-05,0,0,0.000161823,0,0,0,0,0,0.000473553,0.000693598,0,0,0,0,0,0.000207666,0,0,0,0,0,0,0,0,0,0,0,0,0,0,0,0,0,0,0,0,0,0,0,0,0,0,0,0,0,0,0,0,0,0,0,0,0,0,0,0
SRR17478109,PRJNA795297,COPD_Exacerbation,0.208787164,0.001709949,0,0,0.333290019,0.014089262,0.162979963,0.037285363,0,0.012886168,0.00374046,0.001654894,0.024682699,0,0,0.001075608,0.000846887,0.003851654,0.000698625,0.068181765,0.000433262,0.003141545,0.006029294,0.00544859,0.000788686,0.001320916,0.000741573,0.002517102,0.002088886,0.00141005,0.000904871,0.002111974,0.000104476,0,0,0,0,0.000243585,0.002901726,0.000539759,0,0,0.00137134,0,0.002062569,0,0,0,0,0,0.002273946,0,0.000793031,0.000239894,0,0.000940538,0,0,0,0,0.003543597,0,0,0.001011188,0,0.000395852,0,0.000944809,0,0.000664652,0,0,0,0,0,0,0,0,0.000387552,0,0.001345419,0.002123051,0,0,0,0.003229016,0,0,0,0,0,0,0,0.000515945,0,0,0,0,0.001172611,0,0,0,0,0,0,0,0,0,0.004395464,0,0,0,0,0,0,0,0,0.000490023,0,0,0,0.000282655,0.000412261,0,0,0,0.001017085,0,0,0,0,0,0,0,0,0,0.000438182,0,0,0,0,0,0,0,0,0,0,0,0,0,0,0,0,0,0,0,0,0,0,0,0,0,0,0,0,0,0,0,0,0,0,0,0,0,0,0,0,0,0,0,0.007212219,0,0,0,0.000723313,0,0,0.000464102,0,0.000101207,0,0.000144409,7.53E-05,0,5.80E-05,0,0,0,0.000109848,0,0,0.00089612,0.000559147,0,0,0,0,0,0,0,0.00015305,0,8.40E-05,0,0,0,0,0,8.40E-05,0,0.00089612,0,0,0,0,0,0,0,0,0.000325857,0,0,0,0.000792436,0,0.000144409,0,0,0,0.00015305,0,0,0,0,0,0,0,0,0,0,0,0,0,0,0,0,0,0,0,0,0,0,0,0,0,0,0,0,0,0,0,0
SRR17478110,PRJNA795297,COPD_Exacerbation,0.058288962,0.003621187,0.002583525,0,0.572568148,0,0.086740906,0.035641945,0,0.009870801,0.001468572,0.005314259,0.002406509,0,0.036985934,0.001691469,0.00072238,0.007591596,0.000929361,0.004061214,0.02401821,0.000339979,0.002117072,0.00466228,0.014704171,0.000574073,0.003940273,0.000337846,0.000565218,0.000178066,0,0.001655822,0.000783262,0,4.54E-05,0.001745436,0,0.000118254,0.000922766,0,0,0,0.001522965,0,0,0,0,0,0,0,0.00040956,0,0.000101812,0.000485892,0,0.000313632,0,0.000165735,0,0,0.000266443,0,0,0.000558895,0,0,0,0.000503052,0,0.000286867,0,0,0,0,0,0,0,9.60E-05,6.79E-05,0,0.000615783,0.009775802,0,0,0,6.77E-05,0,0,0,0,0,0,0,9.29E-05,0,0,0,0,0.000559085,0,0.000143293,0,0,0,0,0,0,0.001113474,0.000363788,0,0,0,0,0,0,0,0.000143293,0.000880378,0,0,0,0.000244091,0,0,0,0,0,0,0,0,0,0,0,0,0,0,0.000136993,0,0,0,0,0,0,0,0,0,0,0,0,0,0,0,0,0,0,0,0,0,0,0,0,0,0,0.00176866,0.001623763,0,0,0,0,0,0,0,0,0,0,0,0.000332289,0.000199992,0,6.14E-05,0,0.001000076,0.002480546,2.36E-05,0.000521285,0,0,0.000111793,0,0.000937077,0,0,0,0,0.000678782,0,0.000678782,0,0.000464587,0.000716581,0,0,0.000149593,0,0,0.000559085,0,0,0,0,0,0,0,0,0,0,0,0,0,0.000111793,0,0,0,0,0.000262991,0.000918177,0,0.000130693,0,0,0,0,0.000143293,0,0,0,9.92E-05,0.000124393,0,0,0,0,0,0,0,0,0,0,0,0,0,0,0,0,0,0,0,0,0,0,0,0,0,0,0,0,0,0,0,0,0,0
SRR17478111,PRJNA795297,COPD_Exacerbation,0.097167465,0,0.001533533,0,0.005635532,0.001141011,0.046888105,0.006275011,0,0.009143539,0.004310787,0.000634574,0.008766674,0,0.039941065,0.000487984,0.006179238,0.005958225,0.002179764,0.001218736,0.037633547,0,0.002852766,0.001688786,0.050813665,0.000379777,0,0.000101669,0.000611824,0,0,0.002663008,0.000964215,0,0.002470143,0.000559145,0,0.000411707,0.001965624,0,0,0,0.000953381,0,0,0,0,0,0,0,0,0,0,0.005390065,0,0,0,0.36811559,0,0,0,0,0,0.000846923,0,0.000216993,0,0.001879885,0,0,0,0,0,0,0,0,0,0,0,0,0.000627821,0.006553006,0,0,0,0,0,0,0,0,0,0,0,0.000920825,0,0,0,0,0,0,0,0,0,0,0,0,0,0,0.00105105,0,0,0,0,0,0,0,0.016970912,0,0,0,0,0.000204594,0,0,0,0,0,0,0,0,0,0,0,0,0,0,0,0,0,0,0,0,0,0,0,0,0,0,0,0,0,0,0,0,0,0,0,0,0,0,0,0,0,0.00362297,0,0,0,0,0,0,0,0,0,0,0,0,0.000302262,0,0,0,0,0,0,0.001311497,0,0,0,0,0,0,0,0.00225562,0,0,0.000497598,0,0,0,0,0.000302262,0,0,0,0,0,0,0,0,0,0,0,0,0,0.000758046,0,0,0,0,0,0,0,0,0,0,0,0,0,0,0,0.000106885,0,0,0,0,0,0,0,0,0,0,0,0,0,0,0,0,0,0,0,0,0,0,0,0,0,0,0,0,0,0,0,0,0,0,0,0,0,0,0,0,0,0
SRR17478112,PRJNA795297,COPD_Exacerbation,0.034171357,0.000698312,0,0,0.009941988,0,0.683421899,0.006510419,0,0.004365393,0.009421204,0.001754779,0.004230511,0,0.00120013,0.000271769,0.00032108,0.000636327,0.000424863,0.002635998,0.000115445,0.039210731,0.002766762,0.001434343,0.000214482,0.002537651,0.000376801,0.002840777,0.002978059,0,0.000360892,0.002296725,8.64E-05,0,0,0.001246643,0,0.000330479,0.000627821,0.00257667,0,0,0.007830613,0,0.000857015,0,0,0,0,0,0.008958725,0,0.002936347,0.000570969,0,0.000281084,0,0.000222778,0,0,0.000708427,0,0,0.001104744,0,0.003648763,0,0.000306686,0,0.000945989,0,0,0,0,0,0,0,0,0.006823885,0,0.000218212,0.00597631,0,0,0,0.069137941,0,0,0,0,0,0,0,0.000253701,0,0,0,0,0.000865887,0,0,0,0,0,0,0,0,0,8.51E-05,0,0,0,0,0,0,0,0,0.000972354,0,0,0,0,0.001398223,0,0,0,0,0,0,0,0,0,0,0,0,0,0,0,0,0,0,0,0,0,0,0,0,0,0,0,0,0,0,0,0,0,0,0,0,0,0,0,0,0.000191595,0,0,0,0,0,0,0,0,0,0,0,0,0,0,0,0,0,0,0,0,0.002045898,0,0,0.000244829,0,0,0,0,0,0,0.000182723,0,0,0,0.000182723,0,0,0,0.000360168,0,0.004476898,0.000102872,0,0,0,0,0.001300628,0,0,0,0,0,0,0,0,0,0,0,0,0,0,0.000741675,0,0,0,0.000147234,0,0,0,0,0,0.000120617,0,0,0,0,0,0,0,0,0,0,0,0,0,0,0,0,0,0,0,0,0,0,0,0,0,0,0,0,0,0,0,0,0,0,0,0
SRR17478113,PRJNA795297,COPD_Exacerbation,0.196672067,0.009152904,0.023644414,0,0.045803709,0.008223407,0.43028276,0.036995079,0,0.052177858,0.003939131,0.002270182,0.008515486,0,0,0.001276156,0.000856846,0.000858036,0.000985413,0.005563481,0.006350311,0.000177237,0.002804154,0.003446728,0.001200066,0.000819565,0.004657426,0.001877486,0.003632514,0.00047094,0,0.002147495,0.000915423,0,0,0,0,0.000120348,0.000591475,0.000365157,0,0,0.001254247,0,0.005156501,0,0,0,0.001883413,0,0,0,0,0,0,0.000329583,0,0,0,0,9.03E-05,0,0,0.000386649,0,0.000112793,0,0.000405788,0,0.00020446,0,0,0,0,0,0,0,0.000100638,0.001316445,0,0.000699949,0,0,0,0,9.39E-05,0,0,0,0,0,0,0,9.39E-05,0,0,0,0,0,0,0.00012348,0,0,0,0,0,0,0.001912013,0,0,0,0,0,0,0,0,0.000367371,0,0,0,0,0,0.000507793,0,0,0,0,0,0,0,0,0,0,0,0,0,0,0,0,0,0,0,0,0,0,0,0,0,0,0,0,0,0,0,0,0,0,0,0,0,0,0,0,0,0.002532827,0,0,0,0,0,0,0,0,0,0,0,0.000906887,0,0,0.000101308,0,0.042789606,0.002518045,0,0.001165559,0,0,0,0,0,0,0,0,0,0,0,0.00117295,0,0,0.000603871,0,0,0,0,0,0,0,0,0,0,0,0,0,0,0,0,0,0,0,0,0,0,0,0,0,0,0,0.000323027,0,0,0,0,0.000145652,0,0,0,8.65E-05,0.000175214,0,0,0,0,0,0,0,0,0,0,0,0,0,0,0,0,0,0,0,0,0,0,0,0,0,0,0,0,0,0,0,0,0,0
SRR17478114,PRJNA795297,COPD_Exacerbation,0.073318554,0.002935282,0,0,0.037689101,0.002579782,0.042612091,0.003394892,0,0.018402382,0.001379888,0.000431348,0.009076336,0,0,0.000268795,0.000774608,0.001244527,0,0.016991459,0,0.001017662,0.002680887,0.001318918,0.006963296,0.002055911,0.32029787,0.000832586,0.000336133,0.00287897,0.006230682,0,0,0.000660128,0.000392052,0,0,0,0,0,0,0,0.000326904,0,0,0,0,0,0,0,0,0,0,0,0,0,0,0.000553342,0,0,0,0,0,0.000396551,0,0.000218864,0,0.000323327,0,0.000345509,0,0,0,0,0,0,0,0,0,0,0.00025518,9.74E-05,0,0,0,0.000111729,0,0,0,0,0,0,0,0.0001978,0,0,0,0,9.74E-05,0,0,0,0,0,0,0,0,0,0,0,0,0,0,0,0,0,0,0,0,0,0,0,0,0,0,0,0,0,0,0,0,0,0,0,0,0,0,0,0,0,0,0,0,0,0,0,0,0,0,0,0,0,0,0,0,0,0,0,0,0,0,0,0,0,0,0,0,0,0,0,0,0,0,0,0,0,0.000140378,0.201930521,0,0.014011966,0,0,0,0,0.002062641,0,0,0.000298214,0,0,0,0,0,0,0,0,0,0,0,0,0,0,6.88E-05,0,0,0,0,0,0,0,0,0,0,0,0,0,0,0,0,0,0,0,0,0,0,0,0,0,0,0,0,0,0,0,0,0,0,0,0,0,0,0,0,0,0,0,0,0,0,0,0,0,0,0,0,0,0,0,0,0,0,0,0,0,0,0,0,0,0,0,0,0
SRR17478115,PRJNA795297,COPD_Exacerbation,0.06018248,0.001918769,0.058323576,0,0.527347941,0.00046855,0.085751302,0.064103254,0,0.003211913,0.007835419,0.002690549,0.00419164,0,0,0.000962054,0.002360383,0.022115516,0.001654885,0.001004293,0.003479428,0.000113525,0.009889982,0.008455873,0.001248024,0.000611887,0.00146971,9.17E-05,0.000888874,0.000128844,0,0.001337114,0.001370697,0,0,0,0,0.000212994,0.001202416,0.000841602,0,0,0.001129673,0,0.000778047,0,0,0,0.004852085,0,0,0,0.001177762,0,0,0.000371088,0,0.000464468,0,0,0.000516831,0,0,0.000206532,0,2.78E-05,0,0.001893748,0,0.00024792,0,0,0,0,0,0,0,0,9.54E-05,0,0.001143738,0,0,0,0,9.59E-05,0,0,0,0,0,0,0,0.000475649,0,0,0,0,0,0,4.67E-05,0,0,0,0,0,0,0,0,0,0,0,0,0,0,0,0,0,0,0,0,0,0,0,0,0,0,0,0,0,0,0,0,0,0,0,0,0,0,0,0,0,0,0,0,0,0,0,0,0,0,0,0,0,0,0,0,0,0,0,0,0,0,0,0,0,0,0,0,0,0,0,0,0,0,0,0,0,0,0,0,0.000503779,0.000778047,0,0.000271706,0,0,0,0.000222478,0,0,0,0,0,0,0,0,0,0,0.000349063,0,0,0,0,0,0,0,0,0,0,0,0,0,0,0,0,0,0,0,0,0,0,0,0,0,0,0,0,0,0,0,0,0,0,0,0,0,3.96E-05,0,1.86E-05,0,0,0,0,0,0,0,0,0,0,0,0,0,0,0,0,0,0,0,0,0,0,0,0,0,0,0,0,0,0,0,0
SRR17478116,PRJNA795297,COPD_Exacerbation,0.267624757,0.001272748,0.013448783,0,0.095625015,0.163457304,0.029872507,0.005300866,0,0.049705173,0.005291103,0.005118819,0.043908718,0,0,9.69E-05,0.000336742,0.003320975,0.000343892,0.084389619,0,0.000503701,0.00270338,0.003223439,0,0.003247485,0,0.001725813,0.000563874,0.003963762,0,0,0,0,0,0,0,0,0.000100331,0.000709527,0,0,0,0,0.169095672,0,0,0,0,0,0.000424709,0,0,0,0,7.39E-05,0,0,0,0,0,0,0,0.001685372,0,0,0,0.000369182,0,3.29E-05,0,0,0,0,0,0,0,0,0,0,0,0.000362748,0,0,0,5.31E-05,0,0,0,0,0,0,0,0.000202181,0,0,0,0,0,0,0,0,0,0,0,0,0,0.000638006,0,0,0,0,0,0,0,0,0,0,0,0,0,0,0,0,0,0,0,0,0,0,0,0,0,0,0,0,0,0,0,0,0,0,0,0,0,0,0,0,0,0,0,0,0,0,0,0,0,0,0,0,0,0,0,0,0.001222928,0,0,0,0,0,0,0,0,0,0,0,0,0,0,0,0,0.000775634,0,0,0.00157847,0,0,0,0,0,0,0,0,0,0,0,0.000729758,0,0,0,0,0,0,0,0,0,0,0,0,0,0,0,0,0,0,0,0,0,0,6.46E-05,0,0,0,0,0,0,0,0.00033981,0,0,0,0,0.000156305,0,0,0,0.000144836,0,0,0,0,0,0,0,0,0,0,0,0,0,0,0,0,0,0,0,0,0,0,0,0,0,0,0,0,0,0,0,0,0,0,0
SRR17478117,PRJNA795297,COPD_Exacerbation,0.557346867,0.005527564,0,0,0.007642846,0.000263287,0.154170954,0.051786097,0,0.004445819,0.002288288,0.022672607,0.004485968,0,0.011304554,0.001152946,0.002564389,0.003122863,0.000572125,0.002048566,0,0.002045635,0.006653258,0.005545508,0.000203456,0.000715279,0.000371582,0.000748701,0.003709985,0.001422175,0.000435062,0.001436063,0,0,0,0.002477594,0,0.000744731,0.004261524,0.000371952,0,0,0.013508586,0,0.00124206,0,0,0,0,0,0.0008506,0,0,0,0,0.000346394,0,0.000150765,0,0,0,0,0,0.000473366,0,0.000220244,0,0.001058901,0,0.000393687,0,0,0,0,0,0,0,0,0.000179304,0,0.002695871,0.000960385,0,0,0,0.001123938,0,0,0,0,0,0,0,0.000587846,0,0,0,0,0.003022978,0,0,0,0,0,0,0,0,0,0.000206221,0,0,0,0,0,0,0,0,0.002223382,0,0,0,0.000796831,0.000124444,0,0,0,7.90E-05,0,0,0,0,0,0,0,0,0,0.000387947,0,0,0,0,0,0,0,0,0,0,0,0,0,0,0,0,0.004295063,0,0,0,0,0,0,0,0,0,0.000442465,0,0,0,0,0,0,0,0,0,0,0,0,0,0,0,0,0,0,0,0,0.00023348,0,0,0.000106271,0,0,0,0.000742313,0,0,0.000315256,0,0,0,0.000160789,0,0,0,0,0,0.000687796,0.000215307,0,0,0,0.000260738,0.001396528,0,0,0,0,0,0,0,0.000496983,0,5.18E-05,0,0,0,0,0,0,0,0,0.001923534,0,0,0,0,0,9.72E-05,0,0,0,0,0,0,0,0,0,0,0,0,0,0,0,0,0,0,0,0,0,0,0,0,0,0,0,0,0,0,0,0,0,0,0,0
SRR17478118,PRJNA795297,COPD_Exacerbation,0.23366945,0.005771654,0.001301476,0,0.012784426,0,0.25764964,0.113716121,0,0.029336297,0.000733481,0.111835003,0.002266862,0,0,0.002187892,0.000679101,0.006143431,0.001193837,0.039100253,0.006024254,0.001588554,0.008361273,0.076517382,0.00157664,0.002012943,0.001664607,0.000202763,0.003572721,0.00172468,0,0.004818617,0.000141425,0,0,0,0,0,0.000718265,0.00028223,0,0,0.001501833,0,0,0,0,0,0.001945815,0,0,0,0.000327158,0,0,0.00108444,0,0.000166665,0,0,0,0,0,0.000154116,0,0.000151737,0,0,0,0.000125982,0,0,0,0,0,0,0,0,0.000197843,0,0.006884753,0,0,0,0,0.000316169,0,0,0,0,0,0,0,0,0,0,0,0,0,0,0.000102742,0,0,0,0,0,0,0,0,0,0,0,0,0,0,0,0.000233172,0,0,0,0,0,5.54E-05,0,0,0,0,0,0,0,0,0,0,0,0,0,0,0,0,0,0,0,0,0,0,0,0,0,0,0,0,0,0,0,0,0,0,0,0,0,0,0,0,0,0,0,0,0,0,0,0,0,0,0,0,0,0,0,0,0,0,0.000802292,0.000743008,0,0.000114605,0,0,0,0,0,0,0,0,0,0,0,0,0,0,0.000766721,5.54E-05,0,0,0,0,0,0,0,0,0,0,0,0,0,0,0,0,0,0,0,0,0,0,0,0,0,0,0,0,0,0,0,0,0,0,0,0,0,0,0,0,0,0,0,0,0,0,0,0,0,0,0,0,0,0,0,0,0,0,0,0,0,0,0,0,0,0,0,0,0,0,0
SRR17478119,PRJNA795297,COPD_Exacerbation,0.186341106,0.007416438,0.005152513,0,0.027874718,0.001836285,0.114258949,0.247270764,0,0.098727995,0.001751997,0.009061727,0.006010328,0,0,0.001407005,0.005712091,0.001536976,0.007076329,0.001644313,0.007919777,0.000287613,0.037989575,0.031443699,0.001331022,0.003836171,0.006408083,0.000314976,0.001413842,0.000319229,0,0.018503017,0.0009693,0,0,0,0,0.000390686,0.009842345,0.000130074,0,0,0.012943075,0,0,0,0,0,0,0,0.000969269,0,0.00073975,0,0,0.000301965,0,0,0,0,0.001130791,0,0,0.000268851,0,0.000108352,0,0.000919444,0,0.001118986,0,0,0,0,0,0,0,0,0,0,0.000952187,0,0,0,0,0,0,0,0,0,0,0,0,0.001717308,0,0,0,0,0,0,0.004359368,0,0,0,0,0,0,0,0,0,0,0,0,0,0,0,0.00019902,0,0,0,0,0,6.75E-05,0,0,0,0,0,0,0,0,0,0,0,0,0,0,0,0,0,0,0,0,0,0,0,0,0,0,0,0,0,0,0,0,0,0,0,0,0,0,0,0,0,0.005602692,0,0,0,0,0,0,0,0,0,0,0,0,0,0,0,0,0.001585804,0.003116046,0,0.00019902,0,0,0,0,0,0,0,0,0,0,0,0.00245852,0,0,0.000701132,0,0,0,0,0,0,0,0,0.000234886,0,0,0,0,0,0,0,0,0,0,0.001537984,0,0,0,0,0,0,0,0.000605492,0,0,0,0,0,0,0,0,0.001143467,0.00019902,0.000545716,0,0,0,0,0,0,0,0,0,0,0,0,0,0,0,0,0,0,0,0,0,0,0,0,0,0,0,0,0,0,0,0,0
SRR17478120,PRJNA795297,COPD_Exacerbation,0.019042535,0.002018872,0.000182209,0,0.002068416,0,0.055383291,0.003148698,0,0.003642144,0.251515583,0.169387716,0.001272883,0,0,0.000816798,0.001925971,0.016330764,0.004060261,9.67E-05,0,0.000211489,0.003036144,0.020067142,0.000205117,0.002789804,0,0.000246461,0.009566022,0.000869704,0,0,0.000139234,0,0.000134981,0,0,0,0.000179633,0.005895096,0,0,0,0,0,0,0,0,0,0,0.001306506,0,0.053448009,0,0,0,0,0,0,0,0.024149807,0,0,0.079705161,0,0.031912602,0,0.025351968,0,0.000180064,0,0,0,0,0,0,0,0.000243884,0.000619304,0,0.000137905,0.003230965,0,0,0,0.000228833,0,0,0,0,0,0,0,0.002867069,0,0,0,0,0,0,0,0,0,0,0,0,0,0,0,0,0,0,0,0,0,0,0.000119703,0,0,0,0,0,0.000210638,0,0,0,0,0,0,0,0,0,0,0,0,0,0,0,0,0,0,0,0,0,0,0,0,0,0,0,0,0,0,0,0,0,0,0,0,0,0,0,0,0,0,0,0,0,0,0,0,0,0,0,0,0,0,0.000137905,0,0.000210638,0,0,0,0,0,0,0,0.002412202,0,0,0,0,0,0,0,0.060853703,0.000119703,0,0,0,0,0,0,0,0,0,0,0,0,0,0,0,0,0,0,0,0.000265222,0,0,0,0,0,0,0,0,0,0,0,0,0,0,0,0,0,0,0.000556338,0,0,0,0,0,0,0,0,0,0,0,0,0,0,0,0,0,0,0,0,0,0,0,0,0,0,0,0,0,0,0,0,0,0,0,0
SRR17478121,PRJNA795297,COPD_Exacerbation,0.121390191,0.006694797,0.008014105,0,0.073708508,0,0.279128409,0.060044648,0,0.050610567,0.040319655,0.008453033,0.028950483,0,0,0.00304085,0.004282462,0.006216909,0.006622666,0.027583245,0.008010103,0.003136862,0.029636305,0.011481026,0.008460305,0.014482796,0.009651895,0.000638958,0.003210462,0.000350777,0,0.003504299,0.00162191,0,0,0,0,0.00019906,0.002066863,0.000373211,0,0,0.003242437,0,7.16E-05,0,0,0,0.014341191,0,0.002690045,0,0.002411785,0,0,0.001639582,0,0.001425478,0,0,0,0,0,0.000216129,0,0.000269644,0,0.000697312,0,0.002418299,0,0,0,0,0,0,0,0.002828364,0.000338863,0,0.001500108,0,0,0,0,0.000536958,0,0,0,0,0,0,0,0.000201478,0,0,0,0,0,0,0.000136547,0,0,0,0,0,0,0.000374629,0,0,0,0,0,0,0,0,0.000374629,0,0,0,0,0,0.0002123,0,0,0,0,0,0,0,0,0,0,0,0,0,0,0,0,0,0,0,0,0,0,0,0,0,0,0,0,0,0,0,0,0,0,0,0,0,0,0,0,0,0.009021339,0.000688464,0,0,0,0,0,0,0,0,0,0,0,0,0,0,0,0.001121341,0.006045312,7.16E-05,0.005374353,0,0,0.000612711,0,0,0,0,0,0,0,0.000320519,0.007452161,0,0,0.000710108,0,0,0,0,3.92E-05,0,0,5.00E-05,0,0,0,0,0,0,0,0,0,0,0,0.001023944,0,0,0,0,0,0,0,0.000201478,0,0,0,0,0.000699286,0,0,0,0.000417917,0.00122956,0.000742574,0.000342163,0,0,0,0,0,0,0,0,0,0,0,0,0,0,0,0,0,0,0,0,0,0,0,0,0,0,0,0,0,0,0,0
SRR17478122,PRJNA795297,COPD_Exacerbation,0.439593082,0.004447969,0.010914613,0,0.039210123,0,0.152598694,0.113251804,0,0.082693041,0.001223452,0.002734989,0.002816169,0,0.000430427,0.001464529,0.000807874,0.000648954,0.000883516,0.004521591,0.006608916,0.000274334,0.001425501,0.001835142,0.001641713,0.000596667,0.020701161,0.00039149,0.001630359,0.000342133,0,0.002078289,0.000568222,0.000671308,0,0,0,0.000116058,0.001108596,0,0,0,0.002416444,0,0,0,0,0,0.002317706,0,0,0,0,0.000314854,0,0.000192285,0,0,0,2.79E-05,0.000249942,0,0,0,0,0,0,0.00025254,0,0.000270907,0,0,0,0,0,0,0,0.000233678,4.46E-05,0,0.000925678,0,0,0,0,0,0,0,0,0,0,0,0,0.000190506,0,0,0,0,0,0,0.000190506,0,0,0,0,0,0,0,0,0,0,0,0,0,0,0,0.000425353,5.78E-05,0,0,0,0,7.82E-05,0,0,0,0,0,0,0,0,0,0,0,0,0,7.82E-05,0,0,0,0,0,0,0,0,0,0,0,0,0,0,0,0,0.000149663,0,0,0,0,0,0,0,0,0,0,0.005255026,0.000537671,0,0,0,0,0,0,0,0,0,0,0,0,0,0,0,0.001334107,0.003988896,0,0.000282402,0,0,0,0,0,0,0,0,0,0,0,0.00419311,0,0,0.000772518,0,0,0,0,0,0,0,0,0,8.84E-05,0,0,0,0,0,0,0,0.009196366,0,0.00108905,0,0,0,0,0,0,0,0.00080315,0,0,0,0,0,0,0,0,0.000558092,9.86E-05,0.000302824,0,0,0,0,0,0,0,0,0,0,0,0,0,0,0,0,0,0,0,0,0,0,0,0,0,0,0,0,0,0,0,0,0
SRR17478123,PRJNA795297,COPD_Exacerbation,0.308928013,0.005605662,0.006107249,0,0.028393768,0,0.237873036,0.12306175,0,0.02131511,0.004216678,0.002079116,0.003538542,0,0,0.001018507,0.001469857,0.004093728,0.001628264,0.003085284,0.005778533,0.001606595,0.006347742,0.013155776,0.00653372,0.001956018,0.006068378,0.004059221,0.000630872,0.00025616,0,0.048803347,0.000748589,0.001270116,0,0,0,0.000158096,0.000860299,0.000195194,0,0,0.007212177,0,0,0,0,0,0,0,0,0,0,0.000298759,0,0.000446824,0,0.000574172,0,0,0,0,0,0,0,0,0,0.000417056,0,0.000533302,0,0,0,0,0,0,0,0.000380716,0,0,0.007649531,8.53E-05,0,0,0,0.000125042,0,0,0,0,0,0,0,0.000174741,0,0,0,0,0,0,0.001228368,0,0,0,0,0,0,0,0.000144922,0,0,0,0,0,0,0,0.000214501,0,0,0,0,0,0,0,0,0,0,0,0,0,0,0,0,0,0,0,0,0,0,0,0,0,0,0,0,0,0,0,0,0,0,0,0,0,0,0,0,0,0,0,0,0,0,0,0.005234141,0.000631976,0,0,0,0,0,0,0,0,0,0,0,0,0,0,0,0.001079271,0.003882316,0,0.000244321,0,0,0.0003139,0,0,0,0,0,0,0,0,0.002878389,0,0,0.000721435,0,0,0,0,0,0,0,0,0,0,0,0,0,0,0,0,0.000115102,0,0,0.001288008,0,0,0,0,0,0,0,0.000999752,0,0,0,0,0,0,0,0,0.000731374,0.000214501,0.000343719,4.55E-05,0,0,0,0,0,0,0,0,0,0,0,0,0,0,0,0,0,0,0,0,0,0,0,0,0,0,0,0,0,0,0,0
SRR17478124,PRJNA795297,COPD_Exacerbation,0.121373916,0.008136316,0.006174305,0,0.041048768,0,0.233909407,0.063826572,0,0.029417003,0.010664765,0.008227494,0.005256858,0,0,0.001482159,0.001319329,0.001581078,0.001649695,0.003004891,0.180935052,0.002064832,0.036319698,0.006821034,0.003252402,0.000884796,0.007547405,0.001471208,0.002835454,0.00022638,0.000276784,0.004003755,0.014065222,0.000560096,0,0,0,0.000258004,0.001273213,0.000134493,0,0,0.00209748,0.000193552,0,0,0,0,0.002382318,0,0.000235032,0,0,0,0,0.00024952,0,0.000946691,0,0,0.000118906,0,0,0,0,0,0,0.000552604,0,0.000393374,0,0,0,0,0,0,0,0.000340543,0.000149366,0,0.001281511,0,0,0,0,0.000131736,0,0,0,0,0,0,0,0.000502631,0,0,0,0,0,0,0.000267731,0,0,0,0,0,0,0,0,0,0,0,0,0,0,0,0.00030482,0,0,0,0,0,7.00E-05,0,0,0,0,0,0,0,0,0,0,0,0,0,0,0,0,0,0,0,0,0,0,0,0,0,0,0,0,0,0,0,0,0,0,0,0,0,0,0,0,0,0.002344744,0,0,0,0,0,0,0,0,0,0,0,0,0,0,0,0,0.00162768,0.00369233,0.000292457,0.000317184,0,0,0.000885889,0,0,0,0,0,0,0,8.23E-05,0.002270565,0,0,0.026032585,0,0,0,0,0,0,0,0,0,3.28E-05,0,0,0,0,0,0,0.000131736,0.001850218,0,0.000576811,0,0,0,0,0,0,0,0,0,0,0,0,0.000243004,0,0,0,0.000292457,0.005954791,0.000403726,0,0,0,0,0,0,0,0,0,0,0,0,0,0,0,0,0,0,0,0,0,0,0,0,0,0,0,0,0,0,0,0,0
SRR17478125,PRJNA795297,COPD_Exacerbation,0.085822387,0.007539111,0,0,0.00158629,0,0.39244841,0.033812409,0,0.040730107,0.023017861,0.005208373,0.015792791,0,0,0.001031953,0.011028133,0.005092899,0.027507546,0.000233861,0,6.98E-05,0.056361342,0.015276597,0.000581886,0.044115209,0,0.000296381,0.00952994,0.003608693,0,0.003591756,0,0,0.000101541,0.000222316,0,0,0.000101848,0.000963289,0,0,0.002504831,0,0,0,0,0,0.006265618,0,0.024340439,0,0.004318795,0,0,6.19E-05,0,0,0,0,0.017760491,0,0,0.004160266,0,0.000653862,0,0.001461827,0,0.001659532,0,0,0,0,0,0,0,0.000278053,0.000791867,0,0.000168699,0.000245294,0,0,0,0.000187847,0,0,0,0,0,0,0,0.000465503,0,0,0,0,2.51E-05,0,0,0,0,0,0,0,0,0,0,0,0,0,0,0,0,0,0.000475077,0.000130402,0,0,0,0,0.000321888,0,0,0,0,0,0,0,0,0,0,0,0,0,0,0,0,0,0,0,0,0,0,0,0,0,0,0,0,0,0,0,0,0,0,0,0,0,0,0,0,0,0,0,0,0,0,0,0,0,0,0,0,0,0,0.000819752,0,0.000532523,0,0,0,0,0,0,0,0.015133351,8.25E-05,0,0,0,0,0,0,0.000781455,0,0,0,2.51E-05,0,0,0,0,0,0,0,0,0,0,0,0,0,0,0,0,0,0,0,0,0,0,0,0,0,0,0,0,0,0,0,0,0,0,0.000187847,0,0,0,0,0,0,0,0,0,0,0,0,0,0,0,0,0,0,0,0,0,0,0,0,0,0,0,0,0,0,0,0,0,0,0,0,0
SRR17478126,PRJNA795297,COPD_Exacerbation,0.225462264,0,0,0,0.000949199,0.000379849,0.064704968,0.008085057,0,0.001502922,0.005505634,0,0.063490077,0,0.041124067,0,0.001039623,0,0.000195508,0,0.03165611,0,0.000140457,0,0.000908349,0,0,0,0.000300598,0,0,0,0.004400788,0,0,0.016774274,0,0,0.000489129,0,0,0,0.001631837,0,0,0,0,0,0,0,0,0,0,0.006829175,0,0,0,0.00875943,0,0,0,0,0,0,0,0,0,0,0,0.002377493,0,0,0,0,0,0,0,0,0,0,0,0.0653888,0,0,0,0,0,0,0,0,0,0,0,0,0,0,0,0,0.128935622,0,0,0,0,0,0,0,0,0,0.014506513,0,0,0,0,0,0,0,0.000539101,0.043492045,0,0,0,0.002542451,6.28E-05,0,0,0,0.000525091,0,0,0,0,0,0,0,0,0,0.014156277,0,0,0,0,0,0,0,0,0,0,0,0,0,0,0,0,0.116383163,0,0,0,0,0,0,0,0,0,0.003467073,0,0,0,0,0,0,0,0,0,0,0,0,0.001225563,0,0.000258912,0,0,0,0,0,0,0.014618588,0,0,0,0.012138917,0,0.006633207,0.001099479,0,0.006507122,0,0,0,0.004854008,0.000328959,0,0.000651176,0.003242923,0,0.000721224,0.002472403,0,0,0,0.002220233,0.003621178,6.28E-05,0.000819289,0,0,0.000987403,0,0,0.003130847,0,0.000707214,0,0,0.00031495,0.001701884,0,0,0,0,0.000511082,0,0.001365658,0,0.000174855,0,0,0,0,0,0,0,0,0,0,0,0,0,0,0,0,0,0,0,0,0,0,0,0,0,0,0,0,0,0,0,0,0,0,0,0,0,0
SRR17478127,PRJNA795297,COPD_Exacerbation,0.251873438,0.041579152,0,0.004367297,0.013675878,0.000881232,0.379638925,0.007497742,0,0.019540164,0.00323672,0.034413424,0,0,0,0.001713844,0.000240534,0.003317647,0.000283319,0.04390509,0.000149978,0.005460217,0.007824091,0.019291484,0.021094178,0.00177024,0.01405424,0.006334089,0.002643716,0.001357231,0.001172536,0.001212059,0.000119191,0,0.002738896,0,0,0.001368218,0.000723581,0.00244295,0,0,0.000862779,0,0,0,0,0,0,0,0.000339117,0,0.000458556,0.007632045,0,0.00017499,0,0.001574691,0,0,0.000556902,0,0,0,0,0.000968153,0,0.00147655,0,0.004838281,0,0,0,0,0,0,0,7.30E-05,0,0,0.002783768,5.66E-05,0,0,0,0.000972266,0,0,0,0,0,0,0,0.000156095,0,0,0,0,0,0,0,0,0,0,0,0,0,6.65E-05,0,0,0,0,0,0,0,0,0.000265582,0,0,0,0,0,0.000205862,0,0,0,0,0,0,0,0,0,0,0,0,0,0,0,0,0,0,0,0,0,0,0,0,0,0,0,0,0,0,0,0,0,0,0,0,0,0,0,0,0,0,0,0,0,0,0,0,0,0,0,0,0,0,0.000594041,0,0.000235722,0,0,0,0,0,0,0,0.000574134,0,0,0,0,0,0,0,0,0,0,0,0,0,0,0,0,0,0,0,0.000265582,0,0,0,0,0,0,0,0,0,0,0,0,0,0,0.000783154,0,0,0,0,0,0,0,0,0,0,0,0.001798391,0.000195909,0,0,0,0,0,0,0,0,0,0,0,0,0,0,0,0,0,0,0,0,0,0,0,0,0,0,0,0,0,0,0,0,0,0,0,0
SRR17478128,PRJNA795297,COPD_Exacerbation,0.011795622,0.000954357,0,0,0.01359545,0.002026772,0.020476801,0.00488674,0,0.000711943,0.00645155,0.001274195,0.004483165,0,0.01997999,0.000290153,0.003434111,0.004191453,0.001531245,0.001396954,0,0,0.001266876,0.003278287,0.000840356,0,0,0,0.000293018,0,0.000370781,0.002986844,0,0,0.164326471,0,0,0,0.001947681,0,0,0,0,0,0,0,0,0,0,0,0,0,0,0.001859665,0,0,0,0.005327356,0,0,0.001186749,0,0,0.001220798,0,0,0,0.001115866,0,0,0,0,0,0,0,0,0,0,0,0,0.000985293,0.004827768,0,0,0,0,0,0,0,0,0,0,0,0.000907667,0,0,0,0,0,0,0,0,0,0,0,0,0,0,0.000868854,0,0,0,0,0,0,0,0.299184521,0,0,0,0,0,0,0,0,0,0,0,0,0,0,0,0,0,0,0,0,0,0,0,0,0,0,0,0,0,0,0,0,0,0,0,0,0,0,0,0,0,0,0,0,0,0,0.002149679,0,0,0,0,0,0,0,0,0,0,0,0,0.000325474,0,0,0,0,0,0,0.159613466,0.001256984,0,0,0,0,0,0,0.001179358,0,0,0.000247848,0,0,0,0,0,0,0,0,0,0,0,0,0,0,0.000131334,0,0,0,0.048375799,0,0,0,0,0,0,0,0,0,0,0,0,0,0,0,0,0,0,0,0,0,0,0,0,0,0,0,0,0,0,0,0,0,0,0,0,0,0,0,0,0,0,0,0,0,0,0,0,0,0,0,0,0,0,0,0,0,0
SRR17478129,PRJNA795297,COPD_Exacerbation,0.16077879,0.023901721,0,0.0068745,0.017124395,0,0.299893886,0.002803084,0,0.003548867,0.001670616,0.002522164,0,0,0.010303934,0.0007505,0.000205316,0.001093713,0.000389328,0.007248724,0.000389398,0.001078076,0.027121736,0.000448429,0.062775648,0.00414547,0.001351354,0.141026756,0.002239614,0.00067826,0.001758893,0,0,0,0.004652235,0,0,0.00071262,0.001992022,0.00064219,0,0,0.001161519,0,0,0,0,0,0,0,0,0,0,0.013239458,0,0.000605573,0,0.042860354,0,0,0.000851575,0,0,0.000373079,0,0.001657103,0,0.00044549,0,0.000786489,0,0,0,0,0,0,0,0.000100189,0,0,0.000591917,0,0,0,0,0.017930012,0,0,0,0,0,0,0,0.000466884,0,0,0,0,0,0,0,0,0,0,0,0,0,0,0,0,0,0,0,0,0,0,0.001050377,0.000133459,0,0,0,0,0.000411313,0,0,0,0,0,0,0,0,0,0,0,0,0,0,0,0,0,0,0,0,0,0,0,0,0,0,0,0,0,0,0,0,0,0,0,0,0,0,0,0,0,0,0,0,0,0,0,0,0,0,0,0,0,0,0.000814201,0,0.001300446,0,0,0,0,0,0,0,0.000619703,0,0,0,7.78E-05,0,0,0,0,0,0,0,0,0.001092055,0,0,0,0,0,0,0.000480776,0,0,0,0.000161244,0,0,0,0,0,0,0,0,0,0,0.001689441,0,0,0,0.0002446,0,0,0,0,0,0,0,0,0.000272386,0,0,0,9.18E-05,0,0,0,0,0,0,0,0,0,0,0,0,0,0,0,0,0,0,0,0,0,0,0,0,0,0,0,0,0,0,0,0
SRR17478130,PRJNA795297,COPD_Exacerbation,0.074065413,0.004760215,0.069353979,0,0.103318358,0,0.186644676,0.013995271,0,0.011448258,0.005765234,0.005378606,0.016381043,0,0,0.000766392,0.001601097,0.002028812,0.001388102,0.018689094,0.012378098,0.000900445,0.003136701,0.002758465,0.00265383,0.013310037,0.224027799,0.000833462,0.001885705,0.001993288,0.000789426,0.003498105,0.000572977,0.000274666,0,0,0,0,0.00099827,0.000513743,0,0,0.003707986,0,0.000279377,0,0,0,0.003986082,0,0.00090907,0,9.86E-05,0,0,0.000342019,0,0.000262264,0,0,0.000440627,0,0,0,0,0,0,0.000353438,0,0.000268948,0,0,0,0,0,0,0,0.000199243,0,0,0.001028028,0,0,0,0,0.000789329,0,0,0,0,0,0,0,9.49E-05,0,0,0,0,0,0,0.000225127,0,0,0,0,0,0,0,0,0,0,0,0,0,0,0,0.002416832,0,0,0,0,0,0,0,0,0,0,0,0,0,0,0,0,0,0,0,0,0,0,0,0,0,0,0,0,0,0,0,0,0,0,0,0,0,0,0,0,0,0,0,0,0,0,0,0,0,0,0,0,0,0,0,0,0,0,0,0,0,0.036117022,0,0,0.000691678,0.091007317,0,0.001874331,0,0,0.000594027,0,0,0,0,0,0,0,0,0,0,0,0.000962929,0,0,0,0,0,0,0,0,0.010174603,0,0,0,0,0,0,0,0,0,0,0,0,0,0,0,0,0,0,0.000105743,0,0,0,0,0,0,0,0,0,0.000138327,0,0,0,0,0,0,0,0,0,0,0,0,0,0,0,0,0,0,0,0,0,0,0,0,0,0,0,0,0,0,0,0,0,0
SRR17478131,PRJNA795297,COPD_Exacerbation,0.109934846,0.001626415,0,0.003321853,0.007047705,0.000986526,0.582883394,0.074515355,0,0.007869931,0.000369555,0.007359734,0.001275824,0,0,0.002683739,0.000132401,0.001616718,0.001369007,0.008302004,0.00039844,0.002198123,0.013599786,0.001824293,0.043052,0.005989052,0.000553528,0.004056092,0.004337498,0.000260861,0.000961602,0.000321668,0.000293868,0.000350695,0.002575431,0,0,0.001253542,0.003860693,0.000185853,0,0,0.000655478,0,0,0,0,0,0,0,0,0,0.001193184,0.019449939,0,0.000458786,0,0.007737891,0,0,0.006631462,0,0,0,0,0.000845059,0,0.000471753,0,0.000769038,0,0,0,0,0,0,0,0,0.000242688,0,0.000270882,4.71E-05,0,0,0,0.00079533,0,0,0,0,0,0,0,0.000739389,0,0,0,0,7.51E-05,0,0.000823301,0,0,0,0,0,0,0,0,0,0,0,0,0,0,0,6.81E-05,0,0,0,0,0,0.000165992,0,0,0,0,0,0,0,0,0,0,0,0,0,0,0,0,0,0,0,0,0,0,0,0,0,0,0,0,0,0,0,0,0,0,0,0,0,0,0,0,0,0,0,0,0,0,0,0,0,0,0,0,0,0,0.000270882,0,0.00031983,9.61E-05,0,0,0,0,0,0,0,0,0,0,0,0,0,0,0.000879242,0,0,0,4.71E-05,4.01E-05,0,0,0,0,0,0,0.000242911,0,0,0,4.01E-05,0,0,0,0,0.000340808,0,0,0,0,0,0.001221882,0,0,0,0,0,0,0,0,0,0,0,0,6.81E-05,0,0,0,8.21E-05,0,0,0,0,0,0,0,0,0,0,0,0,0,0,0,0,0,0,0,0,0,0,0,0,0,0,0,0,0,0,0,0
SRR17478132,PRJNA795297,COPD_Exacerbation,0.093510905,0.002698364,0,0.010808613,0.022562834,0.008432391,0.079534498,0.024327455,0,0.011133129,0.00456377,0.002791245,0.010542369,0,0.019760578,0.000466558,0.001066733,0.004323511,0.000564812,0.005514354,0.001945626,0.000884761,0.002513351,0.006412699,0.000821407,0.000736076,0,0.010348972,0.001142867,0.003173198,0.011572781,0.00077716,0.000777777,0,0,0.000248725,0,0.000211663,0.001014514,0.000302334,0,0,0.000798726,0,0,0,0,0,0,0,0.000337508,0,0.000456766,0.000441922,0,0.00342106,0,0.000307095,0,0,0.00084048,0,0,0.001645817,0,0.000265818,0,0.002774674,0,0.000448841,0,0,0,0,0,0,0,0,0.000123929,0,0.000996688,0.022466634,0,0,0,0,0,0,0,0,0,0,0,0.00034881,0,0,0,0,0.014854072,0,0,0,0,0,0,0,0,0,0.01216358,0,0,0,0,0,0,0,0,0.004542019,0,0,0,0.001122664,0.00034881,0,0,0,0.001815533,0,0,0,0,0,0,0,0,0,0.002175466,0,0,0,0,0,0,0,0,0,0,0,0,0,0,0,0,0,0,0,0,0,0,0,0,0,0,8.79E-05,0,0,0,0,0,0,0,0,0,0,0,0,0,0,0,0,0.326762185,0,0,0,0.000582766,0.001896518,0,0.000600763,0,0.0004028,0,0.000753734,0.000267825,0,0.000744735,0,0,0,0.000231833,0,0,0.002715363,0.000852715,0,0.002814345,0.000204837,0,0.000123853,0,0.000132851,0.001050678,0,0.001077673,0,0,0.000240831,0,0,0.000528777,0,0.001383615,0,0,0,0,0.000474786,0,0,0,0.00034881,0,0.000411798,0,0.001770542,0,0,0,0,0,0.000132851,0,0,0,0,0,0,0,0,0,0,0,0,0,0,0,0,0,0,0,0,0,0,0,0,0,0,0,0,0,0,0,0
SRR17478133,PRJNA795297,COPD_Exacerbation,0.019593856,0.001546159,0,0,0.004159763,0,0.010903757,0.001767932,0,0.00183776,0.018709724,0.006370196,0,0,0.0231216,0.000135287,0.000277956,0.000358057,0.000445848,0.000896432,9.50E-05,7.54E-05,0.000903916,0.002024993,0,0,0,0.000774227,0.020985538,0.053421623,0.534248673,0,0.000482419,0,0,0.001376326,0,0,0,0.000388984,0,0,9.93E-05,0,0,0,0,0,0,0,0,0,0.006796114,0.001784456,0,0.006096057,0,0,0,0,0.000245887,0,0,0.000304136,0,0.00010049,0,0.000367171,0,9.34E-05,0,0,0,0,0,0,0,0,0.000486818,0,0,0.037981318,0,0,0,0,0,0,0,0,0,0,0,0,0,0,0,0,0.035289045,0,0,0,0,0,0,0,0,0,0.007137228,0,0,0,0,0,0,0,0,0.005849619,0,0,0,0.002835444,0.002820811,0,0,0,0.001006454,0,0,0,0,0,0,0,0,0.000260225,0.001416148,0,0,0,0,0,0,0,0,0,0,0,0,0,0,0,0,0.000947926,0,0,0,0,0,0,0,0,0,0.000172434,0,0,0,0,0,0,0,0,0,0,0,0,0.000377281,0,0,0.00014317,0.006698271,0,0,0,0.000713815,0.004591274,0,0.005205815,0,0.001225932,0,0.002411118,0.000245593,0,0.000772342,0.001884368,0,0,0.000786975,0,0,0.001562466,0.006449528,0,0.002850075,0.000538232,0,0,0,0.000889397,0.001518571,0,0.001679522,0,0,0.000304121,0,0,0.000479705,0,0.00059676,0,5.54E-05,0,0,0.000611391,0,0,0,0.001942897,0,0,0,0.000991821,0,0,0,0,0,0.00014317,0,0,0,0,0,0,0,0,0,0,0,0,0,0,0,0,0,0,0,0,0,0,0,0,0,0,0,0,0,0,0,0
SRR17478134,PRJNA795297,COPD_Exacerbation,0.073941407,0.052940673,0.006555152,0,0.046682269,0.001386888,0.410794659,0.108912687,0,0.017076762,0.014837719,0.003402163,0.006002114,0,0.000699893,0.007851456,0.000950762,0.004665407,0.000931769,0.002773464,0.005582192,0.000892797,0.003496675,0.010772834,0.001689694,0.0005689,0.006839577,0.000336201,0.007570353,0.000624986,0,0.00189223,0.001181748,0.000772965,0,0,0,0.000296076,0.001216405,0.000290841,0,0,0.006478535,0,0,0,0,0,0,0,0.001087332,0,0.000249114,0.000163499,0,0.000686733,0,0.000101428,0,0.000150772,0.000369836,0,0,0.000766377,0,0.000124711,0,0.000404888,0,0.000292268,0,0,0,0,0,0,0,0.000896839,0.000136654,0,0.003133438,9.66E-05,0,0,0,9.66E-05,0,0,0,0,0,0,0,0.00023254,0,0,0,0,0,0,0.00023254,0,0,0,0,0,0,0,0,0,0,0,0,0,0,0,0.000160018,0,0,0,0,0,3.31E-05,0,0,0,0,0,0,0,0,0,0,0,0,0,0,0,0,0,0,0,0,0,0,0,0,0,0,0,0,0,0,0,0,0,0,0,0,0,0,0,0,0,0.001365703,0,0,0,0,0,0,0,0,0,0,0,0,0,4.22E-05,0,0,0.001012156,0.003713617,0,0.000441042,0.000132822,0,0.00038665,0,0,0,0,0,0,0,0.000205344,0.000785524,0,0,0.000567956,0,0,0,0,0,0,0,0.000132822,0.000839915,0,0,0,0,0,0,0,9.66E-05,0,0,0.000604218,0,0,0,0,0,0,0,0.000731132,0,0,0,0,0.001048417,0,0,0,0.00025067,0.000259736,0.001229724,0.00023254,0,0,0,0,0,0,0,0,0,0,0,0,0,0,0,0,0,0,0,0,0,0,0,0,0,0,0,0,0,0,0,0
SRR17478135,PRJNA795297,COPD_Exacerbation,0.292012868,0.035828747,0,0,0.004313327,0,0.177203829,0.04427224,0,0.042622211,0.021687746,0.025444668,0.001584088,0,0.006818844,0.001802444,0.001698188,0.005889346,0.00589387,0.000399545,0,0.000572485,0.028784219,0.108009181,0,0.001101664,0,0.000234049,0.002119894,0.001977581,0.004209228,0.003161605,0,0,0,0.000478402,0,0.000628423,0.001484023,0.000782323,0,0,0.001057533,0,0,0,0,0,0.001034738,0,0,0,0.000453379,0.000356429,0,0.000247022,0,0,0,0,0.001742892,0,0,0.001168271,0,0,0,0.000200395,0,0.000278463,0,0,0,0,0,0,0,0,6.86E-05,0,0.004663936,0.026159886,0,0,0,0,0,0,0,0,0,0,0,0.001484958,0,0,0,0,0.012553502,0,5.13E-05,0,0,0,0,0,0,0,0.003256993,0,0,0,0,0,0,0,0,0.002847377,0,0,0,0.00084382,0.000211585,0,0,0,0.000487631,0,0,0,0,0,0,0,0,0,0.001458244,0,0,0,0,0,0,0,0,0,0,0,0,0,0,0,0,0,0,0,0,0,0,0,0,0,0,0,0,0,0,0,0,0,0,0,0,0,0,0,0,0,0,0,0.00186786,0,0,0,0.002856282,0.002179525,0,6.02E-05,0,0.000193776,0,0.000452012,0.001627433,0,0.000202681,0,0,0,0.00022049,0,0,0.000443107,0.000817105,0,0.001663052,0.000140348,0,2.46E-05,0,0.000211585,0.001030818,0,0.000603393,0,0,0.000113634,0,0,0.000265014,0,0.000309538,0,0,0,0,0,0,0,0,8.69E-05,0,0.000505441,0,0.000327347,0,0,0,0,0,0,0,0,0,0,0,0,0,0,0,0,0,0,0,0,0,0,0,0,0,0,0,0,0,0,0,0,0,0,0,0,0,0
SRR17478136,PRJNA795297,COPD_Exacerbation,0.339576105,0.093623035,0,0.023509499,0.004224042,0.001779513,0.112181758,0.036304043,0,0.012566062,0.000785361,0.013818371,0.0012314,0,0,0.000926831,0.000204887,0.005560694,0.0011125,0.00117247,0,0.003289477,0.001037732,0.016103013,0,0.001431065,0,0.001151432,0.001092611,0.000446933,0,0,0,0.012197943,0,0.008384585,0,0,0.000209213,0.000238816,0,0,0.000694909,0.002959588,0,0,0,0,0,0,0,0,0,0,0,0.000145078,0,0,0,0.008543723,0.000554462,0,0,0.000100509,0,0.000138804,0,0.000345537,0,0.000533352,0,0,0,0,0,0,0,0,0,0,0.001010243,0.018640348,0,0,0,6.42E-05,0,0,0,0,0,0,0,0.000221905,0,0,0,0,0.005052267,0,0,0,0,0,0,0,0,0,0.001784248,0,0,0,0,0,0,0,0.000537241,0.005052267,0,0,0,0.000193239,0,0,0,0,0.000838242,0,0,0,0,0,0,0,0,0,0.003231923,0,0,0,0,0,0,0,0,0,0,0,0,0,0,0,0.001411579,0,0,0,0,0,0,0,0,0,0,0,0,0.003102923,0,0,0,0,0,0,0,0,0,0,0,0,0,0,0,0.005295936,0,0,0,0.004421597,0.00317459,0.00145458,0,0.001855915,0.008348954,0.000608908,0.008750289,0,0.000494241,0,0,0,0.001196578,0.000221905,0,0.00145458,0.001769915,0.000637575,0,0.000594575,0.004650932,0,0,0.002715921,0,0,0.000465574,0,0.004335597,0.000838242,0,0,0.000637575,0,0,0.004607932,0,0,0,0,0,0,0.001956249,0,0,0,0,0,0,0,0,0,0,0,0,0,0,0,0,0,0,0,0,0,0,0,0,0,0,0,0,0,0,0,0,0,0,0,0,0,0,0,0,0,0,0
SRR17478137,PRJNA795297,COPD_Exacerbation,0.111969247,0.002888966,0,0,0.745881788,0.002228714,0.021835574,0.004689893,0,0.020132601,0.000133881,0.001351015,0.001051086,0,0,7.16E-05,0,0.000900238,0,0.010119471,0,0.000230455,0.000194977,0.001335992,0,0.000208917,0,0.012411856,0.000122272,0.001494487,0,0.000166005,0,0.000136271,5.05E-05,0,0,0.0002392,9.69E-05,0,0,0,0.000177519,0,0.003356213,0,0,0,0,0,0,0,0,0,0,0,0,0,0,0,0,0,0,0.0001703,0,0,0,7.97E-05,0,7.65E-05,0,0,0,0,0,0,0,0.000946785,0.000180228,0,0,0,0,0,0,0.00021207,0,0,0,0,0,0,0,0,0,0,0,0,0,0,0,0,0,0,0,0,0,0,0,0,0,0,0,0,0,0,0.000203432,0,0,0,0,0,0,0,0,0,0,0,0,0,0,0,0,0,0,0,0,0,0,0,0,0,0,0,0,0,0,0,0,0,0,0,0,0,0,0,0,0,0,0,0,0,0,0,0,0,0,0,0,0,0,0,0,0,0,0,0,0,0,0,0,0,0,0,0.000186157,0,0,0,0,0,0,0,0,0,0,3.93E-05,0,0,0,0,0,0,0,0,0,0,0,6.52E-05,0.000885815,0,0,0,0,0,0,0,0,0,0,0,0,0,0,0,0,0,0,0.00028981,0,0,0,0,0.000453927,0,0,0,0,0,6.52E-05,0,0,0,0,0,0,0,0,0,0,0,0,0,0,0,0,0,0,0,0,0,0,0,0,0,0,0,0,0,0,0,0,0
SRR17478138,PRJNA795297,COPD_Exacerbation,0.076320498,0.000414215,0,0,0.010349404,0.001205236,0.108720438,0.00024852,0,0.001703969,0,3.09E-05,0.004734579,0,0,0.000186651,0.000564938,0.00040507,0.000235978,0.003356787,0,0.000441349,0.000781829,0.000200976,0.000357238,0.000107968,0.00651803,0.000220915,9.90E-05,0,0.000155152,0,0,0,0.000973869,0,0,0,9.49E-05,0,0,0,5.88E-05,0,0,0,0,0,0,0,0,0,0,0,0,0,0,0,0,0,0,0,0,0,0,0.00016276,0,0.000667953,0,8.59E-05,0,0,0,0,0,0,0,0,0,0,0.000152345,0.000110756,0,0,0,0,0,0,0,0,0,0,0,0,0,0,0,0,0.001171297,0,0,0,0,0,0,0,0,0,0,0,0,0,0,0,0,0,0,0,0,0,0,0,0,0,0,0,0,0,0,0,0,0,0,0,0,0,0,0,0,0,0,0,0,0,0,0,0,0,0,0,0,0,0,0,0,0,0,0,0,0,0,0,0,0,0,0,0,0,0,0,0,0,0,0,0,0,0.005007964,0.060873574,0,0.362223469,0,0,0,0,0.000235525,0,0,0,0,0,0,0,0,0,0,0,0,0,0,0,0,0,0.002200647,0,0,0,0,0,0,0,0,0,0,0,0,0,0,0,0,0,0,0,0,0,0,0,0,0,0,0.000859373,0,0,0,0,0,0,0,0,0,0,0,0,0,0,0,0,0,0,0,0,0,0,0,0,0,0,0,0,0,0,0,0,0,0,0,0,0,0,0,0,0,0
SRR17478139,PRJNA795297,COPD_Exacerbation,0.060006211,0.007304085,0,0.015229762,0.03693558,0,0.189299366,0.007095699,0,0.004877806,0.028092445,0.003092548,0.000381576,0,0,0.001391613,0.000508702,0.002424165,0.001887469,0.010461865,0.000316657,0.001269275,0.00331586,0.003333566,0.04397214,0.001243875,0.002484273,0.015490572,0.009243416,0,0.072854225,0,0.002327451,0,0.108527103,0,0,0,0.001648085,0.006851471,0,0,0.001596198,0,0,0,0,0,0,0,0.005019864,0,0.005073108,0.019478973,0,0.009214549,0,0.004152671,0,0,0.001688831,0,0,0.000346045,0,0.048175342,0,0.003151232,0,0.003801682,0,0,0,0,0,0,0,0.000206586,0.004958574,0,0.000813997,0,0,0,0,0.003421333,0,0,0,0,0,0,0,0,0,0,0,0,0,0,0.000152171,0,0,0,0,0,0,0,0,0,0,0,0,0,0,0,0.001475859,0,0,0,0,0,0.01220605,0,0,0,0,0,0,0,0,0,0,0,0,0,9.20E-05,0,0,0,0,0,0,0,0,0,0,0,0,0,0,0,0,0,0,0,0,0,0,0,0,0,0,0,0,0,0,0,0,0,0,0,0,0,0,0,0,0.015475248,0,0.000412868,0.000713714,0,0,0,0,0,0,0.000352699,0,0,0,0,0,0,0,0.00107473,9.20E-05,0,0,0,0.000192248,0,0,0,0,0,0,0.016177224,0,0,0,0,0,0.000452981,0,0,0.000352699,0,0,0,0,0,0.001596198,0,0,0,9.20E-05,0,0,0,0,0,0,0,0.000733771,0,0,0,0,0.000513151,0,0,0,0,0,0,0,0,0,0,0,0,0,0,0,0,0,0,0,0,0,0,0,0,0,0,0,0,0,0,0,0
SRR23447766,PRJNA934046,COPD_Exacerbation,0.06202922,0,0,0.0697826,0.037640953,0,0,0.028094043,0,0,0.002085518,0.001291635,0,0,0.000849583,0,0.001511584,0.00682358,0.000280119,0.004119028,0,0,0.000551011,0.052631338,0.001196923,0.000774794,0.014698909,0.000575859,0.001484435,0.000952456,0,0,0,0,0,0.008650848,0,0,0,0,0,0,0,0,0,0,0,0,0,0,0,0,0,0,0,0,0,0.001078295,0.001306266,0,0,0,0,0,0,0.001413122,0,0,0,0.004427346,0,0,0,0,0,0,0,0,0,0,0,0.04412166,0,0,0,0,0,0,0,0,0,0.024994157,0,0,0,0,0,0,0.042844416,0,0,0,0,0,0,0,0,0,0,0,0,0,0.001318421,0,0,0,0,0.006271634,0,0,0,0.003156405,0,0,0,0,0,0,0,0,0,0,0,0,0,0,0.002751425,0,0,0,0,0,0,0,0.002066075,0,0,0,0,0,0,0,0,0.006614309,0,0,0,0,0,0,0,0,0,0.003810604,0.002097228,0,0,0,0,0,0,0,0,0,0,0,0.003966365,0,0,0,0,0,0,0.017860284,0.002252989,0,0,0.005679741,0,0,0,0,0,0,0.00879497,0,0.002502207,0,0,0,0,0.005523979,0,0,0,0,0,0,0,0.015181187,0,0,0.000601918,0,0,0,0,0,0,0,0,0,0,0,0,0.003000645,0,0,0,0,0,0,0,0,0,0,0,0,0.002315294,0,0.003810604,0,0,0.019044071,0.011847893,0,0,0.001754553,0,0,0.002876036,0,0,0,0.004776324,0,0.002595665,0.003810604,0,0,0,0.003281014,0.001100355,0,0,0.001567639,0,0.002066075,0,0,0,0
SRR23447767,PRJNA934046,COPD_Exacerbation,0.094606828,0.003454185,0,0.072985308,0.044078097,0,0,0.03722817,0,0.001791117,0.002396322,0.001408044,0.001605528,0,0.000792839,0,0,0.006844069,0,0.00250511,0,0,0.000358074,0.031832754,0.001571175,0.001188546,0.012727189,0.000256185,0.000840961,0.00117046,0,0,0,0,0,0.00736639,0,0,0.00040663,0,0,0,0,0,0,0,0,0,0,0,0,0,0,0,0,0,0,0.000864856,0.000783853,0,0.000379058,0,0,0,0,0.001114513,0,0,0,0.003218705,0,0.001338093,0.00067173,0,0,0,0,0,0,0,0,0.028888682,0,0,0,0,0,0,0,0,0,0.016813197,0,0,0,0,0,0,0.029743583,0,0,0,0,0,0,0,0,0,0,0,0,0,0.001959284,0,0,0,0,0.002119577,0,0,0,0.001531833,0,0,0,0,0,0,0,0,0,0,0,0,0,0,0.002226441,0,0,0,0,0,0,0,0.002092862,0,0,0,0,0,0,0,0,0.004791145,0,0,0,0,0,0,0,0,0,0.002413451,0.003829381,0,0,0,0,0,0,0,0,0,0,0,0.001424971,0,0,0,0,0,0,0.011176191,0.004069822,0.000596785,0,0.006714674,0,0,0,0,0.000783794,0,0.009867123,0,0.002707323,0,0,0,0,0.003669087,0.000570069,0,0,0,0,0,0,0.007569576,0,0,0.00099752,0,0,0,0,0,0,0,0,0,0,0,0,0.001104382,0,0,0,0,0,0,0,0,0,0,0,0,0,0,0.006153644,0,0,0.014301924,0.008558055,0.000169334,0,0.001344824,0.000623501,0,0.002092862,0,0,0,0.004283548,0,0.001905852,0.004016391,0,0,0,0.002413451,0.001665412,0,0,0.001211245,0,0.000757079,0,0,0,0
SRR23447768,PRJNA934046,COPD_Exacerbation,0.137937712,0.007721751,0.01960282,0,0.034473388,0,0,0.111985791,0,0.015122773,0.020637905,0.080292424,0.00193303,0,0.000453197,0.000576971,0.00410186,0.004114923,0.002157243,0.002737661,0,0.002416216,0.013912712,0.026093463,0.001013816,0.002404529,0,0.047424055,0.004258355,0,0,0,0,0,0,0.00566782,0,0,0.001475533,0,0,0,0,0,0,0,0,0,0,0,0,0,0,0,0,0,0,0.0004681,0,0,0.000301932,0,0,0,0,4.22E-05,0,0.000665933,0,0.002564554,0,0,0.000544073,0,0,0,0,0,0,0,0.003039145,0.024228533,0,0,0,0,0,0,0,0,0,0.009807627,0,0,0,0,0,0,0.023571889,0,0,0,0,0,0,0,0,0,0,0,0,0,0.000513593,0,0,0,0,0.004049367,0,0,0,0.001195492,0,0,0,0,0,0,0,0,0,0,0,0,0,0,0.000993448,0,0,0,0,0,0,0,0,0,0,0,0,0,0,0,0,0.006600175,0,0,0,0,0,0,0,0,0,0.002584546,0.005185866,0,0,0,0,0,0,0,0,0,0,0,0.00132177,0.00132177,0,0,0,0,0,0.010186459,0.001170237,0,0,0,0,0,0,0,0.001170237,0,0.006524408,0,0.002003669,0,0,0,0,0.002104691,0.00058936,0,0,0,0,0,0,0.008570106,0,0,0,0,0,0,0,0,0,0,0,0,0,0,0.00036206,0.001347026,0,0,0,0,0,0,0,0,0,0,0,0,0.00250878,0,0.002205714,0,0,0.010439016,0.00826704,0,0,0.001246003,0,0,0.004099878,0,0,0.000513593,0,0,0.001902647,0,0,0,0,0.000614616,0.001801625,0,0,0.000968192,0,0.001144981,0,0,0,0
SRR23447769,PRJNA934046,COPD_Exacerbation,0.021541411,0.000515301,0,0.000253833,0.814199179,0,0,0.003331275,0,0.000647182,0.000736837,0.001387269,0.001561352,0,0.000157034,0,0,0.000826857,0,0.002696973,0,0,0,0.003756223,0.000255357,0.000337233,0,0.000243597,0.000285517,0,0,0,0,0,0,0.000820074,0,0,0,0,0,0,0,0,0.000387609,0,0,0,0,0,0,0,0,0,0,0,0,0,5.63E-05,0,0,0,0,0,0,0,0,0,0,0.000405611,0,0,0,0,0,0,0,0,0,0,0,0.004804966,0,0,0,0,0,0,0,0,0,0.001449582,0,0,0,0,0,0,0.003878563,0,0,0,0,0,0,0,0,0,0.000206847,0,0,0,0.000161657,0,0,0,0,0.000297228,0,0,0,0,0,0,0,0,0,0,0,0,0,0,0,0,0,0,0.000172955,0,0,0,0,0,0,0,0,0,0,0,0,0,0,0,0,0.001314011,0,0,0,0,0,0,0,0,0,0.000161657,0,0,0,0,0,0,0,0,0,0,0,0,0,0,0,0,0,0,0,0.001754617,0.000715239,0,0,0,0,0,0,0,0,0,0.001449582,0,0,0,0,0,0,0.000590965,0,0,0,0,0,0,0,0.001449582,0,0,0.000127764,0,0,0,0,0,0,0,0,0,0,0,0,0,0,0,0,0,0,0,0,0,0,0,0,0,0.000274633,0,0.003087732,0,0,0.002037057,0.001065464,0,0,0.000342419,0,0,0.00056837,0,0,0,0,0,0.000342419,0.000444097,0,0,0,0.000139062,0.000150359,0,0,0,0,0,0,0,0,0
SRR23447770,PRJNA934046,COPD_Exacerbation,0.288179482,0,0,0,0.038366457,0,0,0.035208988,0,0.003188582,0.015741661,0.022551243,0.005467988,0,0.032208536,0,0,0.000702065,0.008113767,0.005133605,0.00114664,0,0.036029047,0.010083413,0.005764561,0.003532994,0,0,0.00943186,0,0.046236132,0,0,0,0.001325124,0.001639,0,0,0.002771052,0,0,0,0,0,0,0,0,0,0,0,0,0.002420592,0.014213407,0,0,0.006201494,0,0.001061863,0.001055797,0,0,0,0,0,0,0,0,0.007750816,0,0,0,0,0,0,0,0,0,0,0,0,0.002138062,0.02837784,0,0,0,0,0,0,0,0,0,0.00459081,0,0,0,0,0,0,0.006812167,0,0,0,0,0,0,0,0,0,0.002508288,0,0,0,0,0,0,0,0,0,0,0,0,0,0,0,0,0,0.012920899,0,0,0,0,0,0,0,0,0,0,0,0,0,0,0,0,0,0,0,0,0,0.003526409,0,0,0,0,0.033237058,0,0,0,0,0,0,0,0,0,0,0,0,0,0,0,0,0,0,0,0,0,0,0,0,0,0,0,0,0,0,0.003618967,0.002415732,0,0,0,0.002230619,0,0,0.001351332,0,0,0,0,0,0,0,0,0.001351332,0.007182394,0,0,0,0,0,0,0,0,0,0,0,0,0,0,0,0.004729645,0,0,0,0,0,0,0,0,0,0,0,0,0,0,0,0,0,0,0,0,0,0.005284984,0,0.00380408,0,0,0.003942914,0,0,0.001305054,0,0,0,0,0,0,0.002554566,0,0,0,0.001166218,0,0,0,0,0,0,0,0,0,0,0,0
SRR23447771,PRJNA934046,COPD_Exacerbation,0.186994013,0,0,0,0.017116088,0,0,0,0,0.005316688,0,0.000678443,0,0,0.052742295,0,0,0.000771464,0,0.006990226,0,0,0.000619646,0.010416753,0.008730487,0,0,0,0,0,0.001205258,0,0,0,0.008745321,0,0,0,0,0,0,0,0,0,0,0,0,0,0,0,0,0.006477153,0.00021464,0,0,0,0,0.006778737,0.000437283,0,0,0,0,0,0,0,0,0,0,0.000200435,0,0,0.001044846,0,0,0,0,0,0,0,0,0.108103284,0,0,0,0,0,0,0,0,0,0.005727657,0.008754781,0,0,0,0,0,0.03175251,0,0,0,0,0,0,0,0,0,0.003835706,0,0,0,0,0,0,0,0,0.008628651,0,0,0,0.002196015,0,0,0,0,0.013589769,0,0,0,0,0,0,0,0,0,0,0,0,0,0,0,0,0,0,0,0,0,0.008880911,0,0,0,0,0.069675637,0,0,0,0,0,0,0,0,0,0.001859666,0,0,0,0,0,0,0,0,0,0,0,0,0,0.003415273,0,0,0,0,0,0,0.00724122,0.004718617,0,0,0,0,0,0,0.00488679,0,0,0,0,0,0,0,0,0,0.026791391,0,0,0,0,0,0,0.005643571,0,0,0,0,0,0,0,0,0.011739861,0,0,0,0,0,0,0.003289142,0,0,0,0,0,0,0,0,0,0,0,0,0,0,0.024731265,0.01085695,0.005727657,0,0,0,0.003877749,0.006736699,0.006148092,0.005979918,0,0.003919793,0,0,0,0,0,0,0,0.000892669,0.003499359,0,0,0,0,0,0.001229016,0,0,0,0,0
SRR23447772,PRJNA934046,COPD_Exacerbation,0.137561217,0.002126242,0,0,0.04841462,0,0,0.021756881,0,0.004177583,0.001998655,0.004719151,0.001012126,0,0.001401049,0,0,0.006762277,0,0.006106196,0,0,0,0.049054665,0.001215222,0.000412099,0,0.000430073,0.000775263,0,0,0,0,0,0,0.010163796,0,0,0,0,0,0,0,0,0.002341751,0,0,0,0,0,0,0,0,0,0,0,0,0.002499027,0,0,0,0,0,0,0,0,0,0,0,0.004334013,0,0,0.001022608,0,0,0,0,0,0,0,0.000408283,0.044202869,0,0,0,0,0,0,0,0,0,0.04263768,0,0,0,0,0,0,0.038801435,0,0,0,0,0,0,0,0,0,0,0,0,0,0.002495201,0,0,0,0,0.004336599,0,0,0,0.002986241,0,0,0,0,0,0,0,0,0,0,0,0,0,0,0.002157611,0,0,0,0,0,0,0,0,0,0,0,0,0,0,0,0,0.009922174,0,0,0,0,0,0,0,0,0,0.004520738,0.005349369,0,0,0,0,0,0,0,0,0,0,0,0,0,0,0,0,0,0,0.020356763,0.001727952,0,0,0,0,0,0,0,0.001881401,0,0.012776341,0,0.006300757,0,0,0,0,0.001758642,0,0,0,0,0,0,0,0.014249459,0,0,0.001451742,0,0,0,0,0,0,0,0,0,0,0,0,0.00313969,0,0,0,0,0,0,0,0,0,0,0,0,0,0,0.006270067,0,0,0.019650893,0.014740499,0,0,0,0.000715183,0,0.008142155,0,0,0,0,0,0.002372441,0.003507969,0,0,0,0.002771411,0.002740721,0,0,0.00271003,0,0,0,0,0,0
SRR23447773,PRJNA934046,COPD_Exacerbation,0.020664862,0.001644197,0,0.000504627,0.047095144,0,0,0.038721024,0,0.005868042,0.005097185,0.004102116,0.002787392,0,0.001212672,0,0.00083258,0.007847754,0.000279169,0.009538005,0,0.000469471,0.004881053,0.058715479,0.003532095,0.001718079,0,0.001974862,0.002029931,0,0,0,0,0,0,0.010820475,0,0,0.000270885,0,0,0,0,0,0,0,0,0,0,0,0,0,0,0,0,0,0,0.000136991,0,0,0.000721541,0,0,0,0,0,0,0,0,0.004403128,0,0,0,0,0,0,0,0,0,0,0,0.063432968,0,0,0,0,0,0,0,0,0,0.032554757,0,0,0,0,0,0,0.044906042,0,0,0,0,0,0,0,0,0,0,0,0,0,0.002460753,0,0,0,0,0.002297377,0,0,0,0.002918208,0,0,0,0,0,0,0,0,0,0,0,0,0,0,0.001611194,0,0,0,0,0,0,0,0,0,0,0,0,0,0,0,0,0.009257227,0,0,0,0,0,0,0,0,0,0.00445395,0.009126526,0,0,0,0,0,0,0,0,0,0,0,0.005957016,0.000402206,0,0,0,0,0,0.019876718,0.000598258,0.000336855,0,0,0,0,0,0,0.001447818,0,0.009910735,0,0.006447146,0,0,0,0,0.00445395,0,0,0,0,0,0,0,0.016217079,0,0,0.00128444,0,0,0,0,0,0,0,0,0,0,0,0,0,0,0,0,0,0,0,0,0,0,0,0,0,0.005564913,0,0.005401535,0,0,0.020628252,0.014942739,0,0,0.004127197,0.000336855,0,0.005466886,0,0,0,0,0,0.006316445,0.003310313,0,0,0,0.003800443,0.003931145,0,0,0.002395402,0,0.001480493,0,0,0,0
SRR23447774,PRJNA934046,COPD_Exacerbation,0.196519696,0.001561999,0,0,0.505205513,0,0,0.014146957,0,0.014383841,0.001101755,0.001868653,0,0,0,0,0,0,0,0.000552158,0.054188853,0,0.000509111,0.002260422,0.120201635,0,0,0,0.000260689,0.000199937,0,0,0,0,0,0.000647245,0,0,0,0,0,0,0,0,0,0,0,0,0,0,0,0,0,0,0,0.000104367,0,0,0,0,0,0,0,0,0,0.000126648,0,0.000165293,0,0.000366618,0,0,0,0,0,0,0,0,0,0,0,0.002622541,0,0,0,0,0,0,0,0,0,0,0,0,0,0,0,0,0.002736374,0,0,0,0,0,0,0,0,0,0,0,0,0,0,0,0,0,0,0.000329619,0,0,0,0,0,0,0,0,0,0,0,0,0,0,0,0,0,0,0,0,0,0,0,0,0,0,0,0,0,0,0,0,0,0,0,0,0,0,0,0,0,0,0,0,0,0,0,0,0,0,0,0,0,0,0,0,0,0,0,0,0,0,0,0,0,0.000817475,0,0,0,0,0,0,0,0,0,0,0.000638595,0,0.000589809,0,0,0,0,0,0,0,0,0,0,0,0,0.001061403,0,0,0,0,0,0,0,0,0,0,0,0,0,0,0,0.000215787,0,0,0,0,0,0,0,0,0,0,0,0,0,0,0.000280834,0,0,0.001077665,0.000671118,0,0,0,0,0,0.000345882,0,0,0,0,0,0.000362144,0,0,0,0,0,0,0,8.57E-05,0.00024831,0,0,0,0,0,0
SRR23447775,PRJNA934046,COPD_Exacerbation,0.180480994,0.011535094,0.033066353,0,0.019273129,0,0,0.003585638,0,0.033779308,0.011597211,0.00262176,0,0,0.055769222,0,0.000729842,0,0,0.005686945,0,0,0.009894022,0.007247338,0.00505409,0.001457431,0,0,0.000965026,0,0.002218244,0,0,0,0.004980622,0.003023441,0,0,0.000610791,0,0,0,0,0,0,0,0,0,0,0,0,0.013375341,0,0,0,0.000527906,0,0.0009933,0,0,0,0,0,0,0,0.000310186,0,0,0,0,0,0,0.002014398,0,0,0,0,0,0,0,0,0.083144174,0,0,0,0,0,0,0,0,0,0.007483422,0.008313845,0,0,0,0,0,0.030550724,0,0,0,0,0,0,0,0,0,0.004438538,0,0,0,0,0,0,0,0,0.004669212,0,0,0,0.004438538,0,0,0,0,0.015464708,0,0,0,0,0,0,0,0,0,0,0,0,0,0,0,0,0,0,0,0,0,0.010297633,0,0,0,0,0.070457157,0,0,0,0,0,0,0,0,0,0.00245475,0,0,0,0,0,0,0,0,0,0,0,0,0,0,0,0,0,0,0,0,0.003239038,0.006975942,0,0,0,0.002177943,0,0,0.002224077,0,0,0,0,0,0,0,0,0,0.020816323,0,0,0,0,0,0,0,0,0,0,0,0,0,0,0,0.014588151,0,0,0,0,0,0.002593153,0,0,0,0,0,0,0,0,0,0,0,0,0,0,0,0.016248997,0.007990902,0.005084422,0,0,0.011174191,0.007575691,0.00485375,0.003931057,0,0,0.005315095,0,0,0,0,0,0,0.002962231,0,0,0,0,0,0,0,0.000470963,0,0,0,0,0
SRR23447776,PRJNA934046,COPD_Exacerbation,0.211784808,0.001786823,0,0,0.017274279,0,0,0.001606457,0,0.003501597,0.003294217,0.00216564,0,0,0.05942171,0,0,0,0,0.005894587,0,0,0,0.010925386,0.0131114,0,0,0,0,0,0.001579168,0,0,0,0.005277057,0.000304825,0,0,0.000913489,0,0,0,0,0,0,0,0,0,0,0,0,0.002145036,0,0,0,0,0,0.004858782,0.00133584,0,0,0,0,0,0,0,0,0,0,0,0,0,0.001554674,0,0,0,0,0,0,0,0,0.096082238,0,0,0,0,0,0,0,0,0,0.004563971,0.004806211,0,0,0,0,0,0.029853825,0,0,0,0,0,0,0,0,0,0.006162755,0,0,0,0,0,0,0,0,0.000833475,0,0,0,0.00485466,0,0,0,0,0.002674499,0,0,0,0,0,0,0,0,0,0,0,0,0,0,0,0,0,0,0,0,0,0.006889474,0,0,0,0,0.075443391,0,0,0,0,0,0,0,0,0,0,0,0,0,0,0,0,0,0,0,0,0,0,0,0.001414851,0,0,0,0,0,0,0.004031043,0.003498115,0,0,0,0.002383811,0,0,0,0,0,0,0,0,0,0,0,0,0.025784194,0,0,0,0,0,0,0.005048451,0,0,0,0,0,0,0,0,0.019389058,0,0,0,0,0,0.009263426,0.002335363,0,0,0,0,0,0,0,0,0,0,0,0,0,0,0.014398914,0.016288386,0.007616194,0,0,0.008972739,0,0,0.003062083,0.003934147,0,0.000881924,0.004224835,0,0,0,0,0,0,0.00170554,0.000833475,0,0,0.001463299,0,0,0,0,0,0,0,0
SRR23447777,PRJNA934046,COPD_Exacerbation,0.443865561,0.003541877,0,0,0,0,0.041268273,0.002359607,0,0.016233536,0.001442576,0.000626057,0.011870081,0,0.000743749,0,0,0,0.000965146,0.003705997,0,0,0.006099119,0,0,0.027171922,0,0.004934886,0.005392759,0,0.000115953,0,0.000351305,0,3.32E-05,0,0,0,0.001138719,0,0,0,0,0,0,0,0,0,0,0,0,0,0.000879612,0,0,0.000366876,0,0,0,0,0.001873385,0,0,0,0,0.000649723,0,0.000370697,0,9.10E-05,0,0,0,0,0,0,0,0,0,0,0,0.002305,0,0,0,0,0,0,0,0,0,0,0,0,0,0,0,0,0,0,0,0,0,0,0,0,0,0,0,0,0,0,0,0,0,0,0,0,0,0,0,0,0,0,0,0,0,0,0,0,0,0,0,0,0,0,0,0,0,0,0,0,0,0,0,0,0,0,0,0,0,0,0,0.000570952,0,0,0,0,0,0,0,0,0,0,0,0,0,0,0,0,0,0,0,0,0,0,0,0,0,0,0,0,0,0,0,0,0,0,0,0,0,0,0,0,0,0,0,0,0,0,0,0,0,0,0,0,0,0,0,0,0,0,0,0,0,0,0,0,0,0,0,0,0,0,0,0,0,0,0,0,0,0,0,0,0,0,0,0,0,0,0.000409645,0,0,0,0,0,0,0,0,0,0,0,0,0,0,0,0,0,0,0,0,0,0,0,0,0,0,0,0,0,0,0
SRR23447778,PRJNA934046,COPD_Exacerbation,0.25987651,0.023628432,0,0,0.024602926,0,0,0.027652802,0,0.012975079,0.005412443,0.043174732,0,0,0.043798283,0,0,0.005288525,0,0.033026364,0,0.000863484,0.003375482,0.008983936,0.004333211,0.00112629,0,0,0.00327022,0,0,0,0,0,0.002139829,0,0,0,0,0,0,0,0,0,0,0,0,0,0,0,0,0.003158193,0,0.001586432,0,0,0,0.00698521,0.001745273,0,0,0,0,0,0,0,0,0,0,0.000171411,0,0.000302126,0,0,0,0,0,0,0,0,0.002433534,0.072315222,0,0,0,0,0,0,0,0,0,0.003418316,0.004819738,0,0,0,0,0,0.016978016,0,0,0,0,0,0,0,0,0,0,0,0,0,0,0,0,0,0,0,0,0,0,0,0,0,0,0,0.010917815,0,0,0,0,0,0,0,0,0,0.000577598,0,0,0,0,0,0,0,0,0,0,0,0.003569821,0,0,0,0,0.059247915,0,0,0,0,0,0,0,0,0,0.003834956,0,0,0,0,0,0,0,0,0,0,0,0,0,0,0,0,0,0,0,0,0.003721327,0.002471411,0,0,0,0.0021684,0,0,0.002016895,0,0.000463969,0,0,0,0,0,0,0,0.013114637,0,0,0,0,0,0,0,0,0,0.00065335,0,0,0,0,0,0.007584705,0,0,0,0,0,0.002282029,0,0,0,0,0,0,0,0,0,0,0,0,0,0,0,0.035310122,0,0.003645574,0,0,0,0.003569821,0.003797079,0.002585038,0.003039554,0,0,0.003759202,0,0,0,0,0,0,0,0,0,0,0.00277442,0,0,0.000842732,0,0,0,0,0
SRR23447779,PRJNA934046,COPD_Exacerbation,0.258333269,0.036922316,0,0,0.030136588,0.011559832,0,0.003065981,0,0.041688169,0,0.001531286,0.09717333,0,0.02172833,0,0,0.000893843,0,0.299991843,0,0,0.001742664,0.001216242,0.001459559,0,0,0,0,0,0.000903546,0,0,0,0.00160327,0.000306858,0,0,0,0,0,0,0,0,0,0,0,0,0,0,0,0.003745077,0,0,0,0,0,0,0,0,0,0,0,0,0,0,0,0,0,0,0,0,0,0,0,0,0,0,0,0,0,0.016960135,0,0,0,0,0,0,0,0,0,0.003786816,0,0,0,0,0,0,0.007280959,0,0,0,0,0,0,0,0,0,0.002702426,0,0,0,0,0,0,0,0,0.000935274,0,0,0,0,0,0,0,0,0.006477707,0,0,0,0,0,0,0,0,0,0,0,0,0,0,0,0,0,0,0,0,0,0.003264703,0,0,0,0,0.024028746,0,0,0,0,0,0,0,0,0,0,0,0,0,0,0,0,0,0,0,0,0,0,0,0,0,0,0,0,0,0,0,0,0,0,0,0,0,0,0,0,0,0,0,0,0,0,0,0,0.005915432,0,0,0,0,0,0,0,0,0,0,0,0,0,0,0,0.007321122,0,0,0,0,0,0.001296738,0,0,0,0,0,0,0,0,0,0,0,0,0,0,0,0.004509742,0.009409575,0.002622101,0,0,0.000654136,0,0.001658201,0.000372998,0,0,0,0.000332836,0,0,0,0,0,0,0,0,0,0,0,0.002220476,0,0,0,0,0,0,0
SRR23447780,PRJNA934046,COPD_Exacerbation,0.209424639,0.005295172,0,0,0.045493148,0,0,0,0,0.080317888,0,0.036017857,0.001340383,0,0.026725947,0,0,0.000391549,0,0.017097039,0,0,0.00128467,0.004426695,0.004769184,0.002971361,0,0.006058638,0,0,0.083377697,0,0,0,0.002101541,0.000569699,0,0,0.000376177,0,0,0,0,0,0,0,0,0,0,0,0,0,0,0,0,0,0,0.002811713,0,0,0,0,0,0,0,0,0,0,0,0.000270298,0,0,0,0,0,0,0,0,0,0,0,0.034516498,0,0,0,0,0,0,0,0,0,0.007171376,0.000660632,0,0,0,0,0,0.01229316,0,0,0,0,0,0,0,0,0,0,0,0,0,0,0,0,0,0,0.003438549,0,0,0,0,0,0,0,0,0.006042847,0,0,0,0,0,0,0,0,0,0.002440235,0,0,0,0,0,0,0,0,0,0,0,0.006216466,0,0,0,0,0.043327704,0,0,0,0,0,0,0,0,0,0.003481954,0,0,0,0,0,0,0,0,0,0,0,0,0,0,0,0,0,0,0,0,0.018586879,0,0,0,0,0,0,0,0.000877656,0,0.001745756,0,0,0,0,0,0,0,0.006173062,0,0,0,0,0,0,0,0,0,0.001007871,0,0,0,0,0,0.00721478,0,0,0,0,0,0.001745756,0.001962781,0,0,0,0,0,0,0,0,0,0,0,0,0,0,0.008299903,0,0.003742384,0,0,0.003047904,0.006780731,0,0.002092995,0,0,0.001224896,0.002092995,0,0,0,0,0,0.00222321,0.000834252,0,0,0,0,0,0,0,0,0,0,0,0
SRR23447781,PRJNA934046,COPD_Exacerbation,0.31393351,0.089158971,0,0,0.002828696,0,0.02574207,0.166312167,0,0.113161383,0.000753437,0.000528664,0.020550568,0,0.010831191,0.003941185,0,0.008621483,0,0.004014525,0.00439444,0,0.059387082,0.000782186,0.001958082,0.00221672,0,0,0.004413311,0,0.000677779,0,0.001615529,0,0.000670277,0,0,0,0.010384578,0,0,0,0,0,0,0,0,0,0,0,0,0,0.002327866,0,0,0,0,0.001557777,0,0,0,0,0,0,0,0,0,0.003614865,0,0.000185286,0,0,0,0,0,0,0,0,0.000152485,0,0.005351651,0.008736973,0,0,0,0,0,0,0,0,0,0.000847215,0.00039957,0,0,0,0,0,0.004708161,0,0,0,0,0,0,0,0,0,0,0,0,0,0,0,0,0,0,0.000427547,0,0,0,0,0,0,0,0,0.003057466,0,0,0,0,0,0,0,0,0,0.000875193,0,0,0,0,0,0,0,0,0,0,0,0.000819237,0,0,0,0,0.012122293,0,0,0,0,0,0,0,0,0,0.001126994,0,0,0,0,0,0,0,0,0,0,0,0,0,0,0,0,0,0,0,0,0,0,0,0,0,0,0,0,0.000483503,0,0,0,0,0,0,0,0,0,0.001602618,0,0,0,0,0,0,0.002050263,0,0,0,0,0,0,0,0,0.002581843,0,0,0,0,0,0.000483503,0,0,0,0,0,0,0,0,0,0,0,0,0,0,0,0.002246108,0,0.00118295,0,0,0.001015082,0,0,0.001266883,0,0,0,0,0,0,0.00104306,0,0,0,0,0,0,0,0.000707326,0,0,0,0,0,0,0,0
SRR23447782,PRJNA934046,COPD_Exacerbation,0.393304609,0,0,0,0.000886041,0.002197718,0,0.1085325,0,0.093350119,0,0.044460514,0.194918314,0,0.002267223,0,0,0.000234191,0,0.000236964,0,0,0,0.015237279,0,0.001208179,0,0,0.000121257,0,0,0,9.67E-05,0,7.81E-05,8.33E-05,0,0,0,0,0,0,0,0,0,0,0,0,0,0,0,0,0,0,0,0,0,0,7.21E-05,0,0,0,0,0,0,0,0,0.003464157,0,0,0,0,0,0,0,0,0,0,0,0,0.002500648,0.000877635,0,0,0,0,0,0,0,0,0,0,0,0,0,0,0,0,0.001018767,0,0,0,0,0,0,0,0,0,0,0,0,0,0,0,0,0,0,0,0,0,0,0,0,0,0,0,0,0,0,0,0,0,0,0,0,0,0,0,0,0,0,0,0,0,0,0,0,0,0,0,0,0,0,0.00313574,0,0,0,0,0,0,0,0,0,0,0,0,0,0,0,0,0,0,0,0,0,0,0,0,0,0,0,0,0,0,0,0,0,0,0,0,0,0,0,0,0,0,0,0,0,0,0,0,0.000430719,0,0,0,0,0,0,0,0,0,0,0,0,0,0,0,0.000783548,0,0,0,0,0,0,0,0,0,0,0,0,0,0,0,0,0,0,0,0,0,0.000289588,0,0.000524806,0,0,0,0,0,0.000195499,0,0,0,0,0,0,0,0,0,0,0,0,0,0,0,0,0,0,0,0,0,0,0
SRR23447783,PRJNA934046,COPD_Exacerbation,0.198630511,0.004087237,0,0.011167617,0.03064481,0,0,0.00381795,0,0.001666214,0.003387486,0.001751242,0.002611576,0,0.04050099,0,0.000412058,0.002944085,0.001750395,0.005834326,0.001274051,0,0.006651352,0.008821606,0,0,0,0.001019757,0.000456302,0,0.013559729,0,0,0,0.001233447,0.001907447,0,0,0,0,0,0,0,0,0,0,0,0,0,0,0,0.003548703,0,0,0,0,0,0.008193549,0.000733724,0,0,0,0,0,0,0,0,0,0,0,0,0,0,0,0,0,0,0,0,0,0,0.067751807,0,0,0,0,0,0,0,0,0,0.004639965,0,0,0,0,0,0,0.023361948,0,0,0,0,0,0,0,0,0,0,0,0,0,0,0,0,0,0,0,0,0,0,0,0,0,0,0,0.015378159,0,0,0,0,0,0,0,0,0,4.93E-05,0,0,0,0,0,0,0,0,0,0,0,0.007953237,0,0,0,0,0.063680074,0,0,0,0,0,0,0,0,0,0,0,0,0,0,0,0,0,0,0,0,0,0,0,0,0,0,0,0,0,0,0.003482316,0.002005315,0,0,0,0,0,0,0.001047261,0,0.000767828,0,0,0,0,0,0,0.000488396,0.011625779,0,0,0,0,0,0,0.001206937,0,0,0,0,0,0,0,0,0.011785455,0,0,0,0,0,0.001646046,0.004600046,0,0,0,0,0,0,0,0,0,0,0,0,0,0,0.008831454,0.005039155,0.00372183,0,0,0.005079074,0.005717777,0.002045234,0.002324667,0,0,0,0.002045234,0.005079074,0,0,0,0,0.002763776,0.002324667,0,0,0,0.002404505,0.002564181,0,0.000568234,0,0,0,0,0
SRR23447784,PRJNA934046,COPD_Exacerbation,0.099272922,0.201262867,0,0,0.000888956,0,0,0.267979537,0,0.161980213,0,0,0,0,0.003241921,0,0,0.003474472,0,0.000174913,0,0,0,0.000402023,0,0.011328758,0,0,0.001738415,0,0.000311663,0,0,0,0,0,0,0,0.008575246,0,0,0,0,0,0,0,0,0,0,0,0,0.000212042,0,0,0,0,0,0,0,0,0,0,0,0,0,0,0,0,0,0,0,0,0,0,0,0,0,0,0,0,0.000464504,0.002011342,0,0,0,0,0,0,0,0,0,0.000363072,0,0,0,0,0,0,0.000971663,0,0,0,0,0,0,0,0,0,0,0,0,0,0,0,0,0,0,0,0,0,0,0,0,0,0,0,0,0,0,0,0,0,0,0,0,0,0,0,0,0,0,0,0,0,0,0,0,0,0.001098453,0,0,0,0,0.004394992,0,0,0,0,0,0,0,0,0,0,0,0,0,0,0,0,0,0,0,0,0,0,0,0,0,0,0,0,0,0,0,0,0,0,0,0,0,0,0,0,0,0,0,0,0,0,0,0,0.000920947,0,0,0,0,0,0,0.00051522,0,0,0,0,0,0,0,0,0.000743442,0,0,0,0,0,0.000236282,0,0,0,0,0,0,0,0,0,0,0,0,0,0,0,0.002315637,0,0.000439146,0,0,0,0,0,0.000286998,0,0,0,0,0,0,0,0,0,0,0.000236282,0,0,0,0,0,0,0,0,0,0,0,0
SRR23447785,PRJNA934046,COPD_Exacerbation,0.055954396,0.00991719,0,0,0.00176714,0,0.020711019,0.450023187,0,0.00705699,0.000703843,0.011773686,0,0,0.00779099,0.003539304,0,0.026512829,0,0.001208254,0,0,0.00719418,0.012773952,0.001526208,0,0,0.000634478,0.005219569,0,0.00017053,0,0,0,0.000374439,0.000420023,0,0,0.000504436,0,0,0,0,0,0,0,0,0,0,0,0,0.001327686,0,0,0,0,0,0.00052513,0.000237841,0,0,0,0,0,0,0,0,0.000449305,0,0,0,0,0,0,0,0,0,0,0,0,0.01621364,0.011866991,0,0,0,0,0,0,0,0,0,0.000779352,0,0,0,0,0,0,0.002676407,0,0,0,0,0,0,0,0,0,0,0,0,0,0,0,0,0,0,0.000355737,0,0,0,0.000668844,0,0,0,0,0.00199494,0,0,0,0,0,0,0,0,0,0.000503082,0,0,0,0,0,0,0,0,0,0,0,0.001460818,0,0,0,0,0.00698622,0,0,0,0,0,0,0,0,0,0.000558336,0,0,0,0,0,0,0,0,0,0,0,0,0,0.000816188,0,0,0,0,0,0,0.000613589,0.000632007,0,0,0,0,0,0,0,0,0,0,0,0,0,0,0,0,0.001331892,0,0,0,0,0,0,0.000466246,0,0,0,0,0,0,0,0,0.00098195,0,0,0,0,0,0.000687262,0.000355737,0,0,0,0,0,0,0,0,0,0,0,0,0,0,0.002400137,0,0.001110876,0,0,0.001773924,0,0.000410992,0.000337319,0,0,0,0.000337319,0,0,0.001110876,0,0,0,0,0,0,0,0,0,0,0,0,0,0,0,0
SRR23447786,PRJNA934046,COPD_Exacerbation,0.009436298,0.008122329,0,0,0.057909204,0,0,0,0,0.044676058,0,0,0,0,0.005433553,0,0,0,0,0.741301185,0,0.026871554,0,0.000210331,0.000997871,0,0.018851691,0.02420537,0,0,0,0,0,0,0,0.000287941,0,0,0,0,0,0,0,0,0,0,0,0,0,0,0,0.000219757,0,0,0,0,0,0.000945781,0,0,0,0,0,0,0,0,0,0,0,0,0,0,0.000134392,0,0,0,0,0,0,0,0,0.007340064,0,0,0,0,0,0,0,0,0,0.000755708,0.003271079,0,0,0,0,0,0.002531264,0,0,0,0,0,0,0,0,0,0.001458531,0,0,0,0,0,0,0,0,0,0,0,0,0,0,0,0,0,0.001014642,0,0,0,0,0,0,0,0,0,0,0,0,0,0,0,0,0,0,0,0,0,0,0,0,0,0,0.007451036,0,0,0,0,0,0,0,0,0,0.000496771,0,0,0,0,0,0,0,0,0,0,0,0,0,0.001273577,0,0,0,0,0,0,0.00086668,0,0,0,0,0,0,0,0,0,0,0,0,0,0,0,0,0,0.001569505,0,0,0,0,0,0,0,0,0,0,0,0,0,0,0,0.001310568,0,0,0,0,0,0,0,0,0,0,0,0,0,0,0,0,0,0,0,0,0,0.002198347,0,0.00045978,0,0,0.00094066,0.001051634,0,0,0,0,0,0.000311817,0.001939411,0,0,0,0,0,0,0,0,0,0,0,0,0.002383301,0,0,0,0,0
SRR23447787,PRJNA934046,COPD_Exacerbation,0.075966331,0,0,0,0.006154961,0,0,0.04092788,0,0.004947275,0.000887261,0.007150821,0,0,0.019565666,0.000529352,0,0.359170645,0,0.003501706,0,0,0.003565525,0.001917049,0.001498765,0,0.000110084,0,0.007143151,0.000145797,0.004866686,0,0,0,0.002118797,0,0,0,0,0,0,0,0,0,0,0,0,0,0,0,0,0.003251466,0,0.000284566,0,0,0,0.000494241,0.000235255,0,0,0,0,0,0,0,0,0.000217812,0,0.000142705,0,0.00037105,0.000490608,0,0,0,0,0,0,0,0.00127759,0.025538872,0,0,0,0,0,0,0,0,0,0.002360016,0,0,0,0,0,0,0.008070749,0,0,0,0,0,0,0,0,0,0.00120294,0,0,0,0,0,0,0,0,0.000680389,0,0,0,0.001949441,0,0,0,0,0.00512207,0,0,0,0,0,0,0,0,0,0,0,0,0,0,0,0,0,0,0,0,0,0.003890343,0,0,0,0,0.021433117,0,0,0,0,0,0,0,0,0,0.000867015,0,0,0,0,0,0,0,0,0,0,0,0,0,0,0,0,0,0,0,0,0.001053639,0,0,0,0,0,0,0,0,0,0,0,0,0,0,0,0,0.001314914,0.009750376,0,0,0,0,0,0,0.002285367,0,0,0,0,0,0,0,0,0.003517093,0,0,0,0,0,0.000531089,0,0,0,0,0,0,0,0,0,0,0,0,0,0,0,0.003853018,0,0.002733266,0,0,0.002845242,0,0,0.000568414,0.002695941,0,0.001016314,0.001874791,0,0,0,0,0,0,0,0,0,0,0,0.00135224,0,0,0,0,0,0,0
SRR23447788,PRJNA934046,COPD_Exacerbation,0.065737183,0.001128738,0,0,0.314710509,0,0,0.000693933,0,0.105328334,0.006494455,0,0,0,0.019810029,0,0,0.001088083,0,0.004480628,0,0.000532673,0.002111033,0.002573472,0.001769676,0.000897946,0.000219701,0.007596669,0.001401295,0,0.001688322,0,0.000917727,0,0.000893615,0.000342898,0,0,0,0,0,0,0,0,0,0,0,0,0,0,0,0.00030802,0,0,0,0.000879801,0,0.000924337,0.000465879,0,0,0,0,0,0,0.000244417,0,0.000546728,0,0.00054559,0,0.000966084,0,0,0,0,0,0,0,0,0,0.026279581,0,0,0,0,0,0,0,0,0,0.002009898,0.000740258,0,0,0,0,0,0.005379332,0,0,0,0,0,0,0,0,0,0,0,0,0,0,0,0,0,0,0,0,0,0,0.000935587,0,0,0,0,0.005892071,0,0,0,0,0,0,0,0,0,0,0,0,0,0,0,0,0,0,0,0,0,0,0,0,0,0,0.019516299,0,0,0,0,0,0,0,0,0,0.002034315,0,0,0,0,0,0,0,0,0,0,0,0,0,0,0,0,0,0,0,0,0,0,0,0,0,0,0,0,0,0,0.001570408,0,0,0,0,0,0,0,0.006111817,0,0,0,0,0,0,0,0,0,0,0,0,0,0,0,0.002571471,0,0,0,0,0,0.001008835,0.001204165,0,0,0,0,0,0,0,0,0,0,0,0,0,0,0.006575725,0,0.002937714,0,0,0,0.003035378,0.001375078,0.001277414,0,0,0,0.001472743,0.001863402,0,0,0,0,0,0,0.00379228,0,0,0,0,0,0.000886754,0,0,0,0,0
SRR23447789,PRJNA934046,COPD_Exacerbation,0.483686515,0.014734916,0,0,0.033510676,0,0,0.035066836,0,0.152452129,0.005210643,0.021606844,0.010847691,0,0.008971899,0.000159635,0.001084728,0.000406673,0,0.007620895,0,0,0.003329778,0.00073186,0,0.004577402,0,0.002257749,0.003464336,0.00322729,0.00026504,0,0,0,0.000536184,0.000454868,0,0,0,0,0,0,0,0,0,0,0,0,0,0,0,0.002296678,0.00139899,0,0,0.000268493,0,0,0.000142335,0,0,0,0,0,0,0,0,0.000117322,0,0.000260189,0,0,0,0,0,0,0,0,0.000182875,0,0,0.007444586,0,0,0,0,0,0,0,0,0,0.001568948,0,0,0,0,0,0,0.007658802,0,0,0,0,0,0,0,0,0,0.001079313,0,0,0,0,0,0,0,0,0,0,0,0,0,0,0,0,0,0.003619302,0,0,0,0,0,0,0,0,0,0,0,0,0,0,0,0,0,0,0,0,0,0.002976654,0,0,0,0,0.013718053,0,0,0,0,0,0,0,0,0,0,0,0,0,0,0,0,0,0,0,0,0,0,0,0.001018108,0,0,0,0,0,0,0.001599551,0.000650881,0,0,0,0.000497869,0,0,0.000283653,0,0,0,0,0,0,0,0,0.000895699,0.001507744,0,0,0,0,0,0,0.000589676,0,0,0,0,0,0,0,0,0.001905573,0,0,0,0,0,0,0,0,0,0,0,0,0,0,0,0,0,0,0,0,0,0.003374483,0.003496892,0.00199738,0,0,0,0,0,0.000497869,0,0,0,0.000436665,0.001415937,0,0,0,0,0,0,0,0,0,0,0,0,0,0,0,0,0,0
SRR23447790,PRJNA934046,COPD_Exacerbation,0.194897025,0.006919071,0.003259723,0,0.023203267,0,0,0.034802229,0,0.01126885,0.015306918,0.008005525,0.003367989,0,0.047769118,0,0.001239063,0.003856262,0.00045138,0.009189269,0,0,0.015771043,0.008292605,0.002799652,0.007790926,0,0.000776876,0.004862618,0.003400144,0.002591873,0,0,0,0.004552408,0,0,0,0.000821153,0,0,0,0,0,0,0,0,0,0,0,0,0,0,0.001682772,0,0,0,0.005636548,0.002958089,0,0,0,0,0,0,0,0,0.000475521,0,0.000847423,0,9.63E-05,0.000888598,0,0,0,0,0,0,0,0.00085192,0.066699692,0,0,0,0,0,0,0,0,0,0.004304297,0.003041232,0,0,0,0,0,0.032091721,0,0,0,0,0,0,0,0,0,0,0,0,0,0,0,0,0,0,0,0,0,0,0,0,0,0,0,0.012261605,0,0,0,0,0,0,0,0,0,0,0,0,0,0,0,0,0,0,0,0,0,0.00691463,0,0,0,0,0.054784782,0,0,0,0,0,0,0,0,0,0.003799071,0,0,0,0,0,0,0,0,0,0,0,0,0,0.002493905,0,0,0,0,0,0,0.001693964,0.002409699,0,0,0,0,0,0,0,0,0.001736065,0,0,0,0,0,0,0,0.012977341,0,0,0,0,0,0,0.00299913,0,0,0,0,0,0,0,0,0.014956142,0,0,0,0,0,0.002536006,0,0,0,0,0,0,0,0,0,0,0,0,0,0,0,0.01626131,0.011040642,0.006998834,0,0,0.005483157,0.007925082,0,0.00160976,0.006577814,0,0,0.003841174,0,0,0,0,0,0,0,0,0,0,0,0,0,0,0,0,0,0,0
SRR23447791,PRJNA934046,COPD_Exacerbation,0.195898364,0.002980961,0,0,0.088026331,0,0,0.100137658,0,0.017686522,0.01963408,0.028626688,0.003854586,0,0.035218765,0.002591579,0.005769842,0.001279368,0,0.003920544,0,0.000427238,0.002547102,0.003655126,0.001001642,0.003143486,0.0003331,0,0.007764187,0,0.001760842,0,0,0,0.00175979,0.001692521,0,0,0.002042786,0,0,0,0,0,0,0,0,0,0,0,0,0.006375656,0.001810567,0,0,0,0,0.002229898,0.000144868,0,0.000709436,0,0,0,0,0.001141177,0,0.000936294,0,0.001080264,0,0.001022948,0,0,0,0,0,0,0.002036555,0,0,0.04528721,0,0,0,0,0,0,0,0,0,0.003373422,0,0,0,0,0,0,0.020198761,0,0,0,0,0,0,0,0,0,0,0,0,0,0,0,0,0,0,0,0,0,0,0,0,0,0,0,0.011561754,0,0,0,0,0,0,0,0,0,0,0,0,0,0,0,0,0,0,0,0,0,0.005990697,0,0,0,0,0.058784871,0,0,0,0,0,0,0,0,0,0.00255085,0,0,0,0,0,0,0,0,0,0,0,0,0,0,0,0,0,0,0,0,0.00258824,0,0,0,0,0,0,0,0,0,0,0,0,0,0,0,0,0,0.014478145,0,0,0,0,0,0,0.003373422,0,0,0,0,0,0,0,0,0.007037607,0,0,0,0,0,0.00258824,0.002887357,0,0,0,0,0,0,0,0,0,0,0,0,0,0,0.022479529,0.008495803,0.004569891,0,0,0.003747319,0.003298643,0,0.00258824,0,0,0.002027396,0,0,0,0.00363515,0,0,0.000793537,0.000943096,0.00258824,0,0,0,0,0,0,0,0,0,0,0
SRR23447792,PRJNA934046,COPD_Exacerbation,0.435530602,0,0,0,0.019103203,0,0,0.006031389,0,0.002585018,0.00398751,0.000947189,0,0,0.03511422,0,0,0.003476978,0,0.004984278,0,0,0.001414186,0.005590754,0.004507158,0,0.000772535,0,0.001066952,0,0.001483965,0,0,0,0.001798898,0.001409515,0,0,0,0,0,0,0,0,0,0,0,0,0,0,0,0.001404012,0,0,0,0,0,0.000735164,0.001646489,0,0,0,0,0,0,0,0,0,0,0.000150254,0,0.001867838,0,0,0,0,0,0,0,0,0,0.047507988,0,0,0,0,0,0,0,0,0,0.006917653,0.007218076,0,0,0,0,0,0.021304524,0,0,0,0,0,0,0,0,0,0.00321245,0,0,0,0,0,0,0,0,0.001309778,0,0,0,0,0,0,0,0,0.008219482,0,0,0,0,0,0,0,0,0,0.002277805,0,0,0,0,0,0,0,0,0,0,0,0.005348784,0,0,0,0,0.038695613,0,0,0,0,0,0,0,0,0,0,0,0,0,0,0,0,0,0,0,0,0,0,0,0.000809075,0,0,0,0,0,0,0.000642174,0,0,0,0,0,0,0,0.001243018,0,0.004814701,0,0,0,0,0,0,0.000708935,0.019802414,0,0,0,0,0,0,0.003312591,0,0,0,0,0,0,0,0,0.004147096,0,0,0,0,0,0.005983008,0.001843862,0,0,0,0,0,0,0,0,0,0,0,0,0,0,0.005882867,0.007618638,0.01102342,0,0,0.003880055,0,0.005215263,0.001109498,0.001309778,0,0.002077523,0.003646393,0.001910622,0,0.002912029,0,0,0,0,0.003379351,0,0,0.002845269,0.001777102,0,0,0,0,0,0,0
SRR23447793,PRJNA934046,COPD_Exacerbation,0.150758119,0.038183535,0,0,0.00869848,0,0,0.111229474,0,0.02030666,0.065209786,0.019981225,0.027094435,0,0.016836877,0.004643548,0.004456342,0.001828104,0.010013727,0.065983282,0.003184246,0,0.102787273,0.019433646,0.002113797,0.019276508,0,0,0.017055483,0,0.000766344,0,0,0,0.000360964,0.000821805,0,0,0.001641226,0,0,0,0,0,0,0,0,0,0,0,0,0.00163169,0,0,0,0.000323432,0,0.003024103,0.000268217,0,0.001155652,0,0,0,0,0,0,0.003167706,0,0.00054515,0,0,0,0,0,0,0,0,0.00013117,0,0.007582167,0.017322113,0,0,0,0,0,0,0,0,0,0.001903817,0.000957425,0,0,0,0,0,0.008213094,0,0,0,0,0,0,0,0,0,0.000957425,0,0,0,0,0,0,0,0,0,0,0,0,0.000720827,0,0,0,0,0.004585259,0,0,0,0,0,0,0,0,0,0.001194023,0,0,0,0,0,0,0,0,0,0,0,0.003126238,0,0,0,0,0.024774947,0,0,0,0,0,0,0,0,0,0.000720827,0,0,0,0,0,0,0,0,0,0,0,0,0,0,0,0,0,0,0,0,0,0.00076026,0,0,0,0.000523662,0,0,0,0,0.000602527,0,0,0,0,0,0,0,0.006556908,0,0,0,0,0,0,0.002022115,0,0,0,0,0,0,0,0,0.003283971,0,0,0,0,0,0.002416444,0,0,0,0,0,0,0,0,0,0,0,0,0,0,0,0.002968507,0,0.001982682,0,0,0,0,0,0,0,0,0,0,0.001272888,0,0,0,0,0.000208198,0,0,0,0,0,0,0,0,0,0,0,0,0
SRR23447794,PRJNA934046,COPD_Exacerbation,0.262564032,0,0,0.001992767,0.015118677,0,0,0.003915988,0,0.002980211,0.00165441,0.001183583,0,0,0.062794563,0,0,0.005509512,0,0.00816992,0,0,0.002605015,0.009408382,0.002069201,0.000734757,0,0.002013302,0.000299553,0,0.002664018,0,0,0,0.003788894,0.001347453,0,0,0,0,0,0,0,0,0,0,0,0,0,0,0,0,0,0.005215563,0,0.000515455,0,0.005673567,0,0,0,0,0,0,0,0,0,0,0,0.000583465,0,0,0,0,0,0,0,0,0,0,0,0.095873694,0,0,0,0,0,0,0,0,0,0.005005395,0,0,0,0,0,0,0.043592123,0,0,0,0,0,0,0,0,0,0.005651378,0,0,0,0,0,0,0,0,0,0,0,0,0,0,0,0,0,0.017752796,0,0,0,0,0,0,0,0,0,0.00302438,0,0,0,0,0,0,0,0,0,0,0,0.005392985,0,0,0,0,0.081791261,0,0,0,0,0,0,0,0,0,0.002938249,0,0,0,0,0,0,0,0,0,0,0,0,0,0,0,0,0,0,0,0,0.004230214,0,0,0,0,0.002852117,0,0,0,0,0.002206134,0,0,0,0,0,0,0.001689348,0.011508292,0,0,0,0,0,0,0.003670363,0,0,0,0,0,0,0,0,0.015728715,0,0,0,0,0,0.005995902,0,0,0,0,0,0,0,0,0,0,0,0,0,0,0,0.017279075,0.012025078,0.010991506,0,0,0,0.004617805,0.005263788,0.000784971,0.001000299,0,0.00621123,0.000784971,0,0,0.002076938,0,0,0.004445542,0.001172561,0,0,0,0.001904675,0,0,0,0,0,0,0,0
SRR23447795,PRJNA934046,COPD_Exacerbation,0.166398707,0.001511289,0,0,0.025429497,0,0,0.006439879,0,0.006940957,0.005091341,0.004639717,0.002308665,0,0.060138722,0,0,0.008791545,0,0.0027656,0,0.00055742,0,0.009934997,0.009099532,0.000618877,0,0.000681272,0.001571021,0,0.016159875,0,0,0,0.003279545,0.002100115,0,0,0,0,0,0,0,0,0,0,0,0,0,0,0,0.00595384,0,0.001377374,0,0,0,0.004511662,0.000530837,0,0,0,0,0,0,0,0,0,0,0,0,0,0.002143943,0,0,0,0,0,0,0,0,0.085010823,0,0,0,0,0,0,0,0,0,0.003847406,0.008220147,0,0,0,0,0,0.025532629,0,0,0,0,0,0,0,0,0,0,0,0,0,0,0,0,0,0,0,0,0,0,0.000634781,0,0,0,0,0.017768783,0,0,0,0,0,0,0,0,0,0.002731911,0,0,0,0,0,0,0,0,0,0,0,0.00523062,0,0,0,0,0.066716705,0,0,0,0,0,0,0,0,0,0,0,0,0,0,0,0,0,0,0,0,0,0,0,0.001839515,0,0,0,0,0,0,0.004873662,0.004025885,0,0,0,0,0,0,0.002598051,0,0,0,0,0,0,0,0,0,0.022453863,0,0,0,0,0,0,0.001348697,0,0,0,0,0,0,0,0,0.015537793,0,0,0,0,0,0.004472083,0,0,0,0,0,0,0,0,0,0,0,0,0,0,0,0.013663763,0.008041667,0.010584996,0,0,0.006658454,0.005007521,0,0.005632197,0.005542959,0,0.001482556,0.000456301,0.002865771,0,0,0,0,0,0.003044249,0,0,0,0,0,0,0.001125598,0,0,0,0,0
SRR23447796,PRJNA934046,COPD_Exacerbation,0.192247692,0.028790306,0,0,0.029575942,0,0,0.215684105,0,0.043869071,0.029447914,0.030740895,0.002680373,0,0.022761564,0.000796686,0.004361596,0.014042421,0.002082494,0.010361108,0,0,0.021228739,0.005809673,0,0.01394098,0,0.000441565,0.003492899,0,0.000542736,0,0,0,0.000664331,0.000423848,0,0,0.001469807,0,0,0,0,0,0,0,0,0,0,0,0,0.002733487,0.001229502,0,0,0,0,0.000637484,0.000482675,0,0,0,0,0,0,0,0,0.001604353,0,0.000306274,0,0.000236576,0.000340252,0,0,0,0,0,0,0,0.001731015,0.023170237,0,0,0,0,0,0,0,0,0,0,0.000902606,0,0,0,0,0,0.011473103,0,0,0,0,0,0,0,0,0,0.001432788,0,0,0,0,0,0,0,0,0,0,0,0,0,0,0,0,0,0.003553514,0,0,0,0,0,0,0,0,0,0,0,0,0,0,0,0,0,0,0,0,0,0.005342878,0,0,0,0,0.026251918,0,0,0,0,0,0,0,0,0,0,0,0,0,0,0,0,0,0,0,0,0,0,0,0,0,0,0,0,0,0,0.003056469,0.00232747,0,0,0,0,0,0,0.000538106,0,0,0,0,0,0,0,0,0,0.008225741,0,0,0,0,0,0,0.001532197,0,0,0,0,0,0,0,0,0.003454105,0,0,0,0,0,0.000703788,0.001797288,0,0,0,0,0,0,0,0,0,0,0,0,0,0,0.009617468,0.004282515,0.002128651,0,0,0.001697878,0,0,0.00186356,0,0,0.001035152,0.000206743,0,0,0,0,0,0,0,0,0,0,0,0,0,0,0,0,0,0,0
SRR23447797,PRJNA934046,COPD_Exacerbation,0.190786482,0.001478637,0.000892072,0,0.023254678,0,0,0.07712823,0,0.006838078,0.03043583,0.000779786,0,0,0.049712322,0,0,0.010753034,0,0.005373796,0,0,0.029953051,0.007360595,0.011453292,0.003403769,0,0,0.006082532,0,0,0,0,0,0.002125576,0.003891136,0,0,0,0,0,0,0,0,0,0,0,0,0,0,0,0.002934622,0,0,0,0,0,0.001130994,0,0,0,0,0,0,0,0,0,0.001921109,0,0,0,0,0.000908635,0,0,0,0,0,0,0,0.000751844,0.055861879,0,0,0,0,0,0,0,0,0,0.013197454,0.002585934,0,0,0,0,0,0.012411416,0,0,0,0,0,0,0,0,0,0.004420025,0,0,0,0,0,0,0,0,0,0,0,0,0,0,0,0,0,0.00931093,0,0,0,0,0,0,0,0,0,0.00127587,0,0,0,0,0,0,0,0,0,0,0,0.005162394,0,0,0,0,0.040839809,0,0,0,0,0,0,0,0,0,0,0,0,0,0,0,0,0,0,0,0,0,0,0.00201824,0.002629603,0,0,0,0,0,0,0.006647133,0.004856713,0,0,0,0,0,0,0,0,0.001101195,0,0,0,0,0,0,0,0.017171316,0,0,0,0,0,0,0,0,0,0,0,0,0,0,0,0.013503136,0,0,0,0,0,0,0,0,0,0,0,0,0,0,0,0,0,0,0,0,0,0.013241124,0.008000866,0.005468076,0,0,0,0,0.00201824,0.001319539,0.00717116,0,0,0,0.006603465,0,0.003808661,0,0,0.003153629,0.00236759,0,0,0,0,0.001843565,0,0,0,0,0,0,0
SRR23447798,PRJNA934046,COPD_Exacerbation,0.143820135,0.026358864,0,0,0.142660913,0,0,0.021454379,0,0.208019323,0.049633866,0.00418027,0,0,0.016502419,0,0,0,0,0.019154208,0.000828226,0.000537754,0.053158108,0.004196811,0,0.063604476,0,0.007120842,0.010615375,0,0.000596749,0,0.002037697,0,0.000680106,0.005599007,0,0,0.001122284,0,0,0,0,0,0,0,0,0,0,0,0,0.002909112,0.004549418,0,0,0.004028516,0,0.000571254,0,0,0,0,0,0,0,0,0,0,0,0.001018827,0,0,0.00052489,0,0,0,0,0,0.002383829,0,0.001623289,0.030605594,0,0,0,0,0,0,0,0,0,0.002326141,0.000796404,0,0,0,0,0,0.005426958,0,0,0,0,0,0,0,0,0,0.001788667,0,0,0,0,0,0,0,0,0,0,0,0,0,0,0,0,0,0.002326141,0,0,0,0,0,0,0,0,0,0.001209847,0,0,0,0,0,0,0,0,0,0,0,0.007039383,0,0,0,0,0.023949174,0,0,0,0,0,0,0,0,0,0.001003125,0,0,0,0,0,0,0,0,0,0,0,0,0,0,0,0,0,0,0,0,0.002780928,0,0,0,0,0,0,0,0,0,0,0,0,0,0,0,0,0.000837749,0.009147939,0,0,0,0,0,0,0,0,0,0,0,0,0,0,0,0.003855877,0,0,0,0,0,0.001747321,0,0,0,0,0,0,0,0,0,0,0,0,0,0,0,0.007122071,0,0.002036732,0,0,0,0,0,0.002243452,0,0,0,0.001209847,0,0,0.002202108,0,0,0,0.000796404,0.001664634,0,0,0,0,0,0.000424306,0,0,0,0,0
SRR23447799,PRJNA934046,COPD_Exacerbation,0.268343273,0.014057796,0.001526899,0,0.175870023,0.00117153,0,0.137956656,0,0.016503079,0.012107739,0.028794674,0.024075566,0,0.000274019,0.000298221,0.00050827,0.017363179,0.000562811,0.084712083,0,0.001660592,0.006151793,0.015559588,0.000178714,0.002330009,0,0.002850485,0.002389502,0,0,0,0,0,0,0.001068921,0,0,0.000455227,0,0,0,0,0,0,0,0,0,0,0,0,0,8.16E-05,0,0,0,0,3.56E-05,0,0,0,0,0,0,0,0,0,0.000883285,0,0.001324516,0,0,0.000153762,0,0,0,0,0,0,0,0.002166723,0.005569074,0,0,0,0,0,0,0,0,0,0.001272515,0,0,0,0,0,0,0.006136133,0,0,0,0,0,0,0,0,0,0,0,0,0,0,0,0,0,0,0.000509167,0,0,0,0.000421927,0,0,0,0,0,0,0,0,0,0,0,0,0,0,0.000509167,0,0,0,0,0,0,0,0.000421927,0,0,0,0,0,0,0,0,0.001839573,0,0,0,0,0,0,0,0,0,0,0.000618217,0,0,0,0,0,0,0,0,0,0,0,0.000661837,0,0,0,0,0,0,0.002057673,0.004325907,0.000334687,0,0,0,0,0,0,0,0,0.001817764,0,0.000640027,0,0,0,0,0.000683647,0,0,0,0,0,0,0,0.001774144,0,0,0,0,0,0,0,0,0,0,0,0,0,0,0,0,0,0,0,0,0,0,0,0,0,0,0,0,0,0,0.000400118,0,0,0.002450252,0.001359755,0,0,0.000291067,0,0,0.000749076,0,0,0,0,0,0.000334687,0.000618217,0,0,0,0,0.000530977,0,0,0,0,0,0,0,0,0
SRR23447800,PRJNA934046,COPD_Exacerbation,0.219824497,0.002118882,0,0.146042131,0.017626736,0,0,0.007706894,0,0,0.001496656,0.002040174,0,0,0.000639303,0,0.000312656,0.005104453,0,0.001492793,0,0,0.000451839,0.018054241,0.001592038,0.000300382,0.071929406,0.000438105,0.000377989,0.003124347,0,0,0,0,0,0.003973981,0,0,0,0,0,0,0,0,0,0,0,0,0,0,0,0,0,0,0,0,0,0,0.000476104,0,0,0,0,0,0,0.001528202,0,0,0,0.002184989,0,0,0.000602076,0,0,0,0,0,0,0,0.000380022,0.020190977,0,0,0,0,0,0,0,0,0,0.016085766,0,0,0,0,0,0,0.019608302,0,0,0,0,0,0,0,0,0,0.000538934,0,0,0,0,0,0,0,0,0.00183671,0,0,0,0.000936212,0,0,0,0,0.000883242,0,0,0,0,0,0,0,0,0,0.001148094,0,0,0,0,0,0,0,0.000883242,0,0,0,0,0,0,0,0,0.004961968,0,0,0,0,0,0,0,0,0,0.0007773,0.002737208,0,0,0,0,0,0,0,0,0,0,0,0.002286959,0,0,0,0,0,0,0.007345638,0.002657752,0,0,0.010576837,0,0,0,0,0,0,0.0063392,0,0.001677799,0,0,0,0,0.002684237,0,0,0,0,0,0,0,0.005994891,0,0,0.000538934,0,0,0,0,0,0,0,0,0,0,0,0,0.001068639,0,0,0,0,0,0,0,0,0,0,0,0,0,0,0.001518887,0,0,0.006657023,0.00573004,0,0,0.000989182,0.000485962,0,0.001969136,0,0,0,0.005147364,0,0.001174579,0,0,0,0,0.001439431,0.001465917,0,0,0.001333491,0,0,0,0,0,0
SRR23447801,PRJNA934046,COPD_Exacerbation,0.190034794,0.000865574,0,0.215474077,0.020041093,0,0,0.012546816,0,0.001153977,0.001544313,0.001143433,0,0,0.000316457,0,0,0.004414938,0,0.001146117,0,0,0,0.018806008,0.000517205,0.000450446,0.022463803,0,0.000399412,0.001585463,0,0,0,0,0,0.004538028,0,0,9.15E-05,0,0,0,0,0,0,0,0,0,0,0,0,0,0,0,0,0,0,0.000427361,0.000293696,0,0,0,0,0,0,0.002500259,0,0,0,0.00171513,0,0,0.000557809,0,0,0,0,0,0,0,0,0.02012727,0,0,0,0,0,0,0,0,0,0.006796694,0,0,0,0,0,0,0.022471843,0,0,0,0,0,0,0,0,0,0.000812449,0,0,0,0.001125058,0,0,0,0,0.001772608,0,0,0,0.000924095,0,0,0,0,0,0,0,0,0,0,0,0,0,0,0.000857107,0,0,0,0,0,0,0,0.000522169,0,0,0,0,0,0,0,0,0.004452121,0,0,0,0,0,0,0,0,0,0.002219193,0,0,0,0,0,0,0,0,0,0,0,0,0.001415339,0.001415339,0,0,0,0,0,0.00965484,0.002487144,0,0,0.008203438,0,0,0,0,0.000254216,0,0.004965693,0,0.001727949,0,0,0,0,0.001861925,0,0,0,0,0,0,0,0.007890828,0,0,0,0,0,0,0,0,0,0,0,0,0,0,0,0.000566827,0,0,0,0,0,0,0,0,0,0,0,0,0.001192047,0,0.001459998,0,0,0.008270426,0.005546254,0,0,0.000857107,0,0,0.003000718,0,0,0,0.008359743,0,0.001415339,0.002822084,0,0,0,0.001236705,0.001415339,0,0,0,0,0.001348351,0,0,0,0
SRR23447802,PRJNA934046,COPD_Exacerbation,0.063423786,0,0,0,0.737293561,0.001431179,0,0,0,0.000725324,0.00016526,0.001609634,0.001286722,0,0.008172233,0,0,0.001285958,0,0.009410877,0,0,0,0.000666908,0,0.000462723,0,0.000142387,0.00012527,0,0.000338202,0,0,0,0.000398711,0.000207501,0,0,0,0,0,0,0,0,0.003907601,0,0,0,0,0,0,0.000996438,0,0,0,0,0,0.00026172,0,0,0,0,0,0,0,0,0,0,0,4.31E-05,0,0,0,0,0,0,0,0,0,0,0,0.013718207,0,0,0,0,0,0,0,0,0,0.002387648,0.000366801,0,0,0,0,0,0.004080323,0,0,0,0,0,0,0,0,0,0,0,0,0,0,0,0,0,0,0.000625884,0,0,0,0,0,0,0,0,0.001731304,0,0,0,0,0,0,0,0,0,0,0,0,0,0,0,0,0,0,0,0,0,0.001109506,0,0,0,0,0.009814691,0,0,0,0,0,0,0,0,0,0,0,0,0,0,0,0,0,0,0,0,0,0,0,0.000470435,0,0,0,0,0,0,0.000919512,0,0,0,0,0,0,0,0,0,0.000384074,0,0,0,0,0,0,0,0.00169676,0,0,0,0,0,0,0.001161322,0,0,0,0,0,0,0,0,0.001921299,0,0,0,0,0,0.000470435,0,0,0,0,0,0,0,0,0,0,0,0,0,0,0,0.001714032,0,0.001558583,0,0,0.000815878,0,0,0.000418618,0,0,0,0.000263168,0.000384074,0,0,0,0,0.000211352,0.000142263,0,0,0,0,0.000470435,0,0,0,0,0,0,0
SRR23447803,PRJNA934046,COPD_Exacerbation,0.173155577,0.004154023,0,0,0.008848515,0,0,0.033919672,0,0.028168594,0.005542174,0.001384214,0.000739582,0,0.055923182,0,0,0,0,0.004992731,0.000432248,0,0.029949923,0.007135472,0.002953876,0.00010767,0,0.106641991,0.000645139,0,0.001176091,0,0,0,0.003377467,0.001353711,0,0,0,0,0,0,0,0,0,0,0,0,0,0,0,0.006296462,0.002043653,0,0,0,0,0.002951019,0,0,0,0,0,0,0,0.000150108,0,0,0,0.000453183,0,0,0.000445667,0,0,0,0,0,0,0,0,0.083561141,0,0,0,0,0,0,0,0,0,0.009315872,0,0,0,0,0,0,0.023916238,0,0,0,0,0,0,0,0,0,0.006307554,0,0,0,0,0,0,0,0,0.005064117,0,0,0,0.002697574,0,0,0,0,0.01681661,0,0,0,0,0,0,0,0,0,0,0,0,0,0,0,0,0,0,0,0,0,0.004663007,0,0,0,0,0.066875008,0,0,0,0,0,0,0,0,0,0.002256354,0,0,0,0,0,0,0,0,0,0,0,0,0,0.003620125,0,0,0,0,0,0,0.008112545,0.001815134,0,0,0,0,0,0,0.001775024,0,0,0,0,0,0,0,0,0.002176132,0.017819381,0,0,0,0,0,0,0.001694801,0,0,0,0,0,0,0,0,0.010519199,0,0,0,0,0,0.002095911,0.002136021,0,0,0,0,0,0,0,0,0,0,0,0,0,0,0.010679642,0.009115317,0.00345968,0,0,0.00345968,0,0.00522456,0.002296465,0.005144338,0,0.003138793,0,0,0,0,0,0,0.002456908,0.002095911,0,0,0,0.001734912,0,0,0.000331031,0,0,0,0,0
SRR23890796,PRJNA944199,COPD_Exacerbation,0.064484044,0,0,0,0,0,0.227743567,0.096471561,0,0,0,0,0,0,0,0,0,0,0,0,0,0,0,0,0,0,0,0,0.004089932,0,0,0.001540958,0,0,0,0,0,0,0,0,0,0,0,0,0,0,0,0,0,0,0,0,0,0,0,0,0,0,0,0,0,0,0,0,0,0,0,0,0,0,0,0,0,0,0,0,0,0,0,0,0,0,0,0,0,0,0,0,0,0,0,0,0,0,0,0,0,0,0,0,0,0,0,0,0,0,0,0,0,0,0,0,0,0,0,0,0,0,0,0,0,0,0,0,0,0,0,0,0,0,0,0,0,0,0,0,0,0,0,0,0,0,0,0,0,0,0,0,0,0,0,0,0,0,0,0,0,0,0,0,0,0,0,0,0,0,0,0,0,0,0,0,0,0,0,0,0,0,0,0,0,0,0,0,0,0,0,0,0,0,0,0,0,0,0,0,0,0,0,0,0,0,0,0,0,0,0,0,0,0,0,0,0,0,0,0,0,0,0,0,0,0,0,0,0,0,0,0,0,0,0,0,0,0,0,0,0,0,0,0,0,0,0,0,0,0,0,0,0,0,0,0,0,0,0,0,0,0,0,0,0,0,0,0,0,0,0,0,0,0,0,0
SRR23890800,PRJNA944199,COPD_Exacerbation,0.057467323,0,0,0,0,0,0.591675715,0,0,0,0.022984782,0,0,0,0,0,0,0,0,0,0,0,0,0,0,0,0,0,0.000575931,0,0,0,0,0,0,0,0,0,0,0,0,0,0,0,0,0,0,0,0,0,0,0,0,0,0,0,0,0,0,0,0,0,0,0,0,0,0,0,0,0,0,0,0,0,0,0,0,0,0,0,0,0,0,0,0,0,0,0,0,0,0,0,0,0,0,0,0,0,0,0,0,0,0,0,0,0,0,0,0,0,0,0,0,0,0,0,0,0,0,0,0,0,0,0,0,0,0,0,0,0,0,0,0,0,0,0,0,0,0,0,0,0,0,0,0,0,0,0,0,0,0,0,0,0,0,0,0,0,0,0,0,0,0,0,0,0,0,0,0,0,0,0,0,0,0,0,0,0,0,0,0,0,0,0,0,0,0,0,0,0,0,0,0,0,0,0,0,0,0,0,0,0,0,0,0,0,0,0,0,0,0,0,0,0,0,0,0,0,0,0,0,0,0,0,0,0,0,0,0,0,0,0,0,0,0,0,0,0,0,0,0,0,0,0,0,0,0,0,0,0,0,0,0,0,0,0,0,0,0,0,0,0,0,0,0,0,0,0,0,0,0,0
SRR23890803,PRJNA944199,COPD_Exacerbation,0.118508483,0,0,0,0,0,0.466744317,0.066753124,0,0,0.0029218,0,0,0,0,0,0,0,0,0,0,0,0,0,0,0,0,0,0.002165554,0,0,0,0,0,0.000784655,0,0,0,0,0,0,0,0,0,0,0,0,0,0,0,0,0,0,0,0,0,0,0,0,0,0,0,0,0,0,0,0,0,0,0,0,0,0,0,0,0,0,0,0,0,0,0,0,0,0,0,0,0,0,0,0,0,0,0,0,0,0,0,0,0,0,0,0,0,0,0,0,0,0,0,0,0,0,0,0,0,0,0,0,0,0,0,0,0,0,0,0,0,0,0,0,0,0,0,0,0,0,0,0,0,0,0,0,0,0,0,0,0,0,0,0,0,0,0,0,0,0,0,0,0,0,0,0,0,0,0,0,0,0,0,0,0,0,0,0,0,0,0,0,0,0,0,0,0,0,0,0,0,0,0,0,0,0,0,0,0,0,0,0,0,0,0,0,0,0,0,0,0,0,0,0,0,0,0,0,0,0,0,0,0,0,0,0,0,0,0,0,0,0,0,0,0,0,0,0,0,0,0,0,0,0,0,0,0,0,0,0,0,0,0,0,0,0,0,0,0,0,0,0,0,0,0,0,0,0,0,0,0,0,0,0,0
SRR23890806,PRJNA944199,COPD_Exacerbation,0.354688974,0,0,0,0,0,0.452099924,0.045279806,0,0,0,0,0,0,0,0,0,0,0,0,0,0,0,0,0,0,0,0,0.002974717,0,0,0,0,0,0,0,0,0,0,0,0,0,0,0,0,0,0,0,0,0,0,0,0,0,0,0,0,0,0,0,0,0,0,0,0,0,0,0,0,0,0,0,0,0,0,0,0,0,0,0,0,0,0,0,0,0,0,0,0,0,0,0,0,0,0,0,0,0,0,0,0,0,0,0,0,0,0,0,0,0,0,0,0,0,0,0,0,0,0,0,0,0,0,0,0,0,0,0,0,0,0,0,0,0,0,0,0,0,0,0,0,0,0,0,0,0,0,0,0,0,0,0,0,0,0,0,0,0,0,0,0,0,0,0,0,0,0,0,0,0,0,0,0,0,0,0,0,0,0,0,0,0,0,0,0,0,0,0,0,0,0,0,0,0,0,0,0,0,0,0,0,0,0,0,0,0,0,0,0,0,0,0,0,0,0,0,0,0,0,0,0,0,0,0,0,0,0,0,0,0,0,0,0,0,0,0,0,0,0,0,0,0,0,0,0,0,0,0,0,0,0,0,0,0,0,0,0,0,0,0,0,0,0,0,0,0,0,0,0,0,0,0
SRR23890811,PRJNA944199,COPD_Exacerbation,0.669084772,0,0,0,0,0,0.105865773,0.02028552,0,0.012548161,0,0,0,0,0,0,0,0,0,0,0,0,0,0,0,0,0,0,0,0,0,0,0,0,0,0,0,0,0,0,0,0,0,0,0,0,0,0,0,0,0,0,0,0,0,0,0,0,0,0,0,0,0,0,0,0,0,0,0,0,0,0,0,0,0,0,0,0,0,0,0,0,0,0,0,0,0,0,0,0,0,0,0,0,0,0,0,0,0,0,0,0,0,0,0,0,0,0,0,0,0,0,0,0,0,0,0,0,0,0,0,0,0,0,0,0,0,0,0,0,0,0,0,0,0,0,0,0,0,0,0,0,0,0,0,0,0,0,0,0,0,0,0,0,0,0,0,0,0,0,0,0,0,0,0,0,0,0,0,0,0,0,0,0,0,0,0,0,0,0,0,0,0,0,0,0,0,0,0,0,0,0,0,0,0,0,0,0,0,0,0,0,0,0,0,0,0,0,0,0,0,0,0,0,0,0,0,0,0,0,0,0,0,0,0,0,0,0,0,0,0,0,0,0,0,0,0,0,0,0,0,0,0,0,0,0,0,0,0,0,0,0,0,0,0,0,0,0,0,0,0,0,0,0,0,0,0,0,0,0,0,0
SRR23890814,PRJNA944199,COPD_Exacerbation,0.259280174,0,0,0,0,0,0.321347143,0.035791277,0,0,0.021483696,0.000556285,0.0061032,0,0,0,0,0,0,0,0,0,0,0,0,0,0,0,0,0,0,0,0,0,0,0,0,0,0,0,0,0,0,0,0,0,0,0,0,0,0,0,0,0,0,0,0,0,0,0,0,0,0,0,0,0,0,0,0,0,0,0,0,0,0,0,0,0,0,0,0,0,0,0,0,0,0,0,0,0,0,0,0,0,0,0,0,0,0,0,0,0,0,0,0,0,0,0,0,0,0,0,0,0,0,0,0,0,0,0,0,0,0,0,0,0,0,0,0,0,0,0,0,0,0,0,0,0,0,0,0,0,0,0,0,0,0,0,0,0,0,0,0,0,0,0,0,0,0,0,0,0,0,0,0,0,0,0,0,0,0,0,0,0,0,0,0,0,0,0,0,0,0,0,0,0,0,0,0,0,0,0,0,0,0,0,0,0,0,0,0,0,0,0,0,0,0,0,0,0,0,0,0,0,0,0,0,0,0,0,0,0,0,0,0,0,0,0,0,0,0,0,0,0,0,0,0,0,0,0,0,0,0,0,0,0,0,0,0,0,0,0,0,0,0,0,0,0,0,0,0,0,0,0,0,0,0,0,0,0,0,0
SRR23890817,PRJNA944199,COPD_Exacerbation,0.01466825,0,0,0,0,0,0.011146209,0,0,0,0,0,0,0,0,0,0,0,0,0,0,0,0,0,0,0,0,0,0,0,0,0,0,0,0,0,0,0,0,0,0,0,0,0,0,0,0,0,0,0,0,0,0,0,0,0,0,0,0,0,0,0,0,0,0,0,0,0,0,0,0,0,0,0,0,0,0,0,0,0,0,0,0,0,0,0,0,0,0,0,0,0,0,0,0,0,0,0,0,0,0,0,0,0,0,0,0,0,0,0,0,0,0,0,0,0,0,0,0,0,0,0,0,0,0,0,0,0,0,0,0,0,0,0,0,0,0,0,0,0,0,0,0,0,0,0,0,0,0,0,0,0,0,0,0,0,0,0,0,0,0,0,0,0,0,0,0,0,0,0,0,0,0,0,0,0,0,0,0,0,0,0,0,0,0,0,0,0,0,0,0,0,0,0,0,0,0,0,0,0,0,0,0,0,0,0,0,0,0,0,0,0,0,0,0,0,0,0,0,0,0,0,0,0,0,0,0,0,0,0,0,0,0,0,0,0,0,0,0,0,0,0,0,0,0,0,0,0,0,0,0,0,0,0,0,0,0,0,0,0,0,0,0,0,0,0,0,0,0,0,0,0
SRR23890853,PRJNA944199,COPD_Exacerbation,0.090274322,0,0,0,0,0,0.235886322,0.141909457,0,0,0,0,0,0,0,0,0,0,0,0,0,0,0,0,0,0,0,0,0.003504542,0,0,0,0,0,0,0,0,0,0,0,0,0,0,0,0,0,0,0,0,0,0,0,0,0,0,0,0,0,0,0,0,0,0,0,0,0,0,0,0,0,0,0,0,0,0,0,0,0,0,0,0,0,0,0,0,0,0,0,0,0,0,0,0,0,0,0,0,0,0,0,0,0,0,0,0,0,0,0,0,0,0,0,0,0,0,0,0,0,0,0,0,0,0,0,0,0,0,0,0,0,0,0,0,0,0,0,0,0,0,0,0,0,0,0,0,0,0,0,0,0,0,0,0,0,0,0,0,0,0,0,0,0,0,0,0,0,0,0,0,0,0,0,0,0,0,0,0,0,0,0,0,0,0,0,0,0,0,0,0,0,0,0,0,0,0,0,0,0,0,0,0,0,0,0,0,0,0,0,0,0,0,0,0,0,0,0,0,0,0,0,0,0,0,0,0,0,0,0,0,0,0,0,0,0,0,0,0,0,0,0,0,0,0,0,0,0,0,0,0,0,0,0,0,0,0,0,0,0,0,0,0,0,0,0,0,0,0,0,0,0,0,0
SRR23890856,PRJNA944199,COPD_Exacerbation,0.05578693,0,0,0,0,0,0.128390318,0.121377139,0,0,0,0,0.006535586,0,0,0,0,0,0,0,0,0,0,0,0,0,0,0,0,0,0,0,0,0,0,0,0,0,0,0,0,0,0,0,0,0,0,0,0,0,0,0,0,0,0,0,0,0,0,0,0,0,0,0,0,0,0,0,0,0,0,0,0,0,0,0,0,0,0,0,0,0,0,0,0,0,0,0,0,0,0,0,0,0,0,0,0,0,0,0,0,0,0,0,0,0,0,0,0,0,0,0,0,0,0,0,0,0,0,0,0,0,0,0,0,0,0,0,0,0,0,0,0,0,0,0,0,0,0,0,0,0,0,0,0,0,0,0,0,0,0,0,0,0,0,0,0,0,0,0,0,0,0,0,0,0,0,0,0,0,0,0,0,0,0,0,0,0,0,0,0,0,0,0,0,0,0,0,0,0,0,0,0,0,0,0,0,0,0,0,0,0,0,0,0,0,0,0,0,0,0,0,0,0,0,0,0,0,0,0,0,0,0,0,0,0,0,0,0,0,0,0,0,0,0,0,0,0,0,0,0,0,0,0,0,0,0,0,0,0,0,0,0,0,0,0,0,0,0,0,0,0,0,0,0,0,0,0,0,0,0,0
SRR23890860,PRJNA944199,COPD_Exacerbation,0.247823932,0,0,0,0,0,0.259370384,0.015354848,0,0,0,0,0,0,0,0,0,0,0,0,0,0,0,0,0,0,0,0,0,0,0,0,0,0,0,0,0,0,0,0,0,0,0,0,0,0,0,0,0,0,0,0,0,0,0,0,0,0,0,0,0,0,0,0,0,0,0,0,0,0,0,0,0,0,0,0,0,0,0,0,0,0,0,0,0,0,0,0,0,0,0,0,0,0,0,0,0,0,0,0,0,0,0,0,0,0,0,0,0,0,0,0,0,0,0,0,0,0,0,0,0,0,0,0,0,0,0,0,0,0,0,0,0,0,0,0,0,0,0,0,0,0,0,0,0,0,0,0,0,0,0,0,0,0,0,0,0,0,0,0,0,0,0,0,0,0,0,0,0,0,0,0,0,0,0,0,0,0,0,0,0,0,0,0,0,0,0,0,0,0,0,0,0,0,0,0,0,0,0,0,0,0,0,0,0,0,0,0,0,0,0,0,0,0,0,0,0,0,0,0,0,0,0,0,0,0,0,0,0,0,0,0,0,0,0,0,0,0,0,0,0,0,0,0,0,0,0,0,0,0,0,0,0,0,0,0,0,0,0,0,0,0,0,0,0,0,0,0,0,0,0,0
SRR23890866,PRJNA944199,COPD_Exacerbation,0.384643225,0,0.023425583,0,0,0,0.025644664,0.014843388,0,0.038327439,0,0,0.002581993,0,0,0,0,0,0,0,0,0,0,0,0,0,0,0,0,0,0,0,0,0,0,0,0,0,0,0,0,0,0,0,0,0,0,0,0,0,0,0,0,0,0,0,0,0,0,0,0,0,0,0,0,0,0,0,0,0,0,0,0,0,0,0,0,0,0,0,0,0,0,0,0,0,0,0,0,0,0,0,0,0,0,0,0,0,0,0,0,0,0,0,0,0,0,0,0,0,0,0,0,0,0,0,0,0,0,0,0,0,0,0,0,0,0,0,0,0,0,0,0,0,0,0,0,0,0,0,0,0,0,0,0,0,0,0,0,0,0,0,0,0,0,0,0,0,0,0,0,0,0,0,0,0,0,0,0,0,0,0,0,0,0,0,0,0,0,0,0,0,0,0,0,0,0,0,0,0,0,0,0,0,0,0,0,0,0,0,0,0,0,0,0,0,0,0,0,0,0,0,0,0,0,0,0,0,0,0,0,0,0,0,0,0,0,0,0,0,0,0,0,0,0,0,0,0,0,0,0,0,0,0,0,0,0,0,0,0,0,0,0,0,0,0,0,0,0,0,0,0,0,0,0,0,0,0,0,0,0,0
SRR23890869,PRJNA944199,COPD_Exacerbation,0.949128,0,9.85E-06,0,0,0,0,0,0,0,0,0,0,0,0,0,0,0,0,0,0,0,0,0,0,0,0,0,0,0,0,0,0,0,0,0,0,0,0,0,0,0,0,0,0,0,0,0,0,0,0,0,0,0,0,0,0,0,0,0,0,0,0,0,0,0,0,0,0,0,0,0,0,0,0,0,0,0,0,0,0,0,0,0,0,0,0,0,0,0,0,0,0,0,0,0,0,0,0,0,0,0,0,0,0,0,0,0,0,0,0,0,0,0,0,0,0,0,0,0,0,0,0,0,0,0,0,0,0,0,0,0,0,0,0,0,0,0,0,0,0,0,0,0,0,0,0,0,0,0,0,0,0,0,0,0,0,0,0,0,0,0,0,0,0,0,0,0,0,0,0,0,0,0,0,0,0,0,0,0,0,0,0,0,0,0,0,0,0,0,0,0,0,0,0,0,0,0,0,0,0,0,0,0,0,0,0,0,0,0,0,0,0,0,0,0,0,0,0,0,0,0,0,0,0,0,0,0,0,0,0,0,0,0,0,0,0,0,0,0,0,0,0,0,0,0,0,0,0,0,0,0,0,0,0,0,0,0,0,0,0,0,0,0,0,0,0,0,0,0,0,0
SRR23890872,PRJNA944199,COPD_Exacerbation,0.443876182,0,0,0,0,0,0,0.000788773,0,0,0,0,0,0,0,0,0,0,0,0,0,0,0,0,0,0,0,0,0,0,0,0,0,0,0,0,0,0,0,0,0,0,0,0,0,0,0,0,0,0,0,0,0,0,0,0,0,0,0,0,0,0,0,0,0,0,0,0,0,0,0,0,0,0,0,0,0,0,0,0,0,0,0,0,0,0,0,0,0,0,0,0,0,0,0,0,0,0,0,0,0,0,0,0,0,0,0,0,0,0,0,0,0,0,0,0,0,0,0,0,0,0,0,0,0,0,0,0,0,0,0,0,0,0,0,0,0,0,0,0,0,0,0,0,0,0,0,0,0,0,0,0,0,0,0,0,0,0,0,0,0,0,0,0,0,0,0,0,0,0,0,0,0,0,0,0,0,0,0,0,0,0,0,0,0,0,0,0,0,0,0,0,0,0,0,0,0,0,0,0,0,0,0,0,0,0,0,0,0,0,0,0,0,0,0,0,0,0,0,0,0,0,0,0,0,0,0,0,0,0,0,0,0,0,0,0,0,0,0,0,0,0,0,0,0,0,0,0,0,0,0,0,0,0,0,0,0,0,0,0,0,0,0,0,0,0,0,0,0,0,0,0
SRR23890874,PRJNA944199,COPD_Exacerbation,0.652542373,0,0,0,0,0,0,0,0,0,0,0,0,0,0,0,0,0,0,0,0,0,0,0,0,0,0,0,0,0,0,0,0,0,0,0,0,0,0,0,0,0,0,0,0,0,0,0,0,0,0,0,0,0,0,0,0,0,0,0,0,0,0,0,0,0,0,0,0,0,0,0,0,0,0,0,0,0,0,0,0,0,0,0,0,0,0,0,0,0,0,0,0,0,0,0,0,0,0,0,0,0,0,0,0,0,0,0,0,0,0,0,0,0,0,0,0,0,0,0,0,0,0,0,0,0,0,0,0,0,0,0,0,0,0,0,0,0,0,0,0,0,0,0,0,0,0,0,0,0,0,0,0,0,0,0,0,0,0,0,0,0,0,0,0,0,0,0,0,0,0,0,0,0,0,0,0,0,0,0,0,0,0,0,0,0,0,0,0,0,0,0,0,0,0,0,0,0,0,0,0,0,0,0,0,0,0,0,0,0,0,0,0,0,0,0,0,0,0,0,0,0,0,0,0,0,0,0,0,0,0,0,0,0,0,0,0,0,0,0,0,0,0,0,0,0,0,0,0,0,0,0,0,0,0,0,0,0,0,0,0,0,0,0,0,0,0,0,0,0,0,0
SRR23890879,PRJNA944199,COPD_Exacerbation,0.47238733,0,0,0,0,0,0.216502914,0.001992466,0,0,0,0,0.034889501,0,0,0,0,0,0,0,0,0,0,0,0,0,0,0,0,0,0,0,0,0,0,0,0,0,0,0,0,0,0,0,0,0,0,0,0,0,0,0,0,0,0,0,0,0,0,0,0,0,0,0,0,0,0,0,0,0,0,0,0,0,0,0,0,0,0,0,0,0,0,0,0,0,0,0,0,0,0,0,0,0,0,0,0,0,0,0,0,0,0,0,0,0,0,0,0,0,0,0,0,0,0,0,0,0,0,0,0,0,0,0,0,0,0,0,0,0,0,0,0,0,0,0,0,0,0,0,0,0,0,0,0,0,0,0,0,0,0,0,0,0,0,0,0,0,0,0,0,0,0,0,0,0,0,0,0,0,0,0,0,0,0,0,0,0,0,0,0,0,0,0,0,0,0,0,0,0,0,0,0,0,0,0,0,0,0,0,0,0,0,0,0,0,0,0,0,0,0,0,0,0,0,0,0,0,0,0,0,0,0,0,0,0,0,0,0,0,0,0,0,0,0,0,0,0,0,0,0,0,0,0,0,0,0,0,0,0,0,0,0,0,0,0,0,0,0,0,0,0,0,0,0,0,0,0,0,0,0,0
SRR23890881,PRJNA944199,COPD_Exacerbation,0.280004877,0,0,0,0,0,0.403299395,0.013106956,0,0,0,0,0,0,0,0,0,0,0,0,0,0,0,0,0,0,0,0,0.001070836,0,0,0.003271008,0,0,0,0,0,0,0,0,0,0,0,0,0,0,0,0,0,0,0,0,0,0,0,0,0,0,0,0,0,0,0,0,0,0,0,0,0,0,0,0,0,0,0,0,0,0,0,0,0,0,0,0,0,0,0,0,0,0,0,0,0,0,0,0,0,0,0,0,0,0,0,0,0,0,0,0,0,0,0,0,0,0,0,0,0,0,0,0,0,0,0,0,0,0,0,0,0,0,0,0,0,0,0,0,0,0,0,0,0,0,0,0,0,0,0,0,0,0,0,0,0,0,0,0,0,0,0,0,0,0,0,0,0,0,0,0,0,0,0,0,0,0,0,0,0,0,0,0,0,0,0,0,0,0,0,0,0,0,0,0,0,0,0,0,0,0,0,0,0,0,0,0,0,0,0,0,0,0,0,0,0,0,0,0,0,0,0,0,0,0,0,0,0,0,0,0,0,0,0,0,0,0,0,0,0,0,0,0,0,0,0,0,0,0,0,0,0,0,0,0,0,0,0,0,0,0,0,0,0,0,0,0,0,0,0,0,0,0,0,0
SRR23890885,PRJNA944199,COPD_Exacerbation,0.114288971,0,0,0,0,0,0.313473157,0.028343109,0,0,0,0,0,0,0,0,0,0,0,0,0,0,0,0,0,0,0,0,0.000966865,0,0,0,0,0,0.000185442,0,0,0,0,0,0,0,0,0,0,0,0,0,0,0,0,0,0,0,0,0,0,0,0,0,0,0,0,0,0,0,0,0,0,0,0,0,0,0,0,0,0,0,0,0,0,0,0,0,0,0,0,0,0,0,0,0,0,0,0,0,0,0,0,0,0,0,0,0,0,0,0,0,0,0,0,0,0,0,0,0,0,0,0,0,0,0,0,0,0,0,0,0,0,0,0,0,0,0,0,0,0,0,0,0,0,0,0,0,0,0,0,0,0,0,0,0,0,0,0,0,0,0,0,0,0,0,0,0,0,0,0,0,0,0,0,0,0,0,0,0,0,0,0,0,0,0,0,0,0,0,0,0,0,0,0,0,0,0,0,0,0,0,0,0,0,0,0,0,0,0,0,0,0,0,0,0,0,0,0,0,0,0,0,0,0,0,0,0,0,0,0,0,0,0,0,0,0,0,0,0,0,0,0,0,0,0,0,0,0,0,0,0,0,0,0,0,0,0,0,0,0,0,0,0,0,0,0,0,0,0,0,0,0,0,0,0
SRR23890888,PRJNA944199,COPD_Exacerbation,0.164451906,0,0,0,0,0,0.127992755,0.185760627,0,0,0,0,0.035933924,0,0,0,0,0,0,0,0,0,0.012161755,0,0,0,0,0,0,0,0,0.017813709,0,0,0,0,0,0,0,0,0,0,0,0,0,0,0,0,0,0,0,0,0,0,0,0,0,0,0,0,0,0,0,0,0,0,0,0,0,0,0,0,0,0,0,0,0,0,0,0,0,0,0,0,0,0,0,0,0,0,0,0,0,0,0,0,0,0,0,0,0,0,0,0,0,0,0,0,0,0,0,0,0,0,0,0,0,0,0,0,0,0,0,0,0,0,0,0,0,0,0,0,0,0,0,0,0,0,0,0,0,0,0,0,0,0,0,0,0,0,0,0,0,0,0,0,0,0,0,0,0,0,0,0,0,0,0,0,0,0,0,0,0,0,0,0,0,0,0,0,0,0,0,0,0,0,0,0,0,0,0,0,0,0,0,0,0,0,0,0,0,0,0,0,0,0,0,0,0,0,0,0,0,0,0,0,0,0,0,0,0,0,0,0,0,0,0,0,0,0,0,0,0,0,0,0,0,0,0,0,0,0,0,0,0,0,0,0,0,0,0,0,0,0,0,0,0,0,0,0,0,0,0,0,0,0,0,0,0,0,0,0
SRR23890891,PRJNA944199,COPD_Exacerbation,0.190379077,0,0,0,0,0,0.051290973,0.11607565,0,0,0.011951156,0.01989794,0.015061961,0,0,0,0,0,0,0,0,0,0,0,0,0,0,0,0,0,0,0.003190893,0,0,0,0,0,0,0,0,0,0,0,0,0,0,0,0,0,0,0,0,0,0,0,0,0,0,0,0,0,0,0,0,0,0,0,0,0,0,0,0,0,0,0,0,0,0,0,0,0,0,0,0,0,0,0,0,0,0,0,0,0,0,0,0,0,0,0,0,0,0,0,0,0,0,0,0,0,0,0,0,0,0,0,0,0,0,0,0,0,0,0,0,0,0,0,0,0,0,0,0,0,0,0,0,0,0,0,0,0,0,0,0,0,0,0,0,0,0,0,0,0,0,0,0,0,0,0,0,0,0,0,0,0,0,0,0,0,0,0,0,0,0,0,0,0,0,0,0,0,0,0,0,0,0,0,0,0,0,0,0,0,0,0,0,0,0,0,0,0,0,0,0,0,0,0,0,0,0,0,0,0,0,0,0,0,0,0,0,0,0,0,0,0,0,0,0,0,0,0,0,0,0,0,0,0,0,0,0,0,0,0,0,0,0,0,0,0,0,0,0,0,0,0,0,0,0,0,0,0,0,0,0,0,0,0,0,0,0,0,0
SRR23890927,PRJNA944199,COPD_Exacerbation,0.361391864,0,0,0,0,0,0.165777361,0.086508318,0,0,0,0.008739192,0,0,0,0,0,0,0,0,0,0,0,0,0,0,0,0,0.000895147,0,0,0,0,0,0,0,0,0,0,0,0,0,0,0,0,0,0,0,0,0,0,0,0,0,0,0,0,0,0,0,0,0,0,0,0,0,0,0,0,0,0,0,0,0,0,0,0,0,0,0,0,0,0,0,0,0,0,0,0,0,0,0,0,0,0,0,0,0,0,0,0,0,0,0,0,0,0,0,0,0,0,0,0,0,0,0,0,0,0,0,0,0,0,0,0,0,0,0,0,0,0,0,0,0,0,0,0,0,0,0,0,0,0,0,0,0,0,0,0,0,0,0,0,0,0,0,0,0,0,0,0,0,0,0,0,0,0,0,0,0,0,0,0,0,0,0,0,0,0,0,0,0,0,0,0,0,0,0,0,0,0,0,0,0,0,0,0,0,0,0,0,0,0,0,0,0,0,0,0,0,0,0,0,0,0,0,0,0,0,0,0,0,0,0,0,0,0,0,0,0,0,0,0,0,0,0,0,0,0,0,0,0,0,0,0,0,0,0,0,0,0,0,0,0,0,0,0,0,0,0,0,0,0,0,0,0,0,0,0,0,0,0
SRR23890930,PRJNA944199,COPD_Exacerbation,0.21734707,0,0,0,0,0,0.368307431,0.090483069,0,0,0,0,0,0,0,0,0,0,0,0,0,0,0,0,0,0,0,0,0.001799515,0,0,0,0,0,0,0,0,0,0,0,0,0,0,0,0,0,0,0,0,0,0,0,0,0,0,0,0,0,0,0,0,0,0,0,0,0,0,0,0,0,0,0,0,0,0,0,0,0,0,0,0,0,0,0,0,0,0,0,0,0,0,0,0,0,0,0,0,0,0,0,0,0,0,0,0,0,0,0,0,0,0,0,0,0,0,0,0,0,0,0,0,0,0,0,0,0,0,0,0,0,0,0,0,0,0,0,0,0,0,0,0,0,0,0,0,0,0,0,0,0,0,0,0,0,0,0,0,0,0,0,0,0,0,0,0,0,0,0,0,0,0,0,0,0,0,0,0,0,0,0,0,0,0,0,0,0,0,0,0,0,0,0,0,0,0,0,0,0,0,0,0,0,0,0,0,0,0,0,0,0,0,0,0,0,0,0,0,0,0,0,0,0,0,0,0,0,0,0,0,0,0,0,0,0,0,0,0,0,0,0,0,0,0,0,0,0,0,0,0,0,0,0,0,0,0,0,0,0,0,0,0,0,0,0,0,0,0,0,0,0,0,0
SRR23890933,PRJNA944199,COPD_Exacerbation,0.114070115,0,0,0,0,0,0.46521756,0.059761192,0,0,0.009407742,0,0,0,0,0,0,0,0,0,0,0,0,0,0,0,0,0,0.00330443,0,0,0.022550181,0,0,0,0,0,0,0,0,0,0,0,0,0,0,0,0,0,0,0,0,0,0,0,0,0,0,0,0,0,0,0,0,0,0,0,0,0,0,0,0,0,0,0,0,0,0,0,0,0,0,0,0,0,0,0,0,0,0,0,0,0,0,0,0,0,0,0,0,0,0,0,0,0,0,0,0,0,0,0,0,0,0,0,0,0,0,0,0,0,0,0,0,0,0,0,0,0,0,0,0,0,0,0,0,0,0,0,0,0,0,0,0,0,0,0,0,0,0,0,0,0,0,0,0,0,0,0,0,0,0,0,0,0,0,0,0,0,0,0,0,0,0,0,0,0,0,0,0,0,0,0,0,0,0,0,0,0,0,0,0,0,0,0,0,0,0,0,0,0,0,0,0,0,0,0,0,0,0,0,0,0,0,0,0,0,0,0,0,0,0,0,0,0,0,0,0,0,0,0,0,0,0,0,0,0,0,0,0,0,0,0,0,0,0,0,0,0,0,0,0,0,0,0,0,0,0,0,0,0,0,0,0,0,0,0,0,0,0,0,0
SRR23890943,PRJNA944199,COPD_Exacerbation,0.260478986,0,0,0,0,0,0.24484777,0.072769133,0,0.006672565,0.000671117,0,0.005500996,0,0,0,0,0,0,0,0,0,0,0,0,0,0,0,0,0,0,0.001014219,0,0,0,0,0,0,0,0,0,0,0,0,0,0,0,0,0,0,0,0,0,0,0,0,0,0,0,0,0,0,0,0,0,0,0,0,0,0,0,0,0,0,0,0,0,0,0,0,0,0,0,0,0,0,0,0,0,0,0,0,0,0,0,0,0,0,0,0,0,0,0,0,0,0,0,0,0,0,0,0,0,0,0,0,0,0,0,0,0,0,0,0,0,0,0,0,0,0,0,0,0,0,0,0,0,0,0,0,0,0,0,0,0,0,0,0,0,0,0,0,0,0,0,0,0,0,0,0,0,0,0,0,0,0,0,0,0,0,0,0,0,0,0,0,0,0,0,0,0,0,0,0,0,0,0,0,0,0,0,0,0,0,0,0,0,0,0,0,0,0,0,0,0,0,0,0,0,0,0,0,0,0,0,0,0,0,0,0,0,0,0,0,0,0,0,0,0,0,0,0,0,0,0,0,0,0,0,0,0,0,0,0,0,0,0,0,0,0,0,0,0,0,0,0,0,0,0,0,0,0,0,0,0,0,0,0,0,0,0,0
SRR23890952,PRJNA944199,COPD_Exacerbation,0.173194899,0,0,0,0,0,0.21449305,0,0,0,0.013862439,0,0,0,0,0,0,0,0,0,0,0,0,0,0,0,0,0,0,0,0,0,0,0,0,0,0,0,0,0,0,0,0,0,0,0,0,0,0,0,0,0,0,0,0,0,0,0,0,0,0,0,0,0,0,0,0,0,0,0,0,0,0,0,0,0,0,0,0,0,0,0,0,0,0,0,0,0,0,0,0,0,0,0,0,0,0,0,0,0,0,0,0,0,0,0,0,0,0,0,0,0,0,0,0,0,0,0,0,0,0,0,0,0,0,0,0,0,0,0,0,0,0,0,0,0,0,0,0,0,0,0,0,0,0,0,0,0,0,0,0,0,0,0,0,0,0,0,0,0,0,0,0,0,0,0,0,0,0,0,0,0,0,0,0,0,0,0,0,0,0,0,0,0,0,0,0,0,0,0,0,0,0,0,0,0,0,0,0,0,0,0,0,0,0,0,0,0,0,0,0,0,0,0,0,0,0,0,0,0,0,0,0,0,0,0,0,0,0,0,0,0,0,0,0,0,0,0,0,0,0,0,0,0,0,0,0,0,0,0,0,0,0,0,0,0,0,0,0,0,0,0,0,0,0,0,0,0,0,0,0,0
SRR23890955,PRJNA944199,COPD_Exacerbation,0.025065002,0,0,0,0,0,0.298149095,0.043165352,0,0.005723737,0,0,0,0,0,0,0,0,0,0,0,0,0,0,0,0,0,0,0.001414852,0,0,0.001087364,0,0,0,0,0,0,0,0,0,0,0,0,0,0,0,0,0,0,0,0,0,0,0,0,0,0,0,0,0,0,0,0,0,0,0,0,0,0,0,0,0,0,0,0,0,0,0,0,0,0,0,0,0,0,0,0,0,0,0,0,0,0,0,0,0,0,0,0,0,0,0,0,0,0,0,0,0,0,0,0,0,0,0,0,0,0,0,0,0,0,0,0,0,0,0,0,0,0,0,0,0,0,0,0,0,0,0,0,0,0,0,0,0,0,0,0,0,0,0,0,0,0,0,0,0,0,0,0,0,0,0,0,0,0,0,0,0,0,0,0,0,0,0,0,0,0,0,0,0,0,0,0,0,0,0,0,0,0,0,0,0,0,0,0,0,0,0,0,0,0,0,0,0,0,0,0,0,0,0,0,0,0,0,0,0,0,0,0,0,0,0,0,0,0,0,0,0,0,0,0,0,0,0,0,0,0,0,0,0,0,0,0,0,0,0,0,0,0,0,0,0,0,0,0,0,0,0,0,0,0,0,0,0,0,0,0,0,0,0,0
SRR23890974,PRJNA944199,COPD_Exacerbation,0.072389661,0,0.303434493,0,0,0,0.177134282,0,0,0,0,0,0,0,0,0,0,0,0,0,0,0,0,0,0,0,0,0,0,0,0,0,0,0,0,0,0,0,0,0,0,0,0,0,0,0,0,0,0,0,0,0,0,0,0,0,0,0,0,0,0,0,0,0,0,0,0,0,0,0,0,0,0,0,0,0,0,0,0,0,0,0,0,0,0,0,0,0,0,0,0,0,0,0,0,0,0,0,0,0,0,0,0,0,0,0,0,0,0,0,0,0,0,0,0,0,0,0,0,0,0,0,0,0,0,0,0,0,0,0,0,0,0,0,0,0,0,0,0,0,0,0,0,0,0,0,0,0,0,0,0,0,0,0,0,0,0,0,0,0,0,0,0,0,0,0,0,0,0,0,0,0,0,0,0,0,0,0,0,0,0,0,0,0,0,0,0,0,0,0,0,0,0,0,0,0,0,0,0,0,0,0,0,0,0,0,0,0,0,0,0,0,0,0,0,0,0,0,0,0,0,0,0,0,0,0,0,0,0,0,0,0,0,0,0,0,0,0,0,0,0,0,0,0,0,0,0,0,0,0,0,0,0,0,0,0,0,0,0,0,0,0,0,0,0,0,0,0,0,0,0,0
SRR23890999,PRJNA944199,COPD_Exacerbation,0.015225468,0,0,0,0,0,0,0,0,0,0,0,0,0,0,0,0,0,0,0,0,0,0,0,0,0,0,0,0,0,0,0,0,0,0,0,0,0,0,0,0,0,0,0,0,0,0,0,0,0,0,0,0,0,0,0,0,0,0,0,0,0,0,0,0,0,0,0,0,0,0,0,0,0,0,0,0,0,0,0,0,0,0,0,0,0,0,0,0,0,0,0,0,0,0,0,0,0,0,0,0,0,0,0,0,0,0,0,0,0,0,0,0,0,0,0,0,0,0,0,0,0,0,0,0,0,0,0,0,0,0,0,0,0,0,0,0,0,0,0,0,0,0,0,0,0,0,0,0,0,0,0,0,0,0,0,0,0,0,0,0,0,0,0,0,0,0,0,0,0,0,0,0,0,0,0,0,0,0,0,0,0,0,0,0,0,0,0,0,0,0,0,0,0,0,0,0,0,0,0,0,0,0,0,0,0,0,0,0,0,0,0,0,0,0,0,0,0,0,0,0,0,0,0,0,0,0,0,0,0,0,0,0,0,0,0,0,0,0,0,0,0,0,0,0,0,0,0,0,0,0,0,0,0,0,0,0,0,0,0,0,0,0,0,0,0,0,0,0,0,0,0
SRR23891008,PRJNA944199,COPD_Exacerbation,0.690490324,0,0,0,0,0,0.060311151,0,0,0,0.001405295,0,0.002977626,0,0,0,0,0,0,0,0,0,0,0,0,0,0,0,0,0,0,0,0,0,0,0,0,0,0,0,0,0,0,0,0,0,0,0,0,0,0,0,0,0,0,0,0,0,0,0,0,0,0,0,0,0,0,0,0,0,0,0,0,0,0,0,0,0,0,0,0,0,0,0,0,0,0,0,0,0,0,0,0,0,0,0,0,0,0,0,0,0,0,0,0,0,0,0,0,0,0,0,0,0,0,0,0,0,0,0,0,0,0,0,0,0,0,0,0,0,0,0,0,0,0,0,0,0,0,0,0,0,0,0,0,0,0,0,0,0,0,0,0,0,0,0,0,0,0,0,0,0,0,0,0,0,0,0,0,0,0,0,0,0,0,0,0,0,0,0,0,0,0,0,0,0,0,0,0,0,0,0,0,0,0,0,0,0,0,0,0,0,0,0,0,0,0,0,0,0,0,0,0,0,0,0,0,0,0,0,0,0,0,0,0,0,0,0,0,0,0,0,0,0,0,0,0,0,0,0,0,0,0,0,0,0,0,0,0,0,0,0,0,0,0,0,0,0,0,0,0,0,0,0,0,0,0,0,0,0,0,0
SRR23891025,PRJNA944199,COPD_Exacerbation,0.498270233,0,0,0,0,0,0.010224672,0.004219901,0,0,0,0,0,0,0,0,0,0,0,0,0,0,0,0,0,0,0,0,0,0,0,0,0,0,0,0,0,0,0,0,0,0,0,0,0,0,0,0,0,0,0,0,0,0,0,0,0,0,0,0,0,0,0,0,0,0,0,0,0,0,0,0,0,0,0,0,0,0,0,0,0,0,0,0,0,0,0,0,0,0,0,0,0,0,0,0,0,0,0,0,0,0,0,0,0,0,0,0,0,0,0,0,0,0,0,0,0,0,0,0,0,0,0,0,0,0,0,0,0,0,0,0,0,0,0,0,0,0,0,0,0,0,0,0,0,0,0,0,0,0,0,0,0,0,0,0,0,0,0,0,0,0,0,0,0,0,0,0,0,0,0,0,0,0,0,0,0,0,0,0,0,0,0,0,0,0,0,0,0,0,0,0,0,0,0,0,0,0,0,0,0,0,0,0,0,0,0,0,0,0,0,0,0,0,0,0,0,0,0,0,0,0,0,0,0,0,0,0,0,0,0,0,0,0,0,0,0,0,0,0,0,0,0,0,0,0,0,0,0,0,0,0,0,0,0,0,0,0,0,0,0,0,0,0,0,0,0,0,0,0,0,0
SRR23891044,PRJNA944199,COPD_Exacerbation,0.098565703,0,0,0,0,0,0.353896041,0.018636289,0,0,0,0.005052566,0,0,0,0,0,0,0,0,0,0,0.005276065,0,0,0,0,0,0.00727849,0,0,0,0,0,0,0,0,0,0,0,0,0,0,0,0,0,0,0,0,0,0,0,0,0,0,0,0,0,0,0,0,0,0,0,0,0,0,0,0,0,0,0,0,0,0,0,0,0,0,0,0,0,0,0,0,0,0,0,0,0,0,0,0,0,0,0,0,0,0,0,0,0,0,0,0,0,0,0,0,0,0,0,0,0,0,0,0,0,0,0,0,0,0,0,0,0,0,0,0,0,0,0,0,0,0,0,0,0,0,0,0,0,0,0,0,0,0,0,0,0,0,0,0,0,0,0,0,0,0,0,0,0,0,0,0,0,0,0,0,0,0,0,0,0,0,0,0,0,0,0,0,0,0,0,0,0,0,0,0,0,0,0,0,0,0,0,0,0,0,0,0,0,0,0,0,0,0,0,0,0,0,0,0,0,0,0,0,0,0,0,0,0,0,0,0,0,0,0,0,0,0,0,0,0,0,0,0,0,0,0,0,0,0,0,0,0,0,0,0,0,0,0,0,0,0,0,0,0,0,0,0,0,0,0,0,0,0,0,0,0,0,0
SRR23891050,PRJNA944199,COPD_Exacerbation,0.55087138,0,0,0,0,0,0,0,0,0,0.121369423,0,0,0,0,0,0,0,0,0,0,0,0,0,0,0,0,0,0,0,0,0,0,0,0,0,0,0,0,0,0,0,0,0,0,0,0,0,0,0,0,0,0,0,0,0,0,0,0,0,0,0,0,0,0,0,0,0,0,0,0,0,0,0,0,0,0,0,0,0,0,0,0,0,0,0,0,0,0,0,0,0,0,0,0,0,0,0,0,0,0,0,0,0,0,0,0,0,0,0,0,0,0,0,0,0,0,0,0,0,0,0,0,0,0,0,0,0,0,0,0,0,0,0,0,0,0,0,0,0,0,0,0,0,0,0,0,0,0,0,0,0,0,0,0,0,0,0,0,0,0,0,0,0,0,0,0,0,0,0,0,0,0,0,0,0,0,0,0,0,0,0,0,0,0,0,0,0,0,0,0,0,0,0,0,0,0,0,0,0,0,0,0,0,0,0,0,0,0,0,0,0,0,0,0,0,0,0,0,0,0,0,0,0,0,0,0,0,0,0,0,0,0,0,0,0,0,0,0,0,0,0,0,0,0,0,0,0,0,0,0,0,0,0,0,0,0,0,0,0,0,0,0,0,0,0,0,0,0,0,0,0
SRR23891053,PRJNA944199,COPD_Exacerbation,0.148129512,0,0,0,0,0,0.203204981,0.176723324,0,0,0.04804957,0.015520353,0.005677186,0,0,0,0,0,0,0,0,0,0.014784468,0,0,0,0,0,0.025625883,0,0,0,0,0,0,0,0,0,0,0,0,0,0,0,0,0,0,0,0,0,0,0,0,0,0,0,0,0,0,0,0,0,0,0,0,0,0,0,0,0,0,0,0,0,0,0,0,0,0,0,0,0,0,0,0,0,0,0,0,0,0,0,0,0,0,0,0,0,0,0,0,0,0,0,0,0,0,0,0,0,0,0,0,0,0,0,0,0,0,0,0,0,0,0,0,0,0,0,0,0,0,0,0,0,0,0,0,0,0,0,0,0,0,0,0,0,0,0,0,0,0,0,0,0,0,0,0,0,0,0,0,0,0,0,0,0,0,0,0,0,0,0,0,0,0,0,0,0,0,0,0,0,0,0,0,0,0,0,0,0,0,0,0,0,0,0,0,0,0,0,0,0,0,0,0,0,0,0,0,0,0,0,0,0,0,0,0,0,0,0,0,0,0,0,0,0,0,0,0,0,0,0,0,0,0,0,0,0,0,0,0,0,0,0,0,0,0,0,0,0,0,0,0,0,0,0,0,0,0,0,0,0,0,0,0,0,0,0,0,0,0,0
SRR23891061,PRJNA944199,COPD_Exacerbation,0.067496538,0,0,0,0,0,0.246477519,0.018039098,0,0.037397702,0,0.036497395,0,0,0,0,0,0,0,0,0,0,0,0,0,0,0,0,0,0,0,0,0,0,0,0,0,0,0,0,0,0,0,0,0,0,0,0,0,0,0,0,0,0,0,0,0,0,0,0,0,0,0,0,0,0,0,0,0,0,0,0,0,0,0,0,0,0,0,0,0,0,0,0,0,0,0,0,0,0,0,0,0,0,0,0,0,0,0,0,0,0,0,0,0,0,0,0,0,0,0,0,0,0,0,0,0,0,0,0,0,0,0,0,0,0,0,0,0,0,0,0,0,0,0,0,0,0,0,0,0,0,0,0,0,0,0,0,0,0,0,0,0,0,0,0,0,0,0,0,0,0,0,0,0,0,0,0,0,0,0,0,0,0,0,0,0,0,0,0,0,0,0,0,0,0,0,0,0,0,0,0,0,0,0,0,0,0,0,0,0,0,0,0,0,0,0,0,0,0,0,0,0,0,0,0,0,0,0,0,0,0,0,0,0,0,0,0,0,0,0,0,0,0,0,0,0,0,0,0,0,0,0,0,0,0,0,0,0,0,0,0,0,0,0,0,0,0,0,0,0,0,0,0,0,0,0,0,0,0,0,0
SRR23891074,PRJNA944199,COPD_Exacerbation,0.064272689,0,0,0,0,0,0.183546005,0.058310401,0,0,0.006445093,0.02600494,0.010228502,0,0,0,0,0,0,0,0,0,0,0,0,0,0,0,0.000476366,0,0,0.004806292,0,0,0,0,0,0,0,0,0,0,0,0,0,0,0,0,0,0,0,0,0,0,0,0,0,0,0,0,0,0,0,0,0,0,0,0,0,0,0,0,0,0,0,0,0,0,0,0,0,0,0,0,0,0,0,0,0,0,0,0,0,0,0,0,0,0,0,0,0,0,0,0,0,0,0,0,0,0,0,0,0,0,0,0,0,0,0,0,0,0,0,0,0,0,0,0,0,0,0,0,0,0,0,0,0,0,0,0,0,0,0,0,0,0,0,0,0,0,0,0,0,0,0,0,0,0,0,0,0,0,0,0,0,0,0,0,0,0,0,0,0,0,0,0,0,0,0,0,0,0,0,0,0,0,0,0,0,0,0,0,0,0,0,0,0,0,0,0,0,0,0,0,0,0,0,0,0,0,0,0,0,0,0,0,0,0,0,0,0,0,0,0,0,0,0,0,0,0,0,0,0,0,0,0,0,0,0,0,0,0,0,0,0,0,0,0,0,0,0,0,0,0,0,0,0,0,0,0,0,0,0,0,0,0,0,0,0,0,0,0
SRR23891095,PRJNA944199,COPD_Exacerbation,0.166151302,0,0.032653997,0,0,0,0.436359212,0.032255721,0,0,0,0.003380314,0.011663122,0,0,0,0,0,0,0,0,0,0,0,0,0,0,0,0,0,0,0.005656547,0,0,0,0,0,0,0,0,0,0,0,0,0,0,0,0,0,0,0,0,0,0,0,0,0,0,0,0,0,0,0,0,0,0,0,0,0,0,0,0,0,0,0,0,0,0,0,0,0,0,0,0,0,0,0,0,0,0,0,0,0,0,0,0,0,0,0,0,0,0,0,0,0,0,0,0,0,0,0,0,0,0,0,0,0,0,0,0,0,0,0,0,0,0,0,0,0,0,0,0,0,0,0,0,0,0,0,0,0,0,0,0,0,0,0,0,0,0,0,0,0,0,0,0,0,0,0,0,0,0,0,0,0,0,0,0,0,0,0,0,0,0,0,0,0,0,0,0,0,0,0,0,0,0,0,0,0,0,0,0,0,0,0,0,0,0,0,0,0,0,0,0,0,0,0,0,0,0,0,0,0,0,0,0,0,0,0,0,0,0,0,0,0,0,0,0,0,0,0,0,0,0,0,0,0,0,0,0,0,0,0,0,0,0,0,0,0,0,0,0,0,0,0,0,0,0,0,0,0,0,0,0,0,0,0,0,0,0,0,0
SRR23891099,PRJNA944199,COPD_Exacerbation,0.484427055,0,0.012439681,0,0,0,0.264785123,0.00589185,0,0,0.014452881,0.003224716,0,0,0,0,0,0,0,0,0,0,0,0,0,0,0,0,0,0,0,0,0,0,0,0,0,0,0,0,0,0,0,0,0,0,0,0,0,0,0,0,0,0,0,0,0,0,0,0,0,0,0,0,0,0,0,0,0,0,0,0,0,0,0,0,0,0,0,0,0,0,0,0,0,0,0,0,0,0,0,0,0,0,0,0,0,0,0,0,0,0,0,0,0,0,0,0,0,0,0,0,0,0,0,0,0,0,0,0,0,0,0,0,0,0,0,0,0,0,0,0,0,0,0,0,0,0,0,0,0,0,0,0,0,0,0,0,0,0,0,0,0,0,0,0,0,0,0,0,0,0,0,0,0,0,0,0,0,0,0,0,0,0,0,0,0,0,0,0,0,0,0,0,0,0,0,0,0,0,0,0,0,0,0,0,0,0,0,0,0,0,0,0,0,0,0,0,0,0,0,0,0,0,0,0,0,0,0,0,0,0,0,0,0,0,0,0,0,0,0,0,0,0,0,0,0,0,0,0,0,0,0,0,0,0,0,0,0,0,0,0,0,0,0,0,0,0,0,0,0,0,0,0,0,0,0,0,0,0,0,0
SRR23891101,PRJNA944199,COPD_Exacerbation,0.05519238,0,0.074583033,0,0,0,0.329640563,0.003858327,0,0,0,0.002502208,0.00235469,0,0,0,0,0,0,0,0,0,0.034522406,0,0,0,0,0,0,0,0,0,0,0,0,0,0,0,0,0,0,0,0,0,0,0,0,0,0,0,0,0,0,0,0,0,0,0,0,0,0,0,0,0,0,0,0,0,0,0,0,0,0,0,0,0,0,0,0,0,0,0,0,0,0,0,0,0,0,0,0,0,0,0,0,0,0,0,0,0,0,0,0,0,0,0,0,0,0,0,0,0,0,0,0,0,0,0,0,0,0,0,0,0,0,0,0,0,0,0,0,0,0,0,0,0,0,0,0,0,0,0,0,0,0,0,0,0,0,0,0,0,0,0,0,0,0,0,0,0,0,0,0,0,0,0,0,0,0,0,0,0,0,0,0,0,0,0,0,0,0,0,0,0,0,0,0,0,0,0,0,0,0,0,0,0,0,0,0,0,0,0,0,0,0,0,0,0,0,0,0,0,0,0,0,0,0,0,0,0,0,0,0,0,0,0,0,0,0,0,0,0,0,0,0,0,0,0,0,0,0,0,0,0,0,0,0,0,0,0,0,0,0,0,0,0,0,0,0,0,0,0,0,0,0,0,0,0,0,0,0,0
SRR23891104,PRJNA944199,COPD_Exacerbation,0.03049162,0,0,0,0,0,0.276117605,0.021116735,0,0.013408823,0.005010332,0.004101235,0,0,0,0,0,0,0,0,0,0,0,0,0,0,0,0,0.002459463,0,0,0,0,0,0,0,0,0,0,0,0,0,0,0,0,0,0,0,0,0,0,0,0,0,0,0,0,0,0,0,0,0,0,0,0,0,0,0,0,0,0,0,0,0,0,0,0,0,0,0,0,0,0,0,0,0,0,0,0,0,0,0,0,0,0,0,0,0,0,0,0,0,0,0,0,0,0,0,0,0,0,0,0,0,0,0,0,0,0,0,0,0,0,0,0,0,0,0,0,0,0,0,0,0,0,0,0,0,0,0,0,0,0,0,0,0,0,0,0,0,0,0,0,0,0,0,0,0,0,0,0,0,0,0,0,0,0,0,0,0,0,0,0,0,0,0,0,0,0,0,0,0,0,0,0,0,0,0,0,0,0,0,0,0,0,0,0,0,0,0,0,0,0,0,0,0,0,0,0,0,0,0,0,0,0,0,0,0,0,0,0,0,0,0,0,0,0,0,0,0,0,0,0,0,0,0,0,0,0,0,0,0,0,0,0,0,0,0,0,0,0,0,0,0,0,0,0,0,0,0,0,0,0,0,0,0,0,0,0,0,0,0
SRR23891108,PRJNA944199,COPD_Exacerbation,0.171790371,0,0,0,0,0,0.475100852,0.082489926,0,0,0,0,0,0,0,0,0,0,0,0,0,0,0,0,0,0,0,0,0.003649001,0,0,0,0,0,0,0,0,0,0,0,0,0,0,0,0,0,0,0,0,0,0,0,0,0,0,0,0,0,0,0,0,0,0,0,0,0,0,0,0,0,0,0,0,0,0,0,0,0,0,0,0,0,0,0,0,0,0,0,0,0,0,0,0,0,0,0,0,0,0,0,0,0,0,0,0,0,0,0,0,0,0,0,0,0,0,0,0,0,0,0,0,0,0,0,0,0,0,0,0,0,0,0,0,0,0,0,0,0,0,0,0,0,0,0,0,0,0,0,0,0,0,0,0,0,0,0,0,0,0,0,0,0,0,0,0,0,0,0,0,0,0,0,0,0,0,0,0,0,0,0,0,0,0,0,0,0,0,0,0,0,0,0,0,0,0,0,0,0,0,0,0,0,0,0,0,0,0,0,0,0,0,0,0,0,0,0,0,0,0,0,0,0,0,0,0,0,0,0,0,0,0,0,0,0,0,0,0,0,0,0,0,0,0,0,0,0,0,0,0,0,0,0,0,0,0,0,0,0,0,0,0,0,0,0,0,0,0,0,0,0,0,0
SRR23891111,PRJNA944199,COPD_Exacerbation,0.039571262,0,0,0,0,0,0.724360991,0.043314666,0,0,0,0,0,0,0,0,0,0,0,0,0,0,0,0,0,0,0,0,0,0,0,0,0,0,0,0,0,0,0,0,0,0,0,0,0,0,0,0,0,0,0,0,0,0,0,0,0,0,0,0,0,0,0,0,0,0,0,0,0,0,0,0,0,0,0,0,0,0,0,0,0,0,0,0,0,0,0,0,0,0,0,0,0,0,0,0,0,0,0,0,0,0,0,0,0,0,0,0,0,0,0,0,0,0,0,0,0,0,0,0,0,0,0,0,0,0,0,0,0,0,0,0,0,0,0,0,0,0,0,0,0,0,0,0,0,0,0,0,0,0,0,0,0,0,0,0,0,0,0,0,0,0,0,0,0,0,0,0,0,0,0,0,0,0,0,0,0,0,0,0,0,0,0,0,0,0,0,0,0,0,0,0,0,0,0,0,0,0,0,0,0,0,0,0,0,0,0,0,0,0,0,0,0,0,0,0,0,0,0,0,0,0,0,0,0,0,0,0,0,0,0,0,0,0,0,0,0,0,0,0,0,0,0,0,0,0,0,0,0,0,0,0,0,0,0,0,0,0,0,0,0,0,0,0,0,0,0,0,0,0,0,0
SRR23891114,PRJNA944199,COPD_Exacerbation,0.115115715,0,0,0,0,0,0.550016808,0.062134542,0,0.006452595,0.005651492,0,0,0,0,0,0,0,0,0,0,0,0,0,0,0,0,0,0.001163041,0,0,0,0,0,0,0,0,0,0,0,0,0,0,0,0,0,0,0,0,0,0,0,0,0,0,0,0,0,0,0,0,0,0,0,0,0,0,0,0,0,0,0,0,0,0,0,0,0,0,0,0,0,0,0,0,0,0,0,0,0,0,0,0,0,0,0,0,0,0,0,0,0,0,0,0,0,0,0,0,0,0,0,0,0,0,0,0,0,0,0,0,0,0,0,0,0,0,0,0,0,0,0,0,0,0,0,0,0,0,0,0,0,0,0,0,0,0,0,0,0,0,0,0,0,0,0,0,0,0,0,0,0,0,0,0,0,0,0,0,0,0,0,0,0,0,0,0,0,0,0,0,0,0,0,0,0,0,0,0,0,0,0,0,0,0,0,0,0,0,0,0,0,0,0,0,0,0,0,0,0,0,0,0,0,0,0,0,0,0,0,0,0,0,0,0,0,0,0,0,0,0,0,0,0,0,0,0,0,0,0,0,0,0,0,0,0,0,0,0,0,0,0,0,0,0,0,0,0,0,0,0,0,0,0,0,0,0,0,0,0,0,0
SRR23891154,PRJNA944199,COPD_Exacerbation,0.140195862,0,0,0,0,0,0.72508035,0,0,0,0,0,0,0,0,0,0,0,0,0,0,0,0,0,0,0,0,0,0,0,0,0,0,0,0,0,0,0,0,0,0,0,0,0,0,0,0,0,0,0,0,0,0,0,0,0,0,0,0,0,0,0,0,0,0,0,0,0,0,0,0,0,0,0,0,0,0,0,0,0,0,0,0,0,0,0,0,0,0,0,0,0,0,0,0,0,0,0,0,0,0,0,0,0,0,0,0,0,0,0,0,0,0,0,0,0,0,0,0,0,0,0,0,0,0,0,0,0,0,0,0,0,0,0,0,0,0,0,0,0,0,0,0,0,0,0,0,0,0,0,0,0,0,0,0,0,0,0,0,0,0,0,0,0,0,0,0,0,0,0,0,0,0,0,0,0,0,0,0,0,0,0,0,0,0,0,0,0,0,0,0,0,0,0,0,0,0,0,0,0,0,0,0,0,0,0,0,0,0,0,0,0,0,0,0,0,0,0,0,0,0,0,0,0,0,0,0,0,0,0,0,0,0,0,0,0,0,0,0,0,0,0,0,0,0,0,0,0,0,0,0,0,0,0,0,0,0,0,0,0,0,0,0,0,0,0,0,0,0,0,0,0
SRR23891155,PRJNA944199,COPD_Exacerbation,0.550483109,0,0,0,0,0,0.004876248,0,0,0,0.004315639,0.00501432,0.003817264,0,0,0,0,0,0,0,0,0,0.011606346,0,0,0,0,0,0.001905532,0,0,0,0,0,0,0,0,0,0,0,0,0,0,0,0,0,0,0,0,0,0,0,0,0,0,0,0,0,0,0,0,0,0,0,0,0,0,0,0,0,0,0,0,0,0,0,0,0,0,0,0,0,0,0,0,0,0,0,0,0,0,0,0,0,0,0,0,0,0,0,0,0,0,0,0,0,0,0,0,0,0,0,0,0,0,0,0,0,0,0,0,0,0,0,0,0,0,0,0,0,0,0,0,0,0,0,0,0,0,0,0,0,0,0,0,0,0,0,0,0,0,0,0,0,0,0,0,0,0,0,0,0,0,0,0,0,0,0,0,0,0,0,0,0,0,0,0,0,0,0,0,0,0,0,0,0,0,0,0,0,0,0,0,0,0,0,0,0,0,0,0,0,0,0,0,0,0,0,0,0,0,0,0,0,0,0,0,0,0,0,0,0,0,0,0,0,0,0,0,0,0,0,0,0,0,0,0,0,0,0,0,0,0,0,0,0,0,0,0,0,0,0,0,0,0,0,0,0,0,0,0,0,0,0,0,0,0,0,0,0,0,0
SRR23891162,PRJNA944199,COPD_Exacerbation,0.377187433,0,0,0,0,0,0.381977384,0,0,0,0,0,0,0,0,0,0,0,0,0,0,0,0,0,0,0,0,0,0,0,0,0,0,0,0,0,0,0,0,0,0,0,0,0,0,0,0,0,0,0,0,0,0,0,0,0,0,0,0,0,0,0,0,0,0,0,0,0,0,0,0,0,0,0,0,0,0,0,0,0,0,0,0,0,0,0,0,0,0,0,0,0,0,0,0,0,0,0,0,0,0,0,0,0,0,0,0,0,0,0,0,0,0,0,0,0,0,0,0,0,0,0,0,0,0,0,0,0,0,0,0,0,0,0,0,0,0,0,0,0,0,0,0,0,0,0,0,0,0,0,0,0,0,0,0,0,0,0,0,0,0,0,0,0,0,0,0,0,0,0,0,0,0,0,0,0,0,0,0,0,0,0,0,0,0,0,0,0,0,0,0,0,0,0,0,0,0,0,0,0,0,0,0,0,0,0,0,0,0,0,0,0,0,0,0,0,0,0,0,0,0,0,0,0,0,0,0,0,0,0,0,0,0,0,0,0,0,0,0,0,0,0,0,0,0,0,0,0,0,0,0,0,0,0,0,0,0,0,0,0,0,0,0,0,0,0,0,0,0,0,0,0
SRR23891167,PRJNA944199,COPD_Exacerbation,0.41534919,0,0,0,0,0,0.046650309,0.012294201,0,0,0.002659913,0.03300259,0.038359554,0,0,0,0,0,0,0,0,0,0,0,0,0,0,0,0.002203503,0,0,0,0,0,0.004521832,0,0,0,0,0,0,0,0,0,0,0,0,0,0,0,0,0,0,0,0,0,0,0,0,0,0,0,0,0,0,0,0,0,0,0,0,0,0,0,0,0,0,0,0,0,0,0,0,0,0,0,0,0,0,0,0,0,0,0,0,0,0,0,0,0,0,0,0,0,0,0,0,0,0,0,0,0,0,0,0,0,0,0,0,0,0,0,0,0,0,0,0,0,0,0,0,0,0,0,0,0,0,0,0,0,0,0,0,0,0,0,0,0,0,0,0,0,0,0,0,0,0,0,0,0,0,0,0,0,0,0,0,0,0,0,0,0,0,0,0,0,0,0,0,0,0,0,0,0,0,0,0,0,0,0,0,0,0,0,0,0,0,0,0,0,0,0,0,0,0,0,0,0,0,0,0,0,0,0,0,0,0,0,0,0,0,0,0,0,0,0,0,0,0,0,0,0,0,0,0,0,0,0,0,0,0,0,0,0,0,0,0,0,0,0,0,0,0,0,0,0,0,0,0,0,0,0,0,0,0,0,0,0,0,0,0,0
SRR23891170,PRJNA944199,COPD_Exacerbation,0.448705872,0,0,0,0,0,0.012578893,0,0,0,0,0,0,0,0,0,0,0,0,0,0,0,0,0,0,0,0,0,0,0,0,0,0,0,0,0,0,0,0,0,0,0,0,0,0,0,0,0,0,0,0,0,0,0,0,0,0,0,0,0,0,0,0,0,0,0,0,0,0,0,0,0,0,0,0,0,0,0,0,0,0,0,0,0,0,0,0,0,0,0,0,0,0,0,0,0,0,0,0,0,0,0,0,0,0,0,0,0,0,0,0,0,0,0,0,0,0,0,0,0,0,0,0,0,0,0,0,0,0,0,0,0,0,0,0,0,0,0,0,0,0,0,0,0,0,0,0,0,0,0,0,0,0,0,0,0,0,0,0,0,0,0,0,0,0,0,0,0,0,0,0,0,0,0,0,0,0,0,0,0,0,0,0,0,0,0,0,0,0,0,0,0,0,0,0,0,0,0,0,0,0,0,0,0,0,0,0,0,0,0,0,0,0,0,0,0,0,0,0,0,0,0,0,0,0,0,0,0,0,0,0,0,0,0,0,0,0,0,0,0,0,0,0,0,0,0,0,0,0,0,0,0,0,0,0,0,0,0,0,0,0,0,0,0,0,0,0,0,0,0,0,0
SRR23891174,PRJNA944199,COPD_Exacerbation,0.486954219,0,0,0,0,0,0.113860107,0.006696193,0,0,0,0.011673458,0.031299137,0,0,0,0,0,0,0,0,0,0.003718632,0,0,0,0,0,0.002813659,0,0,0,0,0,0,0,0,0,0,0,0,0,0,0,0,0,0,0,0,0,0,0,0,0,0,0,0,0,0,0,0,0,0,0,0,0,0,0,0,0,0,0,0,0,0,0,0,0,0,0,0,0,0,0,0,0,0,0,0,0,0,0,0,0,0,0,0,0,0,0,0,0,0,0,0,0,0,0,0,0,0,0,0,0,0,0,0,0,0,0,0,0,0,0,0,0,0,0,0,0,0,0,0,0,0,0,0,0,0,0,0,0,0,0,0,0,0,0,0,0,0,0,0,0,0,0,0,0,0,0,0,0,0,0,0,0,0,0,0,0,0,0,0,0,0,0,0,0,0,0,0,0,0,0,0,0,0,0,0,0,0,0,0,0,0,0,0,0,0,0,0,0,0,0,0,0,0,0,0,0,0,0,0,0,0,0,0,0,0,0,0,0,0,0,0,0,0,0,0,0,0,0,0,0,0,0,0,0,0,0,0,0,0,0,0,0,0,0,0,0,0,0,0,0,0,0,0,0,0,0,0,0,0,0,0,0,0,0,0,0,0,0
SRR23891177,PRJNA944199,COPD_Exacerbation,0,0,0.854289072,0,0,0,0,0,0,0,0,0,0,0,0,0,0,0,0,0,0,0,0,0,0,0,0,0,0,0,0,0,0,0,0,0,0,0,0,0,0,0,0,0,0,0,0,0,0,0,0,0,0,0,0,0,0,0,0,0,0,0,0,0,0,0,0,0,0,0,0,0,0,0,0,0,0,0,0,0,0,0,0,0,0,0,0,0,0,0,0,0,0,0,0,0,0,0,0,0,0,0,0,0,0,0,0,0,0,0,0,0,0,0,0,0,0,0,0,0,0,0,0,0,0,0,0,0,0,0,0,0,0,0,0,0,0,0,0,0,0,0,0,0,0,0,0,0,0,0,0,0,0,0,0,0,0,0,0,0,0,0,0,0,0,0,0,0,0,0,0,0,0,0,0,0,0,0,0,0,0,0,0,0,0,0,0,0,0,0,0,0,0,0,0,0,0,0,0,0,0,0,0,0,0,0,0,0,0,0,0,0,0,0,0,0,0,0,0,0,0,0,0,0,0,0,0,0,0,0,0,0,0,0,0,0,0,0,0,0,0,0,0,0,0,0,0,0,0,0,0,0,0,0,0,0,0,0,0,0,0,0,0,0,0,0,0,0,0,0,0,0
SRR23891185,PRJNA944199,COPD_Exacerbation,0.237878296,0,0,0,0,0,0.244868427,0.021870414,0,0.007024137,0,0,0.000268314,0,0,0,0,0,0,0,0,0,0,0,0,0,0,0,0,0,0,0,0,0,0,0,0,0,0,0,0,0,0,0,0,0,0,0,0,0,0,0,0,0,0,0,0,0,0,0,0,0,0,0,0,0,0,0,0,0,0,0,0,0,0,0,0,0,0,0,0,0,0,0,0,0,0,0,0,0,0,0,0,0,0,0,0,0,0,0,0,0,0,0,0,0,0,0,0,0,0,0,0,0,0,0,0,0,0,0,0,0,0,0,0,0,0,0,0,0,0,0,0,0,0,0,0,0,0,0,0,0,0,0,0,0,0,0,0,0,0,0,0,0,0,0,0,0,0,0,0,0,0,0,0,0,0,0,0,0,0,0,0,0,0,0,0,0,0,0,0,0,0,0,0,0,0,0,0,0,0,0,0,0,0,0,0,0,0,0,0,0,0,0,0,0,0,0,0,0,0,0,0,0,0,0,0,0,0,0,0,0,0,0,0,0,0,0,0,0,0,0,0,0,0,0,0,0,0,0,0,0,0,0,0,0,0,0,0,0,0,0,0,0,0,0,0,0,0,0,0,0,0,0,0,0,0,0,0,0,0,0
SRR23891189,PRJNA944199,COPD_Exacerbation,0.076753685,0,0,0,0,0,0.352095694,0.055292149,0,0,0,0,0,0,0,0,0,0,0,0,0,0,0,0,0,0,0,0,0,0,0,0,0,0,0,0,0,0,0,0,0,0,0,0,0,0,0,0,0,0,0,0,0,0,0,0,0,0,0,0,0,0,0,0,0,0,0,0,0,0,0,0,0,0,0,0,0,0,0,0,0,0,0,0,0,0,0,0,0,0,0,0,0,0,0,0,0,0,0,0,0,0,0,0,0,0,0,0,0,0,0,0,0,0,0,0,0,0,0,0,0,0,0,0,0,0,0,0,0,0,0,0,0,0,0,0,0,0,0,0,0,0,0,0,0,0,0,0,0,0,0,0,0,0,0,0,0,0,0,0,0,0,0,0,0,0,0,0,0,0,0,0,0,0,0,0,0,0,0,0,0,0,0,0,0,0,0,0,0,0,0,0,0,0,0,0,0,0,0,0,0,0,0,0,0,0,0,0,0,0,0,0,0,0,0,0,0,0,0,0,0,0,0,0,0,0,0,0,0,0,0,0,0,0,0,0,0,0,0,0,0,0,0,0,0,0,0,0,0,0,0,0,0,0,0,0,0,0,0,0,0,0,0,0,0,0,0,0,0,0,0,0
SRR23891192,PRJNA944199,COPD_Exacerbation,0.038092034,0,0,0,0,0,0.411224273,0.087116361,0,0.023304338,0.002793985,0.002604117,0.003162906,0,0,0,0,0,0,0,0,0,0.001917364,0,0,0,0,0,0.023172787,0,0,0,0,0,0,0,0,0,0,0,0,0,0,0,0,0,0,0,0,0,0,0,0,0,0,0,0,0,0,0,0,0,0,0,0,0,0,0,0,0,0,0,0,0,0,0,0,0,0,0,0,0,0,0,0,0,0,0,0,0,0,0,0,0,0,0,0,0,0,0,0,0,0,0,0,0,0,0,0,0,0,0,0,0,0,0,0,0,0,0,0,0,0,0,0,0,0,0,0,0,0,0,0,0,0,0,0,0,0,0,0,0,0,0,0,0,0,0,0,0,0,0,0,0,0,0,0,0,0,0,0,0,0,0,0,0,0,0,0,0,0,0,0,0,0,0,0,0,0,0,0,0,0,0,0,0,0,0,0,0,0,0,0,0,0,0,0,0,0,0,0,0,0,0,0,0,0,0,0,0,0,0,0,0,0,0,0,0,0,0,0,0,0,0,0,0,0,0,0,0,0,0,0,0,0,0,0,0,0,0,0,0,0,0,0,0,0,0,0,0,0,0,0,0,0,0,0,0,0,0,0,0,0,0,0,0,0,0,0,0,0,0
SRR23891200,PRJNA944199,COPD_Exacerbation,0.829619294,0,0.030570355,0,0,0,0,0,0,0,0,0.001688985,0.001438041,0,0,0,0,0,0,0,0,0,0,0,0,0,0,0,0,0,0,0,0,0,0,0,0,0,0,0,0,0,0,0,0,0,0,0,0,0,0,0,0,0,0,0,0,0,0,0,0,0,0,0,0,0,0,0,0,0,0,0,0,0,0,0,0,0,0,0,0,0,0,0,0,0,0,0,0,0,0,0,0,0,0,0,0,0,0,0,0,0,0,0,0,0,0,0,0,0,0,0,0,0,0,0,0,0,0,0,0,0,0,0,0,0,0,0,0,0,0,0,0,0,0,0,0,0,0,0,0,0,0,0,0,0,0,0,0,0,0,0,0,0,0,0,0,0,0,0,0,0,0,0,0,0,0,0,0,0,0,0,0,0,0,0,0,0,0,0,0,0,0,0,0,0,0,0,0,0,0,0,0,0,0,0,0,0,0,0,0,0,0,0,0,0,0,0,0,0,0,0,0,0,0,0,0,0,0,0,0,0,0,0,0,0,0,0,0,0,0,0,0,0,0,0,0,0,0,0,0,0,0,0,0,0,0,0,0,0,0,0,0,0,0,0,0,0,0,0,0,0,0,0,0,0,0,0,0,0,0,0
SRR23891204,PRJNA944199,COPD_Exacerbation,0.061013725,0,0,0,0,0,0.219146693,0.007335457,0,0,0.004050142,0.001429711,0.001576801,0,0,0,0,0,0,0,0,0,0,0,0,0,0,0,0,0,0,0,0,0,0,0,0,0,0,0,0,0,0,0,0,0,0,0,0,0,0,0,0,0,0,0,0,0,0,0,0,0,0,0,0,0,0,0,0,0,0,0,0,0,0,0,0,0,0,0,0,0,0,0,0,0,0,0,0,0,0,0,0,0,0,0,0,0,0,0,0,0,0,0,0,0,0,0,0,0,0,0,0,0,0,0,0,0,0,0,0,0,0,0,0,0,0,0,0,0,0,0,0,0,0,0,0,0,0,0,0,0,0,0,0,0,0,0,0,0,0,0,0,0,0,0,0,0,0,0,0,0,0,0,0,0,0,0,0,0,0,0,0,0,0,0,0,0,0,0,0,0,0,0,0,0,0,0,0,0,0,0,0,0,0,0,0,0,0,0,0,0,0,0,0,0,0,0,0,0,0,0,0,0,0,0,0,0,0,0,0,0,0,0,0,0,0,0,0,0,0,0,0,0,0,0,0,0,0,0,0,0,0,0,0,0,0,0,0,0,0,0,0,0,0,0,0,0,0,0,0,0,0,0,0,0,0,0,0,0,0,0
SRR23891248,PRJNA944199,COPD_Exacerbation,0.396317294,0,0,0,0,0,0.193257014,0.012404359,0,0,0,0.001840033,0.003728215,0,0,0,0,0,0,0,0,0,0,0,0,0,0,0,0,0,0,0,0,0,0,0,0,0,0,0,0,0,0,0,0,0,0,0,0,0,0,0,0,0,0,0,0,0,0,0,0,0,0,0,0,0,0,0,0,0,0,0,0,0,0,0,0,0,0,0,0,0,0,0,0,0,0,0,0,0,0,0,0,0,0,0,0,0,0,0,0,0,0,0,0,0,0,0,0,0,0,0,0,0,0,0,0,0,0,0,0,0,0,0,0,0,0,0,0,0,0,0,0,0,0,0,0,0,0,0,0,0,0,0,0,0,0,0,0,0,0,0,0,0,0,0,0,0,0,0,0,0,0,0,0,0,0,0,0,0,0,0,0,0,0,0,0,0,0,0,0,0,0,0,0,0,0,0,0,0,0,0,0,0,0,0,0,0,0,0,0,0,0,0,0,0,0,0,0,0,0,0,0,0,0,0,0,0,0,0,0,0,0,0,0,0,0,0,0,0,0,0,0,0,0,0,0,0,0,0,0,0,0,0,0,0,0,0,0,0,0,0,0,0,0,0,0,0,0,0,0,0,0,0,0,0,0,0,0,0,0,0
SRR23891268,PRJNA944199,COPD_Exacerbation,0.447552448,0,0,0,0,0,0,0,0,0,0,0,0,0,0,0,0,0,0,0,0,0,0,0,0,0,0,0,0,0,0,0,0,0,0,0,0,0,0,0,0,0,0,0,0,0,0,0,0,0,0,0,0,0,0,0,0,0,0,0,0,0,0,0,0,0,0,0,0,0,0,0,0,0,0,0,0,0,0,0,0,0,0,0,0,0,0,0,0,0,0,0,0,0,0,0,0,0,0,0,0,0,0,0,0,0,0,0,0,0,0,0,0,0,0,0,0,0,0,0,0,0,0,0,0,0,0,0,0,0,0,0,0,0,0,0,0,0,0,0,0,0,0,0,0,0,0,0,0,0,0,0,0,0,0,0,0,0,0,0,0,0,0,0,0,0,0,0,0,0,0,0,0,0,0,0,0,0,0,0,0,0,0,0,0,0,0,0,0,0,0,0,0,0,0,0,0,0,0,0,0,0,0,0,0,0,0,0,0,0,0,0,0,0,0,0,0,0,0,0,0,0,0,0,0,0,0,0,0,0,0,0,0,0,0,0,0,0,0,0,0,0,0,0,0,0,0,0,0,0,0,0,0,0,0,0,0,0,0,0,0,0,0,0,0,0,0,0,0,0,0,0
SRR23891274,PRJNA944199,COPD_Exacerbation,0.272094014,0,0,0,0,0,0.245417428,0.008824689,0,0,0,0,0.008156166,0,0,0,0,0,0,0,0,0,0,0,0,0,0,0,0,0,0,0,0,0,0,0,0,0,0,0,0,0,0,0,0,0,0,0,0,0,0,0,0,0,0,0,0,0,0,0,0,0,0,0,0,0,0,0,0,0,0,0,0,0,0,0,0,0,0,0,0,0,0,0,0,0,0,0,0,0,0,0,0,0,0,0,0,0,0,0,0,0,0,0,0,0,0,0,0,0,0,0,0,0,0,0,0,0,0,0,0,0,0,0,0,0,0,0,0,0,0,0,0,0,0,0,0,0,0,0,0,0,0,0,0,0,0,0,0,0,0,0,0,0,0,0,0,0,0,0,0,0,0,0,0,0,0,0,0,0,0,0,0,0,0,0,0,0,0,0,0,0,0,0,0,0,0,0,0,0,0,0,0,0,0,0,0,0,0,0,0,0,0,0,0,0,0,0,0,0,0,0,0,0,0,0,0,0,0,0,0,0,0,0,0,0,0,0,0,0,0,0,0,0,0,0,0,0,0,0,0,0,0,0,0,0,0,0,0,0,0,0,0,0,0,0,0,0,0,0,0,0,0,0,0,0,0,0,0,0,0,0
SRR23891287,PRJNA944199,COPD_Exacerbation,0.593315251,0,0,0,0,0,0,0,0,0,0,0,0,0,0,0,0,0,0,0,0,0,0,0,0,0,0,0,0,0,0,0,0,0,0,0,0,0,0,0,0,0,0,0,0,0,0,0,0,0,0,0,0,0,0,0,0,0,0,0,0,0,0,0,0,0,0,0,0,0,0,0,0,0,0,0,0,0,0,0,0,0,0,0,0,0,0,0,0,0,0,0,0,0,0,0,0,0,0,0,0,0,0,0,0,0,0,0,0,0,0,0,0,0,0,0,0,0,0,0,0,0,0,0,0,0,0,0,0,0,0,0,0,0,0,0,0,0,0,0,0,0,0,0,0,0,0,0,0,0,0,0,0,0,0,0,0,0,0,0,0,0,0,0,0,0,0,0,0,0,0,0,0,0,0,0,0,0,0,0,0,0,0,0,0,0,0,0,0,0,0,0,0,0,0,0,0,0,0,0,0,0,0,0,0,0,0,0,0,0,0,0,0,0,0,0,0,0,0,0,0,0,0,0,0,0,0,0,0,0,0,0,0,0,0,0,0,0,0,0,0,0,0,0,0,0,0,0,0,0,0,0,0,0,0,0,0,0,0,0,0,0,0,0,0,0,0,0,0,0,0,0
SRR23891290,PRJNA944199,COPD_Exacerbation,0.246673965,0,0,0,0,0,0.043604294,0.113502118,0,0,0,0.028895679,0,0,0,0,0,0,0,0,0,0,0,0,0,0,0,0,0,0,0,0,0,0,0,0,0,0,0,0,0,0,0,0,0,0,0,0,0,0,0,0,0,0,0,0,0,0,0,0,0,0,0,0,0,0,0,0,0,0,0,0,0,0,0,0,0,0,0,0,0,0,0,0,0,0,0,0,0,0,0,0,0,0,0,0,0,0,0,0,0,0,0,0,0,0,0,0,0,0,0,0,0,0,0,0,0,0,0,0,0,0,0,0,0,0,0,0,0,0,0,0,0,0,0,0,0,0,0,0,0,0,0,0,0,0,0,0,0,0,0,0,0,0,0,0,0,0,0,0,0,0,0,0,0,0,0,0,0,0,0,0,0,0,0,0,0,0,0,0,0,0,0,0,0,0,0,0,0,0,0,0,0,0,0,0,0,0,0,0,0,0,0,0,0,0,0,0,0,0,0,0,0,0,0,0,0,0,0,0,0,0,0,0,0,0,0,0,0,0,0,0,0,0,0,0,0,0,0,0,0,0,0,0,0,0,0,0,0,0,0,0,0,0,0,0,0,0,0,0,0,0,0,0,0,0,0,0,0,0,0,0
SRR23891297,PRJNA944199,COPD_Exacerbation,0.41703013,0,0,0,0,0,0.381471636,0,0,0,0.000576811,0.000937672,0.011089168,0,0,0,0,0,0,0,0,0,0.003046629,0,0,0,0,0,0,0,0,0,0,0,0,0,0,0,0,0,0,0,0,0,0,0,0,0,0,0,0,0,0,0,0,0,0,0,0,0,0,0,0,0,0,0,0,0,0,0,0,0,0,0,0,0,0,0,0,0,0,0,0,0,0,0,0,0,0,0,0,0,0,0,0,0,0,0,0,0,0,0,0,0,0,0,0,0,0,0,0,0,0,0,0,0,0,0,0,0,0,0,0,0,0,0,0,0,0,0,0,0,0,0,0,0,0,0,0,0,0,0,0,0,0,0,0,0,0,0,0,0,0,0,0,0,0,0,0,0,0,0,0,0,0,0,0,0,0,0,0,0,0,0,0,0,0,0,0,0,0,0,0,0,0,0,0,0,0,0,0,0,0,0,0,0,0,0,0,0,0,0,0,0,0,0,0,0,0,0,0,0,0,0,0,0,0,0,0,0,0,0,0,0,0,0,0,0,0,0,0,0,0,0,0,0,0,0,0,0,0,0,0,0,0,0,0,0,0,0,0,0,0,0,0,0,0,0,0,0,0,0,0,0,0,0,0,0,0,0,0,0
SRR23891299,PRJNA944199,COPD_Exacerbation,0.110296159,0,0,0,0,0,0.394233144,0.051662045,0,0,0,0,0,0,0,0,0,0,0,0,0,0,0,0,0,0,0,0,0,0,0,0,0,0,0,0,0,0,0,0,0,0,0,0,0,0,0,0,0,0,0,0,0,0,0,0,0,0,0,0,0,0,0,0,0,0,0,0,0,0,0,0,0,0,0,0,0,0,0,0,0,0,0,0,0,0,0,0,0,0,0,0,0,0,0,0,0,0,0,0,0,0,0,0,0,0,0,0,0,0,0,0,0,0,0,0,0,0,0,0,0,0,0,0,0,0,0,0,0,0,0,0,0,0,0,0,0,0,0,0,0,0,0,0,0,0,0,0,0,0,0,0,0,0,0,0,0,0,0,0,0,0,0,0,0,0,0,0,0,0,0,0,0,0,0,0,0,0,0,0,0,0,0,0,0,0,0,0,0,0,0,0,0,0,0,0,0,0,0,0,0,0,0,0,0,0,0,0,0,0,0,0,0,0,0,0,0,0,0,0,0,0,0,0,0,0,0,0,0,0,0,0,0,0,0,0,0,0,0,0,0,0,0,0,0,0,0,0,0,0,0,0,0,0,0,0,0,0,0,0,0,0,0,0,0,0,0,0,0,0,0,0
SRR23891303,PRJNA944199,COPD_Exacerbation,0.110047201,0,0,0,0,0,0.247162672,0.006395745,0,0,0,0,0,0,0,0,0,0,0,0,0,0,0,0,0,0,0,0,0.000323528,0,0,0,0,0,0,0,0,0,0,0,0,0,0,0,0,0,0,0,0,0,0,0,0,0,0,0,0,0,0,0,0,0,0,0,0,0,0,0,0,0,0,0,0,0,0,0,0,0,0,0,0,0,0,0,0,0,0,0,0,0,0,0,0,0,0,0,0,0,0,0,0,0,0,0,0,0,0,0,0,0,0,0,0,0,0,0,0,0,0,0,0,0,0,0,0,0,0,0,0,0,0,0,0,0,0,0,0,0,0,0,0,0,0,0,0,0,0,0,0,0,0,0,0,0,0,0,0,0,0,0,0,0,0,0,0,0,0,0,0,0,0,0,0,0,0,0,0,0,0,0,0,0,0,0,0,0,0,0,0,0,0,0,0,0,0,0,0,0,0,0,0,0,0,0,0,0,0,0,0,0,0,0,0,0,0,0,0,0,0,0,0,0,0,0,0,0,0,0,0,0,0,0,0,0,0,0,0,0,0,0,0,0,0,0,0,0,0,0,0,0,0,0,0,0,0,0,0,0,0,0,0,0,0,0,0,0,0,0,0,0,0,0
SRR23891306,PRJNA944199,COPD_Exacerbation,0.027812313,0,0,0,0,0,0.01041746,0,0,0,0,0,0,0,0,0,0,0,0,0,0,0,0,0,0,0,0,0,0,0,0,0,0,0,0,0,0,0,0,0,0,0,0,0,0,0,0,0,0,0,0,0,0,0,0,0,0,0,0,0,0,0,0,0,0,0,0,0,0,0,0,0,0,0,0,0,0,0,0,0,0,0,0,0,0,0,0,0,0,0,0,0,0,0,0,0,0,0,0,0,0,0,0,0,0,0,0,0,0,0,0,0,0,0,0,0,0,0,0,0,0,0,0,0,0,0,0,0,0,0,0,0,0,0,0,0,0,0,0,0,0,0,0,0,0,0,0,0,0,0,0,0,0,0,0,0,0,0,0,0,0,0,0,0,0,0,0,0,0,0,0,0,0,0,0,0,0,0,0,0,0,0,0,0,0,0,0,0,0,0,0,0,0,0,0,0,0,0,0,0,0,0,0,0,0,0,0,0,0,0,0,0,0,0,0,0,0,0,0,0,0,0,0,0,0,0,0,0,0,0,0,0,0,0,0,0,0,0,0,0,0,0,0,0,0,0,0,0,0,0,0,0,0,0,0,0,0,0,0,0,0,0,0,0,0,0,0,0,0,0,0,0
SRR23891309,PRJNA944199,COPD_Exacerbation,0.340309151,0,0,0,0,0,0.084989609,0.194858942,0,0,0.013468699,0.028253026,0.026121855,0,0,0,0,0,0,0,0,0,0,0,0,0,0,0,0,0,0,0,0,0,0,0,0,0,0,0,0,0,0,0,0,0,0,0,0,0,0,0,0,0,0,0,0,0,0,0,0,0,0,0,0,0,0,0,0,0,0,0,0,0,0,0,0,0,0,0,0,0,0,0,0,0,0,0,0,0,0,0,0,0,0,0,0,0,0,0,0,0,0,0,0,0,0,0,0,0,0,0,0,0,0,0,0,0,0,0,0,0,0,0,0,0,0,0,0,0,0,0,0,0,0,0,0,0,0,0,0,0,0,0,0,0,0,0,0,0,0,0,0,0,0,0,0,0,0,0,0,0,0,0,0,0,0,0,0,0,0,0,0,0,0,0,0,0,0,0,0,0,0,0,0,0,0,0,0,0,0,0,0,0,0,0,0,0,0,0,0,0,0,0,0,0,0,0,0,0,0,0,0,0,0,0,0,0,0,0,0,0,0,0,0,0,0,0,0,0,0,0,0,0,0,0,0,0,0,0,0,0,0,0,0,0,0,0,0,0,0,0,0,0,0,0,0,0,0,0,0,0,0,0,0,0,0,0,0,0,0,0
SRR23891311,PRJNA944199,COPD_Exacerbation,0.079233637,0,0,0,0,0,0.081150162,0,0,0,0.002722313,0.027752456,0.047694287,0,0,0,0,0,0,0,0,0,0,0,0,0,0,0,0,0,0,0,0,0,0,0,0,0,0,0,0,0,0,0,0,0,0,0,0,0,0,0,0,0,0,0,0,0,0,0,0,0,0,0,0,0,0,0,0,0,0,0,0,0,0,0,0,0,0,0,0,0,0,0,0,0,0,0,0,0,0,0,0,0,0,0,0,0,0,0,0,0,0,0,0,0,0,0,0,0,0,0,0,0,0,0,0,0,0,0,0,0,0,0,0,0,0,0,0,0,0,0,0,0,0,0,0,0,0,0,0,0,0,0,0,0,0,0,0,0,0,0,0,0,0,0,0,0,0,0,0,0,0,0,0,0,0,0,0,0,0,0,0,0,0,0,0,0,0,0,0,0,0,0,0,0,0,0,0,0,0,0,0,0,0,0,0,0,0,0,0,0,0,0,0,0,0,0,0,0,0,0,0,0,0,0,0,0,0,0,0,0,0,0,0,0,0,0,0,0,0,0,0,0,0,0,0,0,0,0,0,0,0,0,0,0,0,0,0,0,0,0,0,0,0,0,0,0,0,0,0,0,0,0,0,0,0,0,0,0,0,0
SRR23891313,PRJNA944199,COPD_Exacerbation,0.385949733,0,0,0,0,0,0.047367074,0,0,0,0,0,0,0,0,0,0,0,0,0,0,0,0,0,0,0,0,0,0,0,0,0,0,0,0,0,0,0,0,0,0,0,0,0,0,0,0,0,0,0,0,0,0,0,0,0,0,0,0,0,0,0,0,0,0,0,0,0,0,0,0,0,0,0,0,0,0,0,0,0,0,0,0,0,0,0,0,0,0,0,0,0,0,0,0,0,0,0,0,0,0,0,0,0,0,0,0,0,0,0,0,0,0,0,0,0,0,0,0,0,0,0,0,0,0,0,0,0,0,0,0,0,0,0,0,0,0,0,0,0,0,0,0,0,0,0,0,0,0,0,0,0,0,0,0,0,0,0,0,0,0,0,0,0,0,0,0,0,0,0,0,0,0,0,0,0,0,0,0,0,0,0,0,0,0,0,0,0,0,0,0,0,0,0,0,0,0,0,0,0,0,0,0,0,0,0,0,0,0,0,0,0,0,0,0,0,0,0,0,0,0,0,0,0,0,0,0,0,0,0,0,0,0,0,0,0,0,0,0,0,0,0,0,0,0,0,0,0,0,0,0,0,0,0,0,0,0,0,0,0,0,0,0,0,0,0,0,0,0,0,0,0
SRR23891317,PRJNA944199,COPD_Exacerbation,0.110343449,0,0,0,0,0,0.194270667,0.040742069,0,0,0,0.016001423,0.017414008,0,0,0,0,0,0,0,0,0,0,0,0,0,0,0,0.003850493,0,0,0,0,0,0,0,0,0,0,0,0,0,0,0,0,0,0,0,0,0,0,0,0,0,0,0,0,0,0,0,0,0,0,0,0,0,0,0,0,0,0,0,0,0,0,0,0,0,0,0,0,0,0,0,0,0,0,0,0,0,0,0,0,0,0,0,0,0,0,0,0,0,0,0,0,0,0,0,0,0,0,0,0,0,0,0,0,0,0,0,0,0,0,0,0,0,0,0,0,0,0,0,0,0,0,0,0,0,0,0,0,0,0,0,0,0,0,0,0,0,0,0,0,0,0,0,0,0,0,0,0,0,0,0,0,0,0,0,0,0,0,0,0,0,0,0,0,0,0,0,0,0,0,0,0,0,0,0,0,0,0,0,0,0,0,0,0,0,0,0,0,0,0,0,0,0,0,0,0,0,0,0,0,0,0,0,0,0,0,0,0,0,0,0,0,0,0,0,0,0,0,0,0,0,0,0,0,0,0,0,0,0,0,0,0,0,0,0,0,0,0,0,0,0,0,0,0,0,0,0,0,0,0,0,0,0,0,0,0,0,0,0
SRR23891320,PRJNA944199,COPD_Exacerbation,0.118950886,0,0,0,0,0,0.364118577,0.113938239,0,0,0,0,0,0,0,0,0,0,0,0,0,0,0,0,0,0,0,0,0.004065918,0,0,0,0,0,0,0,0,0,0,0,0,0,0,0,0,0,0,0,0,0,0,0,0,0,0,0,0,0,0,0,0,0,0,0,0,0,0,0,0,0,0,0,0,0,0,0,0,0,0,0,0,0,0,0,0,0,0,0,0,0,0,0,0,0,0,0,0,0,0,0,0,0,0,0,0,0,0,0,0,0,0,0,0,0,0,0,0,0,0,0,0,0,0,0,0,0,0,0,0,0,0,0,0,0,0,0,0,0,0,0,0,0,0,0,0,0,0,0,0,0,0,0,0,0,0,0,0,0,0,0,0,0,0,0,0,0,0,0,0,0,0,0,0,0,0,0,0,0,0,0,0,0,0,0,0,0,0,0,0,0,0,0,0,0,0,0,0,0,0,0,0,0,0,0,0,0,0,0,0,0,0,0,0,0,0,0,0,0,0,0,0,0,0,0,0,0,0,0,0,0,0,0,0,0,0,0,0,0,0,0,0,0,0,0,0,0,0,0,0,0,0,0,0,0,0,0,0,0,0,0,0,0,0,0,0,0,0,0,0,0,0,0
SRR23891323,PRJNA944199,COPD_Exacerbation,0.168338726,0,0,0,0,0,0.469633607,0.063780378,0,0,0,0,0,0,0,0,0,0,0,0,0,0,0,0,0,0,0,0,0.005797277,0,0,0.004122043,0,0,0,0,0,0,0,0,0,0,0,0,0,0,0,0,0,0,0,0,0,0,0,0,0,0,0,0,0,0,0,0,0,0,0,0,0,0,0,0,0,0,0,0,0,0,0,0,0,0,0,0,0,0,0,0,0,0,0,0,0,0,0,0,0,0,0,0,0,0,0,0,0,0,0,0,0,0,0,0,0,0,0,0,0,0,0,0,0,0,0,0,0,0,0,0,0,0,0,0,0,0,0,0,0,0,0,0,0,0,0,0,0,0,0,0,0,0,0,0,0,0,0,0,0,0,0,0,0,0,0,0,0,0,0,0,0,0,0,0,0,0,0,0,0,0,0,0,0,0,0,0,0,0,0,0,0,0,0,0,0,0,0,0,0,0,0,0,0,0,0,0,0,0,0,0,0,0,0,0,0,0,0,0,0,0,0,0,0,0,0,0,0,0,0,0,0,0,0,0,0,0,0,0,0,0,0,0,0,0,0,0,0,0,0,0,0,0,0,0,0,0,0,0,0,0,0,0,0,0,0,0,0,0,0,0,0,0,0,0
SRR26382934,PRJNA1021628,COPD_Exacerbation,0.055617547,0.004089622,0,0,0,0,0.119592889,0,0,0,0,0,0.000325062,0,0,0,0,0,0,0.009364473,0,0,0.002627346,0,0,0,0,0,0,0,0,0.000543711,0,0,0,0,0,0,0,0,0,0,0,0,0,0,0,0,0,0,0,0,0,0,0,0,0,0,0,0,0,0,0,0,0,0,0,0,0,0,0,0,0,0,0,0,0,0,0,0,0,0,0,0,0,0,0,0,0.02015295,0,0,0,0,0,0,0,0,0,0,0,0,0,0,0,0,0,0,0,0,0,0,0,0,0,0,0,0,0,0,0,0,0,0,0,0,0,0,0,0,0,0,0,0,0,0,0,0,0,0,0,0,0,0,0,0,0,0,0,0,0,0,0,0,0,0,0,0,0,0,0,0,0,0,0,0,0,0,0,0,0,0,0,0,0,0,0,0,0,0,0,0,0,0,0,0,0,0,0,0,0,0,0,0,0,0,0,0,0,0,0,0,0,0,0,0,0,0,0,0,0,0,0,0,0,0,0,0,0,0,0,0,0,0,0,0,0,0,0,0,0,0,0,0,0,0,0,0,0,0,0,0,0,0,0,0,0,0,0,0,0,0,0,0,0,0,0,0,0,0,0,0,0,0,0,0,0,0,0,0,0,0,0
SRR26382935,PRJNA1021628,COPD_Stable,0.94467874,0,0,0,0,0,0,0,0,0,0,0,0,0,0,0,0,0,0,0,0,0,0,0,0,0,0,0,0,0,0,0,0,0,0,0,0,0,0,0,0,0,0,0,0,0,0,0,0,0,0,0,0,0,0,0,0,0,0,0,0,0,0,0,0,0,0,0,0,0,0,0,0,0,0,0,0,0,0,0,0,0,0,0,0,0,0,0,0,0,0,0,0,0,0,0,0,0,0,0,0,0,0,0,0,0,0,0,0,0,0,0,0,0,0,0,0,0,0,0,0,0,0,0,0,0,0,0,0,0,0,0,0,0,0,0,0,0,0,0,0,0,0,0,0,0,0,0,0,0,0,0,0,0,0,0,0,0,0,0,0,0,0,0,0,0,0,0,0,0,0,0,0,0,0,0,0,0,0,0,0,0,0,0,0,0,0,0,0,0,0,0,0,0,0,0,0,0,0,0,0,0,0,0,0,0,0,0,0,0,0,0,0,0,0,0,0,0,0,0,0,0,0,0,0,0,0,0,0,0,0,0,0,0,0,0,0,0,0,0,0,0,0,0,0,0,0,0,0,0,0,0,0,0,0,0,0,0,0,0,0,0,0,0,0,0,0,0,0,0,0,0
SRR26382936,PRJNA1021628,COPD_Stable,0.282876613,0,0,0,0,0,0,0.129409389,0,0.039186686,0,0,0.008891817,0,0,0,0,0,0,0,0,0,0,0,0,0,0,0,0,0,0,0.010428665,0,0,0,0,0,0,0,0,0,0,0,0,0,0,0,0,0,0,0,0,0,0,0,0,0,0,0,0,0,0,0,0,0,0,0,0,0,0,0,0,0,0,0,0,0,0,0,0,0,0,0,0,0,0,0,0,0.00407239,0,0,0,0,0,0,0,0,0,0,0,0,0,0,0,0,0,0,0,0,0,0,0,0,0,0,0,0,0,0,0,0,0,0,0,0,0,0,0,0,0,0,0,0,0,0,0,0,0,0,0,0,0,0,0,0,0,0,0,0,0,0,0,0,0,0,0,0,0,0,0,0,0,0,0,0,0,0,0,0,0,0,0,0,0,0,0,0,0,0,0,0,0,0,0,0,0,0,0,0,0,0,0,0,0,0,0,0,0,0,0,0,0,0,0,0,0,0,0,0,0,0,0,0,0,0,0,0,0,0,0,0,0,0,0,0,0,0,0,0,0,0,0,0,0,0,0,0,0,0,0,0,0,0,0,0,0,0,0,0,0,0,0,0,0,0,0,0,0,0,0,0,0,0,0,0,0,0,0,0,0,0,0
SRR26382937,PRJNA1021628,COPD_Exacerbation,0.319868129,0.018860015,0,0,0.005769445,0,0.252245924,0.009839875,0,0.01730421,0.008566046,0.01152311,0.012690922,0,0,0.001605376,0.003252881,0.004257193,0,0.002486278,0,0.000607442,0.018437456,0.011314075,0,0,0,0,0,0,0,0.001261607,0,0,0,0,0,0,0.002640726,0.000493775,0,0,0,0,0,0,0,0,0,0,0,0,0,0,0,0.002439861,0,0,0,0,0.001075005,0,0.001256937,0,0,0.000549478,0,0,0,0,0,0,0,0,0,0,0,0,0,0,0.010229227,0,0,0,0,0,0,0,0.004629188,0,0,0,0,0,0,0,0,0,0,0,0,0,0,0,0,0,0,0,0,0,0.002972316,0,0,0,0,0,0,0,0,0,0,0,0,0,0,0,0,0,0,0,0,0,0,0,0,0,0,0,0,0,0,0,0,0,0,0,0,0,0,0,0,0,0,0,0,0,0,0,0,0,0,0,0,0,0,0,0,0,0,0,0,0,0,0,0,0.008737406,0,0,0,0,0,0,0,0,0,0,0,0,0,0,0,0,0,0,0,0,0,0,0,0,0,0,0,0,0,0,0,0,0,0,0,0,0,0,0,0,0,0,0,0,0,0,0,0,0,0,0,0,0,0,0,0,0,0,0,0,0,0,0,0,0,0,0,0,0,0,0,0,0,0,0,0,0,0,0,0,0,0,0,0,0,0,0,0,0,0,0,0,0.007016073,0.004147187,0,0.001966833
SRR26382938,PRJNA1021628,COPD_Exacerbation,0.06057627,0,0,0,0.005308636,0,0.079403136,0,0,0.004143189,0,0.000269819,0.003298647,0,0,0,0,0,0,0.014500156,0,0,0.002399819,0,0,0,0,0,0,0,0,0.000575011,0,0,0,0,0,0,0,0,0,0,0,0,0,0,0,0,0,0,0,0,0,0,0,0,0,0,0,0,0,0,0,0,0,0,0,0,0,0,0,0,0,0,0,0,0,0,0,0,0,0,0,0,0,0,0,0,0.022164369,0,0,0,0,0,0,0,0,0,0,0,0,0,0,0,0,0,0,0,0,0,0,0,0,0,0,0,0,0,0,0,0,0,0,0,0,0,0,0,0,0,0,0,0,0,0,0,0,0,0,0,0,0,0,0,0,0,0,0,0,0,0,0,0,0,0,0,0,0,0,0,0,0,0,0,0,0,0,0,0,0,0,0,0,0,0,0,0,0,0,0,0,0,0,0,0,0,0,0,0,0,0,0,0,0,0,0,0,0,0,0,0,0,0,0,0,0,0,0,0,0,0,0,0,0,0,0,0,0,0,0,0,0,0,0,0,0,0,0,0,0,0,0,0,0,0,0,0,0,0,0,0,0,0,0,0,0,0,0,0,0,0,0,0,0,0,0,0,0,0,0,0,0,0,0,0,0,0,0,0,0,0,0
SRR26382939,PRJNA1021628,COPD_Exacerbation,0.31604093,0.011890423,0,0,0.008386806,0,0.219762007,0.015525535,0,0.039085254,0.006710355,0.009491282,0.010932735,0,0,0.001259025,0.001523314,0.003441666,0,0.003582281,0,0.000617445,0.014829425,0.008433266,0,0,0,0,0,0,0,0.003795533,0,0,0,0,0,0,0.002263471,0.000410229,0,0,0,0,0,0,0,0,0,0,0,0,0,0,0,0.001983148,0,0,0,0,0.000852636,0,0.001013875,0,0,0.000435465,0,0,0,0,0,0,0,0,0,0,0,0,0,0,0.009051067,0,0,0,0,0,0,0,0.004589241,0,0,0,0,0,0,0,0,0,0,0,0,0,0,0,0,0,0,0,0,0,0.003136019,0,0,0,0,0,0,0,0,0,0,0,0,0,0,0,0,0,0,0,0,0,0,0,0,0,0,0,0,0,0,0,0,0,0,0,0,0,0,0,0,0,0,0,0,0,0,0,0,0,0,0,0,0,0,0,0,0,0,0,0,0,0,0,0,0.007731419,0,0,0,0,0,0,0,0,0,0,0,0,0,0,0,0,0,0,0,0,0,0,0,0,0,0,0,0,0,0,0,0,0,0,0,0,0,0,0,0,0,0,0,0,0,0,0,0,0,0,0,0,0,0,0,0,0,0,0,0,0,0,0,0,0,0,0,0,0,0,0,0,0,0,0,0,0,0,0,0,0,0,0,0,0,0,0,0,0,0,0,0,0.006208749,0.003670966,0,0.00174225
SRR26382940,PRJNA1021628,COPD_Exacerbation,0.415528709,0,0,0,0.020427793,0,0.033774853,0,0,0.009641635,0.007181714,0.028887174,0.060075602,0,0,0,0,0,0,0.008014201,0,0.00278999,0,0,0,0.00154092,0,0,0.00276575,0,0,0,0,0,0,0,0,0,0,0.003457038,0,0,0,0,0,0,0,0.00237465,0,0,0,0,0.00176801,0,0,0.000634392,0,0,0,0,0.001750481,0,0,0.001464442,0,0.001610176,0,0.001876022,0,0,0.000410702,0,0,0,0,0,0,0,0,0,0,0,0,0,0,0,0,0,0.008830671,0,0,0,0,0,0,0,0,0,0,0,0,0,0,0,0,0,0,0,0,0,0,0,0,0,0,0,0,0,0,0,0,0,0,0,0,0,0,0,0,0,0,0,0,0,0,0,0,0,0,0,0,0,0,0,0,0,0,0,0,0,0,0,0,0,0,0,0,0,0,0,0,0,0,0,0,0,0,0,0,0,0,0,0,0,0,0,0,0,0,0,0,0,0,0,0.010552889,0,0,0,0,0,0,0,0,0,0,0,0,0,0,0,0,0,0,0,0,0,0,0,0,0,0,0,0,0,0,0,0,0,0,0,0,0,0,0,0,0,0,0,0,0,0,0,0,0,0,0,0,0,0,0,0,0,0,0,0,0,0,0,0,0,0,0,0,0,0,0,0,0,0,0,0,0,0,0,0,0,0,0,0.009626866,0,0.002334453,0
SRR26382944,PRJNA1021628,COPD_Stable,0.007490276,0,0,0,0.02377991,0,0,0,0,0,0,0,0,0,0,0,0,0,0,0,0,0,0,0,0,0,0,0,0,0,0,0,0,0,0,0,0,0,0,0,0,0,0,0,0,0,0,0,0,0,0,0,0,0,0,0,0,0,0,0,0,0,0,0,0,0,0,0,0,0,0,0,0,0,0,0,0,0,0,0,0,0,0,0,0,0,0,0,0.005754076,0,0,0,0,0,0,0,0,0,0,0,0,0,0,0,0,0,0,0,0,0,0,0,0,0,0,0,0,0,0,0,0,0,0,0,0,0,0,0,0,0,0,0,0,0,0,0,0,0,0,0,0,0,0,0,0,0,0,0,0,0,0,0,0,0,0,0,0,0,0,0,0,0,0,0,0,0,0,0,0,0,0,0,0,0,0,0,0,0,0,0,0,0,0,0,0,0,0,0,0,0,0,0,0,0,0,0,0,0,0,0,0,0,0,0,0,0,0,0,0,0,0,0,0,0,0,0,0,0,0,0,0,0,0,0,0,0,0,0,0,0,0,0,0,0,0,0,0,0,0,0,0,0,0,0,0,0,0,0,0,0,0,0,0,0,0,0,0,0,0,0,0,0,0,0,0,0,0,0,0,0,0,0
SRR26382949,PRJNA1021628,COPD_Stable,0.897445401,0,0,0,0,0,0,0,0,0.004056347,0,0.002930042,0,0,0,0,0,0,0,0,0,0,0,0,0,0,0,0,0,0,0,0,0,0,0,0,0,0,0,0,0,0,0,0,0,0,0,0,0,0,0,0,0,0,0,0,0,0,0,0,0,0,0,0,0,0,0,0,0,0,0,0,0,0,0,0,0,0,0,0,0,0,0,0,0,0,0,0,0,0,0,0,0,0,0,0,0,0,0,0,0,0,0,0,0,0,0,0,0,0,0,0,0,0,0,0,0,0,0,0,0,0,0,0,0,0,0,0,0,0,0,0,0,0,0,0,0,0,0,0,0,0,0,0,0,0,0,0,0,0,0,0,0,0,0,0,0,0,0,0,0,0,0,0,0,0,0,0,0,0,0,0,0,0,0,0,0,0,0,0,0,0,0,0,0,0,0,0,0,0,0,0,0,0,0,0,0,0,0,0,0,0,0,0,0,0,0,0,0,0,0,0,0,0,0,0,0,0,0,0,0,0,0,0,0,0,0,0,0,0,0,0,0,0,0,0,0,0,0,0,0,0,0,0,0,0,0,0,0,0,0,0,0,0,0,0,0,0,0,0,0,0,0,0,0,0,0,0,0,0,0,0
SRR26382950,PRJNA1021628,COPD_Stable,0.228959147,0.078402745,0,0,0,0,0,0.027381918,0,0.04836811,0,0.019214088,0.008410616,0,0,0.009246751,0,0,0,0.004234007,0,0.015634292,0.047034887,0,0,0,0,0,0,0,0,0.122013443,0,0,0,0,0,0,0,0,0,0,0,0,0,0,0,0,0,0,0,0,0,0,0,0,0,0,0,0,0,0,0,0,0,0,0,0,0,0,0,0,0,0,0,0,0,0,0,0,0,0,0,0,0,0,0,0,0,0,0,0,0,0.021506494,0,0,0,0,0,0,0,0,0,0,0,0,0,0,0,0,0.005710635,0,0,0,0,0,0,0,0,0,0,0,0,0,0,0,0,0,0,0,0,0,0,0,0,0,0,0,0,0,0,0,0,0,0,0,0,0,0,0,0,0,0,0,0,0,0,0,0,0,0,0,0,0,0,0,0,0,0,0,0,0,0,0,0,0,0,0,0,0,0,0,0,0,0,0,0,0,0,0,0,0,0,0,0,0,0,0,0,0,0,0,0,0,0,0,0,0,0,0,0,0,0,0,0,0,0,0,0,0,0,0,0,0,0,0,0,0,0,0,0,0,0,0,0,0,0,0,0,0,0,0,0,0,0,0,0,0,0,0,0,0,0,0,0,0,0,0,0,0,0,0,0,0,0,0,0,0,0,0,0,0
SRR26382951,PRJNA1021628,COPD_Stable,0.390233416,0,0,0,0,0,0,0,0,0,0,0,0,0,0,0,0,0,0,0,0,0,0,0,0,0,0,0,0,0,0,0,0,0,0,0,0,0,0,0,0,0,0,0,0,0,0,0,0,0,0,0,0,0,0,0,0,0,0,0,0,0,0,0,0,0,0,0,0,0,0,0,0,0,0,0,0,0,0,0,0,0,0,0,0,0,0,0,0.004843065,0,0,0,0,0,0,0,0,0,0,0,0,0,0,0,0,0,0,0,0,0,0,0,0,0,0,0,0,0,0,0,0,0,0,0,0,0,0,0,0,0,0,0,0,0,0,0,0,0,0,0,0,0,0,0,0,0,0,0,0,0,0,0,0,0,0,0,0,0,0,0,0,0,0,0,0,0,0,0,0,0,0,0,0,0,0,0,0,0,0,0,0,0,0,0,0,0,0,0,0,0,0,0,0,0,0,0,0,0,0,0,0,0,0,0,0,0,0,0,0,0,0,0,0,0,0,0,0,0,0,0,0,0,0,0,0,0,0,0,0,0,0,0,0,0,0,0,0,0,0,0,0,0,0,0,0,0,0,0,0,0,0,0,0,0,0,0,0,0,0,0,0,0,0,0,0,0,0,0,0,0,0,0
SRR26382952,PRJNA1021628,COPD_Exacerbation,0.708146659,0,0,0,0,0,0,0,0,0,0,0,0,0,0,0,0,0,0,0,0,0,0,0,0,0,0,0,0,0,0,0,0,0,0,0,0,0,0,0,0,0,0,0,0,0,0,0,0,0,0,0,0,0,0,0,0,0,0,0,0,0,0,0,0,0,0,0,0,0,0,0,0,0,0,0,0,0,0,0,0,0,0,0,0,0,0,0,0.001095189,0,0,0,0,0,0,0,0,0,0,0,0,0,0,0,0,0,0,0,0,0,0,0,0,0,0,0,0,0,0,0,0,0,0,0,0,0,0,0,0,0,0,0,0,0,0,0,0,0,0,0,0,0,0,0,0,0,0,0,0,0,0,0,0,0,0,0,0,0,0,0,0,0,0,0,0,0,0,0,0,0,0,0,0,0,0,0,0,0,0,0,0,0,0,0,0,0,0,0,0,0,0,0,0,0,0,0,0,0,0,0,0,0,0,0,0,0,0,0,0,0,0,0,0,0,0,0,0,0,0,0,0,0,0,0,0,0,0,0,0,0,0,0,0,0,0,0,0,0,0,0,0,0,0,0,0,0,0,0,0,0,0,0,0,0,0,0,0,0,0,0,0,0,0,0,0,0,0,0,0,0,0,0
SRR26382953,PRJNA1021628,COPD_Stable,0.142554662,0,0,0,0,0,0,0.176832731,0,0,0,0,0.001475452,0,0,0,0,0,0,0,0,0,0,0,0,0,0,0,0,0,0,0.006050078,0,0,0,0,0,0,0,0,0,0,0,0,0,0,0,0,0,0,0,0,0,0,0,0,0,0,0,0,0,0,0,0,0,0,0,0,0,0,0,0,0,0,0,0,0,0,0,0,0,0,0,0,0,0,0,0,0.002001039,0,0,0,0,0,0,0,0,0,0,0,0,0,0,0,0,0,0,0,0,0,0,0,0,0,0,0,0,0,0,0,0,0,0,0,0,0,0,0,0,0,0,0,0,0,0,0,0,0,0,0,0,0,0,0,0,0,0,0,0,0,0,0,0,0,0,0,0,0,0,0,0,0,0,0,0,0,0,0,0,0,0,0,0,0,0,0,0,0,0,0,0,0,0,0,0,0,0,0,0,0,0,0,0,0,0,0,0,0,0,0,0,0,0,0,0,0,0,0,0,0,0,0,0,0,0,0,0,0,0,0,0,0,0,0,0,0,0,0,0,0,0,0,0,0,0,0,0,0,0,0,0,0,0,0,0,0,0,0,0,0,0,0,0,0,0,0,0,0,0,0,0,0,0,0,0,0,0,0,0,0,0,0
SRR26382954,PRJNA1021628,COPD_Exacerbation,0.355940978,0.001330435,0,0,0.024607065,0,0.082569492,0,0,0.013418412,0.01237061,0.036578792,0.069745866,0,0.006104845,0,0,0,0,0.02310663,0,0.004497548,0.000871515,0,0,0.006012369,0,0,0.00310566,0,0,0,0,0,0,0,0,0,0,0.003944974,0,0,0,0,0,0,0,0.005778549,0,0,0,0,0.004258853,0,0,0.001073478,0,0,0,0,0.003378855,0,0,0.003632099,0,0.00245573,0,0.002966072,0,0,0.000785991,0,0,0,0,0,0,0,0,0,0,0,0,0,0,0,0,0,0.009898839,0,0,0,0,0,0,0,0,0,0,0,0,0,0,0,0,0,0,0,0,0,0,0,0,0,0,0,0,0,0,0,0,0,0,0,0,0,0,0,0,0,0,0,0,0,0,0,0,0,0,0,0,0,0,0,0,0,0,0,0,0,0,0,0,0,0,0,0,0,0,0,0,0,0,0,0,0,0,0,0,0,0,0,0,0,0,0,0,0,0,0,0,0,0,0,0.011992852,0,0,0,0,0,0,0,0,0,0,0,0,0,0,0,0,0,0,0,0,0,0,0,0,0,0,0,0,0,0,0,0,0,0,0,0,0,0,0,0,0,0,0,0,0,0,0,0,0,0,0,0,0,0,0,0,0,0,0,0,0,0,0,0,0,0,0,0,0,0,0,0,0,0,0,0,0,0,0,0,0,0,0,0.012118897,0,0.0027914,0
SRR26382955,PRJNA1021628,COPD_Stable,0.051002347,0,0,0,0,0,0,0,0,0,0,0,0,0,0,0,0,0,0,0,0,0,0,0,0,0,0,0,0,0,0,0,0,0,0,0,0,0,0,0,0,0,0,0,0,0,0,0,0,0,0,0,0,0,0,0,0,0,0,0,0,0,0,0,0,0,0,0,0,0,0,0,0,0,0,0,0,0,0,0,0,0,0,0,0,0,0,0,0.003555354,0,0,0,0,0,0,0,0,0,0,0,0,0,0,0,0,0,0,0,0,0,0,0,0,0,0,0,0,0,0,0,0,0,0,0,0,0,0,0,0,0,0,0,0,0,0,0,0,0,0,0,0,0,0,0,0,0,0,0,0,0,0,0,0,0,0,0,0,0,0,0,0,0,0,0,0,0,0,0,0,0,0,0,0,0,0,0,0,0,0,0,0,0,0,0,0,0,0,0,0,0,0,0,0,0,0,0,0,0,0,0,0,0,0,0,0,0,0,0,0,0,0,0,0,0,0,0,0,0,0,0,0,0,0,0,0,0,0,0,0,0,0,0,0,0,0,0,0,0,0,0,0,0,0,0,0,0,0,0,0,0,0,0,0,0,0,0,0,0,0,0,0,0,0,0,0,0,0,0,0,0,0,0
SRR26382956,PRJNA1021628,COPD_Stable,0.002129344,0,0,0,0.00680822,0,0,0,0,0.004744261,0,0,0,0,0,0,0,0,0,0,0,0,0,0,0,0,0,0,0,0,0,0,0,0,0,0,0,0,0,0,0,0,0,0,0,0,0,0,0,0,0,0,0,0,0,0,0,0,0,0,0,0,0,0,0,0,0,0,0,0,0,0,0,0,0,0,0,0,0,0,0,0,0,0,0,0,0,0,0.002579252,0,0,0,0,0,0,0,0,0,0,0,0,0,0,0,0,0,0,0,0,0,0,0,0,0,0,0,0,0,0,0,0,0,0,0,0,0,0,0,0,0,0,0,0,0,0,0,0,0,0,0,0,0,0,0,0,0,0,0,0,0,0,0,0,0,0,0,0,0,0,0,0,0,0,0,0,0,0,0,0,0,0,0,0,0,0,0,0,0,0,0,0,0,0,0,0,0,0,0,0,0,0,0,0,0,0,0,0,0,0,0,0,0,0,0,0,0,0,0,0,0,0,0,0,0,0,0,0,0,0,0,0,0,0,0,0,0,0,0,0,0,0,0,0,0,0,0,0,0,0,0,0,0,0,0,0,0,0,0,0,0,0,0,0,0,0,0,0,0,0,0,0,0,0,0,0,0,0,0,0,0,0,0
SRR2750494,PRJNA299077,COPD_Exacerbation,0.034736358,0,0,0.758554427,0,0,0.008106252,0,0,0,0.000785748,0,0.000129956,0,0,0,0,0,0,0,0.002769164,0,0,0,0,0,0.046621121,0,0,0,0.016090288,0,0,0.007224228,0,0,0,0,0,0,0,0,0,0,0,0,0,0,0,0,0,0,0,0,0,0,0,0,0,0,0,0,0,0,0,0,0,0,0,0,0,0,0,0,0,0,0,0,0,0,0,0,0,0,0,0,0,0,0,0,0,0,0,0,0,0,0,0,0,0,0,0,0,0,0,0,0,0,0,0,0,0,0,0,0,0,0,0,0,0,0,0,0,0,0,0,0,0,0,0,0,0,0,0,0,0,0,0,0,0,0,0,0,0,0,0,0,0,0,0,0,0,0,0,0,0,0,0,0,0,0,0,0,0,0,0,0,0,0,0,0,0,0,0,0,0,0,0,0,0,0,0,0,0,0,0,0,0,0,0,0,0,0,0,0,0,0,0,0,0,0,0,0,0,0,0,0,0,0,0,0,0,0,0,0,0,0,0,0,0,0,0,0,0,0,0,0,0,0,0,0,0,0,0,0,0,0,0,0,0,0,0,0,0,0,0,0,0,0,0,0,0,0,0,0,0,0,0,0,0,0,0,0,0,0,0,0,0,0,0,0,0
SRR2750497,PRJNA299077,COPD_Exacerbation,0.614705868,0.009893966,0,0,0.001202668,0,0.174365707,0.005758672,0,0,0.000417382,0,0.059975786,0,0,0,0,0,0,0,0,0,0.001092091,0,0,0,0,0,0,0,0,0,0,0,0,0,0,0,0,0,0,0,0,0,0,0,0,0,0,0,0,0,0,0,0,0,0,0,0,0,0,0,0,0,0,0,0,0,0,0,0,0,0,0,0,0,0,0,0,0,0,0,0,0,0,0,0,0,0,0,0,0,0,0,0,0,0,0,0,0,0,0,0,0,0,0,0,0,0,0,0,0,0,0,0,0,0,0,0,0,0,0,0,0,0,0,0,0,0,0,0,0,0,0,0,0,0,0,0,0,0,0,0,0,0,0,0,0,0,0,0,0,0,0,0,0,0,0,0,0,0,0,0,0,0,0,0,0,0,0,0,0,0,0,0,0,0,0,0,0,0,0,0,0,0,0,0,0,0,0,0,0,0,0,0,0,0,0,0,0,0,0,0,0,0,0,0,0,0,0,0,0,0,0,0,0,0,0,0,0,0,0,0,0,0,0,0,0,0,0,0,0,0,0,0,0,0,0,0,0,0,0,0,0,0,0,0,0,0,0,0,0,0,0,0,0,0,0,0,0,0,0,0,0,0,0,0,0,0,0,0,0
SRR2750499,PRJNA299077,COPD_Exacerbation,0.161546468,0.002825472,0,0,0.120341808,0,0.480610988,0.009997745,0,0,0,0,0.010090854,0,0,0,0,0,0,0.00651079,0.000604416,0.00163607,0,0,0,0.00074558,0,0,0,0,0,0,0,0,0.001904746,0,0,0,0,0,0,0,0,0,0,0,0,0,0,0,0,0,0,0,0,0,0,0,0,0,0,0,0,0,0,0,0,0,0,0,0,0,0,0,0,0,0,0,0,0,0,0,0,0,0,0,0,0,0,0,0,0,0,0,0,0,0,0,0,0,0,0,0,0,0,0,0,0,0,0,0,0,0,0,0,0,0,0,0,0,0,0,0,0,0,0,0,0,0,0,0,0,0,0,0,0,0,0,0,0,0,0,0,0,0,0,0,0,0,0,0,0,0,0,0,0,0,0,0,0,0,0,0,0,0,0,0,0,0,0,0,0,0,0,0,0,0,0,0,0,0,0,0,0,0,0,0,0,0,0,0,0,0,0,0,0,0,0,0,0,0,0,0,0,0,0,0,0,0,0,0,0,0,0,0,0,0,0,0,0,0,0,0,0,0,0,0,0,0,0,0,0,0,0,0,0,0,0,0,0,0,0,0,0,0,0,0,0,0,0,0,0,0,0,0,0,0,0,0,0,0,0,0,0,0,0,0,0,0,0,0,0
SRR2750502,PRJNA299077,COPD_Exacerbation,0.186538214,0,0.000929728,0.167939051,0,0,0.021253097,0,0,0.028757809,0,0,0.04686464,0,0,0,0,0,0,0,0.000190447,0,0,0,0,0,0.005533405,0,0,0,0.00314843,0,0,0.001556961,0,0,0,0,0,0,0,0,0,0,0,0,0,0,0,0,0,0,0,0,0,0,0,0,0,0,0,0,0,0,0,0,0,0,0,0,0,0,0,0,0,0,0,0,0,0,0,0,0,0,0,0,0,0,0,0,0,0,0,0,0,0,0,0,0,0,0,0,0,0,0,0,0,0,0,0,0,0,0,0,0,0,0,0,0,0,0,0,0,0,0,0,0,0,0,0,0,0,0,0,0,0,0,0,0,0,0,0,0,0,0,0,0,0,0,0,0,0,0,0,0,0,0,0,0,0,0,0,0,0,0,0,0,0,0,0,0,0,0,0,0,0,0,0,0,0,0,0,0,0,0,0,0,0,0,0,0,0,0,0,0,0,0,0,0,0,0,0,0,0,0,0,0,0,0,0,0,0,0,0,0,0,0,0,0,0,0,0,0,0,0,0,0,0,0,0,0,0,0,0,0,0,0,0,0,0,0,0,0,0,0,0,0,0,0,0,0,0,0,0,0,0,0,0,0,0,0,0,0,0,0,0,0,0,0,0,0,0
SRR2750505,PRJNA299077,COPD_Exacerbation,0.098683774,0.004785805,0,0.001032059,0.043438196,0.000799609,0.156060107,0.071913416,0,0.001014588,0.00160962,0.002247477,0.032737379,0,0,0,0,0,0.000220165,0.001129651,0.014132226,0,0.00035659,0.004500913,0,0,0,0,0,0,0,0.000838741,0,0,0,0,0,0,0,0,0,0,0,0,0,0,0,0,0,0,0,0,0,0,0,0,0,0,0,0,0,0,0,0,0,0,0,0,0,0,0,0,0,0,0,0,0,0,0,0,0,0,0,0,0,0,0,0,0,0,0,0,0,0,0,0,0,0,0,0,0,0,0,0,0,0,0,0,0,0,0,0,0,0,0,0,0,0,0,0,0,0,0,0,0,0,0,0,0,0,0,0,0,0,0,0,0,0,0,0,0,0,0,0,0,0,0,0,0,0,0,0,0,0,0,0,0,0,0,0,0,0,0,0,0,0,0,0,0,0,0,0,0,0,0,0,0,0,0,0,0,0,0,0,0,0,0,0,0,0,0,0,0,0,0,0,0,0,0,0,0,0,0,0,0,0,0,0,0,0,0,0,0,0,0,0,0,0,0,0,0,0,0,0,0,0,0,0,0,0,0,0,0,0,0,0,0,0,0,0,0,0,0,0,0,0,0,0,0,0,0,0,0,0,0,0,0,0,0,0,0,0,0,0,0,0,0,0,0,0,0,0
SRR2750508,PRJNA299077,COPD_Exacerbation,0.031134672,0.000621649,0.638201923,0,0,0,0.204355119,0.042426121,0,0,0,0,0.004472008,0,0,0,0,0,0,0.020202656,0.001515497,0.004304101,0,0,0,0,0,0,0,0,0.000183704,0,0,0,0,0,0,0,0,0,0,0,0,0,0,0,0,0,0,0,0,0,0,0,0,0,0,0,0,0,0,0,0,0,0,0,0,0,0,0,0,0,0,0,0,0,0,0,0,0,0,0,0,0,0,0,0,0,0,0,0,0,0,0,0,0,0,0,0,0,0,0,0,0,0,0,0,0,0,0,0,0,0,0,0,0,0,0,0,0,0,0,0,0,0,0,0,0,0,0,0,0,0,0,0,0,0,0,0,0,0,0,0,0,0,0,0,0,0,0,0,0,0,0,0,0,0,0,0,0,0,0,0,0,0,0,0,0,0,0,0,0,0,0,0,0,0,0,0,0,0,0,0,0,0,0,0,0,0,0,0,0,0,0,0,0,0,0,0,0,0,0,0,0,0,0,0,0,0,0,0,0,0,0,0,0,0,0,0,0,0,0,0,0,0,0,0,0,0,0,0,0,0,0,0,0,0,0,0,0,0,0,0,0,0,0,0,0,0,0,0,0,0,0,0,0,0,0,0,0,0,0,0,0,0,0,0,0,0,0,0,0
SRR2750513,PRJNA299077,COPD_Exacerbation,0.297667637,0.026959756,0,0.042556907,0,0,0.168798296,0.151394478,0,0.028019805,0.026802563,0.009625033,0.008716075,0,0,0.003160401,0.005927137,0,0,0.001346432,0,0,0,0,0,0,0.002512138,0,0.000584326,0.000318318,0.000523246,0,0.000413964,0,0,0,0.000915627,0,0,0,0,0,0,0,0,0,0,0,0,0,0,0,0,0,0,0,0,0,0,0,0,0,0,0,0,0,0,0,0,0,0,0,0,0,0,0,0,0,0,0,0,0,0,0,0,0,0,0,0,0,0,0,0,0,0,0,0,0,0,0,0,0,0,0,0,0,0,0,0,0,0,0,0,0,0,0,0,0,0,0,0,0,0,0,0,0,0,0,0,0,0,0,0,0,0,0,0,0,0,0,0,0,0,0,0,0,0,0,0,0,0,0,0,0,0,0,0,0,0,0,0,0,0,0,0,0,0,0,0,0,0,0,0,0,0,0,0,0,0,0,0,0,0,0,0,0,0,0,0,0,0,0,0,0,0,0,0,0,0,0,0,0,0,0,0,0,0,0,0,0,0,0,0,0,0,0,0,0,0,0,0,0,0,0,0,0,0,0,0,0,0,0,0,0,0,0,0,0,0,0,0,0,0,0,0,0,0,0,0,0,0,0,0,0,0,0,0,0,0,0,0,0,0,0,0,0,0,0,0,0,0,0
SRR2750516,PRJNA299077,COPD_Exacerbation,0.076579134,0.001385749,0.000654396,0.28726151,0,0.000796492,0.26474026,0.099910438,0,0.006715013,0.000106025,0,0.007544758,0,0,0.001011228,0.001031088,0,0,0.000420013,0.000733777,0,0.000894665,0,0,0,0.016090031,0.006683901,0.001629029,0.000143297,0.007612793,0,0,0.001768421,0,0,0,0,0.000873125,0,0,0,0,0,0,0,0,0,0,0,0,0,0,0,0,0,0,0,0,0,0,0,0,0,0,0,0,0,0,0,0,0,0,0,0,0,0,0,0,0,0,0,0,0,0,0,0,0,0,0,0,0,0,0,0,0,0,0,0,0,0,0,0,0,0,0,0,0,0,0,0,0,0,0,0,0,0,0,0,0,0,0,0,0,0,0,0,0,0,0,0,0,0,0,0,0,0,0,0,0,0,0,0,0,0,0,0,0,0,0,0,0,0,0,0,0,0,0,0,0,0,0,0,0,0,0,0,0,0,0,0,0,0,0,0,0,0,0,0,0,0,0,0,0,0,0,0,0,0,0,0,0,0,0,0,0,0,0,0,0,0,0,0,0,0,0,0,0,0,0,0,0,0,0,0,0,0,0,0,0,0,0,0,0,0,0,0,0,0,0,0,0,0,0,0,0,0,0,0,0,0,0,0,0,0,0,0,0,0,0,0,0,0,0,0,0,0,0,0,0,0,0,0,0,0,0,0,0,0,0,0,0
SRR2750519,PRJNA299077,COPD_Exacerbation,0.32499659,0.001901625,0,0,0.019576352,0.004973791,0.146892013,0.012771521,0,0.037219828,0.007055967,0,0.017880985,0,0,0,0,0,0.003499918,0,0,0,0.001496628,0,0,0.000476899,0,0.001849054,0.003277288,0.000692532,0,0,0,0,0,0,0,0,0,0,0,0,0,0,0,0,0,0,0,0,0,0,0,0,0,0,0,0,0,0,0,0,0,0,0,0,0,0,0,0,0,0,0,0,0,0,0,0,0,0,0,0,0,0,0,0,0,0,0,0,0,0,0,0,0,0,0,0,0,0,0,0,0,0,0,0,0,0,0,0,0,0,0,0,0,0,0,0,0,0,0,0,0,0,0,0,0,0,0,0,0,0,0,0,0,0,0,0,0,0,0,0,0,0,0,0,0,0,0,0,0,0,0,0,0,0,0,0,0,0,0,0,0,0,0,0,0,0,0,0,0,0,0,0,0,0,0,0,0,0,0,0,0,0,0,0,0,0,0,0,0,0,0,0,0,0,0,0,0,0,0,0,0,0,0,0,0,0,0,0,0,0,0,0,0,0,0,0,0,0,0,0,0,0,0,0,0,0,0,0,0,0,0,0,0,0,0,0,0,0,0,0,0,0,0,0,0,0,0,0,0,0,0,0,0,0,0,0,0,0,0,0,0,0,0,0,0,0,0,0,0,0
SRR2750522,PRJNA299077,COPD_Stable,0.747255585,0.010377095,0,0,0.056587066,0,0,0,0,0.051954847,0.001323224,0.012182888,0.001963398,0,0,0,0,0,0,0,0,0.004037584,0,0,0,0,0,0,0,0.000659296,0,0,0,0,0,0,0.006259222,0,0,0,0,0,0,0,0,0,0,0,0,0,0,0,0,0,0,0,0,0,0,0,0,0,0,0,0,0,0,0,0,0,0,0,0,0,0,0,0,0,0,0,0,0,0,0,0,0,0,0,0,0,0,0,0,0,0,0,0,0,0,0,0,0,0,0,0,0,0,0,0,0,0,0,0,0,0,0,0,0,0,0,0,0,0,0,0,0,0,0,0,0,0,0,0,0,0,0,0,0,0,0,0,0,0,0,0,0,0,0,0,0,0,0,0,0,0,0,0,0,0,0,0,0,0,0,0,0,0,0,0,0,0,0,0,0,0,0,0,0,0,0,0,0,0,0,0,0,0,0,0,0,0,0,0,0,0,0,0,0,0,0,0,0,0,0,0,0,0,0,0,0,0,0,0,0,0,0,0,0,0,0,0,0,0,0,0,0,0,0,0,0,0,0,0,0,0,0,0,0,0,0,0,0,0,0,0,0,0,0,0,0,0,0,0,0,0,0,0,0,0,0,0,0,0,0,0,0,0,0,0,0,0,0
SRR2750524,PRJNA299077,COPD_Exacerbation,0.007177983,0.000187393,0,0,0.182485411,0,0.051296771,0.000871667,0,0.000152829,0,0,0,0,0,0,0.000102562,0,0,0.000685361,0.002880503,0.000114172,0.000266683,0,0,0,0,0,0,0,0,0,0,0,0,0,0.000696855,0,0,0,0,0,0,0,0,0,0,0,0,0,0,0,0,0,0,0,0,0,0,0,0,0,0,0,0,0,0,0,0,0,0,0,0,0,0,0,0,0,0,0,0,0,0,0,0,0,0,0,0,0,0,0,0,0,0,0,0,0,0,0,0,0,0,0,0,0,0,0,0,0,0,0,0,0,0,0,0,0,0,0,0,0,0,0,0,0,0,0,0,0,0,0,0,0,0,0,0,0,0,0,0,0,0,0,0,0,0,0,0,0,0,0,0,0,0,0,0,0,0,0,0,0,0,0,0,0,0,0,0,0,0,0,0,0,0,0,0,0,0,0,0,0,0,0,0,0,0,0,0,0,0,0,0,0,0,0,0,0,0,0,0,0,0,0,0,0,0,0,0,0,0,0,0,0,0,0,0,0,0,0,0,0,0,0,0,0,0,0,0,0,0,0,0,0,0,0,0,0,0,0,0,0,0,0,0,0,0,0,0,0,0,0,0,0,0,0,0,0,0,0,0,0,0,0,0,0,0,0,0,0,0,0
SRR2750526,PRJNA299077,COPD_Exacerbation,0.512683635,0.010575277,0.002086611,0,0.012106024,0,0.164438484,0.00588068,0,0.053095196,0.011432712,0.004657812,0.010497325,0,0,0,0.004146499,0,0,0.026005859,0.00382616,0.001046828,0.001475293,0,0,0,0,0,0.000995067,0,0,0.002099308,0,0,0,0,0,0,0,0,0,0,0,0,0,0,0,0,0,0,0,0,0,0,0,0,0,0,0,0,0,0,0,0,0,0,0,0,0,0,0,0,0,0,0,0,0,0,0,0,0,0,0,0,0,0,0,0,0,0,0,0,0,0,0,0,0,0,0,0,0,0,0,0,0,0,0,0,0,0,0,0,0,0,0,0,0,0,0,0,0,0,0,0,0,0,0,0,0,0,0,0,0,0,0,0,0,0,0,0,0,0,0,0,0,0,0,0,0,0,0,0,0,0,0,0,0,0,0,0,0,0,0,0,0,0,0,0,0,0,0,0,0,0,0,0,0,0,0,0,0,0,0,0,0,0,0,0,0,0,0,0,0,0,0,0,0,0,0,0,0,0,0,0,0,0,0,0,0,0,0,0,0,0,0,0,0,0,0,0,0,0,0,0,0,0,0,0,0,0,0,0,0,0,0,0,0,0,0,0,0,0,0,0,0,0,0,0,0,0,0,0,0,0,0,0,0,0,0,0,0,0,0,0,0,0,0,0,0,0,0,0
SRR2750529,PRJNA299077,COPD_Exacerbation,0.346346937,0.044767675,0,0,0.009894139,0,0.307784971,0,0,0.095921395,0,0.003588447,0.018808564,0,0,0,0,0,0,0.006785958,0,0.000294039,0,0,0,0,0,0,0.0027315,0.001187458,0,0,0,0,0,0,0,0,0.000244382,0,0,0,0,0,0,0,0,0,0,0,0,0,0,0,0,0,0,0,0,0,0,0,0,0,0,0,0,0,0,0,0,0,0,0,0,0,0,0,0,0,0,0,0,0,0,0,0,0,0,0,0,0,0,0,0,0,0,0,0,0,0,0,0,0,0,0,0,0,0,0,0,0,0,0,0,0,0,0,0,0,0,0,0,0,0,0,0,0,0,0,0,0,0,0,0,0,0,0,0,0,0,0,0,0,0,0,0,0,0,0,0,0,0,0,0,0,0,0,0,0,0,0,0,0,0,0,0,0,0,0,0,0,0,0,0,0,0,0,0,0,0,0,0,0,0,0,0,0,0,0,0,0,0,0,0,0,0,0,0,0,0,0,0,0,0,0,0,0,0,0,0,0,0,0,0,0,0,0,0,0,0,0,0,0,0,0,0,0,0,0,0,0,0,0,0,0,0,0,0,0,0,0,0,0,0,0,0,0,0,0,0,0,0,0,0,0,0,0,0,0,0,0,0,0,0,0,0,0,0,0,0,0
SRR2750532,PRJNA299077,COPD_Stable,0.491123312,0.022328146,0,0,0,0,0.184022408,0.005086211,0,0.050364434,0.009509224,0.005169758,0.026873721,0,0,0,0,0,0,0.006802316,0,0,0.006005209,0,0,0.001450688,0,0,0,0,0,0,0,0,0,0,0,0,0,0,0.001068745,0,0,0,0,0,0,0,0,0,0,0,0,0,0,0,0,0,0,0,0,0,0,0,0,0,0,0,0,0,0,0,0,0,0,0,0,0,0,0,0,0,0,0,0,0,0,0,0,0,0,0,0,0,0,0,0,0,0,0,0,0,0,0,0,0,0,0,0,0,0,0,0,0,0,0,0,0,0,0,0,0,0,0,0,0,0,0,0,0,0,0,0,0,0,0,0,0,0,0,0,0,0,0,0,0,0,0,0,0,0,0,0,0,0,0,0,0,0,0,0,0,0,0,0,0,0,0,0,0,0,0,0,0,0,0,0,0,0,0,0,0,0,0,0,0,0,0,0,0,0,0,0,0,0,0,0,0,0,0,0,0,0,0,0,0,0,0,0,0,0,0,0,0,0,0,0,0,0,0,0,0,0,0,0,0,0,0,0,0,0,0,0,0,0,0,0,0,0,0,0,0,0,0,0,0,0,0,0,0,0,0,0,0,0,0,0,0,0,0,0,0,0,0,0,0,0,0,0,0,0,0
SRR2750533,PRJNA299077,COPD_Exacerbation,0.180998576,0.002820441,0.297517954,0,0,0.000801117,0.080835616,0.016130341,0,0,0,0.004149756,0.003583099,0,0,0,0,0,0,0,0.000795357,0,0,0.00075772,0,0.002071451,0,0,0.000681077,0.001241629,0,0,0,0,0,0,0,0,0,0,0,0,0,0,0,0,0,0,0,0,0,0,0,0,0,0,0,0,0,0,0,0,0,0,0,0,0,0,0,0,0,0,0,0,0,0,0,0,0,0,0,0,0,0,0,0,0,0,0,0,0,0,0,0,0,0,0,0,0,0,0,0,0,0,0,0,0,0,0,0,0,0,0,0,0,0,0,0,0,0,0,0,0,0,0,0,0,0,0,0,0,0,0,0,0,0,0,0,0,0,0,0,0,0,0,0,0,0,0,0,0,0,0,0,0,0,0,0,0,0,0,0,0,0,0,0,0,0,0,0,0,0,0,0,0,0,0,0,0,0,0,0,0,0,0,0,0,0,0,0,0,0,0,0,0,0,0,0,0,0,0,0,0,0,0,0,0,0,0,0,0,0,0,0,0,0,0,0,0,0,0,0,0,0,0,0,0,0,0,0,0,0,0,0,0,0,0,0,0,0,0,0,0,0,0,0,0,0,0,0,0,0,0,0,0,0,0,0,0,0,0,0,0,0,0,0,0,0,0,0,0,0
SRR2750536,PRJNA299077,COPD_Stable,0.344182541,0.005627912,0,0,0.014946576,0,0.091289232,0.014628664,0,0.014895488,0.020262725,0.049398585,0.028216301,0,0,0.001221988,0,0,0,0.018236862,0,0,0.013848162,0.005449502,0,0.004447165,0,0,0.001857971,0,0,0,0,0,0,0,0,0,0,0.000784271,0,0,0,0,0,0,0,0,0,0,0,0,0,0,0,0,0,0,0,0,0,0,0,0,0,0,0,0,0,0,0,0,0,0,0,0,0,0,0,0,0,0,0,0,0,0,0,0,0,0,0,0,0,0,0,0,0,0,0,0,0,0,0,0,0,0,0,0,0,0,0,0,0,0,0,0,0,0,0,0,0,0,0,0,0,0,0,0,0,0,0,0,0,0,0,0,0,0,0,0,0,0,0,0,0,0,0,0,0,0,0,0,0,0,0,0,0,0,0,0,0,0,0,0,0,0,0,0,0,0,0,0,0,0,0,0,0,0,0,0,0,0,0,0,0,0,0,0,0,0,0,0,0,0,0,0,0,0,0,0,0,0,0,0,0,0,0,0,0,0,0,0,0,0,0,0,0,0,0,0,0,0,0,0,0,0,0,0,0,0,0,0,0,0,0,0,0,0,0,0,0,0,0,0,0,0,0,0,0,0,0,0,0,0,0,0,0,0,0,0,0,0,0,0,0,0,0,0,0,0,0,0
SRR2750537,PRJNA299077,COPD_Exacerbation,0.120630905,0,0.327144973,0.146434412,0,0,0.016043523,0,0,0.001119447,0,0,0,0,0,0,0,0,0,0,0,0,0,0,0,0,0.007793058,0,0,0,0.004706189,0,0,0.000913233,0,0,0,0,0,0,0,0,0,0,0,0,0,0,0,0,0,0,0,0,0,0,0,0,0,0,0,0,0,0,0,0,0,0,0,0,0,0,0,0,0,0,0,0,0,0,0,0,0,0,0,0,0,0,0,0,0,0,0,0,0,0,0,0,0,0,0,0,0,0,0,0,0,0,0,0,0,0,0,0,0,0,0,0,0,0,0,0,0,0,0,0,0,0,0,0,0,0,0,0,0,0,0,0,0,0,0,0,0,0,0,0,0,0,0,0,0,0,0,0,0,0,0,0,0,0,0,0,0,0,0,0,0,0,0,0,0,0,0,0,0,0,0,0,0,0,0,0,0,0,0,0,0,0,0,0,0,0,0,0,0,0,0,0,0,0,0,0,0,0,0,0,0,0,0,0,0,0,0,0,0,0,0,0,0,0,0,0,0,0,0,0,0,0,0,0,0,0,0,0,0,0,0,0,0,0,0,0,0,0,0,0,0,0,0,0,0,0,0,0,0,0,0,0,0,0,0,0,0,0,0,0,0,0,0,0,0,0
SRR2750540,PRJNA299077,COPD_Stable,0.008434928,0,0,0.002849216,0,0,0.00758202,0.002966169,0,0.000951306,0,0,0.001222458,0,0,0,0,0,0,0,0,0,0,0,0,0,0,0,0,0,0,0,0,0,0,0,0,0,0,0,0,0,0,0,0,0,0,0,0,0,0,0,0,0,0,0,0,0,0,0,0,0,0,0,0,0,0,0,0,0,0,0,0,0,0,0,0,0,0,0,0,0,0,0,0,0,0,0,0,0,0,0,0,0,0,0,0,0,0,0,0,0,0,0,0,0,0,0,0,0,0,0,0,0,0,0,0,0,0,0,0,0,0,0,0,0,0,0,0,0,0,0,0,0,0,0,0,0,0,0,0,0,0,0,0,0,0,0,0,0,0,0,0,0,0,0,0,0,0,0,0,0,0,0,0,0,0,0,0,0,0,0,0,0,0,0,0,0,0,0,0,0,0,0,0,0,0,0,0,0,0,0,0,0,0,0,0,0,0,0,0,0,0,0,0,0,0,0,0,0,0,0,0,0,0,0,0,0,0,0,0,0,0,0,0,0,0,0,0,0,0,0,0,0,0,0,0,0,0,0,0,0,0,0,0,0,0,0,0,0,0,0,0,0,0,0,0,0,0,0,0,0,0,0,0,0,0,0,0,0,0,0
SRR2750541,PRJNA299077,COPD_Exacerbation,0.214482666,0.003506132,0,0,0,0,0.240718388,0.125183277,0,0.041322378,0,0.002660853,0.021011932,0,0,0.004115158,0,0,0,0.004848752,0.000768143,0,0,0,0,0,0,0,0,0,0,0,0,0,0,0,0.003002228,0,0,0,0,0,0,0,0,0,0,0,0,0,0,0,0,0,0,0,0,0,0,0,0,0,0,0,0,0,0,0,0,0,0,0,0,0,0,0,0,0,0,0,0,0,0,0,0,0,0,0,0,0,0,0,0,0,0,0,0,0,0,0,0,0,0,0,0,0,0,0,0,0,0,0,0,0,0,0,0,0,0,0,0,0,0,0,0,0,0,0,0,0,0,0,0,0,0,0,0,0,0,0,0,0,0,0,0,0,0,0,0,0,0,0,0,0,0,0,0,0,0,0,0,0,0,0,0,0,0,0,0,0,0,0,0,0,0,0,0,0,0,0,0,0,0,0,0,0,0,0,0,0,0,0,0,0,0,0,0,0,0,0,0,0,0,0,0,0,0,0,0,0,0,0,0,0,0,0,0,0,0,0,0,0,0,0,0,0,0,0,0,0,0,0,0,0,0,0,0,0,0,0,0,0,0,0,0,0,0,0,0,0,0,0,0,0,0,0,0,0,0,0,0,0,0,0,0,0,0,0,0,0,0,0
SRR2750544,PRJNA299077,COPD_Stable,0.485771103,0.003387426,0,0.031632526,0,0,0.241901103,0.015295162,0,0.014318195,0.00376667,0.001879992,0,0,0,0,0,0,0,0,0.073662805,0,0,0,0.023869765,0,0.000881115,0,0,0,0,0,0.001444354,0,0,0,0,0,0,0,0,0,0,0,0,0,0,0,0,0,0,0,0,0,0,0,0,0,0,0,0,0,0,0,0,0,0,0,0,0,0,0,0,0,0,0,0,0,0,0,0,0,0,0,0,0,0,0,0,0,0,0,0,0,0,0,0,0,0,0,0,0,0,0,0,0,0,0,0,0,0,0,0,0,0,0,0,0,0,0,0,0,0,0,0,0,0,0,0,0,0,0,0,0,0,0,0,0,0,0,0,0,0,0,0,0,0,0,0,0,0,0,0,0,0,0,0,0,0,0,0,0,0,0,0,0,0,0,0,0,0,0,0,0,0,0,0,0,0,0,0,0,0,0,0,0,0,0,0,0,0,0,0,0,0,0,0,0,0,0,0,0,0,0,0,0,0,0,0,0,0,0,0,0,0,0,0,0,0,0,0,0,0,0,0,0,0,0,0,0,0,0,0,0,0,0,0,0,0,0,0,0,0,0,0,0,0,0,0,0,0,0,0,0,0,0,0,0,0,0,0,0,0,0,0,0,0,0,0,0,0,0
SRR2750545,PRJNA299077,COPD_Exacerbation,0.05710953,0.001508886,0.000505303,0.075076954,0,0,0.079048786,0.009828454,0,0.001410724,0.000774935,0.000516024,0.003387477,0,0,0.000201141,0,0,0,0,0.01901217,0,0,0.002203025,0.000390245,0.000676092,0.00291378,0,0,0,0.000916721,0,0.000700427,0.000748686,0,0,0,0,0,0,0,0,0,0,0,0,0,0,0,0,0,0,0,0,0,0,0,0,0,0,0,0,0,0,0,0,0,0,0,0,0,0,0,0,0,0,0,0,0,0,0,0,0,0,0,0,0,0,0,0,0,0,0,0,0,0,0,0,0,0,0,0,0,0,0,0,0,0,0,0,0,0,0,0,0,0,0,0,0,0,0,0,0,0,0,0,0,0,0,0,0,0,0,0,0,0,0,0,0,0,0,0,0,0,0,0,0,0,0,0,0,0,0,0,0,0,0,0,0,0,0,0,0,0,0,0,0,0,0,0,0,0,0,0,0,0,0,0,0,0,0,0,0,0,0,0,0,0,0,0,0,0,0,0,0,0,0,0,0,0,0,0,0,0,0,0,0,0,0,0,0,0,0,0,0,0,0,0,0,0,0,0,0,0,0,0,0,0,0,0,0,0,0,0,0,0,0,0,0,0,0,0,0,0,0,0,0,0,0,0,0,0,0,0,0,0,0,0,0,0,0,0,0,0,0,0,0,0,0,0,0,0
SRR2750548,PRJNA299077,COPD_Stable,0.002452882,0,0.953726889,0,0,0,0.012534159,0.002248643,0,0.001365173,0,0.000724178,0.001694947,0,0,0,0,0,0,0.001695712,0,0,0,0,0,0,0,0,0,0,0,0,0,0,0,0,0,0,0,0,0,0,0,0,0,0,0,0,0,0,0,0,0,0,0,0,0,0,0,0,0,0,0,0,0,0,0,0,0,0,0,0,0,0,0,0,0,0,0,0,0,0,0,0,0,0,0,0,0,0,0,0,0,0,0,0,0,0,0,0,0,0,0,0,0,0,0,0,0,0,0,0,0,0,0,0,0,0,0,0,0,0,0,0,0,0,0,0,0,0,0,0,0,0,0,0,0,0,0,0,0,0,0,0,0,0,0,0,0,0,0,0,0,0,0,0,0,0,0,0,0,0,0,0,0,0,0,0,0,0,0,0,0,0,0,0,0,0,0,0,0,0,0,0,0,0,0,0,0,0,0,0,0,0,0,0,0,0,0,0,0,0,0,0,0,0,0,0,0,0,0,0,0,0,0,0,0,0,0,0,0,0,0,0,0,0,0,0,0,0,0,0,0,0,0,0,0,0,0,0,0,0,0,0,0,0,0,0,0,0,0,0,0,0,0,0,0,0,0,0,0,0,0,0,0,0,0,0,0,0,0,0
SRR2750549,PRJNA299077,COPD_Exacerbation,0.359936673,0.01399852,0,0.001227902,0,0,0.2820489,0.109968981,0,0.019966161,0.008344299,0.017536534,0.001946659,0,0,0,0,0.001555897,0,0,0.002593396,0,0.034773191,0,0,0,0,0,0.000936275,0.001545094,0,0,0.000375062,0,0,0.004760943,0,0,0,0,0,0,0,0,0,0,0,0,0,0,0,0,0,0,0,0,0,0,0,0,0,0,0,0,0,0,0,0,0,0,0,0,0,0,0,0,0,0,0,0,0,0,0,0,0,0,0,0,0,0,0,0,0,0,0,0,0,0,0,0,0,0,0,0,0,0,0,0,0,0,0,0,0,0,0,0,0,0,0,0,0,0,0,0,0,0,0,0,0,0,0,0,0,0,0,0,0,0,0,0,0,0,0,0,0,0,0,0,0,0,0,0,0,0,0,0,0,0,0,0,0,0,0,0,0,0,0,0,0,0,0,0,0,0,0,0,0,0,0,0,0,0,0,0,0,0,0,0,0,0,0,0,0,0,0,0,0,0,0,0,0,0,0,0,0,0,0,0,0,0,0,0,0,0,0,0,0,0,0,0,0,0,0,0,0,0,0,0,0,0,0,0,0,0,0,0,0,0,0,0,0,0,0,0,0,0,0,0,0,0,0,0,0,0,0,0,0,0,0,0,0,0,0,0,0,0,0,0,0,0,0,0
SRR2750552,PRJNA299077,COPD_Stable,0.980593607,0,0,0,0,0,0,0,0,0,0,0,0,0,0,0,0,0,0,0,0,0,0,0,0,0,0,0,0,0,0,0,0,0,0,0,0,0,0,0,0,0,0,0,0,0,0,0,0,0,0,0,0,0,0,0,0,0,0,0,0,0,0,0,0,0,0,0,0,0,0,0,0,0,0,0,0,0,0,0,0,0,0,0,0,0,0,0,0,0,0,0,0,0,0,0,0,0,0,0,0,0,0,0,0,0,0,0,0,0,0,0,0,0,0,0,0,0,0,0,0,0,0,0,0,0,0,0,0,0,0,0,0,0,0,0,0,0,0,0,0,0,0,0,0,0,0,0,0,0,0,0,0,0,0,0,0,0,0,0,0,0,0,0,0,0,0,0,0,0,0,0,0,0,0,0,0,0,0,0,0,0,0,0,0,0,0,0,0,0,0,0,0,0,0,0,0,0,0,0,0,0,0,0,0,0,0,0,0,0,0,0,0,0,0,0,0,0,0,0,0,0,0,0,0,0,0,0,0,0,0,0,0,0,0,0,0,0,0,0,0,0,0,0,0,0,0,0,0,0,0,0,0,0,0,0,0,0,0,0,0,0,0,0,0,0,0,0,0,0,0,0
SRR2750553,PRJNA299077,COPD_Exacerbation,0.819637124,0,0.003465554,0,0,0,0,0,0,0,0,0,0,0,0,0,0,0,0,0,0,0,0,0,0,0,0,0,0,0,0,0,0,0,0,0,0,0,0,0,0,0,0,0,0,0,0,0,0,0,0,0,0,0,0,0,0,0,0,0,0,0,0,0,0,0,0,0,0,0,0,0,0,0,0,0,0,0,0,0,0,0,0,0,0,0,0,0,0,0,0,0,0,0,0,0,0,0,0,0,0,0,0,0,0,0,0,0,0,0,0,0,0,0,0,0,0,0,0,0,0,0,0,0,0,0,0,0,0,0,0,0,0,0,0,0,0,0,0,0,0,0,0,0,0,0,0,0,0,0,0,0,0,0,0,0,0,0,0,0,0,0,0,0,0,0,0,0,0,0,0,0,0,0,0,0,0,0,0,0,0,0,0,0,0,0,0,0,0,0,0,0,0,0,0,0,0,0,0,0,0,0,0,0,0,0,0,0,0,0,0,0,0,0,0,0,0,0,0,0,0,0,0,0,0,0,0,0,0,0,0,0,0,0,0,0,0,0,0,0,0,0,0,0,0,0,0,0,0,0,0,0,0,0,0,0,0,0,0,0,0,0,0,0,0,0,0,0,0,0,0,0
SRR2750556,PRJNA299077,COPD_Stable,0.396019131,0.013021006,0,0.076082504,0,0,0.139563231,0.071845453,0,0.023034921,0.001759318,0,0.007632358,0,0,0,0,0,0,0,0.001902814,0,0,0,0,0,0.003013414,0,0.00157179,0,0.00122721,0,0,0,0,0,0,0,0,0.000536152,0,0,0,0,0,0,0,0,0,0,0,0,0,0,0,0,0,0,0,0,0,0,0,0,0,0,0,0,0,0,0,0,0,0,0,0,0,0,0,0,0,0,0,0,0,0,0,0,0,0,0,0,0,0,0,0,0,0,0,0,0,0,0,0,0,0,0,0,0,0,0,0,0,0,0,0,0,0,0,0,0,0,0,0,0,0,0,0,0,0,0,0,0,0,0,0,0,0,0,0,0,0,0,0,0,0,0,0,0,0,0,0,0,0,0,0,0,0,0,0,0,0,0,0,0,0,0,0,0,0,0,0,0,0,0,0,0,0,0,0,0,0,0,0,0,0,0,0,0,0,0,0,0,0,0,0,0,0,0,0,0,0,0,0,0,0,0,0,0,0,0,0,0,0,0,0,0,0,0,0,0,0,0,0,0,0,0,0,0,0,0,0,0,0,0,0,0,0,0,0,0,0,0,0,0,0,0,0,0,0,0,0,0,0,0,0,0,0,0,0,0,0,0,0,0,0,0,0,0,0,0,0
SRR2750557,PRJNA299077,COPD_Exacerbation,0.235579382,0,0,0,0.002540573,0,0.075835772,0,0,0.027577648,0,0,0,0,0,0,0,0,0,0,0.564852618,0,0,0,0,0,0,0,0,0,0,0,0,0,0,0,0,0,0,0,0,0,0,0,0,0,0,0,0,0,0,0,0,0,0,0,0,0,0,0,0,0,0,0,0,0,0,0,0,0,0,0,0,0,0,0,0,0,0,0,0,0,0,0,0,0,0,0,0,0,0,0,0,0,0,0,0,0,0,0,0,0,0,0,0,0,0,0,0,0,0,0,0,0,0,0,0,0,0,0,0,0,0,0,0,0,0,0,0,0,0,0,0,0,0,0,0,0,0,0,0,0,0,0,0,0,0,0,0,0,0,0,0,0,0,0,0,0,0,0,0,0,0,0,0,0,0,0,0,0,0,0,0,0,0,0,0,0,0,0,0,0,0,0,0,0,0,0,0,0,0,0,0,0,0,0,0,0,0,0,0,0,0,0,0,0,0,0,0,0,0,0,0,0,0,0,0,0,0,0,0,0,0,0,0,0,0,0,0,0,0,0,0,0,0,0,0,0,0,0,0,0,0,0,0,0,0,0,0,0,0,0,0,0,0,0,0,0,0,0,0,0,0,0,0,0,0,0,0,0,0,0
SRR2750560,PRJNA299077,COPD_Stable,0.498757152,0.068945725,0,0,0.002434314,0,0.19302061,0,0,0.042486513,0,0,0.000857483,0,0,0,0,0,0,0,0.060550227,0,0,0,0,0,0,0,0,0,0,0,0,0,0,0,0,0,0,0,0,0,0,0,0,0,0,0,0,0,0,0,0,0,0,0,0,0,0,0,0,0,0,0,0,0,0,0,0,0,0,0,0,0,0,0,0,0,0,0,0,0,0,0,0,0,0,0,0,0,0,0,0,0,0,0,0,0,0,0,0,0,0,0,0,0,0,0,0,0,0,0,0,0,0,0,0,0,0,0,0,0,0,0,0,0,0,0,0,0,0,0,0,0,0,0,0,0,0,0,0,0,0,0,0,0,0,0,0,0,0,0,0,0,0,0,0,0,0,0,0,0,0,0,0,0,0,0,0,0,0,0,0,0,0,0,0,0,0,0,0,0,0,0,0,0,0,0,0,0,0,0,0,0,0,0,0,0,0,0,0,0,0,0,0,0,0,0,0,0,0,0,0,0,0,0,0,0,0,0,0,0,0,0,0,0,0,0,0,0,0,0,0,0,0,0,0,0,0,0,0,0,0,0,0,0,0,0,0,0,0,0,0,0,0,0,0,0,0,0,0,0,0,0,0,0,0,0,0,0,0,0
SRR2750561,PRJNA299077,COPD_Exacerbation,0.007944677,0,0,0,0.112702537,0,0.013087651,0,0,0.000875283,0,0,0,0,0,0,0,0,0,0,0,0,0,0,0,0,0,0,0,0,0,0,0,0,0,0,0.000284782,0,0,0,0,0,0,0,0,0,0,0,0,0,0,0,0,0,0,0,0,0,0,0,0,0,0,0,0,0,0,0,0,0,0,0,0,0,0,0,0,0,0,0,0,0,0,0,0,0,0,0,0,0,0,0,0,0,0,0,0,0,0,0,0,0,0,0,0,0,0,0,0,0,0,0,0,0,0,0,0,0,0,0,0,0,0,0,0,0,0,0,0,0,0,0,0,0,0,0,0,0,0,0,0,0,0,0,0,0,0,0,0,0,0,0,0,0,0,0,0,0,0,0,0,0,0,0,0,0,0,0,0,0,0,0,0,0,0,0,0,0,0,0,0,0,0,0,0,0,0,0,0,0,0,0,0,0,0,0,0,0,0,0,0,0,0,0,0,0,0,0,0,0,0,0,0,0,0,0,0,0,0,0,0,0,0,0,0,0,0,0,0,0,0,0,0,0,0,0,0,0,0,0,0,0,0,0,0,0,0,0,0,0,0,0,0,0,0,0,0,0,0,0,0,0,0,0,0,0,0,0,0,0,0,0
SRR2750564,PRJNA299077,COPD_Stable,0.066594323,0,0,0,0,0,0,0,0,0.001139457,0,0.001453484,0,0,0,0,0,0,0,0,0,0,0,0,0,0,0,0,0,0,0,0,0,0,0,0,0.000760593,0,0,0,0,0,0,0,0,0,0,0,0,0,0,0,0,0,0,0,0,0,0,0,0,0,0,0,0,0,0,0,0,0,0,0,0,0,0,0,0,0,0,0,0,0,0,0,0,0,0,0,0,0,0,0,0,0,0,0,0,0,0,0,0,0,0,0,0,0,0,0,0,0,0,0,0,0,0,0,0,0,0,0,0,0,0,0,0,0,0,0,0,0,0,0,0,0,0,0,0,0,0,0,0,0,0,0,0,0,0,0,0,0,0,0,0,0,0,0,0,0,0,0,0,0,0,0,0,0,0,0,0,0,0,0,0,0,0,0,0,0,0,0,0,0,0,0,0,0,0,0,0,0,0,0,0,0,0,0,0,0,0,0,0,0,0,0,0,0,0,0,0,0,0,0,0,0,0,0,0,0,0,0,0,0,0,0,0,0,0,0,0,0,0,0,0,0,0,0,0,0,0,0,0,0,0,0,0,0,0,0,0,0,0,0,0,0,0,0,0,0,0,0,0,0,0,0,0,0,0,0,0,0,0,0
SRR2750565,PRJNA299077,COPD_Exacerbation,0.005670323,0,0,0.010830352,0.072986856,0,0,0,0,0,0.000258409,0,0,0,0,0,0,0,0,0,0,0,0,0,0,0,0.001928187,0,0,0,0,0,0,0,0,0,0,0,0,0,0,0,0,0,0,0,0,0,0,0,0,0,0,0,0,0,0,0,0,0,0,0,0,0,0,0,0,0,0,0,0,0,0,0,0,0,0,0,0,0,0,0,0,0,0,0,0,0,0,0,0,0,0,0,0,0,0,0,0,0,0,0,0,0,0,0,0,0,0,0,0,0,0,0,0,0,0,0,0,0,0,0,0,0,0,0,0,0,0,0,0,0,0,0,0,0,0,0,0,0,0,0,0,0,0,0,0,0,0,0,0,0,0,0,0,0,0,0,0,0,0,0,0,0,0,0,0,0,0,0,0,0,0,0,0,0,0,0,0,0,0,0,0,0,0,0,0,0,0,0,0,0,0,0,0,0,0,0,0,0,0,0,0,0,0,0,0,0,0,0,0,0,0,0,0,0,0,0,0,0,0,0,0,0,0,0,0,0,0,0,0,0,0,0,0,0,0,0,0,0,0,0,0,0,0,0,0,0,0,0,0,0,0,0,0,0,0,0,0,0,0,0,0,0,0,0,0,0,0,0,0,0
SRR2750568,PRJNA299077,COPD_Stable,0.804308477,0.000510584,0.000291904,0,0,0,0.088998837,0.025932591,0,0.001712826,0,0.00030312,0,0,0,0,0,0,0,0,0.001297155,0,0.036761183,0,0.001579631,0,0,0,0,0,0,0,0,0,0,0,0,0,0,0,0,0,0,0,0,0,0,0,0,0,0,0,0,0,0,0,0,0,0,0,0,0,0,0,0,0,0,0,0,0,0,0,0,0,0,0,0,0,0,0,0,0,0,0,0,0,0,0,0,0,0,0,0,0,0,0,0,0,0,0,0,0,0,0,0,0,0,0,0,0,0,0,0,0,0,0,0,0,0,0,0,0,0,0,0,0,0,0,0,0,0,0,0,0,0,0,0,0,0,0,0,0,0,0,0,0,0,0,0,0,0,0,0,0,0,0,0,0,0,0,0,0,0,0,0,0,0,0,0,0,0,0,0,0,0,0,0,0,0,0,0,0,0,0,0,0,0,0,0,0,0,0,0,0,0,0,0,0,0,0,0,0,0,0,0,0,0,0,0,0,0,0,0,0,0,0,0,0,0,0,0,0,0,0,0,0,0,0,0,0,0,0,0,0,0,0,0,0,0,0,0,0,0,0,0,0,0,0,0,0,0,0,0,0,0,0,0,0,0,0,0,0,0,0,0,0,0,0,0,0,0,0
SRR2750569,PRJNA299077,COPD_Exacerbation,0.89138381,0.002088705,0,0.000547374,0,0,0.070761653,0.010808695,0,0,0,0.000379697,0.001472159,0,0,0,0,0,0,0,0.003701931,0,0,0,0.005740186,0,0,0,0.000747727,0,0,0,0,0,0,0,0,0,0,0,0,0,0,0,0,0,0,0,0,0,0,0,0,0,0,0,0,0,0,0,0,0,0,0,0,0,0,0,0,0,0,0,0,0,0,0,0,0,0,0,0,0,0,0,0,0,0,0,0,0,0,0,0,0,0,0,0,0,0,0,0,0,0,0,0,0,0,0,0,0,0,0,0,0,0,0,0,0,0,0,0,0,0,0,0,0,0,0,0,0,0,0,0,0,0,0,0,0,0,0,0,0,0,0,0,0,0,0,0,0,0,0,0,0,0,0,0,0,0,0,0,0,0,0,0,0,0,0,0,0,0,0,0,0,0,0,0,0,0,0,0,0,0,0,0,0,0,0,0,0,0,0,0,0,0,0,0,0,0,0,0,0,0,0,0,0,0,0,0,0,0,0,0,0,0,0,0,0,0,0,0,0,0,0,0,0,0,0,0,0,0,0,0,0,0,0,0,0,0,0,0,0,0,0,0,0,0,0,0,0,0,0,0,0,0,0,0,0,0,0,0,0,0,0,0,0,0,0,0,0,0,0
SRR2750572,PRJNA299077,COPD_Stable,0.075830606,0.008824024,0,0.310352036,0,0,0.192497979,0.050305944,0,0.017706006,0.008467202,0,0.002579032,0,0,0,0,0.00795586,0,0,0.022694847,0,0.00065063,0.015524329,0.006136292,0,0.026051556,0,0.001021197,0.006849535,0.002150459,0,0,0.001700614,0,0.005363291,0,0,0,0.000650727,0,0,0,0,0,0,0,0,0,0,0,0,0,0,0,0,0,0,0,0,0,0,0,0,0,0,0,0,0,0,0,0,0,0,0,0,0,0,0,0,0,0,0,0,0,0,0,0,0,0,0,0,0,0,0,0,0,0,0,0,0,0,0,0,0,0,0,0,0,0,0,0,0,0,0,0,0,0,0,0,0,0,0,0,0,0,0,0,0,0,0,0,0,0,0,0,0,0,0,0,0,0,0,0,0,0,0,0,0,0,0,0,0,0,0,0,0,0,0,0,0,0,0,0,0,0,0,0,0,0,0,0,0,0,0,0,0,0,0,0,0,0,0,0,0,0,0,0,0,0,0,0,0,0,0,0,0,0,0,0,0,0,0,0,0,0,0,0,0,0,0,0,0,0,0,0,0,0,0,0,0,0,0,0,0,0,0,0,0,0,0,0,0,0,0,0,0,0,0,0,0,0,0,0,0,0,0,0,0,0,0,0,0,0,0,0,0,0,0,0,0,0,0,0,0,0,0,0,0,0,0,0
SRR2750573,PRJNA299077,COPD_Exacerbation,0.517149605,0,0.000233426,0.039576861,0,0,0.184391447,0.015808752,0,0.019237804,0.004001087,0,0.000955186,0,0,0,0,0.003668047,0,0.001150481,0.0322963,0,0.000538107,0.000783205,0.050706595,0,0.003168333,0,0.000379443,0.00107402,0.001068763,0,0.000986278,0,0,0,0,0,0,0,0,0,0,0,0,0,0,0,0,0,0,0,0,0,0,0,0,0,0,0,0,0,0,0,0,0,0,0,0,0,0,0,0,0,0,0,0,0,0,0,0,0,0,0,0,0,0,0,0,0,0,0,0,0,0,0,0,0,0,0,0,0,0,0,0,0,0,0,0,0,0,0,0,0,0,0,0,0,0,0,0,0,0,0,0,0,0,0,0,0,0,0,0,0,0,0,0,0,0,0,0,0,0,0,0,0,0,0,0,0,0,0,0,0,0,0,0,0,0,0,0,0,0,0,0,0,0,0,0,0,0,0,0,0,0,0,0,0,0,0,0,0,0,0,0,0,0,0,0,0,0,0,0,0,0,0,0,0,0,0,0,0,0,0,0,0,0,0,0,0,0,0,0,0,0,0,0,0,0,0,0,0,0,0,0,0,0,0,0,0,0,0,0,0,0,0,0,0,0,0,0,0,0,0,0,0,0,0,0,0,0,0,0,0,0,0,0,0,0,0,0,0,0,0,0,0,0,0,0,0,0,0
SRR2750576,PRJNA299077,COPD_Stable,0.233378373,0.005300376,0,0.366201293,0,0,0.151063518,0.014293982,0,0.016626659,0,0,0.005883774,0,0,0,0,0.00746,0,0,0.002777776,0,0,0.004076487,0.00339734,0,0.025431193,0,0,0,0.006169382,0,0,0.004448833,0,0.000373415,0,0,0,0,0,0,0,0,0,0,0,0,0,0,0,0,0,0,0,0,0,0,0,0,0,0,0,0,0,0,0,0,0,0,0,0,0,0,0,0,0,0,0,0,0,0,0,0,0,0,0,0,0,0,0,0,0,0,0,0,0,0,0,0,0,0,0,0,0,0,0,0,0,0,0,0,0,0,0,0,0,0,0,0,0,0,0,0,0,0,0,0,0,0,0,0,0,0,0,0,0,0,0,0,0,0,0,0,0,0,0,0,0,0,0,0,0,0,0,0,0,0,0,0,0,0,0,0,0,0,0,0,0,0,0,0,0,0,0,0,0,0,0,0,0,0,0,0,0,0,0,0,0,0,0,0,0,0,0,0,0,0,0,0,0,0,0,0,0,0,0,0,0,0,0,0,0,0,0,0,0,0,0,0,0,0,0,0,0,0,0,0,0,0,0,0,0,0,0,0,0,0,0,0,0,0,0,0,0,0,0,0,0,0,0,0,0,0,0,0,0,0,0,0,0,0,0,0,0,0,0,0,0,0,0,0
SRR2750577,PRJNA299077,COPD_Exacerbation,0.531748993,0.055564759,0,0,0,0,0.105632794,0.014063393,0,0.119414391,0.005278794,0,0.001801811,0,0,0.000683024,0,0,0,0.001168576,0,0,0.001743094,0,0,0,0,0,0,0,0,0,0,0,0,0,0,0,0.001777944,0,0,0,0,0,0,0,0,0,0,0,0,0,0,0,0,0,0,0,0,0,0,0,0,0,0,0,0,0,0,0,0,0,0,0,0,0,0,0,0,0,0,0,0,0,0,0,0,0,0,0,0,0,0,0,0,0,0,0,0,0,0,0,0,0,0,0,0,0,0,0,0,0,0,0,0,0,0,0,0,0,0,0,0,0,0,0,0,0,0,0,0,0,0,0,0,0,0,0,0,0,0,0,0,0,0,0,0,0,0,0,0,0,0,0,0,0,0,0,0,0,0,0,0,0,0,0,0,0,0,0,0,0,0,0,0,0,0,0,0,0,0,0,0,0,0,0,0,0,0,0,0,0,0,0,0,0,0,0,0,0,0,0,0,0,0,0,0,0,0,0,0,0,0,0,0,0,0,0,0,0,0,0,0,0,0,0,0,0,0,0,0,0,0,0,0,0,0,0,0,0,0,0,0,0,0,0,0,0,0,0,0,0,0,0,0,0,0,0,0,0,0,0,0,0,0,0,0,0,0,0,0,0
SRR2750580,PRJNA299077,COPD_Stable,0.47792512,0.031816578,0,0,0,0,0.244004742,0.0144117,0,0.085977835,0.024980489,0,0.009276633,0,0,0,0.0153089,0,0,0,0,0,0,0,0,0,0,0,0.000930053,0,0,0,0,0,0,0,0,0,0,0.000567106,0,0,0,0,0,0,0,0,0,0,0,0,0,0,0,0,0,0,0,0,0,0,0,0,0,0,0,0,0,0,0,0,0,0,0,0,0,0,0,0,0,0,0,0,0,0,0,0,0,0,0,0,0,0,0,0,0,0,0,0,0,0,0,0,0,0,0,0,0,0,0,0,0,0,0,0,0,0,0,0,0,0,0,0,0,0,0,0,0,0,0,0,0,0,0,0,0,0,0,0,0,0,0,0,0,0,0,0,0,0,0,0,0,0,0,0,0,0,0,0,0,0,0,0,0,0,0,0,0,0,0,0,0,0,0,0,0,0,0,0,0,0,0,0,0,0,0,0,0,0,0,0,0,0,0,0,0,0,0,0,0,0,0,0,0,0,0,0,0,0,0,0,0,0,0,0,0,0,0,0,0,0,0,0,0,0,0,0,0,0,0,0,0,0,0,0,0,0,0,0,0,0,0,0,0,0,0,0,0,0,0,0,0,0,0,0,0,0,0,0,0,0,0,0,0,0,0,0,0,0,0,0
SRR2750581,PRJNA299077,COPD_Exacerbation,0.288835007,0.010628722,0.000817088,0.133047503,0.001372441,0,0.205567639,0.032251973,0,0.022257417,0.003302429,0,0.011361097,0,0,0,0.001922786,0,0,0,0,0,0.000587018,0,0,0,0.006316397,0,0.001707757,9.30E-05,0.001926672,0,0,0.001156224,0,0,0,0,0,0,0,0,0,0,0,0,0,0,0,0,0,0,0,0,0,0,0,0,0,0,0,0,0,0,0,0,0,0,0,0,0,0,0,0,0,0,0,0,0,0,0,0,0,0,0,0,0,0,0,0,0,0,0,0,0,0,0,0,0,0,0,0,0,0,0,0,0,0,0,0,0,0,0,0,0,0,0,0,0,0,0,0,0,0,0,0,0,0,0,0,0,0,0,0,0,0,0,0,0,0,0,0,0,0,0,0,0,0,0,0,0,0,0,0,0,0,0,0,0,0,0,0,0,0,0,0,0,0,0,0,0,0,0,0,0,0,0,0,0,0,0,0,0,0,0,0,0,0,0,0,0,0,0,0,0,0,0,0,0,0,0,0,0,0,0,0,0,0,0,0,0,0,0,0,0,0,0,0,0,0,0,0,0,0,0,0,0,0,0,0,0,0,0,0,0,0,0,0,0,0,0,0,0,0,0,0,0,0,0,0,0,0,0,0,0,0,0,0,0,0,0,0,0,0,0,0,0,0,0,0,0,0
SRR2750584,PRJNA299077,COPD_Stable,0.233914961,0.050927639,0,0,0.001021912,0,0.402965963,0.098222591,0,0.022619432,0.006104706,0,0.001145994,0,0,0.002508851,0.005795576,0,0,0,0,0,0,0,0,0,0,0,0,0,0,0,0,0,0,0,0,0,0,0,0,0,0,0,0,0,0,0,0,0,0,0,0,0,0,0,0,0,0,0,0,0,0,0,0,0,0,0,0,0,0,0,0,0,0,0,0,0,0,0,0,0,0,0,0,0,0,0,0,0,0,0,0,0,0,0,0,0,0,0,0,0,0,0,0,0,0,0,0,0,0,0,0,0,0,0,0,0,0,0,0,0,0,0,0,0,0,0,0,0,0,0,0,0,0,0,0,0,0,0,0,0,0,0,0,0,0,0,0,0,0,0,0,0,0,0,0,0,0,0,0,0,0,0,0,0,0,0,0,0,0,0,0,0,0,0,0,0,0,0,0,0,0,0,0,0,0,0,0,0,0,0,0,0,0,0,0,0,0,0,0,0,0,0,0,0,0,0,0,0,0,0,0,0,0,0,0,0,0,0,0,0,0,0,0,0,0,0,0,0,0,0,0,0,0,0,0,0,0,0,0,0,0,0,0,0,0,0,0,0,0,0,0,0,0,0,0,0,0,0,0,0,0,0,0,0,0,0,0,0,0,0
SRR2750585,PRJNA299077,COPD_Exacerbation,0.201885958,0.032848538,0,0,0,0,0.18926179,0.280564998,0,0.01015759,0.005813869,0,0.000638693,0,0,0,0.00299271,0,0,0,0,0,0,0,0,0,0,0,0.000923686,0.002129898,0,0,0,0,0,0,0,0,0,0.000219913,0,0,0,0,0,0,0,0,0,0,0,0,0,0,0,0,0,0,0,0,0,0,0,0,0,0,0,0,0,0,0,0,0,0,0,0,0,0,0,0,0,0,0,0,0,0,0,0,0,0,0,0,0,0,0,0,0,0,0,0,0,0,0,0,0,0,0,0,0,0,0,0,0,0,0,0,0,0,0,0,0,0,0,0,0,0,0,0,0,0,0,0,0,0,0,0,0,0,0,0,0,0,0,0,0,0,0,0,0,0,0,0,0,0,0,0,0,0,0,0,0,0,0,0,0,0,0,0,0,0,0,0,0,0,0,0,0,0,0,0,0,0,0,0,0,0,0,0,0,0,0,0,0,0,0,0,0,0,0,0,0,0,0,0,0,0,0,0,0,0,0,0,0,0,0,0,0,0,0,0,0,0,0,0,0,0,0,0,0,0,0,0,0,0,0,0,0,0,0,0,0,0,0,0,0,0,0,0,0,0,0,0,0,0,0,0,0,0,0,0,0,0,0,0,0,0,0,0,0,0,0,0
SRR2750588,PRJNA299077,COPD_Stable,0.303369574,0.002028137,0,0.173054617,0,0,0.199607469,0.013407584,0,0.046642376,0.007547903,0,0.001459438,0,0,0,0,0,0,0,0.032407247,0,0.000732005,0.000963958,0.001481024,0,0.011595714,0,0,0,0,0,0.000515165,0.001311701,0,0,0,0,0,0,0,0,0,0,0,0,0,0,0,0,0,0,0,0,0,0,0,0,0,0,0,0,0,0,0,0,0,0,0,0,0,0,0,0,0,0,0,0,0,0,0,0,0,0,0,0,0,0,0,0,0,0,0,0,0,0,0,0,0,0,0,0,0,0,0,0,0,0,0,0,0,0,0,0,0,0,0,0,0,0,0,0,0,0,0,0,0,0,0,0,0,0,0,0,0,0,0,0,0,0,0,0,0,0,0,0,0,0,0,0,0,0,0,0,0,0,0,0,0,0,0,0,0,0,0,0,0,0,0,0,0,0,0,0,0,0,0,0,0,0,0,0,0,0,0,0,0,0,0,0,0,0,0,0,0,0,0,0,0,0,0,0,0,0,0,0,0,0,0,0,0,0,0,0,0,0,0,0,0,0,0,0,0,0,0,0,0,0,0,0,0,0,0,0,0,0,0,0,0,0,0,0,0,0,0,0,0,0,0,0,0,0,0,0,0,0,0,0,0,0,0,0,0,0,0,0,0,0,0,0,0,0
SRR2750589,PRJNA299077,COPD_Exacerbation,0.026694324,0.000708504,0,0.003197514,0.06111472,0,0.019215492,0,0,0.00016855,0,0,0.000454403,0,0,0,0,0,0,0,0,0,0.000183091,0,0,0,0,0,0,0,0,0,0,0,0,0,0,0,0,0,0,0,0,0,0,0,0,0,0,0,0,0,0,0,0,0,0,0,0,0,0,0,0,0,0,0,0,0,0,0,0,0,0,0,0,0,0,0,0,0,0,0,0,0,0,0,0,0,0,0,0,0,0,0,0,0,0,0,0,0,0,0,0,0,0,0,0,0,0,0,0,0,0,0,0,0,0,0,0,0,0,0,0,0,0,0,0,0,0,0,0,0,0,0,0,0,0,0,0,0,0,0,0,0,0,0,0,0,0,0,0,0,0,0,0,0,0,0,0,0,0,0,0,0,0,0,0,0,0,0,0,0,0,0,0,0,0,0,0,0,0,0,0,0,0,0,0,0,0,0,0,0,0,0,0,0,0,0,0,0,0,0,0,0,0,0,0,0,0,0,0,0,0,0,0,0,0,0,0,0,0,0,0,0,0,0,0,0,0,0,0,0,0,0,0,0,0,0,0,0,0,0,0,0,0,0,0,0,0,0,0,0,0,0,0,0,0,0,0,0,0,0,0,0,0,0,0,0,0,0,0,0
SRR2750592,PRJNA299077,COPD_Stable,0.00589039,0.000363571,0.008157163,0.002742365,0,0.001935688,0.020143388,0.005374809,0,0.00126328,0.001000361,0,0.000944428,0,0,0,0,0,0,0,0,0,0,0,0,0,0,0,0.000419137,0,0,0,0,0,0,0,0,0,0,0,0,0,0,0,0,0,0,0,0,0,0,0,0,0,0,0,0,0,0,0,0,0,0,0,0,0,0,0,0,0,0,0,0,0,0,0,0,0,0,0,0,0,0,0,0,0,0,0,0,0,0,0,0,0,0,0,0,0,0,0,0,0,0,0,0,0,0,0,0,0,0,0,0,0,0,0,0,0,0,0,0,0,0,0,0,0,0,0,0,0,0,0,0,0,0,0,0,0,0,0,0,0,0,0,0,0,0,0,0,0,0,0,0,0,0,0,0,0,0,0,0,0,0,0,0,0,0,0,0,0,0,0,0,0,0,0,0,0,0,0,0,0,0,0,0,0,0,0,0,0,0,0,0,0,0,0,0,0,0,0,0,0,0,0,0,0,0,0,0,0,0,0,0,0,0,0,0,0,0,0,0,0,0,0,0,0,0,0,0,0,0,0,0,0,0,0,0,0,0,0,0,0,0,0,0,0,0,0,0,0,0,0,0,0,0,0,0,0,0,0,0,0,0,0,0,0,0,0,0,0,0,0
SRR2750593,PRJNA299077,COPD_Exacerbation,0.284432099,0.004896165,0,0.004228745,0,0.002502009,0.381719312,0.027929026,0,0.000807594,0.001065162,0.001142563,0.016892159,0,0,0,0,0,0,0,0,0,0,0.001345281,0,0,0,0,0.000968748,0.001014381,0,0,0,0,0,0.001575317,0,0,0,0,0,0,0,0,0,0,0,0,0,0,0,0,0,0,0,0,0,0,0,0,0,0,0,0,0,0,0,0,0,0,0,0,0,0,0,0,0,0,0,0,0,0,0,0,0,0,0,0,0,0,0,0,0,0,0,0,0,0,0,0,0,0,0,0,0,0,0,0,0,0,0,0,0,0,0,0,0,0,0,0,0,0,0,0,0,0,0,0,0,0,0,0,0,0,0,0,0,0,0,0,0,0,0,0,0,0,0,0,0,0,0,0,0,0,0,0,0,0,0,0,0,0,0,0,0,0,0,0,0,0,0,0,0,0,0,0,0,0,0,0,0,0,0,0,0,0,0,0,0,0,0,0,0,0,0,0,0,0,0,0,0,0,0,0,0,0,0,0,0,0,0,0,0,0,0,0,0,0,0,0,0,0,0,0,0,0,0,0,0,0,0,0,0,0,0,0,0,0,0,0,0,0,0,0,0,0,0,0,0,0,0,0,0,0,0,0,0,0,0,0,0,0,0,0,0,0,0,0,0,0,0,0
SRR2750596,PRJNA299077,COPD_Stable,0.042498707,0.003280409,0.506213539,0,0,0,0,0.00890359,0,0.000845646,0.008846723,0.003268745,0,0,0,0,0,0,0,0,0,0,0.001288084,0,0,0,0,0,0,0,0,0,0,0,0,0,0,0,0,0,0,0,0,0,0,0,0,0,0,0,0,0,0,0,0,0,0,0,0,0,0,0,0,0,0,0,0,0,0,0,0,0,0,0,0,0,0,0,0,0,0,0,0,0,0,0,0,0,0,0,0,0,0,0,0,0,0,0,0,0,0,0,0,0,0,0,0,0,0,0,0,0,0,0,0,0,0,0,0,0,0,0,0,0,0,0,0,0,0,0,0,0,0,0,0,0,0,0,0,0,0,0,0,0,0,0,0,0,0,0,0,0,0,0,0,0,0,0,0,0,0,0,0,0,0,0,0,0,0,0,0,0,0,0,0,0,0,0,0,0,0,0,0,0,0,0,0,0,0,0,0,0,0,0,0,0,0,0,0,0,0,0,0,0,0,0,0,0,0,0,0,0,0,0,0,0,0,0,0,0,0,0,0,0,0,0,0,0,0,0,0,0,0,0,0,0,0,0,0,0,0,0,0,0,0,0,0,0,0,0,0,0,0,0,0,0,0,0,0,0,0,0,0,0,0,0,0,0,0,0,0,0
SRR2750597,PRJNA299077,COPD_Exacerbation,0.082383874,0.026315493,0.013529922,0,0,0,0.268392848,0.134201292,0,0.009248128,0.003343218,0.018477298,0.016559268,0,0,0,0.004473967,0.003654017,0.000368328,0.043855354,0,0.001360509,0.022812886,0.010407698,0,0.004999816,0,0,0.001285173,0,0,0,0,0,0,0,0,0,0,0,0,0,0,0,0,0,0,0,0,0,0,0,0,0,0,0,0,0,0,0,0,0,0,0,0,0,0,0,0,0,0,0,0,0,0,0,0,0,0,0,0,0,0,0,0,0,0,0,0,0,0,0,0,0,0,0,0,0,0,0,0,0,0,0,0,0,0,0,0,0,0,0,0,0,0,0,0,0,0,0,0,0,0,0,0,0,0,0,0,0,0,0,0,0,0,0,0,0,0,0,0,0,0,0,0,0,0,0,0,0,0,0,0,0,0,0,0,0,0,0,0,0,0,0,0,0,0,0,0,0,0,0,0,0,0,0,0,0,0,0,0,0,0,0,0,0,0,0,0,0,0,0,0,0,0,0,0,0,0,0,0,0,0,0,0,0,0,0,0,0,0,0,0,0,0,0,0,0,0,0,0,0,0,0,0,0,0,0,0,0,0,0,0,0,0,0,0,0,0,0,0,0,0,0,0,0,0,0,0,0,0,0,0,0,0,0,0,0,0,0,0,0,0,0,0,0,0,0,0,0,0,0
SRR2750600,PRJNA299077,COPD_Stable,0.132745669,0.007047614,0,0.01369605,0,0.033425483,0.208770034,0.055017293,0,0.005031797,0.000752802,0.000951881,0.047384414,0,0,0.002022019,0.000535148,0,0.001455591,0,0,0,0.001033118,0.008721335,0,0,0.000438826,0,0.000692397,0,0,0.011947989,0,0.000163149,0,0,0,0.000358465,0,0,0,0,0,0,0,0,0,0,0,0,0,0,0,0,0,0,0,0,0,0,0,0,0,0,0,0,0,0,0,0,0,0,0,0,0,0,0,0,0,0,0,0,0,0,0,0,0,0,0,0,0,0,0,0,0,0,0,0,0,0,0,0,0,0,0,0,0,0,0,0,0,0,0,0,0,0,0,0,0,0,0,0,0,0,0,0,0,0,0,0,0,0,0,0,0,0,0,0,0,0,0,0,0,0,0,0,0,0,0,0,0,0,0,0,0,0,0,0,0,0,0,0,0,0,0,0,0,0,0,0,0,0,0,0,0,0,0,0,0,0,0,0,0,0,0,0,0,0,0,0,0,0,0,0,0,0,0,0,0,0,0,0,0,0,0,0,0,0,0,0,0,0,0,0,0,0,0,0,0,0,0,0,0,0,0,0,0,0,0,0,0,0,0,0,0,0,0,0,0,0,0,0,0,0,0,0,0,0,0,0,0,0,0,0,0,0,0,0,0,0,0,0,0,0,0,0,0,0,0,0,0,0
SRR2750601,PRJNA299077,COPD_Exacerbation,0.297928964,0.034617018,8.55E-05,0.00231786,0,0,0.33479824,0.078583688,0,0.004585886,0.00455215,0.000956659,0.007048017,0,0,0.001416175,0.00457578,0,0.001157212,0,0.000432833,0.000208259,0.028654213,0.010610294,0,0,0.000121385,0,0.001275045,0,0,0.009148155,0.000215398,0,0,0.002378844,0,0,0.000769576,0,0.000269429,0,0,0,0,0,0,0,0,0,0,0,0,0,0,0,0,0,0,0,0,0,0,0,0,0,0,0,0,0,0,0,0,0,0,0,0,0,0,0,0,0,0,0,0,0,0,0,0,0,0,0,0,0,0,0,0,0,0,0,0,0,0,0,0,0,0,0,0,0,0,0,0,0,0,0,0,0,0,0,0,0,0,0,0,0,0,0,0,0,0,0,0,0,0,0,0,0,0,0,0,0,0,0,0,0,0,0,0,0,0,0,0,0,0,0,0,0,0,0,0,0,0,0,0,0,0,0,0,0,0,0,0,0,0,0,0,0,0,0,0,0,0,0,0,0,0,0,0,0,0,0,0,0,0,0,0,0,0,0,0,0,0,0,0,0,0,0,0,0,0,0,0,0,0,0,0,0,0,0,0,0,0,0,0,0,0,0,0,0,0,0,0,0,0,0,0,0,0,0,0,0,0,0,0,0,0,0,0,0,0,0,0,0,0,0,0,0,0,0,0,0,0,0,0,0,0,0,0,0,0,0
SRR2750604,PRJNA299077,COPD_Stable,0.15955949,0.011135056,0,0,0.004516214,0,0.305453219,0.105280493,0,0.006964233,0.008854157,0.014683758,0.008587658,0,0,0.001667329,0.000906109,0.005169949,0.000225979,0.006387904,0,0.002038366,0.03277264,0.01007098,0,0.00065816,0,0,0.001378345,0.001389639,0,0,0,0,0,0,0,0,0,0,0,0,0,0,0,0,0,0,0,0,0,0,0,0,0,0,0,0,0,0,0,0,0,0,0,0,0,0,0,0,0,0,0,0,0,0,0,0,0,0,0,0,0,0,0,0,0,0,0,0,0,0,0,0,0,0,0,0,0,0,0,0,0,0,0,0,0,0,0,0,0,0,0,0,0,0,0,0,0,0,0,0,0,0,0,0,0,0,0,0,0,0,0,0,0,0,0,0,0,0,0,0,0,0,0,0,0,0,0,0,0,0,0,0,0,0,0,0,0,0,0,0,0,0,0,0,0,0,0,0,0,0,0,0,0,0,0,0,0,0,0,0,0,0,0,0,0,0,0,0,0,0,0,0,0,0,0,0,0,0,0,0,0,0,0,0,0,0,0,0,0,0,0,0,0,0,0,0,0,0,0,0,0,0,0,0,0,0,0,0,0,0,0,0,0,0,0,0,0,0,0,0,0,0,0,0,0,0,0,0,0,0,0,0,0,0,0,0,0,0,0,0,0,0,0,0,0,0,0,0,0,0
SRR2750605,PRJNA299077,COPD_Exacerbation,0.883839605,0.00326994,0,0.036693765,0,0,0.064313286,0,0,0.002272141,0,0,0.000156846,0,0,0,0,0,0,0,0.000234383,0,0,0,0.000195087,0.000850588,0.00121428,0,0,0,0.000341608,0,0,0,0,0,0,0,0,0,0,0,0,0,0,0,0,0,0,0,0,0,0,0,0,0,0,0,0,0,0,0,0,0,0,0,0,0,0,0,0,0,0,0,0,0,0,0,0,0,0,0,0,0,0,0,0,0,0,0,0,0,0,0,0,0,0,0,0,0,0,0,0,0,0,0,0,0,0,0,0,0,0,0,0,0,0,0,0,0,0,0,0,0,0,0,0,0,0,0,0,0,0,0,0,0,0,0,0,0,0,0,0,0,0,0,0,0,0,0,0,0,0,0,0,0,0,0,0,0,0,0,0,0,0,0,0,0,0,0,0,0,0,0,0,0,0,0,0,0,0,0,0,0,0,0,0,0,0,0,0,0,0,0,0,0,0,0,0,0,0,0,0,0,0,0,0,0,0,0,0,0,0,0,0,0,0,0,0,0,0,0,0,0,0,0,0,0,0,0,0,0,0,0,0,0,0,0,0,0,0,0,0,0,0,0,0,0,0,0,0,0,0,0,0,0,0,0,0,0,0,0,0,0,0,0,0,0,0,0,0,0
SRR2750608,PRJNA299077,COPD_Stable,0.508130418,0,0.000794177,0.110084054,0,0,0,0,0,0.000325039,0,0,0,0,0,0,0,0,0,0,0,0,0,0,0,0,0.004895671,0,0,0,0.00147575,0,0,0.00071801,0.000574125,0,0,0,0,0,0,0,0,0,0,0,0,0,0,0,0,0,0,0,0,0,0,0,0,0,0,0,0,0,0,0,0,0,0,0,0,0,0,0,0,0,0,0,0,0,0,0,0,0,0,0,0,0,0,0,0,0,0,0,0,0,0,0,0,0,0,0,0,0,0,0,0,0,0,0,0,0,0,0,0,0,0,0,0,0,0,0,0,0,0,0,0,0,0,0,0,0,0,0,0,0,0,0,0,0,0,0,0,0,0,0,0,0,0,0,0,0,0,0,0,0,0,0,0,0,0,0,0,0,0,0,0,0,0,0,0,0,0,0,0,0,0,0,0,0,0,0,0,0,0,0,0,0,0,0,0,0,0,0,0,0,0,0,0,0,0,0,0,0,0,0,0,0,0,0,0,0,0,0,0,0,0,0,0,0,0,0,0,0,0,0,0,0,0,0,0,0,0,0,0,0,0,0,0,0,0,0,0,0,0,0,0,0,0,0,0,0,0,0,0,0,0,0,0,0,0,0,0,0,0,0,0,0,0,0,0,0
SRR2750609,PRJNA299077,COPD_Exacerbation,0.116968914,0,0.811436658,0,0,0,0,0,0,0,0,0,0,0,0,0,0,0,0,0,0,0,0,0,0,0,0,0,0,0,0,0,0,0,0,0,0,0,0,0,0,0,0,0,0,0,0,0,0,0,0,0,0,0,0,0,0,0,0,0,0,0,0,0,0,0,0,0,0,0,0,0,0,0,0,0,0,0,0,0,0,0,0,0,0,0,0,0,0,0,0,0,0,0,0,0,0,0,0,0,0,0,0,0,0,0,0,0,0,0,0,0,0,0,0,0,0,0,0,0,0,0,0,0,0,0,0,0,0,0,0,0,0,0,0,0,0,0,0,0,0,0,0,0,0,0,0,0,0,0,0,0,0,0,0,0,0,0,0,0,0,0,0,0,0,0,0,0,0,0,0,0,0,0,0,0,0,0,0,0,0,0,0,0,0,0,0,0,0,0,0,0,0,0,0,0,0,0,0,0,0,0,0,0,0,0,0,0,0,0,0,0,0,0,0,0,0,0,0,0,0,0,0,0,0,0,0,0,0,0,0,0,0,0,0,0,0,0,0,0,0,0,0,0,0,0,0,0,0,0,0,0,0,0,0,0,0,0,0,0,0,0,0,0,0,0,0,0,0,0,0,0
SRR2750611,PRJNA299077,COPD_Stable,0.223172868,0.066125367,0,0,0.017626799,0,0.294736233,0.130473951,0,0.012628801,0.028620358,0.005760654,0.016477291,0,0,0,0,0,0.009888684,0.00109319,0.000274557,0.001074756,0.005672239,0.014356917,0,0.01180766,0,0.014741533,0.00590714,0,0,0.004032605,0,0,0,0,0,0.00136225,0,0,0,0,0,0,0,0,0,0,0,0,0,0,0,0,0,0,0,0,0,0,0,0,0,0,0,0,0,0,0,0,0,0,0,0,0,0,0,0,0,0,0,0,0,0,0,0,0,0,0,0,0,0,0,0,0,0,0,0,0,0,0,0,0,0,0,0,0,0,0,0,0,0,0,0,0,0,0,0,0,0,0,0,0,0,0,0,0,0,0,0,0,0,0,0,0,0,0,0,0,0,0,0,0,0,0,0,0,0,0,0,0,0,0,0,0,0,0,0,0,0,0,0,0,0,0,0,0,0,0,0,0,0,0,0,0,0,0,0,0,0,0,0,0,0,0,0,0,0,0,0,0,0,0,0,0,0,0,0,0,0,0,0,0,0,0,0,0,0,0,0,0,0,0,0,0,0,0,0,0,0,0,0,0,0,0,0,0,0,0,0,0,0,0,0,0,0,0,0,0,0,0,0,0,0,0,0,0,0,0,0,0,0,0,0,0,0,0,0,0,0,0,0,0,0,0,0,0,0,0,0,0,0
SRR2750612,PRJNA299077,COPD_Exacerbation,0.236141954,0.000393482,0,0,0.049449426,0,0.166591163,0.121327423,0,0,0,0,0.011214724,0,0,0,0,0,0,0.033819284,0,0,0,0.01748094,0,0.002661764,0,0,0,0,0,0,0,0,0,0,0,0,0,0,0,0,0,0,0,0,0,0,0,0,0,0,0,0,0,0,0,0,0,0,0,0,0,0,0,0,0,0,0,0,0,0,0,0,0,0,0,0,0,0,0,0,0,0,0,0,0,0,0,0,0,0,0,0,0,0,0,0,0,0,0,0,0,0,0,0,0,0,0,0,0,0,0,0,0,0,0,0,0,0,0,0,0,0,0,0,0,0,0,0,0,0,0,0,0,0,0,0,0,0,0,0,0,0,0,0,0,0,0,0,0,0,0,0,0,0,0,0,0,0,0,0,0,0,0,0,0,0,0,0,0,0,0,0,0,0,0,0,0,0,0,0,0,0,0,0,0,0,0,0,0,0,0,0,0,0,0,0,0,0,0,0,0,0,0,0,0,0,0,0,0,0,0,0,0,0,0,0,0,0,0,0,0,0,0,0,0,0,0,0,0,0,0,0,0,0,0,0,0,0,0,0,0,0,0,0,0,0,0,0,0,0,0,0,0,0,0,0,0,0,0,0,0,0,0,0,0,0,0,0,0,0
SRR2750615,PRJNA299077,COPD_Stable,0.051959438,0.010914369,0,0,0.084125333,0,0.227002376,0.060042718,0,0.005922013,0.010637724,0.030874569,0.00859799,0,0,0,0,0,0,0.010723911,0,0.000667492,0.011023191,0.051953176,0,0.005771328,0,0.000741148,0.004827006,0.001479899,0,0.007366622,0,0,9.83E-05,0,0,0.000567724,0,0,0,0,0,0,0,0,0,0,0,0,0,0,0,0,0,0,0,0,0,0,0,0,0,0,0,0,0,0,0,0,0,0,0,0,0,0,0,0,0,0,0,0,0,0,0,0,0,0,0,0,0,0,0,0,0,0,0,0,0,0,0,0,0,0,0,0,0,0,0,0,0,0,0,0,0,0,0,0,0,0,0,0,0,0,0,0,0,0,0,0,0,0,0,0,0,0,0,0,0,0,0,0,0,0,0,0,0,0,0,0,0,0,0,0,0,0,0,0,0,0,0,0,0,0,0,0,0,0,0,0,0,0,0,0,0,0,0,0,0,0,0,0,0,0,0,0,0,0,0,0,0,0,0,0,0,0,0,0,0,0,0,0,0,0,0,0,0,0,0,0,0,0,0,0,0,0,0,0,0,0,0,0,0,0,0,0,0,0,0,0,0,0,0,0,0,0,0,0,0,0,0,0,0,0,0,0,0,0,0,0,0,0,0,0,0,0,0,0,0,0,0,0,0,0,0,0,0,0,0,0,0,0
SRR2750616,PRJNA299077,COPD_Exacerbation,0.004044838,0.0013539,0.943547884,0,0,0,0.022114864,0.002632115,0,0,0,0.001596068,0.001450918,0,0,0,0,0,0,0.001442614,0,0,0,0,0,0.000381282,0,0,0,0,0,0,0,0,0,0,0,0,0,0,0,0,0,0,0,0,0,0,0,0,0,0,0,0,0,0,0,0,0,0,0,0,0,0,0,0,0,0,0,0,0,0,0,0,0,0,0,0,0,0,0,0,0,0,0,0,0,0,0,0,0,0,0,0,0,0,0,0,0,0,0,0,0,0,0,0,0,0,0,0,0,0,0,0,0,0,0,0,0,0,0,0,0,0,0,0,0,0,0,0,0,0,0,0,0,0,0,0,0,0,0,0,0,0,0,0,0,0,0,0,0,0,0,0,0,0,0,0,0,0,0,0,0,0,0,0,0,0,0,0,0,0,0,0,0,0,0,0,0,0,0,0,0,0,0,0,0,0,0,0,0,0,0,0,0,0,0,0,0,0,0,0,0,0,0,0,0,0,0,0,0,0,0,0,0,0,0,0,0,0,0,0,0,0,0,0,0,0,0,0,0,0,0,0,0,0,0,0,0,0,0,0,0,0,0,0,0,0,0,0,0,0,0,0,0,0,0,0,0,0,0,0,0,0,0,0,0,0,0,0,0,0
SRR2750619,PRJNA299077,COPD_Stable,0.15374404,0.006835603,0.056810371,0.166402052,0.019865147,0,0.207657143,0.003120079,0,0.010363158,0.001875963,0,0.00236309,0,0,0,0,0,0.001446245,0.083639713,0,0,0.00315689,0.002467777,0,0.001026903,0.010012035,0.002615846,0.001355807,0,0.002208963,0,0,0,0,0,0,0,0,0,0,0,0,0,0,0,0,0,0,0,0,0,0,0,0,0,0,0,0,0,0,0,0,0,0,0,0,0,0,0,0,0,0,0,0,0,0,0,0,0,0,0,0,0,0,0,0,0,0,0,0,0,0,0,0,0,0,0,0,0,0,0,0,0,0,0,0,0,0,0,0,0,0,0,0,0,0,0,0,0,0,0,0,0,0,0,0,0,0,0,0,0,0,0,0,0,0,0,0,0,0,0,0,0,0,0,0,0,0,0,0,0,0,0,0,0,0,0,0,0,0,0,0,0,0,0,0,0,0,0,0,0,0,0,0,0,0,0,0,0,0,0,0,0,0,0,0,0,0,0,0,0,0,0,0,0,0,0,0,0,0,0,0,0,0,0,0,0,0,0,0,0,0,0,0,0,0,0,0,0,0,0,0,0,0,0,0,0,0,0,0,0,0,0,0,0,0,0,0,0,0,0,0,0,0,0,0,0,0,0,0,0,0,0,0,0,0,0,0,0,0,0,0,0,0,0,0,0,0,0,0,0
SRR2750620,PRJNA299077,COPD_Exacerbation,0.075616606,0.013740126,0,0.107824637,0.051641783,0,0.193161913,0.030886066,0,0.002871768,0,0,0.01561322,0,0,0,0,0,0.001643147,0.022920914,0,0,0,0,0,0.013232694,0.003384891,0.00462047,0.001614665,0,0.001408294,0,0,0.000955264,0.000866182,0,0,0,0,0,0,0,0,0,0,0,0,0,0,0,0,0,0,0,0,0,0,0,0,0,0,0,0,0,0,0,0,0,0,0,0,0,0,0,0,0,0,0,0,0,0,0,0,0,0,0,0,0,0,0,0,0,0,0,0,0,0,0,0,0,0,0,0,0,0,0,0,0,0,0,0,0,0,0,0,0,0,0,0,0,0,0,0,0,0,0,0,0,0,0,0,0,0,0,0,0,0,0,0,0,0,0,0,0,0,0,0,0,0,0,0,0,0,0,0,0,0,0,0,0,0,0,0,0,0,0,0,0,0,0,0,0,0,0,0,0,0,0,0,0,0,0,0,0,0,0,0,0,0,0,0,0,0,0,0,0,0,0,0,0,0,0,0,0,0,0,0,0,0,0,0,0,0,0,0,0,0,0,0,0,0,0,0,0,0,0,0,0,0,0,0,0,0,0,0,0,0,0,0,0,0,0,0,0,0,0,0,0,0,0,0,0,0,0,0,0,0,0,0,0,0,0,0,0,0,0,0,0,0,0,0,0
SRR2750623,PRJNA299077,COPD_Stable,0.613113018,0.026772452,0.016043996,0,0,0,0.168811331,0.00900868,0,0.046317383,0.006784139,0.004785194,0.002754019,0,0,0.003423337,0.000323726,0,0.00231343,0.001388595,0,0,0,0,0,0,0,0,0.001732209,0.00082401,0,0,0,0,0,0,0.000865844,0,0,0,0,0,0,0,0,0,0,0,0,0,0,0,0,0,0,0,0,0,0,0,0,0,0,0,0,0,0,0,0,0,0,0,0,0,0,0,0,0,0,0,0,0,0,0,0,0,0,0,0,0,0,0,0,0,0,0,0,0,0,0,0,0,0,0,0,0,0,0,0,0,0,0,0,0,0,0,0,0,0,0,0,0,0,0,0,0,0,0,0,0,0,0,0,0,0,0,0,0,0,0,0,0,0,0,0,0,0,0,0,0,0,0,0,0,0,0,0,0,0,0,0,0,0,0,0,0,0,0,0,0,0,0,0,0,0,0,0,0,0,0,0,0,0,0,0,0,0,0,0,0,0,0,0,0,0,0,0,0,0,0,0,0,0,0,0,0,0,0,0,0,0,0,0,0,0,0,0,0,0,0,0,0,0,0,0,0,0,0,0,0,0,0,0,0,0,0,0,0,0,0,0,0,0,0,0,0,0,0,0,0,0,0,0,0,0,0,0,0,0,0,0,0,0,0,0,0,0,0,0,0,0,0
SRR2750624,PRJNA299077,COPD_Exacerbation,0.137668211,0.011342395,0.555709774,0,0,0,0.23372668,0.011835395,0,0.007735646,0.003272595,0.003094545,0.00022954,0,0,0,0,0,0.010259285,0,0,0,0.001803006,0,0,0,0,0,0.002149249,0,0,0,0,0,0,0,0.000769876,0,0,0,0,0,0,0,0,0,0,0,0,0,0,0,0,0,0,0,0,0,0,0,0,0,0,0,0,0,0,0,0,0,0,0,0,0,0,0,0,0,0,0,0,0,0,0,0,0,0,0,0,0,0,0,0,0,0,0,0,0,0,0,0,0,0,0,0,0,0,0,0,0,0,0,0,0,0,0,0,0,0,0,0,0,0,0,0,0,0,0,0,0,0,0,0,0,0,0,0,0,0,0,0,0,0,0,0,0,0,0,0,0,0,0,0,0,0,0,0,0,0,0,0,0,0,0,0,0,0,0,0,0,0,0,0,0,0,0,0,0,0,0,0,0,0,0,0,0,0,0,0,0,0,0,0,0,0,0,0,0,0,0,0,0,0,0,0,0,0,0,0,0,0,0,0,0,0,0,0,0,0,0,0,0,0,0,0,0,0,0,0,0,0,0,0,0,0,0,0,0,0,0,0,0,0,0,0,0,0,0,0,0,0,0,0,0,0,0,0,0,0,0,0,0,0,0,0,0,0,0,0,0,0,0
SRR2750627,PRJNA299077,COPD_Stable,0.092302438,0.002570292,0,0,0.033108825,0,0.134105205,0.191429669,0,0,0,0,0,0,0,0,0,0,0.001114514,0.014635331,0.004437001,0,0,0.005544351,0,0,0,0,0,0,0,0,0.005871091,0,0,0,0,0,0,0,0,0,0,0,0,0,0,0,0,0,0,0,0,0,0,0,0,0,0,0,0,0,0,0,0,0,0,0,0,0,0,0,0,0,0,0,0,0,0,0,0,0,0,0,0,0,0,0,0,0,0,0,0,0,0,0,0,0,0,0,0,0,0,0,0,0,0,0,0,0,0,0,0,0,0,0,0,0,0,0,0,0,0,0,0,0,0,0,0,0,0,0,0,0,0,0,0,0,0,0,0,0,0,0,0,0,0,0,0,0,0,0,0,0,0,0,0,0,0,0,0,0,0,0,0,0,0,0,0,0,0,0,0,0,0,0,0,0,0,0,0,0,0,0,0,0,0,0,0,0,0,0,0,0,0,0,0,0,0,0,0,0,0,0,0,0,0,0,0,0,0,0,0,0,0,0,0,0,0,0,0,0,0,0,0,0,0,0,0,0,0,0,0,0,0,0,0,0,0,0,0,0,0,0,0,0,0,0,0,0,0,0,0,0,0,0,0,0,0,0,0,0,0,0,0,0,0,0,0,0,0,0
SRR2750628,PRJNA299077,COPD_Exacerbation,0.197943564,0.020569714,0,0,0.039156615,0,0.20572924,0.039147383,0,0.005002002,0.009125507,0,0.013485203,0,0,0,0,0,0.003373251,0.267732703,0,0,0.016605517,0.002517536,0,0.009648144,0,0,0,0,0,0,0,0,0,0,0,0,0,0,0,0,0,0,0,0,0,0,0,0,0,0,0,0,0,0,0,0,0,0,0,0,0,0,0,0,0,0,0,0,0,0,0,0,0,0,0,0,0,0,0,0,0,0,0,0,0,0,0,0,0,0,0,0,0,0,0,0,0,0,0,0,0,0,0,0,0,0,0,0,0,0,0,0,0,0,0,0,0,0,0,0,0,0,0,0,0,0,0,0,0,0,0,0,0,0,0,0,0,0,0,0,0,0,0,0,0,0,0,0,0,0,0,0,0,0,0,0,0,0,0,0,0,0,0,0,0,0,0,0,0,0,0,0,0,0,0,0,0,0,0,0,0,0,0,0,0,0,0,0,0,0,0,0,0,0,0,0,0,0,0,0,0,0,0,0,0,0,0,0,0,0,0,0,0,0,0,0,0,0,0,0,0,0,0,0,0,0,0,0,0,0,0,0,0,0,0,0,0,0,0,0,0,0,0,0,0,0,0,0,0,0,0,0,0,0,0,0,0,0,0,0,0,0,0,0,0,0,0,0,0,0
SRR2750631,PRJNA299077,COPD_Stable,0.109028785,0.035307607,0,0,0.007022333,0,0.31379567,0.054424963,0,0.071397767,0.008487816,0.020504746,0.00319544,0,0,0,0.001314925,0,0,0.009543361,0,0,0,0,0,0.000555961,0,0.00117826,0.002246062,0.00558819,0,0,0,0,0,0.001687547,0.007583886,0.000665112,0.001100592,0,0,0,0,0,0,0,0,0,0,0,0,0,0,0,0,0,0,0,0,0,0,0,0,0,0,0,0,0,0,0,0,0,0,0,0,0,0,0,0,0,0,0,0,0,0,0,0,0,0,0,0,0,0,0,0,0,0,0,0,0,0,0,0,0,0,0,0,0,0,0,0,0,0,0,0,0,0,0,0,0,0,0,0,0,0,0,0,0,0,0,0,0,0,0,0,0,0,0,0,0,0,0,0,0,0,0,0,0,0,0,0,0,0,0,0,0,0,0,0,0,0,0,0,0,0,0,0,0,0,0,0,0,0,0,0,0,0,0,0,0,0,0,0,0,0,0,0,0,0,0,0,0,0,0,0,0,0,0,0,0,0,0,0,0,0,0,0,0,0,0,0,0,0,0,0,0,0,0,0,0,0,0,0,0,0,0,0,0,0,0,0,0,0,0,0,0,0,0,0,0,0,0,0,0,0,0,0,0,0,0,0,0,0,0,0,0,0,0,0,0,0,0,0,0,0,0,0,0,0,0,0,0
SRR2750632,PRJNA299077,COPD_Exacerbation,0.127232022,0.025565222,0,0,0.005774873,0,0.401654637,0.103743624,0,0.030513187,0.022676102,0.008841883,0.011284301,0,0,0.000563211,0.006705026,0,0,0.00511019,0,0,0.002190265,0,0,0.000569714,0,0.000700735,0.00350065,0.000656393,0,0,0,0,0,0,0.011184013,0,0.001577909,0,0,0,0,0,0,0,0,0,0,0,0,0,0,0,0,0,0,0,0,0,0,0,0,0,0,0,0,0,0,0,0,0,0,0,0,0,0,0,0,0,0,0,0,0,0,0,0,0,0,0,0,0,0,0,0,0,0,0,0,0,0,0,0,0,0,0,0,0,0,0,0,0,0,0,0,0,0,0,0,0,0,0,0,0,0,0,0,0,0,0,0,0,0,0,0,0,0,0,0,0,0,0,0,0,0,0,0,0,0,0,0,0,0,0,0,0,0,0,0,0,0,0,0,0,0,0,0,0,0,0,0,0,0,0,0,0,0,0,0,0,0,0,0,0,0,0,0,0,0,0,0,0,0,0,0,0,0,0,0,0,0,0,0,0,0,0,0,0,0,0,0,0,0,0,0,0,0,0,0,0,0,0,0,0,0,0,0,0,0,0,0,0,0,0,0,0,0,0,0,0,0,0,0,0,0,0,0,0,0,0,0,0,0,0,0,0,0,0,0,0,0,0,0,0,0,0,0,0,0,0,0,0
SRR2750635,PRJNA299077,COPD_Stable,0.121667608,0.021447655,0,0.000624805,0,0,0.39363149,0.148926043,0,0.014832312,0.003209742,0.011015122,0.005142314,0,0,0,0,0.0004109,0.002915189,0.019240453,0,0.001773703,0.001506235,0,0,0,0,0.001549561,0.00132394,0.000598557,0,0,0,0,0,0,0,0,0,0,0.003129879,0,0,0,0,0,0,0,0,0,0,0,0,0,0,0,0,0,0,0,0,0,0,0,0,0,0,0,0,0,0,0,0,0,0,0,0,0,0,0,0,0,0,0,0,0,0,0,0,0,0,0,0,0,0,0,0,0,0,0,0,0,0,0,0,0,0,0,0,0,0,0,0,0,0,0,0,0,0,0,0,0,0,0,0,0,0,0,0,0,0,0,0,0,0,0,0,0,0,0,0,0,0,0,0,0,0,0,0,0,0,0,0,0,0,0,0,0,0,0,0,0,0,0,0,0,0,0,0,0,0,0,0,0,0,0,0,0,0,0,0,0,0,0,0,0,0,0,0,0,0,0,0,0,0,0,0,0,0,0,0,0,0,0,0,0,0,0,0,0,0,0,0,0,0,0,0,0,0,0,0,0,0,0,0,0,0,0,0,0,0,0,0,0,0,0,0,0,0,0,0,0,0,0,0,0,0,0,0,0,0,0,0,0,0,0,0,0,0,0,0,0,0,0,0,0,0,0,0,0,0,0
SRR2750636,PRJNA299077,COPD_Exacerbation,0.151025569,0.014065362,0.002975173,0.001520242,0,0,0.297113645,0.052718033,0,0.036734182,0.012286954,0.026453215,0.020599564,0,0,0,0.001345089,0,0.002345712,0.012490853,0,0,0.006328115,0,0,0,0,0,0.007790021,0.002361833,0,0,0,0,0,0,0,0,0,0,0,0,0,0,0,0,0,0,0,0,0,0,0,0,0,0,0,0,0,0,0,0,0,0,0,0,0,0,0,0,0,0,0,0,0,0,0,0,0,0,0,0,0,0,0,0,0,0,0,0,0,0,0,0,0,0,0,0,0,0,0,0,0,0,0,0,0,0,0,0,0,0,0,0,0,0,0,0,0,0,0,0,0,0,0,0,0,0,0,0,0,0,0,0,0,0,0,0,0,0,0,0,0,0,0,0,0,0,0,0,0,0,0,0,0,0,0,0,0,0,0,0,0,0,0,0,0,0,0,0,0,0,0,0,0,0,0,0,0,0,0,0,0,0,0,0,0,0,0,0,0,0,0,0,0,0,0,0,0,0,0,0,0,0,0,0,0,0,0,0,0,0,0,0,0,0,0,0,0,0,0,0,0,0,0,0,0,0,0,0,0,0,0,0,0,0,0,0,0,0,0,0,0,0,0,0,0,0,0,0,0,0,0,0,0,0,0,0,0,0,0,0,0,0,0,0,0,0,0,0,0,0
SRR2750639,PRJNA299077,COPD_Stable,0.102206414,0,0,0,0,0,0,0.019525668,0,0.00192451,0.003130836,0.000592988,0,0,0,0,0,0,0,0,0,0,0,0,0,0.003786855,0,0,0,0,0,0,0,0,0,0,0,0,0,0,0,0,0,0,0,0,0,0,0,0,0,0,0,0,0,0,0,0,0,0,0,0,0,0,0,0,0,0,0,0,0,0,0,0,0,0,0,0,0,0,0,0,0,0,0,0,0,0,0,0,0,0,0,0,0,0,0,0,0,0,0,0,0,0,0,0,0,0,0,0,0,0,0,0,0,0,0,0,0,0,0,0,0,0,0,0,0,0,0,0,0,0,0,0,0,0,0,0,0,0,0,0,0,0,0,0,0,0,0,0,0,0,0,0,0,0,0,0,0,0,0,0,0,0,0,0,0,0,0,0,0,0,0,0,0,0,0,0,0,0,0,0,0,0,0,0,0,0,0,0,0,0,0,0,0,0,0,0,0,0,0,0,0,0,0,0,0,0,0,0,0,0,0,0,0,0,0,0,0,0,0,0,0,0,0,0,0,0,0,0,0,0,0,0,0,0,0,0,0,0,0,0,0,0,0,0,0,0,0,0,0,0,0,0,0,0,0,0,0,0,0,0,0,0,0,0,0,0,0,0,0,0
SRR2750640,PRJNA299077,COPD_Exacerbation,0.233351766,0.000788206,0.403904682,0.004313196,0,0,0.027413543,0,0,0.002820795,0,0,0.003645287,0,0,0,0,0,0,0,0,0,0,0,0,0,0.000531339,0,0,0,0,0,0,0,0,0,0,0,0,0,0,0,0,0,0,0,0,0,0,0,0,0,0,0,0,0,0,0,0,0,0,0,0,0,0,0,0,0,0,0,0,0,0,0,0,0,0,0,0,0,0,0,0,0,0,0,0,0,0,0,0,0,0,0,0,0,0,0,0,0,0,0,0,0,0,0,0,0,0,0,0,0,0,0,0,0,0,0,0,0,0,0,0,0,0,0,0,0,0,0,0,0,0,0,0,0,0,0,0,0,0,0,0,0,0,0,0,0,0,0,0,0,0,0,0,0,0,0,0,0,0,0,0,0,0,0,0,0,0,0,0,0,0,0,0,0,0,0,0,0,0,0,0,0,0,0,0,0,0,0,0,0,0,0,0,0,0,0,0,0,0,0,0,0,0,0,0,0,0,0,0,0,0,0,0,0,0,0,0,0,0,0,0,0,0,0,0,0,0,0,0,0,0,0,0,0,0,0,0,0,0,0,0,0,0,0,0,0,0,0,0,0,0,0,0,0,0,0,0,0,0,0,0,0,0,0,0,0,0,0,0,0
SRR2750643,PRJNA299077,COPD_Stable,0.371401015,0.003638454,0.058348945,0,0,0.003074568,0.09370871,0.006645105,0,0.015053406,0.001008886,0,0.00968395,0,0,0,0,0,0,0.001221769,0,0,0,0,0,0,0,0,0,0,0,0,0,0,0,0,0,0,0,0,0,0,0,0,0,0,0,0,0,0,0,0,0,0,0,0,0,0,0,0,0,0,0,0,0,0,0,0,0,0,0,0,0,0,0,0,0,0,0,0,0,0,0,0,0,0,0,0,0,0,0,0,0,0,0,0,0,0,0,0,0,0,0,0,0,0,0,0,0,0,0,0,0,0,0,0,0,0,0,0,0,0,0,0,0,0,0,0,0,0,0,0,0,0,0,0,0,0,0,0,0,0,0,0,0,0,0,0,0,0,0,0,0,0,0,0,0,0,0,0,0,0,0,0,0,0,0,0,0,0,0,0,0,0,0,0,0,0,0,0,0,0,0,0,0,0,0,0,0,0,0,0,0,0,0,0,0,0,0,0,0,0,0,0,0,0,0,0,0,0,0,0,0,0,0,0,0,0,0,0,0,0,0,0,0,0,0,0,0,0,0,0,0,0,0,0,0,0,0,0,0,0,0,0,0,0,0,0,0,0,0,0,0,0,0,0,0,0,0,0,0,0,0,0,0,0,0,0,0,0,0,0
SRR2750644,PRJNA299077,COPD_Exacerbation,0.386113487,0.012398915,0.004543049,0,0.018364697,0,0.22144835,0,0,0.015313801,0,0.003377494,0.004229008,0,0,0,0.000715343,0,0,0,0.028288346,0.001196262,0.002550428,0,0.025507043,0,0,0,0.00109833,0,0,0,0,0,0,0,0.007109189,0,0,0,0,0,0,0,0,0,0,0,0,0,0,0,0,0,0,0,0,0,0,0,0,0,0,0,0,0,0,0,0,0,0,0,0,0,0,0,0,0,0,0,0,0,0,0,0,0,0,0,0,0,0,0,0,0,0,0,0,0,0,0,0,0,0,0,0,0,0,0,0,0,0,0,0,0,0,0,0,0,0,0,0,0,0,0,0,0,0,0,0,0,0,0,0,0,0,0,0,0,0,0,0,0,0,0,0,0,0,0,0,0,0,0,0,0,0,0,0,0,0,0,0,0,0,0,0,0,0,0,0,0,0,0,0,0,0,0,0,0,0,0,0,0,0,0,0,0,0,0,0,0,0,0,0,0,0,0,0,0,0,0,0,0,0,0,0,0,0,0,0,0,0,0,0,0,0,0,0,0,0,0,0,0,0,0,0,0,0,0,0,0,0,0,0,0,0,0,0,0,0,0,0,0,0,0,0,0,0,0,0,0,0,0,0,0,0,0,0,0,0,0,0,0,0,0,0,0,0,0,0,0,0,0
SRR2750647,PRJNA299077,COPD_Stable,0.751367623,0.051116956,0,0,0,0,0.053613485,0,0,0.064932563,0.001598439,0,0,0,0,0.002535061,0,0,0,0,0.007469608,0,0,0,0.007098781,0,0,0,0,0,0,0,0,0,0,0,0.01291596,0,0,0,0,0,0,0,0,0,0,0,0,0,0,0,0,0,0,0,0,0,0,0,0,0,0,0,0,0,0,0,0,0,0,0,0,0,0,0,0,0,0,0,0,0,0,0,0,0,0,0,0,0,0,0,0,0,0,0,0,0,0,0,0,0,0,0,0,0,0,0,0,0,0,0,0,0,0,0,0,0,0,0,0,0,0,0,0,0,0,0,0,0,0,0,0,0,0,0,0,0,0,0,0,0,0,0,0,0,0,0,0,0,0,0,0,0,0,0,0,0,0,0,0,0,0,0,0,0,0,0,0,0,0,0,0,0,0,0,0,0,0,0,0,0,0,0,0,0,0,0,0,0,0,0,0,0,0,0,0,0,0,0,0,0,0,0,0,0,0,0,0,0,0,0,0,0,0,0,0,0,0,0,0,0,0,0,0,0,0,0,0,0,0,0,0,0,0,0,0,0,0,0,0,0,0,0,0,0,0,0,0,0,0,0,0,0,0,0,0,0,0,0,0,0,0,0,0,0,0,0,0,0,0,0
SRR2750648,PRJNA299077,COPD_Exacerbation,0.204382135,0.006797724,0.57538502,0,0,0,0.124047758,0,0,0.010182731,0.001460787,0.000731961,0.001786408,0,0,0,0.001140906,0,0.000676055,0.006299904,0,0,0.00249807,0,0,0,0,0.004630876,0,0.000747191,0,0,0,0,0,0,0.002456087,0,0,0,0,0,0,0,0,0,0,0,0,0,0,0,0,0,0,0,0,0,0,0,0,0,0,0,0,0,0,0,0,0,0,0,0,0,0,0,0,0,0,0,0,0,0,0,0,0,0,0,0,0,0,0,0,0,0,0,0,0,0,0,0,0,0,0,0,0,0,0,0,0,0,0,0,0,0,0,0,0,0,0,0,0,0,0,0,0,0,0,0,0,0,0,0,0,0,0,0,0,0,0,0,0,0,0,0,0,0,0,0,0,0,0,0,0,0,0,0,0,0,0,0,0,0,0,0,0,0,0,0,0,0,0,0,0,0,0,0,0,0,0,0,0,0,0,0,0,0,0,0,0,0,0,0,0,0,0,0,0,0,0,0,0,0,0,0,0,0,0,0,0,0,0,0,0,0,0,0,0,0,0,0,0,0,0,0,0,0,0,0,0,0,0,0,0,0,0,0,0,0,0,0,0,0,0,0,0,0,0,0,0,0,0,0,0,0,0,0,0,0,0,0,0,0,0,0,0,0,0,0,0,0,0
SRR2750651,PRJNA299077,COPD_Stable,0.084198949,0,0,0,0,0,0.031901436,0,0,0.001301979,0.000405456,0,0,0,0,0,0,0,0,0.001905505,0,0,0,0,0,0,0,0.000679483,0,0,0,0,0,0,0,0,0,0,0,0,0,0,0,0,0,0,0,0,0,0,0,0,0,0,0,0,0,0,0,0,0,0,0,0,0,0,0,0,0,0,0,0,0,0,0,0,0,0,0,0,0,0,0,0,0,0,0,0,0,0,0,0,0,0,0,0,0,0,0,0,0,0,0,0,0,0,0,0,0,0,0,0,0,0,0,0,0,0,0,0,0,0,0,0,0,0,0,0,0,0,0,0,0,0,0,0,0,0,0,0,0,0,0,0,0,0,0,0,0,0,0,0,0,0,0,0,0,0,0,0,0,0,0,0,0,0,0,0,0,0,0,0,0,0,0,0,0,0,0,0,0,0,0,0,0,0,0,0,0,0,0,0,0,0,0,0,0,0,0,0,0,0,0,0,0,0,0,0,0,0,0,0,0,0,0,0,0,0,0,0,0,0,0,0,0,0,0,0,0,0,0,0,0,0,0,0,0,0,0,0,0,0,0,0,0,0,0,0,0,0,0,0,0,0,0,0,0,0,0,0,0,0,0,0,0,0,0,0,0,0,0,0
SRR2750652,PRJNA299077,COPD_Exacerbation,0.029819959,0.000848159,0,0,0,0,0.03188911,0.001504405,0,0.001214371,0,0,0.000349177,0,0,0,0,0,0,0,0.001353188,0,0,0,0,0,0,0,0,0.000494159,0,0,0,0,0,0,0,0,0,0,0,0,0,0,0,0,0,0,0,0,0,0,0,0,0,0,0,0,0,0,0,0,0,0,0,0,0,0,0,0,0,0,0,0,0,0,0,0,0,0,0,0,0,0,0,0,0,0,0,0,0,0,0,0,0,0,0,0,0,0,0,0,0,0,0,0,0,0,0,0,0,0,0,0,0,0,0,0,0,0,0,0,0,0,0,0,0,0,0,0,0,0,0,0,0,0,0,0,0,0,0,0,0,0,0,0,0,0,0,0,0,0,0,0,0,0,0,0,0,0,0,0,0,0,0,0,0,0,0,0,0,0,0,0,0,0,0,0,0,0,0,0,0,0,0,0,0,0,0,0,0,0,0,0,0,0,0,0,0,0,0,0,0,0,0,0,0,0,0,0,0,0,0,0,0,0,0,0,0,0,0,0,0,0,0,0,0,0,0,0,0,0,0,0,0,0,0,0,0,0,0,0,0,0,0,0,0,0,0,0,0,0,0,0,0,0,0,0,0,0,0,0,0,0,0,0,0,0,0,0,0,0
SRR2750654,PRJNA299077,COPD_Stable,0.17774588,0.01785017,0.000443827,0.000219177,0,0,0.307387216,0.037879378,0,0.055668802,0.001710847,0,0.003699339,0,0,0,0,0,0.003120778,0.004947773,0,0,0.028859185,0,0,0,0,0.012780703,0.00247408,0.002848373,0,0,0.000225572,0,0,0,0,0,0,0,0.00092736,0,0,0,0,0,0,0,0,0,0,0,0,0,0,0,0,0,0,0,0,0,0,0,0,0,0,0,0,0,0,0,0,0,0,0,0,0,0,0,0,0,0,0,0,0,0,0,0,0,0,0,0,0,0,0,0,0,0,0,0,0,0,0,0,0,0,0,0,0,0,0,0,0,0,0,0,0,0,0,0,0,0,0,0,0,0,0,0,0,0,0,0,0,0,0,0,0,0,0,0,0,0,0,0,0,0,0,0,0,0,0,0,0,0,0,0,0,0,0,0,0,0,0,0,0,0,0,0,0,0,0,0,0,0,0,0,0,0,0,0,0,0,0,0,0,0,0,0,0,0,0,0,0,0,0,0,0,0,0,0,0,0,0,0,0,0,0,0,0,0,0,0,0,0,0,0,0,0,0,0,0,0,0,0,0,0,0,0,0,0,0,0,0,0,0,0,0,0,0,0,0,0,0,0,0,0,0,0,0,0,0,0,0,0,0,0,0,0,0,0,0,0,0,0,0,0,0,0,0,0,0
SRR2750655,PRJNA299077,COPD_Exacerbation,0.071624101,0.003828817,0.085055449,0.000631966,0,0,0.123336701,0.018529265,0,0.004228605,0.002325481,0.002972699,0.001808411,0,0,0,0,0,0,0.005988964,0,0.000269552,0.002487424,0,0,0,0,0.002321345,0,0,0,0,0,0,0,0,0,0,0,0,0,0,0,0,0,0,0,0,0,0,0,0,0,0,0,0,0,0,0,0,0,0,0,0,0,0,0,0,0,0,0,0,0,0,0,0,0,0,0,0,0,0,0,0,0,0,0,0,0,0,0,0,0,0,0,0,0,0,0,0,0,0,0,0,0,0,0,0,0,0,0,0,0,0,0,0,0,0,0,0,0,0,0,0,0,0,0,0,0,0,0,0,0,0,0,0,0,0,0,0,0,0,0,0,0,0,0,0,0,0,0,0,0,0,0,0,0,0,0,0,0,0,0,0,0,0,0,0,0,0,0,0,0,0,0,0,0,0,0,0,0,0,0,0,0,0,0,0,0,0,0,0,0,0,0,0,0,0,0,0,0,0,0,0,0,0,0,0,0,0,0,0,0,0,0,0,0,0,0,0,0,0,0,0,0,0,0,0,0,0,0,0,0,0,0,0,0,0,0,0,0,0,0,0,0,0,0,0,0,0,0,0,0,0,0,0,0,0,0,0,0,0,0,0,0,0,0,0,0,0,0,0
SRR2750658,PRJNA299077,COPD_Stable,0.962962963,0,0,0,0,0,0,0,0,0,0,0,0,0,0,0,0,0,0,0,0,0,0,0,0,0,0,0,0,0,0,0,0,0,0,0,0,0,0,0,0,0,0,0,0,0,0,0,0,0,0,0,0,0,0,0,0,0,0,0,0,0,0,0,0,0,0,0,0,0,0,0,0,0,0,0,0,0,0,0,0,0,0,0,0,0,0,0,0,0,0,0,0,0,0,0,0,0,0,0,0,0,0,0,0,0,0,0,0,0,0,0,0,0,0,0,0,0,0,0,0,0,0,0,0,0,0,0,0,0,0,0,0,0,0,0,0,0,0,0,0,0,0,0,0,0,0,0,0,0,0,0,0,0,0,0,0,0,0,0,0,0,0,0,0,0,0,0,0,0,0,0,0,0,0,0,0,0,0,0,0,0,0,0,0,0,0,0,0,0,0,0,0,0,0,0,0,0,0,0,0,0,0,0,0,0,0,0,0,0,0,0,0,0,0,0,0,0,0,0,0,0,0,0,0,0,0,0,0,0,0,0,0,0,0,0,0,0,0,0,0,0,0,0,0,0,0,0,0,0,0,0,0,0,0,0,0,0,0,0,0,0,0,0,0,0,0,0,0,0,0,0
SRR2750659,PRJNA299077,COPD_Exacerbation,0.87804878,0,0,0,0,0,0,0,0,0,0,0,0,0,0,0,0,0,0,0,0,0,0,0,0,0,0,0,0,0,0,0,0,0,0,0,0,0,0,0,0,0,0,0,0,0,0,0,0,0,0,0,0,0,0,0,0,0,0,0,0,0,0,0,0,0,0,0,0,0,0,0,0,0,0,0,0,0,0,0,0,0,0,0,0,0,0,0,0,0,0,0,0,0,0,0,0,0,0,0,0,0,0,0,0,0,0,0,0,0,0,0,0,0,0,0,0,0,0,0,0,0,0,0,0,0,0,0,0,0,0,0,0,0,0,0,0,0,0,0,0,0,0,0,0,0,0,0,0,0,0,0,0,0,0,0,0,0,0,0,0,0,0,0,0,0,0,0,0,0,0,0,0,0,0,0,0,0,0,0,0,0,0,0,0,0,0,0,0,0,0,0,0,0,0,0,0,0,0,0,0,0,0,0,0,0,0,0,0,0,0,0,0,0,0,0,0,0,0,0,0,0,0,0,0,0,0,0,0,0,0,0,0,0,0,0,0,0,0,0,0,0,0,0,0,0,0,0,0,0,0,0,0,0,0,0,0,0,0,0,0,0,0,0,0,0,0,0,0,0,0,0
SRR2750661,PRJNA299077,COPD_Stable,0.123877774,0.003048945,0.13581573,0.074075785,0,0.026889389,0.179303664,0.049491595,0,0.01797759,0.002299849,0.008777008,0.016822839,0,0,0,0,0,0,0.001309025,0,0.000180999,0,0,0,0.002617973,0.003069796,0,0.001212564,0,0,0,0,0.00146858,0,0,0,0,0,0,0,0,0,0,0,0,0,0,0,0,0,0,0,0,0,0,0,0,0,0,0,0,0,0,0,0,0,0,0,0,0,0,0,0,0,0,0,0,0,0,0,0,0,0,0,0,0,0,0,0,0,0,0,0,0,0,0,0,0,0,0,0,0,0,0,0,0,0,0,0,0,0,0,0,0,0,0,0,0,0,0,0,0,0,0,0,0,0,0,0,0,0,0,0,0,0,0,0,0,0,0,0,0,0,0,0,0,0,0,0,0,0,0,0,0,0,0,0,0,0,0,0,0,0,0,0,0,0,0,0,0,0,0,0,0,0,0,0,0,0,0,0,0,0,0,0,0,0,0,0,0,0,0,0,0,0,0,0,0,0,0,0,0,0,0,0,0,0,0,0,0,0,0,0,0,0,0,0,0,0,0,0,0,0,0,0,0,0,0,0,0,0,0,0,0,0,0,0,0,0,0,0,0,0,0,0,0,0,0,0,0,0,0,0,0,0,0,0,0,0,0,0,0,0,0,0,0,0,0,0,0,0
SRR2750662,PRJNA299077,COPD_Exacerbation,0.171729196,0.010541278,0,0.005011685,0.039210396,0.000540676,0.244481613,0.040904655,0,0.053721391,0.002929448,0.061573261,0.006783695,0,0,0.000468778,0,0,0.000356032,0.011951358,0,0,0,0,0,0.005328424,0,0,0,0,0,0,0,8.40E-05,0,0,0,0,0,0,0,0,0,0,0,0,0,0,0,0,0,0,0,0,0,0,0,0,0,0,0,0,0,0,0,0,0,0,0,0,0,0,0,0,0,0,0,0,0,0,0,0,0,0,0,0,0,0,0,0,0,0,0,0,0,0,0,0,0,0,0,0,0,0,0,0,0,0,0,0,0,0,0,0,0,0,0,0,0,0,0,0,0,0,0,0,0,0,0,0,0,0,0,0,0,0,0,0,0,0,0,0,0,0,0,0,0,0,0,0,0,0,0,0,0,0,0,0,0,0,0,0,0,0,0,0,0,0,0,0,0,0,0,0,0,0,0,0,0,0,0,0,0,0,0,0,0,0,0,0,0,0,0,0,0,0,0,0,0,0,0,0,0,0,0,0,0,0,0,0,0,0,0,0,0,0,0,0,0,0,0,0,0,0,0,0,0,0,0,0,0,0,0,0,0,0,0,0,0,0,0,0,0,0,0,0,0,0,0,0,0,0,0,0,0,0,0,0,0,0,0,0,0,0,0,0,0,0,0,0,0,0
SRR2750664,PRJNA299077,COPD_Stable,0.037307773,0.001288809,0,0.005647197,0.093712972,0,0.077312304,0.002603186,0,0.003486442,0.006558417,0.005344064,0.003137915,0,0,0,0,0,0.001213857,0.02304315,0,0.002422811,0.006180844,0,0,0.013018163,0,0,0,0,0,0,0,0,0,0,0,0,0,0,0,0,0,0,0,0,0,0,0,0,0,0,0,0,0,0,0,0,0,0,0,0,0,0,0,0,0,0,0,0,0,0,0,0,0,0,0,0,0,0,0,0,0,0,0,0,0,0,0,0,0,0,0,0,0,0,0,0,0,0,0,0,0,0,0,0,0,0,0,0,0,0,0,0,0,0,0,0,0,0,0,0,0,0,0,0,0,0,0,0,0,0,0,0,0,0,0,0,0,0,0,0,0,0,0,0,0,0,0,0,0,0,0,0,0,0,0,0,0,0,0,0,0,0,0,0,0,0,0,0,0,0,0,0,0,0,0,0,0,0,0,0,0,0,0,0,0,0,0,0,0,0,0,0,0,0,0,0,0,0,0,0,0,0,0,0,0,0,0,0,0,0,0,0,0,0,0,0,0,0,0,0,0,0,0,0,0,0,0,0,0,0,0,0,0,0,0,0,0,0,0,0,0,0,0,0,0,0,0,0,0,0,0,0,0,0,0,0,0,0,0,0,0,0,0,0,0,0,0,0,0,0
SRR2750665,PRJNA299077,COPD_Exacerbation,0.01138785,0.000847344,0.715632308,0,0,0,0.148359933,0.008053065,0,0.005394117,0.002541959,0.011792639,0.003084679,0,0,0,0,0,0.001290924,0.004867312,0,0.0009702,0,0,0,0.015497952,0,0,0.000694364,0,0,0,0,0,0,0,0,0,0,0,0,0,0,0,0,0,0,0,0,0,0,0,0,0,0,0,0,0,0,0,0,0,0,0,0,0,0,0,0,0,0,0,0,0,0,0,0,0,0,0,0,0,0,0,0,0,0,0,0,0,0,0,0,0,0,0,0,0,0,0,0,0,0,0,0,0,0,0,0,0,0,0,0,0,0,0,0,0,0,0,0,0,0,0,0,0,0,0,0,0,0,0,0,0,0,0,0,0,0,0,0,0,0,0,0,0,0,0,0,0,0,0,0,0,0,0,0,0,0,0,0,0,0,0,0,0,0,0,0,0,0,0,0,0,0,0,0,0,0,0,0,0,0,0,0,0,0,0,0,0,0,0,0,0,0,0,0,0,0,0,0,0,0,0,0,0,0,0,0,0,0,0,0,0,0,0,0,0,0,0,0,0,0,0,0,0,0,0,0,0,0,0,0,0,0,0,0,0,0,0,0,0,0,0,0,0,0,0,0,0,0,0,0,0,0,0,0,0,0,0,0,0,0,0,0,0,0,0,0,0,0,0
SRR2750667,PRJNA299077,COPD_Stable,0.189802299,0.002570686,0,0.004409041,0.072608217,0,0.15552598,0.015900323,0,0.036308005,0.005490391,0.022357954,0.022240487,0,0,0,0,0,0.000842561,0.022759583,0,0.007117774,0.002826503,0,0,0.000729421,0,0,0.000600596,0,0,0,0,0,0,0,0,0,0,0,0,0,0,0,0,0,0,0,0,0,0,0,0,0,0,0,0,0,0,0,0,0,0,0,0,0,0,0,0,0,0,0,0,0,0,0,0,0,0,0,0,0,0,0,0,0,0,0,0,0,0,0,0,0,0,0,0,0,0,0,0,0,0,0,0,0,0,0,0,0,0,0,0,0,0,0,0,0,0,0,0,0,0,0,0,0,0,0,0,0,0,0,0,0,0,0,0,0,0,0,0,0,0,0,0,0,0,0,0,0,0,0,0,0,0,0,0,0,0,0,0,0,0,0,0,0,0,0,0,0,0,0,0,0,0,0,0,0,0,0,0,0,0,0,0,0,0,0,0,0,0,0,0,0,0,0,0,0,0,0,0,0,0,0,0,0,0,0,0,0,0,0,0,0,0,0,0,0,0,0,0,0,0,0,0,0,0,0,0,0,0,0,0,0,0,0,0,0,0,0,0,0,0,0,0,0,0,0,0,0,0,0,0,0,0,0,0,0,0,0,0,0,0,0,0,0,0,0,0,0,0,0
SRR2750668,PRJNA299077,COPD_Exacerbation,0.004637096,0.001302399,0,0.216733815,0,0,0.020292671,0.002282648,0,0.000360106,0,0,0.000418661,0,0,0,0,0,0,0,0,0,0.000452476,0.001633608,0,0,0.022211669,0,0,0,0.003933832,0,0,0.002606794,0,0,0,0,0,0,0,0,0,0,0,0,0,0,0,0,0,0,0,0,0,0,0,0,0,0,0,0,0,0,0,0,0,0,0,0,0,0,0,0,0,0,0,0,0,0,0,0,0,0,0,0,0,0,0,0,0,0,0,0,0,0,0,0,0,0,0,0,0,0,0,0,0,0,0,0,0,0,0,0,0,0,0,0,0,0,0,0,0,0,0,0,0,0,0,0,0,0,0,0,0,0,0,0,0,0,0,0,0,0,0,0,0,0,0,0,0,0,0,0,0,0,0,0,0,0,0,0,0,0,0,0,0,0,0,0,0,0,0,0,0,0,0,0,0,0,0,0,0,0,0,0,0,0,0,0,0,0,0,0,0,0,0,0,0,0,0,0,0,0,0,0,0,0,0,0,0,0,0,0,0,0,0,0,0,0,0,0,0,0,0,0,0,0,0,0,0,0,0,0,0,0,0,0,0,0,0,0,0,0,0,0,0,0,0,0,0,0,0,0,0,0,0,0,0,0,0,0,0,0,0,0,0,0,0,0,0,0
SRR2750670,PRJNA299077,COPD_Stable,0.197550757,0.051043326,0.000444558,0.118218258,0,0,0.093612398,0.012070486,0,0.022696279,0,0.00454479,0.003465072,0,0,0,0,0,0.000779887,0,0.000308059,0.001055752,0,0.002477398,0,0,0.006157271,0,0,0.001103603,0.00049222,0.001345381,0,0.000700697,0,0,0,0.000297288,0,0,0.000329062,0,0,0,0,0,0,0,0,0,0,0,0,0,0,0,0,0,0,0,0,0,0,0,0,0,0,0,0,0,0,0,0,0,0,0,0,0,0,0,0,0,0,0,0,0,0,0,0,0,0,0,0,0,0,0,0,0,0,0,0,0,0,0,0,0,0,0,0,0,0,0,0,0,0,0,0,0,0,0,0,0,0,0,0,0,0,0,0,0,0,0,0,0,0,0,0,0,0,0,0,0,0,0,0,0,0,0,0,0,0,0,0,0,0,0,0,0,0,0,0,0,0,0,0,0,0,0,0,0,0,0,0,0,0,0,0,0,0,0,0,0,0,0,0,0,0,0,0,0,0,0,0,0,0,0,0,0,0,0,0,0,0,0,0,0,0,0,0,0,0,0,0,0,0,0,0,0,0,0,0,0,0,0,0,0,0,0,0,0,0,0,0,0,0,0,0,0,0,0,0,0,0,0,0,0,0,0,0,0,0,0,0,0,0,0,0,0,0,0,0,0,0,0,0,0,0,0,0,0,0,0
SRR2750671,PRJNA299077,COPD_Exacerbation,0.117135656,0.019934975,0,0,0,0,0.205157119,0.24172832,0,0.013190527,0.015917405,0.01290304,0.010154037,0,0,0.000750382,0.001447437,0.001628222,0.001524149,0.006773333,0.000208997,0.000429608,0.008102991,0.034192618,0,0.000517155,0,0,0.001569142,0.001148284,0,0.002721135,0,0,0,0,0,0.000633533,0,0,0,0,0,0,0,0,0,0,0,0,0,0,0,0,0,0,0,0,0,0,0,0,0,0,0,0,0,0,0,0,0,0,0,0,0,0,0,0,0,0,0,0,0,0,0,0,0,0,0,0,0,0,0,0,0,0,0,0,0,0,0,0,0,0,0,0,0,0,0,0,0,0,0,0,0,0,0,0,0,0,0,0,0,0,0,0,0,0,0,0,0,0,0,0,0,0,0,0,0,0,0,0,0,0,0,0,0,0,0,0,0,0,0,0,0,0,0,0,0,0,0,0,0,0,0,0,0,0,0,0,0,0,0,0,0,0,0,0,0,0,0,0,0,0,0,0,0,0,0,0,0,0,0,0,0,0,0,0,0,0,0,0,0,0,0,0,0,0,0,0,0,0,0,0,0,0,0,0,0,0,0,0,0,0,0,0,0,0,0,0,0,0,0,0,0,0,0,0,0,0,0,0,0,0,0,0,0,0,0,0,0,0,0,0,0,0,0,0,0,0,0,0,0,0,0,0,0,0,0,0,0,0
SRR2750673,PRJNA299077,COPD_Stable,0.113139353,0.082341202,0,0,0.004160484,0,0.296158889,0.02696608,0,0.01774729,0.040919787,0.015453612,0.008701128,0,0,0.001222463,0.00110571,0.003324508,0.001469014,0.001344168,0,0.002996561,0.040617505,0.004397078,0,0.01043614,0,0.000356143,0.005229722,0.000209474,0,0.010209946,0,0,0.000155135,0,0,0,0,0,0,0,0,0,0,0,0,0,0,0,0,0,0,0,0,0,0,0,0,0,0,0,0,0,0,0,0,0,0,0,0,0,0,0,0,0,0,0,0,0,0,0,0,0,0,0,0,0,0,0,0,0,0,0,0,0,0,0,0,0,0,0,0,0,0,0,0,0,0,0,0,0,0,0,0,0,0,0,0,0,0,0,0,0,0,0,0,0,0,0,0,0,0,0,0,0,0,0,0,0,0,0,0,0,0,0,0,0,0,0,0,0,0,0,0,0,0,0,0,0,0,0,0,0,0,0,0,0,0,0,0,0,0,0,0,0,0,0,0,0,0,0,0,0,0,0,0,0,0,0,0,0,0,0,0,0,0,0,0,0,0,0,0,0,0,0,0,0,0,0,0,0,0,0,0,0,0,0,0,0,0,0,0,0,0,0,0,0,0,0,0,0,0,0,0,0,0,0,0,0,0,0,0,0,0,0,0,0,0,0,0,0,0,0,0,0,0,0,0,0,0,0,0,0,0,0,0,0,0,0,0,0
SRR2750674,PRJNA299077,COPD_Exacerbation,0.947467255,0,0.000205345,0,0,0,0.033376,0.001414758,0,0.007942824,0,0.000657996,0,0,0,0,0,0,0,0,0,0,0.002808371,0,0,0,0,0,0,0,0,0,0,0,0,0,0,0,0,0,0,0,0,0,0,0,0,0,0,0,0,0,0,0,0,0,0,0,0,0,0,0,0,0,0,0,0,0,0,0,0,0,0,0,0,0,0,0,0,0,0,0,0,0,0,0,0,0,0,0,0,0,0,0,0,0,0,0,0,0,0,0,0,0,0,0,0,0,0,0,0,0,0,0,0,0,0,0,0,0,0,0,0,0,0,0,0,0,0,0,0,0,0,0,0,0,0,0,0,0,0,0,0,0,0,0,0,0,0,0,0,0,0,0,0,0,0,0,0,0,0,0,0,0,0,0,0,0,0,0,0,0,0,0,0,0,0,0,0,0,0,0,0,0,0,0,0,0,0,0,0,0,0,0,0,0,0,0,0,0,0,0,0,0,0,0,0,0,0,0,0,0,0,0,0,0,0,0,0,0,0,0,0,0,0,0,0,0,0,0,0,0,0,0,0,0,0,0,0,0,0,0,0,0,0,0,0,0,0,0,0,0,0,0,0,0,0,0,0,0,0,0,0,0,0,0,0,0,0,0,0,0
SRR2750676,PRJNA299077,COPD_Stable,0.387294542,0.023841248,0.001654845,0,0.036618534,0,0.229471703,0.01991234,0,0.042153014,0.114771649,0.017609124,0.039286769,0,0,0,0,0,0,0.004905399,0,0.000676655,0,0,0.000850487,0.003863652,0,0.009340419,0,0.002784077,0,0,0,0,0,0,0,0.002454929,0,0,0,0,0,0,0,0,0,0,0,0,0,0,0,0,0,0,0,0,0,0,0,0,0,0,0,0,0,0,0,0,0,0,0,0,0,0,0,0,0,0,0,0,0,0,0,0,0,0,0,0,0,0,0,0,0,0,0,0,0,0,0,0,0,0,0,0,0,0,0,0,0,0,0,0,0,0,0,0,0,0,0,0,0,0,0,0,0,0,0,0,0,0,0,0,0,0,0,0,0,0,0,0,0,0,0,0,0,0,0,0,0,0,0,0,0,0,0,0,0,0,0,0,0,0,0,0,0,0,0,0,0,0,0,0,0,0,0,0,0,0,0,0,0,0,0,0,0,0,0,0,0,0,0,0,0,0,0,0,0,0,0,0,0,0,0,0,0,0,0,0,0,0,0,0,0,0,0,0,0,0,0,0,0,0,0,0,0,0,0,0,0,0,0,0,0,0,0,0,0,0,0,0,0,0,0,0,0,0,0,0,0,0,0,0,0,0,0,0,0,0,0,0,0,0,0,0,0,0,0,0,0,0
SRR2750677,PRJNA299077,COPD_Exacerbation,0.550108271,0.002903781,0,0,0.019646582,0,0.327638169,0.033095124,0,0.028493418,0,0,0.009481263,0,0,0,0.001340518,0,0,0,0.001244747,0,0,0,0,0,0,0,0,0,0,0,0,0,0,0,0,0,0,0,0,0,0,0,0,0,0,0,0,0,0,0,0,0,0,0,0,0,0,0,0,0,0,0,0,0,0,0,0,0,0,0,0,0,0,0,0,0,0,0,0,0,0,0,0,0,0,0,0,0,0,0,0,0,0,0,0,0,0,0,0,0,0,0,0,0,0,0,0,0,0,0,0,0,0,0,0,0,0,0,0,0,0,0,0,0,0,0,0,0,0,0,0,0,0,0,0,0,0,0,0,0,0,0,0,0,0,0,0,0,0,0,0,0,0,0,0,0,0,0,0,0,0,0,0,0,0,0,0,0,0,0,0,0,0,0,0,0,0,0,0,0,0,0,0,0,0,0,0,0,0,0,0,0,0,0,0,0,0,0,0,0,0,0,0,0,0,0,0,0,0,0,0,0,0,0,0,0,0,0,0,0,0,0,0,0,0,0,0,0,0,0,0,0,0,0,0,0,0,0,0,0,0,0,0,0,0,0,0,0,0,0,0,0,0,0,0,0,0,0,0,0,0,0,0,0,0,0,0,0,0,0
SRR2750679,PRJNA299077,COPD_Stable,0.186452677,0.013916788,0.013399152,0.009277903,0.028897351,0,0.200618138,0.076513525,0,0.080580509,0,0.000886566,0.036198423,0,0,0,0,0,0,0,0.000798728,0.000368605,0,0,0,0,0,0,0,0,0,0,0,0,0,0,0,0,0,0,0,0,0,0,0,0,0,0,0,0,0,0,0,0,0,0,0,0,0,0,0,0,0,0,0,0,0,0,0,0,0,0,0,0,0,0,0,0,0,0,0,0,0,0,0,0,0,0,0,0,0,0,0,0,0,0,0,0,0,0,0,0,0,0,0,0,0,0,0,0,0,0,0,0,0,0,0,0,0,0,0,0,0,0,0,0,0,0,0,0,0,0,0,0,0,0,0,0,0,0,0,0,0,0,0,0,0,0,0,0,0,0,0,0,0,0,0,0,0,0,0,0,0,0,0,0,0,0,0,0,0,0,0,0,0,0,0,0,0,0,0,0,0,0,0,0,0,0,0,0,0,0,0,0,0,0,0,0,0,0,0,0,0,0,0,0,0,0,0,0,0,0,0,0,0,0,0,0,0,0,0,0,0,0,0,0,0,0,0,0,0,0,0,0,0,0,0,0,0,0,0,0,0,0,0,0,0,0,0,0,0,0,0,0,0,0,0,0,0,0,0,0,0,0,0,0,0,0,0,0,0,0
SRR2750680,PRJNA299077,COPD_Exacerbation,0.263436452,0.001757025,0.000372993,0.019257,0,0,0.412456487,0.00845315,0,0.016388134,0,0.001926059,0.013573895,0,0,0,0,0,0,0,0,0,0,0.001361556,0,0.000818514,0,0.000276578,0.001811386,0,0,0,0,0,0,0,0,0,0,0,0,0,0,0,0,0,0,0,0,0,0,0,0,0,0,0,0,0,0,0,0,0,0,0,0,0,0,0,0,0,0,0,0,0,0,0,0,0,0,0,0,0,0,0,0,0,0,0,0,0,0,0,0,0,0,0,0,0,0,0,0,0,0,0,0,0,0,0,0,0,0,0,0,0,0,0,0,0,0,0,0,0,0,0,0,0,0,0,0,0,0,0,0,0,0,0,0,0,0,0,0,0,0,0,0,0,0,0,0,0,0,0,0,0,0,0,0,0,0,0,0,0,0,0,0,0,0,0,0,0,0,0,0,0,0,0,0,0,0,0,0,0,0,0,0,0,0,0,0,0,0,0,0,0,0,0,0,0,0,0,0,0,0,0,0,0,0,0,0,0,0,0,0,0,0,0,0,0,0,0,0,0,0,0,0,0,0,0,0,0,0,0,0,0,0,0,0,0,0,0,0,0,0,0,0,0,0,0,0,0,0,0,0,0,0,0,0,0,0,0,0,0,0,0,0,0,0,0,0,0,0,0
SRR2750682,PRJNA299077,COPD_Stable,0.27905822,0.009503482,0.002087233,0.163527942,0.009729669,0,0.077612954,0.024591783,0,0.007384418,0.013826323,0.030553265,0.026417618,0,0,0.000835009,0,0,0,0.137051193,0,0.003995269,0,0.003182136,0,0,0,0.001832653,0,0,0,0,0,0,0,0,0,0,0,0,0,0,0,0,0,0,0,0,0,0,0,0,0,0,0,0,0,0,0,0,0,0,0,0,0,0,0,0,0,0,0,0,0,0,0,0,0,0,0,0,0,0,0,0,0,0,0,0,0,0,0,0,0,0,0,0,0,0,0,0,0,0,0,0,0,0,0,0,0,0,0,0,0,0,0,0,0,0,0,0,0,0,0,0,0,0,0,0,0,0,0,0,0,0,0,0,0,0,0,0,0,0,0,0,0,0,0,0,0,0,0,0,0,0,0,0,0,0,0,0,0,0,0,0,0,0,0,0,0,0,0,0,0,0,0,0,0,0,0,0,0,0,0,0,0,0,0,0,0,0,0,0,0,0,0,0,0,0,0,0,0,0,0,0,0,0,0,0,0,0,0,0,0,0,0,0,0,0,0,0,0,0,0,0,0,0,0,0,0,0,0,0,0,0,0,0,0,0,0,0,0,0,0,0,0,0,0,0,0,0,0,0,0,0,0,0,0,0,0,0,0,0,0,0,0,0,0,0,0,0,0,0
SRR2750683,PRJNA299077,COPD_Exacerbation,0.299096316,0.026765508,0.1386612,0,0.032854411,0,0.150793562,0.063378673,0,0.008824922,0.023744973,0.016522511,0.015332365,0,0,0,0,0,0.003442306,0.017086574,0,0.004311901,0.009793951,0,0,0.0023853,0,0.002189582,0.001214869,0,0,0,0,0,0,0,0,0.000750802,0,0,0,0,0,0,0,0,0,0,0,0,0,0,0,0,0,0,0,0,0,0,0,0,0,0,0,0,0,0,0,0,0,0,0,0,0,0,0,0,0,0,0,0,0,0,0,0,0,0,0,0,0,0,0,0,0,0,0,0,0,0,0,0,0,0,0,0,0,0,0,0,0,0,0,0,0,0,0,0,0,0,0,0,0,0,0,0,0,0,0,0,0,0,0,0,0,0,0,0,0,0,0,0,0,0,0,0,0,0,0,0,0,0,0,0,0,0,0,0,0,0,0,0,0,0,0,0,0,0,0,0,0,0,0,0,0,0,0,0,0,0,0,0,0,0,0,0,0,0,0,0,0,0,0,0,0,0,0,0,0,0,0,0,0,0,0,0,0,0,0,0,0,0,0,0,0,0,0,0,0,0,0,0,0,0,0,0,0,0,0,0,0,0,0,0,0,0,0,0,0,0,0,0,0,0,0,0,0,0,0,0,0,0,0,0,0,0,0,0,0,0,0,0,0,0,0,0,0,0,0,0,0,0
SRR2750685,PRJNA299077,COPD_Stable,0.411998745,0.052842389,0,0,0.016639401,0,0.0945344,0.004957943,0,0.029997011,0.020709286,0.026580039,0.055153481,0,0,0,0,0,0,0.112622023,0,0.021244628,0.004418578,0,0,0.001240469,0,0.010089347,0,0.001612689,0,0,0,0,0,0,0,0,0,0,0,0,0,0,0,0,0,0,0,0,0,0,0,0,0,0,0,0,0,0,0,0,0,0,0,0,0,0,0,0,0,0,0,0,0,0,0,0,0,0,0,0,0,0,0,0,0,0,0,0,0,0,0,0,0,0,0,0,0,0,0,0,0,0,0,0,0,0,0,0,0,0,0,0,0,0,0,0,0,0,0,0,0,0,0,0,0,0,0,0,0,0,0,0,0,0,0,0,0,0,0,0,0,0,0,0,0,0,0,0,0,0,0,0,0,0,0,0,0,0,0,0,0,0,0,0,0,0,0,0,0,0,0,0,0,0,0,0,0,0,0,0,0,0,0,0,0,0,0,0,0,0,0,0,0,0,0,0,0,0,0,0,0,0,0,0,0,0,0,0,0,0,0,0,0,0,0,0,0,0,0,0,0,0,0,0,0,0,0,0,0,0,0,0,0,0,0,0,0,0,0,0,0,0,0,0,0,0,0,0,0,0,0,0,0,0,0,0,0,0,0,0,0,0,0,0,0,0,0,0,0,0
SRR2750686,PRJNA299077,COPD_Exacerbation,0.13623478,0.004780089,0,0.027276424,0.031741772,0.013074803,0.133848994,0.029781735,0,0.006697154,0.046976413,0.06390713,0.041974368,0,0,0,0,0,0.001139387,0.048881658,0,0.007632374,0.003255272,0.010443532,0,0.001600997,0.001643201,0.013067392,0.007286574,0,0.000751489,0,0,0,0,0,0,0,0,0.00218864,0,0,0,0,0,0,0,0,0,0,0,0,0,0,0,0,0,0,0,0,0,0,0,0,0,0,0,0,0,0,0,0,0,0,0,0,0,0,0,0,0,0,0,0,0,0,0,0,0,0,0,0,0,0,0,0,0,0,0,0,0,0,0,0,0,0,0,0,0,0,0,0,0,0,0,0,0,0,0,0,0,0,0,0,0,0,0,0,0,0,0,0,0,0,0,0,0,0,0,0,0,0,0,0,0,0,0,0,0,0,0,0,0,0,0,0,0,0,0,0,0,0,0,0,0,0,0,0,0,0,0,0,0,0,0,0,0,0,0,0,0,0,0,0,0,0,0,0,0,0,0,0,0,0,0,0,0,0,0,0,0,0,0,0,0,0,0,0,0,0,0,0,0,0,0,0,0,0,0,0,0,0,0,0,0,0,0,0,0,0,0,0,0,0,0,0,0,0,0,0,0,0,0,0,0,0,0,0,0,0,0,0,0,0,0,0,0,0,0,0,0,0,0,0,0,0,0,0,0,0,0,0
SRR2750688,PRJNA299077,COPD_Stable,0.227401855,0.003736337,0,0,0.01585397,0.001832447,0.144514491,0.038962071,0,0.0024982,0.015156979,0.071805132,0.040962563,0,0,0,0,0.003691278,0.004249525,0.064395892,0,0.008332163,0.033791421,0.035180024,0,0.000554597,0,0.020799278,0.001483906,0,0,0.001029722,0,0,0,0,0,0.00121786,0,0,0,0,0,0,0,0,0,0,0,0,0,0,0,0,0,0,0,0,0,0,0,0,0,0,0,0,0,0,0,0,0,0,0,0,0,0,0,0,0,0,0,0,0,0,0,0,0,0,0,0,0,0,0,0,0,0,0,0,0,0,0,0,0,0,0,0,0,0,0,0,0,0,0,0,0,0,0,0,0,0,0,0,0,0,0,0,0,0,0,0,0,0,0,0,0,0,0,0,0,0,0,0,0,0,0,0,0,0,0,0,0,0,0,0,0,0,0,0,0,0,0,0,0,0,0,0,0,0,0,0,0,0,0,0,0,0,0,0,0,0,0,0,0,0,0,0,0,0,0,0,0,0,0,0,0,0,0,0,0,0,0,0,0,0,0,0,0,0,0,0,0,0,0,0,0,0,0,0,0,0,0,0,0,0,0,0,0,0,0,0,0,0,0,0,0,0,0,0,0,0,0,0,0,0,0,0,0,0,0,0,0,0,0,0,0,0,0,0,0,0,0,0,0,0,0,0,0,0,0,0,0,0
SRR2750689,PRJNA299077,COPD_Exacerbation,0.059256038,0.002789168,0.003395883,0,0.042290009,0.001321497,0.161378718,0.055734328,0,0.002482637,0.018637399,0.042378127,0.01408726,0,0,0.000504107,0,0.010514921,0,0.020811143,0,0.002288348,0.014998122,0.040749628,0,0.002102975,0,0.000467961,0.007478945,0,0,0.006138884,0,0,0,0,0,0.000458246,0,0,0,0,0,0,0,0,0,0,0,0,0,0,0,0,0,0,0,0,0,0,0,0,0,0,0,0,0,0,0,0,0,0,0,0,0,0,0,0,0,0,0,0,0,0,0,0,0,0,0,0,0,0,0,0,0,0,0,0,0,0,0,0,0,0,0,0,0,0,0,0,0,0,0,0,0,0,0,0,0,0,0,0,0,0,0,0,0,0,0,0,0,0,0,0,0,0,0,0,0,0,0,0,0,0,0,0,0,0,0,0,0,0,0,0,0,0,0,0,0,0,0,0,0,0,0,0,0,0,0,0,0,0,0,0,0,0,0,0,0,0,0,0,0,0,0,0,0,0,0,0,0,0,0,0,0,0,0,0,0,0,0,0,0,0,0,0,0,0,0,0,0,0,0,0,0,0,0,0,0,0,0,0,0,0,0,0,0,0,0,0,0,0,0,0,0,0,0,0,0,0,0,0,0,0,0,0,0,0,0,0,0,0,0,0,0,0,0,0,0,0,0,0,0,0,0,0,0,0,0,0,0,0
SRR2750692,PRJNA299077,COPD_Stable,0.60732873,0.004077074,0.008174577,0,0.005054537,0,0.131012943,0,0,0.0197961,0,0,0.001062018,0,0,0,0,0,0,0,0.003144456,0,0,0,0,0,0,0,0,0,0,0,0,0,0,0,0,0,0,0,0,0,0,0,0,0,0,0,0,0,0,0,0,0,0,0,0,0,0,0,0,0,0,0,0,0,0,0,0,0,0,0,0,0,0,0,0,0,0,0,0,0,0,0,0,0,0,0,0,0,0,0,0,0,0,0,0,0,0,0,0,0,0,0,0,0,0,0,0,0,0,0,0,0,0,0,0,0,0,0,0,0,0,0,0,0,0,0,0,0,0,0,0,0,0,0,0,0,0,0,0,0,0,0,0,0,0,0,0,0,0,0,0,0,0,0,0,0,0,0,0,0,0,0,0,0,0,0,0,0,0,0,0,0,0,0,0,0,0,0,0,0,0,0,0,0,0,0,0,0,0,0,0,0,0,0,0,0,0,0,0,0,0,0,0,0,0,0,0,0,0,0,0,0,0,0,0,0,0,0,0,0,0,0,0,0,0,0,0,0,0,0,0,0,0,0,0,0,0,0,0,0,0,0,0,0,0,0,0,0,0,0,0,0,0,0,0,0,0,0,0,0,0,0,0,0,0,0,0,0,0,0
SRR2750693,PRJNA299077,COPD_Exacerbation,0.39768254,0.016217724,0.001667652,0,0,0,0.339146029,0.038840967,0,0.067464599,0,0,0,0,0,0,0.002917412,0,0,0,0,0,0,0,0,0,0,0,0,0,0,0,0,0,0.002138671,0,0,0,0,0,0,0,0,0,0,0,0,0,0,0,0,0,0,0,0,0,0,0,0,0,0,0,0,0,0,0,0,0,0,0,0,0,0,0,0,0,0,0,0,0,0,0,0,0,0,0,0,0,0,0,0,0,0,0,0,0,0,0,0,0,0,0,0,0,0,0,0,0,0,0,0,0,0,0,0,0,0,0,0,0,0,0,0,0,0,0,0,0,0,0,0,0,0,0,0,0,0,0,0,0,0,0,0,0,0,0,0,0,0,0,0,0,0,0,0,0,0,0,0,0,0,0,0,0,0,0,0,0,0,0,0,0,0,0,0,0,0,0,0,0,0,0,0,0,0,0,0,0,0,0,0,0,0,0,0,0,0,0,0,0,0,0,0,0,0,0,0,0,0,0,0,0,0,0,0,0,0,0,0,0,0,0,0,0,0,0,0,0,0,0,0,0,0,0,0,0,0,0,0,0,0,0,0,0,0,0,0,0,0,0,0,0,0,0,0,0,0,0,0,0,0,0,0,0,0,0,0,0,0,0,0,0
SRR2750694,PRJNA299077,COPD_Stable,0.633403574,0.005842962,0.000230289,0,0.007350162,0,0.140921637,0.000909436,0,0.007871502,0,0,0,0,0,0,0,0,0,0.001402185,0,0,0,0,0,0,0,0,0,0,0,0,0,0,0,0,0,0,0,0,0,0,0,0,0,0,0,0,0,0,0,0,0,0,0,0,0,0,0,0,0,0,0,0,0,0,0,0,0,0,0,0,0,0,0,0,0,0,0,0,0,0,0,0,0,0,0,0,0,0,0,0,0,0,0,0,0,0,0,0,0,0,0,0,0,0,0,0,0,0,0,0,0,0,0,0,0,0,0,0,0,0,0,0,0,0,0,0,0,0,0,0,0,0,0,0,0,0,0,0,0,0,0,0,0,0,0,0,0,0,0,0,0,0,0,0,0,0,0,0,0,0,0,0,0,0,0,0,0,0,0,0,0,0,0,0,0,0,0,0,0,0,0,0,0,0,0,0,0,0,0,0,0,0,0,0,0,0,0,0,0,0,0,0,0,0,0,0,0,0,0,0,0,0,0,0,0,0,0,0,0,0,0,0,0,0,0,0,0,0,0,0,0,0,0,0,0,0,0,0,0,0,0,0,0,0,0,0,0,0,0,0,0,0,0,0,0,0,0,0,0,0,0,0,0,0,0,0,0,0,0,0
SRR2750695,PRJNA299077,COPD_Exacerbation,0.070607706,0.013820524,0.000499031,0,0.005528784,0,0.082241353,0.000917567,0,0.017958696,0.047303297,0.014606343,0.00387931,0,0,0,0,0,0.00490818,0.000688402,0,0.001079579,0.013886048,0,0,0.001207666,0,0,0.000855867,0,0,0,0,0,0,0,0,0,0,0,0,0,0,0,0,0,0,0,0,0,0,0,0,0,0,0,0,0,0,0,0,0,0,0,0,0,0,0,0,0,0,0,0,0,0,0,0,0,0,0,0,0,0,0,0,0,0,0,0,0,0,0,0,0,0,0,0,0,0,0,0,0,0,0,0,0,0,0,0,0,0,0,0,0,0,0,0,0,0,0,0,0,0,0,0,0,0,0,0,0,0,0,0,0,0,0,0,0,0,0,0,0,0,0,0,0,0,0,0,0,0,0,0,0,0,0,0,0,0,0,0,0,0,0,0,0,0,0,0,0,0,0,0,0,0,0,0,0,0,0,0,0,0,0,0,0,0,0,0,0,0,0,0,0,0,0,0,0,0,0,0,0,0,0,0,0,0,0,0,0,0,0,0,0,0,0,0,0,0,0,0,0,0,0,0,0,0,0,0,0,0,0,0,0,0,0,0,0,0,0,0,0,0,0,0,0,0,0,0,0,0,0,0,0,0,0,0,0,0,0,0,0,0,0,0,0,0,0,0,0,0,0
SRR2750697,PRJNA299077,COPD_Stable,0.114539447,0.007880345,0.000628549,0,0.049690694,0,0.34102245,0.064592514,0,0.006602941,0.030562721,0.024256102,0.000910093,0,0,0,0,0,0.004391576,0.011237649,0.000511453,0.001092576,0.015095156,0.026086912,0,0.001431964,0,0.001715888,0,0,0,0,0,0,0.000440387,0,0,0.000378225,0,0,0,0,0,0,0,0,0,0,0,0,0,0,0,0,0,0,0,0,0,0,0,0,0,0,0,0,0,0,0,0,0,0,0,0,0,0,0,0,0,0,0,0,0,0,0,0,0,0,0,0,0,0,0,0,0,0,0,0,0,0,0,0,0,0,0,0,0,0,0,0,0,0,0,0,0,0,0,0,0,0,0,0,0,0,0,0,0,0,0,0,0,0,0,0,0,0,0,0,0,0,0,0,0,0,0,0,0,0,0,0,0,0,0,0,0,0,0,0,0,0,0,0,0,0,0,0,0,0,0,0,0,0,0,0,0,0,0,0,0,0,0,0,0,0,0,0,0,0,0,0,0,0,0,0,0,0,0,0,0,0,0,0,0,0,0,0,0,0,0,0,0,0,0,0,0,0,0,0,0,0,0,0,0,0,0,0,0,0,0,0,0,0,0,0,0,0,0,0,0,0,0,0,0,0,0,0,0,0,0,0,0,0,0,0,0,0,0,0,0,0,0,0,0,0,0,0,0,0,0,0,0,0
SRR2750698,PRJNA299077,COPD_Exacerbation,0.230678867,0.022105241,0.000101558,0,0.008593394,0,0.275953941,0.007078482,0,0.039963461,0.025310022,0.016822027,0.013594828,0,0,0,0,0,0.002226037,0,0,0,0.011615637,0.004717275,0,0,0,0,0,0,0,0,0,0,0,0,0,0,0,0,0,0,0,0,0,0,0,0,0,0,0,0,0,0,0,0,0,0,0,0,0,0,0,0,0,0,0,0,0,0,0,0,0,0,0,0,0,0,0,0,0,0,0,0,0,0,0,0,0,0,0,0,0,0,0,0,0,0,0,0,0,0,0,0,0,0,0,0,0,0,0,0,0,0,0,0,0,0,0,0,0,0,0,0,0,0,0,0,0,0,0,0,0,0,0,0,0,0,0,0,0,0,0,0,0,0,0,0,0,0,0,0,0,0,0,0,0,0,0,0,0,0,0,0,0,0,0,0,0,0,0,0,0,0,0,0,0,0,0,0,0,0,0,0,0,0,0,0,0,0,0,0,0,0,0,0,0,0,0,0,0,0,0,0,0,0,0,0,0,0,0,0,0,0,0,0,0,0,0,0,0,0,0,0,0,0,0,0,0,0,0,0,0,0,0,0,0,0,0,0,0,0,0,0,0,0,0,0,0,0,0,0,0,0,0,0,0,0,0,0,0,0,0,0,0,0,0,0,0,0,0,0
SRR2750700,PRJNA299077,COPD_Stable,0.260271901,0.037526545,0,0,0.029294696,0,0.224242324,0.021534832,0,0.038035928,0.011081522,0.00969478,0.069168445,0,0,0,0,0,0.000921577,0.015515505,0,0.004585055,0.026093138,0,0,0,0,0,0,0.001362808,0,0,0,0,0,0,0.00075323,0,0.000960186,0,0,0,0,0,0,0,0,0,0,0,0,0,0,0,0,0,0,0,0,0,0,0,0,0,0,0,0,0,0,0,0,0,0,0,0,0,0,0,0,0,0,0,0,0,0,0,0,0,0,0,0,0,0,0,0,0,0,0,0,0,0,0,0,0,0,0,0,0,0,0,0,0,0,0,0,0,0,0,0,0,0,0,0,0,0,0,0,0,0,0,0,0,0,0,0,0,0,0,0,0,0,0,0,0,0,0,0,0,0,0,0,0,0,0,0,0,0,0,0,0,0,0,0,0,0,0,0,0,0,0,0,0,0,0,0,0,0,0,0,0,0,0,0,0,0,0,0,0,0,0,0,0,0,0,0,0,0,0,0,0,0,0,0,0,0,0,0,0,0,0,0,0,0,0,0,0,0,0,0,0,0,0,0,0,0,0,0,0,0,0,0,0,0,0,0,0,0,0,0,0,0,0,0,0,0,0,0,0,0,0,0,0,0,0,0,0,0,0,0,0,0,0,0,0,0,0,0,0,0,0,0,0
SRR2750701,PRJNA299077,COPD_Exacerbation,0.266609377,0.026129907,0,0,0.026394279,0,0.377243164,0.020421226,0,0.064201496,0.000660467,0.005234448,0.008466107,0,0,0,0,0,0,0.111452169,0,0.00392089,0.007421675,0.000981076,0,0,0,0.000757933,0,0.000875568,0,0,0,0,0,0.000509487,0.000224465,0,0,0,0,0,0,0,0,0,0,0,0,0,0,0,0,0,0,0,0,0,0,0,0,0,0,0,0,0,0,0,0,0,0,0,0,0,0,0,0,0,0,0,0,0,0,0,0,0,0,0,0,0,0,0,0,0,0,0,0,0,0,0,0,0,0,0,0,0,0,0,0,0,0,0,0,0,0,0,0,0,0,0,0,0,0,0,0,0,0,0,0,0,0,0,0,0,0,0,0,0,0,0,0,0,0,0,0,0,0,0,0,0,0,0,0,0,0,0,0,0,0,0,0,0,0,0,0,0,0,0,0,0,0,0,0,0,0,0,0,0,0,0,0,0,0,0,0,0,0,0,0,0,0,0,0,0,0,0,0,0,0,0,0,0,0,0,0,0,0,0,0,0,0,0,0,0,0,0,0,0,0,0,0,0,0,0,0,0,0,0,0,0,0,0,0,0,0,0,0,0,0,0,0,0,0,0,0,0,0,0,0,0,0,0,0,0,0,0,0,0,0,0,0,0,0,0,0,0,0,0,0,0,0,0
SRR2750703,PRJNA299077,COPD_Stable,0.146924306,0.019301772,0,0,0,0,0.242761598,0.058029796,0,0.016485258,0.003543445,0.017060797,0.014620632,0,0,0,0.000719404,0,0,0.035720496,0,0.007367502,0.028997593,0,0,0,0,0.001604672,0.002189323,0.005497845,0,0.004459471,0,0,0,0.001241051,0,0,0,0,0,0,0,0,0,0,0,0,0,0,0,0,0,0,0,0,0,0,0,0,0,0,0,0,0,0,0,0,0,0,0,0,0,0,0,0,0,0,0,0,0,0,0,0,0,0,0,0,0,0,0,0,0,0,0,0,0,0,0,0,0,0,0,0,0,0,0,0,0,0,0,0,0,0,0,0,0,0,0,0,0,0,0,0,0,0,0,0,0,0,0,0,0,0,0,0,0,0,0,0,0,0,0,0,0,0,0,0,0,0,0,0,0,0,0,0,0,0,0,0,0,0,0,0,0,0,0,0,0,0,0,0,0,0,0,0,0,0,0,0,0,0,0,0,0,0,0,0,0,0,0,0,0,0,0,0,0,0,0,0,0,0,0,0,0,0,0,0,0,0,0,0,0,0,0,0,0,0,0,0,0,0,0,0,0,0,0,0,0,0,0,0,0,0,0,0,0,0,0,0,0,0,0,0,0,0,0,0,0,0,0,0,0,0,0,0,0,0,0,0,0,0,0,0,0,0,0,0,0,0,0,0
SRR2750704,PRJNA299077,COPD_Exacerbation,0.101319302,0.008802408,0.00046247,0,0,0,0.21893117,0.033656532,0,0.009643578,0.005051715,0.010030234,0.011488964,0,0,0,0,0,0,0.018683274,0,0.007658719,0.054245037,0,0,0.008937794,0,0.003757329,0.003749059,0.001058797,0,0.013563611,0,0,0,0.000308856,0,0,0,0,0,0,0,0,0,0,0,0,0,0,0,0,0,0,0,0,0,0,0,0,0,0,0,0,0,0,0,0,0,0,0,0,0,0,0,0,0,0,0,0,0,0,0,0,0,0,0,0,0,0,0,0,0,0,0,0,0,0,0,0,0,0,0,0,0,0,0,0,0,0,0,0,0,0,0,0,0,0,0,0,0,0,0,0,0,0,0,0,0,0,0,0,0,0,0,0,0,0,0,0,0,0,0,0,0,0,0,0,0,0,0,0,0,0,0,0,0,0,0,0,0,0,0,0,0,0,0,0,0,0,0,0,0,0,0,0,0,0,0,0,0,0,0,0,0,0,0,0,0,0,0,0,0,0,0,0,0,0,0,0,0,0,0,0,0,0,0,0,0,0,0,0,0,0,0,0,0,0,0,0,0,0,0,0,0,0,0,0,0,0,0,0,0,0,0,0,0,0,0,0,0,0,0,0,0,0,0,0,0,0,0,0,0,0,0,0,0,0,0,0,0,0,0,0,0,0,0,0,0,0,0,0
SRR2750706,PRJNA299077,COPD_Stable,0.04902234,0.008288788,0,0,0,0,0.559094237,0.000855546,0,0.005192904,0,0.002281928,0.008137319,0,0,0.001246766,0,0,0,0.000802698,0,9.10E-05,0.000269168,0,0,0,0,0,0,0,0,0,0,0,0,0,0,0,0,0,0,0,0,0,0,0,0,0,0,0,0,0,0,0,0,0,0,0,0,0,0,0,0,0,0,0,0,0,0,0,0,0,0,0,0,0,0,0,0,0,0,0,0,0,0,0,0,0,0,0,0,0,0,0,0,0,0,0,0,0,0,0,0,0,0,0,0,0,0,0,0,0,0,0,0,0,0,0,0,0,0,0,0,0,0,0,0,0,0,0,0,0,0,0,0,0,0,0,0,0,0,0,0,0,0,0,0,0,0,0,0,0,0,0,0,0,0,0,0,0,0,0,0,0,0,0,0,0,0,0,0,0,0,0,0,0,0,0,0,0,0,0,0,0,0,0,0,0,0,0,0,0,0,0,0,0,0,0,0,0,0,0,0,0,0,0,0,0,0,0,0,0,0,0,0,0,0,0,0,0,0,0,0,0,0,0,0,0,0,0,0,0,0,0,0,0,0,0,0,0,0,0,0,0,0,0,0,0,0,0,0,0,0,0,0,0,0,0,0,0,0,0,0,0,0,0,0,0,0,0,0,0
SRR2750707,PRJNA299077,COPD_Exacerbation,0.524710695,0.005977653,0.000865692,0.099075456,0,0,0.181197413,0.024259073,0,0.033984322,0,0,0.003792034,0,0,0.00067785,0,0,0,0,0.002921947,0,0,0,0,0,0.004071332,0,0,0,0,0,0,0,0,0,0,0,0,0,0,0,0,0,0,0,0,0,0,0,0,0,0,0,0,0,0,0,0,0,0,0,0,0,0,0,0,0,0,0,0,0,0,0,0,0,0,0,0,0,0,0,0,0,0,0,0,0,0,0,0,0,0,0,0,0,0,0,0,0,0,0,0,0,0,0,0,0,0,0,0,0,0,0,0,0,0,0,0,0,0,0,0,0,0,0,0,0,0,0,0,0,0,0,0,0,0,0,0,0,0,0,0,0,0,0,0,0,0,0,0,0,0,0,0,0,0,0,0,0,0,0,0,0,0,0,0,0,0,0,0,0,0,0,0,0,0,0,0,0,0,0,0,0,0,0,0,0,0,0,0,0,0,0,0,0,0,0,0,0,0,0,0,0,0,0,0,0,0,0,0,0,0,0,0,0,0,0,0,0,0,0,0,0,0,0,0,0,0,0,0,0,0,0,0,0,0,0,0,0,0,0,0,0,0,0,0,0,0,0,0,0,0,0,0,0,0,0,0,0,0,0,0,0,0,0,0,0,0,0,0,0
SRR2750709,PRJNA299077,COPD_Stable,0.096440766,0,8.50E-05,0.666542197,0,0,0.007156273,0,0,0,0,0,7.75E-05,0,0,0,0,0,0,0,0.000264358,0,0,0,0,0,0.041811827,0,0,0,0.014476096,0,0,0.008376059,0,0,0,0,0,0,0,0,0,0,0,0,0,0,0,0,0,0,0,0,0,0,0,0,0,0,0,0,0,0,0,0,0,0,0,0,0,0,0,0,0,0,0,0,0,0,0,0,0,0,0,0,0,0,0,0,0,0,0,0,0,0,0,0,0,0,0,0,0,0,0,0,0,0,0,0,0,0,0,0,0,0,0,0,0,0,0,0,0,0,0,0,0,0,0,0,0,0,0,0,0,0,0,0,0,0,0,0,0,0,0,0,0,0,0,0,0,0,0,0,0,0,0,0,0,0,0,0,0,0,0,0,0,0,0,0,0,0,0,0,0,0,0,0,0,0,0,0,0,0,0,0,0,0,0,0,0,0,0,0,0,0,0,0,0,0,0,0,0,0,0,0,0,0,0,0,0,0,0,0,0,0,0,0,0,0,0,0,0,0,0,0,0,0,0,0,0,0,0,0,0,0,0,0,0,0,0,0,0,0,0,0,0,0,0,0,0,0,0,0,0,0,0,0,0,0,0,0,0,0,0,0,0,0,0,0,0,0
SRR2750710,PRJNA299077,COPD_Exacerbation,0.09477898,0.003042773,0,0,0.032069388,0,0.262564891,0.058988439,0,0.028071429,0,0,0.019906614,0,0,0.000585773,0,0,0,0,0.001936115,0,0,0,0,0,0,0,0.001334286,0,0,0,0,0,0,0,0,0,0,0,0,0,0,0,0,0,0,0,0,0,0,0,0,0,0,0,0,0,0,0,0,0,0,0,0,0,0,0,0,0,0,0,0,0,0,0,0,0,0,0,0,0,0,0,0,0,0,0,0,0,0,0,0,0,0,0,0,0,0,0,0,0,0,0,0,0,0,0,0,0,0,0,0,0,0,0,0,0,0,0,0,0,0,0,0,0,0,0,0,0,0,0,0,0,0,0,0,0,0,0,0,0,0,0,0,0,0,0,0,0,0,0,0,0,0,0,0,0,0,0,0,0,0,0,0,0,0,0,0,0,0,0,0,0,0,0,0,0,0,0,0,0,0,0,0,0,0,0,0,0,0,0,0,0,0,0,0,0,0,0,0,0,0,0,0,0,0,0,0,0,0,0,0,0,0,0,0,0,0,0,0,0,0,0,0,0,0,0,0,0,0,0,0,0,0,0,0,0,0,0,0,0,0,0,0,0,0,0,0,0,0,0,0,0,0,0,0,0,0,0,0,0,0,0,0,0,0,0,0,0,0,0
SRR2750712,PRJNA299077,COPD_Stable,0.113251394,0.000575668,0.001346733,0.001465934,0,0,0.049665686,0.005160648,0,0.033568889,0,0,0.000470798,0,0,0,0,0,0,0.000545116,0.077900724,0.000183102,0,0,0.00019546,0,0.000278639,0,0,0,0,0,0,0,0.001693152,0,0,0,0,0,0.000644516,0,0,0,0,0,0,0,0,0,0,0,0,0,0,0,0,0,0,0,0,0,0,0,0,0,0,0,0,0,0,0,0,0,0,0,0,0,0,0,0,0,0,0,0,0,0,0,0,0,0,0,0,0,0,0,0,0,0,0,0,0,0,0,0,0,0,0,0,0,0,0,0,0,0,0,0,0,0,0,0,0,0,0,0,0,0,0,0,0,0,0,0,0,0,0,0,0,0,0,0,0,0,0,0,0,0,0,0,0,0,0,0,0,0,0,0,0,0,0,0,0,0,0,0,0,0,0,0,0,0,0,0,0,0,0,0,0,0,0,0,0,0,0,0,0,0,0,0,0,0,0,0,0,0,0,0,0,0,0,0,0,0,0,0,0,0,0,0,0,0,0,0,0,0,0,0,0,0,0,0,0,0,0,0,0,0,0,0,0,0,0,0,0,0,0,0,0,0,0,0,0,0,0,0,0,0,0,0,0,0,0,0,0,0,0,0,0,0,0,0,0,0,0,0,0,0,0,0,0,0,0
SRR2750713,PRJNA299077,COPD_Exacerbation,0.386768878,0.010924739,0.000306222,0.000596408,0,0,0.320934598,0.0468976,0,0.052991506,0,0,0.005741883,0,0,0.000698447,0.000239838,0,0,0,0.00511223,0.00030822,0.005150962,0,0,0,0,0,0.000528096,0,0,0,0,0,0,0,0,0,0,0,0,0,0,0,0,0,0,0,0,0,0,0,0,0,0,0,0,0,0,0,0,0,0,0,0,0,0,0,0,0,0,0,0,0,0,0,0,0,0,0,0,0,0,0,0,0,0,0,0,0,0,0,0,0,0,0,0,0,0,0,0,0,0,0,0,0,0,0,0,0,0,0,0,0,0,0,0,0,0,0,0,0,0,0,0,0,0,0,0,0,0,0,0,0,0,0,0,0,0,0,0,0,0,0,0,0,0,0,0,0,0,0,0,0,0,0,0,0,0,0,0,0,0,0,0,0,0,0,0,0,0,0,0,0,0,0,0,0,0,0,0,0,0,0,0,0,0,0,0,0,0,0,0,0,0,0,0,0,0,0,0,0,0,0,0,0,0,0,0,0,0,0,0,0,0,0,0,0,0,0,0,0,0,0,0,0,0,0,0,0,0,0,0,0,0,0,0,0,0,0,0,0,0,0,0,0,0,0,0,0,0,0,0,0,0,0,0,0,0,0,0,0,0,0,0,0,0,0,0,0,0,0
SRR2750715,PRJNA299077,COPD_Stable,0.073267062,0.003690021,0,0,0.057009695,0,0.10921934,0.025985931,0,0.010534965,0,0,0,0,0,0,0.000617818,0,0,0,0.002494052,0,0.001085612,0,0,0,0,0,0.00083954,0,0,0,0,0,0,0,0,0,0,0,0,0,0,0,0,0,0,0,0,0,0,0,0,0,0,0,0,0,0,0,0,0,0,0,0,0,0,0,0,0,0,0,0,0,0,0,0,0,0,0,0,0,0,0,0,0,0,0,0,0,0,0,0,0,0,0,0,0,0,0,0,0,0,0,0,0,0,0,0,0,0,0,0,0,0,0,0,0,0,0,0,0,0,0,0,0,0,0,0,0,0,0,0,0,0,0,0,0,0,0,0,0,0,0,0,0,0,0,0,0,0,0,0,0,0,0,0,0,0,0,0,0,0,0,0,0,0,0,0,0,0,0,0,0,0,0,0,0,0,0,0,0,0,0,0,0,0,0,0,0,0,0,0,0,0,0,0,0,0,0,0,0,0,0,0,0,0,0,0,0,0,0,0,0,0,0,0,0,0,0,0,0,0,0,0,0,0,0,0,0,0,0,0,0,0,0,0,0,0,0,0,0,0,0,0,0,0,0,0,0,0,0,0,0,0,0,0,0,0,0,0,0,0,0,0,0,0,0,0,0,0,0
SRR2750716,PRJNA299077,COPD_Exacerbation,0.263767593,0.036456582,0.46887959,0,0.0094681,0,0.067080521,0.00199967,0,0.049850967,0,0.002565634,0.007229757,0,0,0,0,0,0,0.001621238,0,0.001218987,0,0,0,0,0,0,0,0,0,0,0,0,0,0,0,0.000318614,0,0,0,0,0,0,0,0,0,0,0,0,0,0,0,0,0,0,0,0,0,0,0,0,0,0,0,0,0,0,0,0,0,0,0,0,0,0,0,0,0,0,0,0,0,0,0,0,0,0,0,0,0,0,0,0,0,0,0,0,0,0,0,0,0,0,0,0,0,0,0,0,0,0,0,0,0,0,0,0,0,0,0,0,0,0,0,0,0,0,0,0,0,0,0,0,0,0,0,0,0,0,0,0,0,0,0,0,0,0,0,0,0,0,0,0,0,0,0,0,0,0,0,0,0,0,0,0,0,0,0,0,0,0,0,0,0,0,0,0,0,0,0,0,0,0,0,0,0,0,0,0,0,0,0,0,0,0,0,0,0,0,0,0,0,0,0,0,0,0,0,0,0,0,0,0,0,0,0,0,0,0,0,0,0,0,0,0,0,0,0,0,0,0,0,0,0,0,0,0,0,0,0,0,0,0,0,0,0,0,0,0,0,0,0,0,0,0,0,0,0,0,0,0,0,0,0,0,0,0,0,0,0,0
SRR2750718,PRJNA299077,COPD_Stable,0.241278097,0.021729636,0.037211628,0,0.052304693,0,0.304253481,0.027773162,0,0.020082544,0.003662069,0,0.01090841,0,0,0.000734973,0.000592532,0,0,0.006061608,0,0,0.016430275,0.0054825,0,0,0,0.000371765,0.001027898,0,0,0,0,0,0,0,0,0.000281632,0,0,0,0,0,0,0,0,0,0,0,0,0,0,0,0,0,0,0,0,0,0,0,0,0,0,0,0,0,0,0,0,0,0,0,0,0,0,0,0,0,0,0,0,0,0,0,0,0,0,0,0,0,0,0,0,0,0,0,0,0,0,0,0,0,0,0,0,0,0,0,0,0,0,0,0,0,0,0,0,0,0,0,0,0,0,0,0,0,0,0,0,0,0,0,0,0,0,0,0,0,0,0,0,0,0,0,0,0,0,0,0,0,0,0,0,0,0,0,0,0,0,0,0,0,0,0,0,0,0,0,0,0,0,0,0,0,0,0,0,0,0,0,0,0,0,0,0,0,0,0,0,0,0,0,0,0,0,0,0,0,0,0,0,0,0,0,0,0,0,0,0,0,0,0,0,0,0,0,0,0,0,0,0,0,0,0,0,0,0,0,0,0,0,0,0,0,0,0,0,0,0,0,0,0,0,0,0,0,0,0,0,0,0,0,0,0,0,0,0,0,0,0,0,0,0,0,0,0,0,0,0,0,0
SRR2750719,PRJNA299077,COPD_Exacerbation,0.231699776,0.028500778,0,0,0.018984911,0,0.247887767,0.079729565,0,0.022477053,0.004825187,0.004250734,0.005521347,0,0,0.000735964,0,0,0,0.002260641,0,0.000641194,0.002449697,0,0,0.003298824,0,0,0,0,0,0,0,0,0,0,0,0,0,0.000966055,0,0,0,0,0,0,0,0,0,0,0,0,0,0,0,0,0,0,0,0,0,0,0,0,0,0,0,0,0,0,0,0,0,0,0,0,0,0,0,0,0,0,0,0,0,0,0,0,0,0,0,0,0,0,0,0,0,0,0,0,0,0,0,0,0,0,0,0,0,0,0,0,0,0,0,0,0,0,0,0,0,0,0,0,0,0,0,0,0,0,0,0,0,0,0,0,0,0,0,0,0,0,0,0,0,0,0,0,0,0,0,0,0,0,0,0,0,0,0,0,0,0,0,0,0,0,0,0,0,0,0,0,0,0,0,0,0,0,0,0,0,0,0,0,0,0,0,0,0,0,0,0,0,0,0,0,0,0,0,0,0,0,0,0,0,0,0,0,0,0,0,0,0,0,0,0,0,0,0,0,0,0,0,0,0,0,0,0,0,0,0,0,0,0,0,0,0,0,0,0,0,0,0,0,0,0,0,0,0,0,0,0,0,0,0,0,0,0,0,0,0,0,0,0,0,0,0,0,0,0,0,0
SRR2750721,PRJNA299077,COPD_Stable,0.458542302,0.001513025,0,0,0,0,0.315059444,0.050361972,0,0.040704232,0,0,0,0,0,0.000341109,0,0,0,0,0,0,0,0,0,0,0,0,0,0,0,0,0,0,0,0,0,0,0,0,0,0,0,0,0,0,0,0,0,0,0,0,0,0,0,0,0,0,0,0,0,0,0,0,0,0,0,0,0,0,0,0,0,0,0,0,0,0,0,0,0,0,0,0,0,0,0,0,0,0,0,0,0,0,0,0,0,0,0,0,0,0,0,0,0,0,0,0,0,0,0,0,0,0,0,0,0,0,0,0,0,0,0,0,0,0,0,0,0,0,0,0,0,0,0,0,0,0,0,0,0,0,0,0,0,0,0,0,0,0,0,0,0,0,0,0,0,0,0,0,0,0,0,0,0,0,0,0,0,0,0,0,0,0,0,0,0,0,0,0,0,0,0,0,0,0,0,0,0,0,0,0,0,0,0,0,0,0,0,0,0,0,0,0,0,0,0,0,0,0,0,0,0,0,0,0,0,0,0,0,0,0,0,0,0,0,0,0,0,0,0,0,0,0,0,0,0,0,0,0,0,0,0,0,0,0,0,0,0,0,0,0,0,0,0,0,0,0,0,0,0,0,0,0,0,0,0,0,0,0,0,0
SRR2750722,PRJNA299077,COPD_Exacerbation,0.553043312,0.002252214,0,0,0,0,0.235612124,0.02285181,0,0.083381939,0,0,0,0,0,0,0,0,0,0,0,0,0,0,0,0,0,0,0,0,0,0,0,0,0,0,0,0,0,0,0,0,0,0,0,0,0,0,0,0,0,0,0,0,0,0,0,0,0,0,0,0,0,0,0,0,0,0,0,0,0,0,0,0,0,0,0,0,0,0,0,0,0,0,0,0,0,0,0,0,0,0,0,0,0,0,0,0,0,0,0,0,0,0,0,0,0,0,0,0,0,0,0,0,0,0,0,0,0,0,0,0,0,0,0,0,0,0,0,0,0,0,0,0,0,0,0,0,0,0,0,0,0,0,0,0,0,0,0,0,0,0,0,0,0,0,0,0,0,0,0,0,0,0,0,0,0,0,0,0,0,0,0,0,0,0,0,0,0,0,0,0,0,0,0,0,0,0,0,0,0,0,0,0,0,0,0,0,0,0,0,0,0,0,0,0,0,0,0,0,0,0,0,0,0,0,0,0,0,0,0,0,0,0,0,0,0,0,0,0,0,0,0,0,0,0,0,0,0,0,0,0,0,0,0,0,0,0,0,0,0,0,0,0,0,0,0,0,0,0,0,0,0,0,0,0,0,0,0,0,0,0
SRR2750725,PRJNA299077,COPD_Stable,0.330915243,0.00664789,0,0,0,0,0.147796905,0.012511049,0,0.024103935,0.010270269,0.00355368,0.013975883,0,0,0,0.000659439,0.013622909,0,0,0,0,0,0,0,0,0,0,0.002013686,0.000469414,0,0,0.000403373,0,0,0,0,0,0,0,0,0,0,0,0,0,0,0,0,0,0,0,0,0,0,0,0,0,0,0,0,0,0,0,0,0,0,0,0,0,0,0,0,0,0,0,0,0,0,0,0,0,0,0,0,0,0,0,0,0,0,0,0,0,0,0,0,0,0,0,0,0,0,0,0,0,0,0,0,0,0,0,0,0,0,0,0,0,0,0,0,0,0,0,0,0,0,0,0,0,0,0,0,0,0,0,0,0,0,0,0,0,0,0,0,0,0,0,0,0,0,0,0,0,0,0,0,0,0,0,0,0,0,0,0,0,0,0,0,0,0,0,0,0,0,0,0,0,0,0,0,0,0,0,0,0,0,0,0,0,0,0,0,0,0,0,0,0,0,0,0,0,0,0,0,0,0,0,0,0,0,0,0,0,0,0,0,0,0,0,0,0,0,0,0,0,0,0,0,0,0,0,0,0,0,0,0,0,0,0,0,0,0,0,0,0,0,0,0,0,0,0,0,0,0,0,0,0,0,0,0,0,0,0,0,0,0,0,0,0,0,0
SRR2750726,PRJNA299077,COPD_Exacerbation,0.49898183,0.001259703,0,0,0,0,0.224218607,0.031234014,0,0.064021045,0.008485558,0.000890036,0.011558742,0,0,0,0.00076015,0.002935356,0,0,0.000190034,0,0.016230806,0,0,0,0,0,0.000834727,0.001289865,0,0,0,0,0,0,0,0,0,0,0,0,0,0,0,0,0,0,0,0,0,0,0,0,0,0,0,0,0,0,0,0,0,0,0,0,0,0,0,0,0,0,0,0,0,0,0,0,0,0,0,0,0,0,0,0,0,0,0,0,0,0,0,0,0,0,0,0,0,0,0,0,0,0,0,0,0,0,0,0,0,0,0,0,0,0,0,0,0,0,0,0,0,0,0,0,0,0,0,0,0,0,0,0,0,0,0,0,0,0,0,0,0,0,0,0,0,0,0,0,0,0,0,0,0,0,0,0,0,0,0,0,0,0,0,0,0,0,0,0,0,0,0,0,0,0,0,0,0,0,0,0,0,0,0,0,0,0,0,0,0,0,0,0,0,0,0,0,0,0,0,0,0,0,0,0,0,0,0,0,0,0,0,0,0,0,0,0,0,0,0,0,0,0,0,0,0,0,0,0,0,0,0,0,0,0,0,0,0,0,0,0,0,0,0,0,0,0,0,0,0,0,0,0,0,0,0,0,0,0,0,0,0,0,0,0,0,0,0,0,0,0
SRR2750728,PRJNA299077,COPD_Stable,0.004678539,0.000306267,0,0,0,0,0.004202748,0.00129871,0,0,0,0,0.000169934,0,0,0,0,0,0,0,0,0,0,0,0,0,0,0,0,0,0,0,0,0,0,0,0,0,0,0,0,0,0,0,0,0,0,0,0,0,0,0,0,0,0,0,0,0,0,0,0,0,0,0,0,0,0,0,0,0,0,0,0,0,0,0,0,0,0,0,0,0,0,0,0,0,0,0,0,0,0,0,0,0,0,0,0,0,0,0,0,0,0,0,0,0,0,0,0,0,0,0,0,0,0,0,0,0,0,0,0,0,0,0,0,0,0,0,0,0,0,0,0,0,0,0,0,0,0,0,0,0,0,0,0,0,0,0,0,0,0,0,0,0,0,0,0,0,0,0,0,0,0,0,0,0,0,0,0,0,0,0,0,0,0,0,0,0,0,0,0,0,0,0,0,0,0,0,0,0,0,0,0,0,0,0,0,0,0,0,0,0,0,0,0,0,0,0,0,0,0,0,0,0,0,0,0,0,0,0,0,0,0,0,0,0,0,0,0,0,0,0,0,0,0,0,0,0,0,0,0,0,0,0,0,0,0,0,0,0,0,0,0,0,0,0,0,0,0,0,0,0,0,0,0,0,0,0,0,0,0,0
SRR2750729,PRJNA299077,COPD_Exacerbation,0.387081165,0.009052894,0.000383467,0,0.087282005,0,0.298197885,0.002233553,0,0.022351607,0,0,0.014996777,0,0,0,0.000918925,0,0,0,0.000851825,0,0.00335122,0,0,0,0,0,0.001206992,0,0,0,0,0,0,0,0,0,0.001146161,0,0,0,0,0,0,0,0,0,0,0,0,0,0,0,0,0,0,0,0,0,0,0,0,0,0,0,0,0,0,0,0,0,0,0,0,0,0,0,0,0,0,0,0,0,0,0,0,0,0,0,0,0,0,0,0,0,0,0,0,0,0,0,0,0,0,0,0,0,0,0,0,0,0,0,0,0,0,0,0,0,0,0,0,0,0,0,0,0,0,0,0,0,0,0,0,0,0,0,0,0,0,0,0,0,0,0,0,0,0,0,0,0,0,0,0,0,0,0,0,0,0,0,0,0,0,0,0,0,0,0,0,0,0,0,0,0,0,0,0,0,0,0,0,0,0,0,0,0,0,0,0,0,0,0,0,0,0,0,0,0,0,0,0,0,0,0,0,0,0,0,0,0,0,0,0,0,0,0,0,0,0,0,0,0,0,0,0,0,0,0,0,0,0,0,0,0,0,0,0,0,0,0,0,0,0,0,0,0,0,0,0,0,0,0,0,0,0,0,0,0,0,0,0,0,0,0,0,0,0,0,0,0
SRR2750731,PRJNA299077,COPD_Stable,0.132706483,0.011273512,0,0.079099266,0,0,0.313330504,0.080337709,0,0.023791952,0.000416295,0.000200239,0.016128825,0,0,0.000881613,0,0,0,0,0,0,0.002398581,0,0,0,0.005484351,0,0.003026731,0,0.002208901,0.004428069,0,0,0,0,0,0,0,0,0,0,0,0,0,0,0,0,0,0,0,0,0,0,0,0,0,0,0,0,0,0,0,0,0,0,0,0,0,0,0,0,0,0,0,0,0,0,0,0,0,0,0,0,0,0,0,0,0,0,0,0,0,0,0,0,0,0,0,0,0,0,0,0,0,0,0,0,0,0,0,0,0,0,0,0,0,0,0,0,0,0,0,0,0,0,0,0,0,0,0,0,0,0,0,0,0,0,0,0,0,0,0,0,0,0,0,0,0,0,0,0,0,0,0,0,0,0,0,0,0,0,0,0,0,0,0,0,0,0,0,0,0,0,0,0,0,0,0,0,0,0,0,0,0,0,0,0,0,0,0,0,0,0,0,0,0,0,0,0,0,0,0,0,0,0,0,0,0,0,0,0,0,0,0,0,0,0,0,0,0,0,0,0,0,0,0,0,0,0,0,0,0,0,0,0,0,0,0,0,0,0,0,0,0,0,0,0,0,0,0,0,0,0,0,0,0,0,0,0,0,0,0,0,0,0,0,0,0,0,0,0
SRR2750732,PRJNA299077,COPD_Exacerbation,0.02309347,0.001480623,0,0.025249799,0.123339951,0,0.028097304,0.009259124,0,0.000769286,0.000198683,0.00304317,0.003906015,0,0,0,0,0,0,0,0,0,0.001047837,0,0,0,0.001609183,0,0,0,0.000299982,0,0,0,0,0,0,0,0,0,0,0,0,0,0,0,0,0,0,0,0,0,0,0,0,0,0,0,0,0,0,0,0,0,0,0,0,0,0,0,0,0,0,0,0,0,0,0,0,0,0,0,0,0,0,0,0,0,0,0,0,0,0,0,0,0,0,0,0,0,0,0,0,0,0,0,0,0,0,0,0,0,0,0,0,0,0,0,0,0,0,0,0,0,0,0,0,0,0,0,0,0,0,0,0,0,0,0,0,0,0,0,0,0,0,0,0,0,0,0,0,0,0,0,0,0,0,0,0,0,0,0,0,0,0,0,0,0,0,0,0,0,0,0,0,0,0,0,0,0,0,0,0,0,0,0,0,0,0,0,0,0,0,0,0,0,0,0,0,0,0,0,0,0,0,0,0,0,0,0,0,0,0,0,0,0,0,0,0,0,0,0,0,0,0,0,0,0,0,0,0,0,0,0,0,0,0,0,0,0,0,0,0,0,0,0,0,0,0,0,0,0,0,0,0,0,0,0,0,0,0,0,0,0,0,0,0,0,0,0,0,0
SRR2750734,PRJNA299077,COPD_Stable,0.328510804,0.004656863,0,0.09336245,0.00282713,0,0.212957748,0.061688039,0,0.012170946,0.003521635,0.002987827,0.011786664,0,0,0.001907346,0,0,0,0,0.004255153,0,0.001029706,0,0,0,0.003527252,0,0,0.002803019,0.001396912,0,0,0.00066526,0,0.000296808,0,0,0,0,0,0,0,0,0,0,0,0,0,0,0,0,0,0,0,0,0,0,0,0,0,0,0,0,0,0,0,0,0,0,0,0,0,0,0,0,0,0,0,0,0,0,0,0,0,0,0,0,0,0,0,0,0,0,0,0,0,0,0,0,0,0,0,0,0,0,0,0,0,0,0,0,0,0,0,0,0,0,0,0,0,0,0,0,0,0,0,0,0,0,0,0,0,0,0,0,0,0,0,0,0,0,0,0,0,0,0,0,0,0,0,0,0,0,0,0,0,0,0,0,0,0,0,0,0,0,0,0,0,0,0,0,0,0,0,0,0,0,0,0,0,0,0,0,0,0,0,0,0,0,0,0,0,0,0,0,0,0,0,0,0,0,0,0,0,0,0,0,0,0,0,0,0,0,0,0,0,0,0,0,0,0,0,0,0,0,0,0,0,0,0,0,0,0,0,0,0,0,0,0,0,0,0,0,0,0,0,0,0,0,0,0,0,0,0,0,0,0,0,0,0,0,0,0,0,0,0,0,0,0,0,0
SRR2750735,PRJNA299077,COPD_Exacerbation,0.131389629,0.013309876,0,0.107383255,0,0,0.267719622,0.191242586,0,0.00742019,0.002716114,0,0.008510901,0,0,0.000212199,0,0,0,0,0,0,0.02639323,0.006829358,0,0,0.004804638,0,0.00283418,0,0.001929766,0.00067514,0,0.001227487,0,0,0,0,0,0,0,0,0,0,0,0,0,0,0,0,0,0,0,0,0,0,0,0,0,0,0,0,0,0,0,0,0,0,0,0,0,0,0,0,0,0,0,0,0,0,0,0,0,0,0,0,0,0,0,0,0,0,0,0,0,0,0,0,0,0,0,0,0,0,0,0,0,0,0,0,0,0,0,0,0,0,0,0,0,0,0,0,0,0,0,0,0,0,0,0,0,0,0,0,0,0,0,0,0,0,0,0,0,0,0,0,0,0,0,0,0,0,0,0,0,0,0,0,0,0,0,0,0,0,0,0,0,0,0,0,0,0,0,0,0,0,0,0,0,0,0,0,0,0,0,0,0,0,0,0,0,0,0,0,0,0,0,0,0,0,0,0,0,0,0,0,0,0,0,0,0,0,0,0,0,0,0,0,0,0,0,0,0,0,0,0,0,0,0,0,0,0,0,0,0,0,0,0,0,0,0,0,0,0,0,0,0,0,0,0,0,0,0,0,0,0,0,0,0,0,0,0,0,0,0,0,0,0,0,0,0,0
SRR2750737,PRJNA299077,COPD_Stable,0.195122588,0.005857761,0,0.00073247,0.005151507,0,0.091443438,0.05020614,0,0.010141397,0.002013487,0,0.005031267,0,0,0.000704584,0,0,0,0.000755414,0,0.000213803,0.005592379,0.000314651,0,0,0,0,0.000532376,0,0,0,0,0,0,0,0,0,0,0,0,0,0,0,0,0,0,0,0,0,0,0,0,0,0,0,0,0,0,0,0,0,0,0,0,0,0,0,0,0,0,0,0,0,0,0,0,0,0,0,0,0,0,0,0,0,0,0,0,0,0,0,0,0,0,0,0,0,0,0,0,0,0,0,0,0,0,0,0,0,0,0,0,0,0,0,0,0,0,0,0,0,0,0,0,0,0,0,0,0,0,0,0,0,0,0,0,0,0,0,0,0,0,0,0,0,0,0,0,0,0,0,0,0,0,0,0,0,0,0,0,0,0,0,0,0,0,0,0,0,0,0,0,0,0,0,0,0,0,0,0,0,0,0,0,0,0,0,0,0,0,0,0,0,0,0,0,0,0,0,0,0,0,0,0,0,0,0,0,0,0,0,0,0,0,0,0,0,0,0,0,0,0,0,0,0,0,0,0,0,0,0,0,0,0,0,0,0,0,0,0,0,0,0,0,0,0,0,0,0,0,0,0,0,0,0,0,0,0,0,0,0,0,0,0,0,0,0,0,0,0,0
SRR2750738,PRJNA299077,COPD_Exacerbation,0.175229993,0.017335375,0.012736458,0,0,0,0.30044943,0.057049353,0,0.00883403,0.007213087,0.007348854,0.010676005,0,0,0,0,0,0,0,0,0,0.027233644,0,0,0,0,0,0,0,0,0,0,0,0,0,0,0,0,0,0,0,0,0,0,0,0,0,0,0,0,0,0,0,0,0,0,0,0,0,0,0,0,0,0,0,0,0,0,0,0,0,0,0,0,0,0,0,0,0,0,0,0,0,0,0,0,0,0,0,0,0,0,0,0,0,0,0,0,0,0,0,0,0,0,0,0,0,0,0,0,0,0,0,0,0,0,0,0,0,0,0,0,0,0,0,0,0,0,0,0,0,0,0,0,0,0,0,0,0,0,0,0,0,0,0,0,0,0,0,0,0,0,0,0,0,0,0,0,0,0,0,0,0,0,0,0,0,0,0,0,0,0,0,0,0,0,0,0,0,0,0,0,0,0,0,0,0,0,0,0,0,0,0,0,0,0,0,0,0,0,0,0,0,0,0,0,0,0,0,0,0,0,0,0,0,0,0,0,0,0,0,0,0,0,0,0,0,0,0,0,0,0,0,0,0,0,0,0,0,0,0,0,0,0,0,0,0,0,0,0,0,0,0,0,0,0,0,0,0,0,0,0,0,0,0,0,0,0,0,0,0
SRR2750740,PRJNA299077,COPD_Stable,0.2710097,0.003570743,0.000714341,0.055904321,0,0,0.084301448,0.005499529,0,0.033722605,0,0,0.023687796,0,0,0,0,0,0,0,0.02135439,0,0,0,0.003064661,0,0.003286525,0,0,0,0,0,0,0,0.063120919,0,0,0,0,0,0,0,0,0,0,0,0,0,0,0,0,0,0,0,0,0,0,0,0,0,0,0,0,0,0,0,0,0,0,0,0,0,0,0,0,0,0,0,0,0,0,0,0,0,0,0,0,0,0,0,0,0,0,0,0,0,0,0,0,0,0,0,0,0,0,0,0,0,0,0,0,0,0,0,0,0,0,0,0,0,0,0,0,0,0,0,0,0,0,0,0,0,0,0,0,0,0,0,0,0,0,0,0,0,0,0,0,0,0,0,0,0,0,0,0,0,0,0,0,0,0,0,0,0,0,0,0,0,0,0,0,0,0,0,0,0,0,0,0,0,0,0,0,0,0,0,0,0,0,0,0,0,0,0,0,0,0,0,0,0,0,0,0,0,0,0,0,0,0,0,0,0,0,0,0,0,0,0,0,0,0,0,0,0,0,0,0,0,0,0,0,0,0,0,0,0,0,0,0,0,0,0,0,0,0,0,0,0,0,0,0,0,0,0,0,0,0,0,0,0,0,0,0,0,0,0,0,0,0,0,0,0
SRR2750741,PRJNA299077,COPD_Exacerbation,0.251834827,0.030981549,0,0.029882733,0,0,0.409421079,0.074339808,0,0.025041446,0,0,0.000273488,0,0,0,0.001015391,0,0,0.003956092,0.005468038,0,0.005071554,0,0.009021007,0.001215896,0,0.000319997,0.001212921,0,0,0,0,0.000182069,0.000793609,0,0,0,0,0,0,0,0,0,0,0,0,0,0,0,0,0,0,0,0,0,0,0,0,0,0,0,0,0,0,0,0,0,0,0,0,0,0,0,0,0,0,0,0,0,0,0,0,0,0,0,0,0,0,0,0,0,0,0,0,0,0,0,0,0,0,0,0,0,0,0,0,0,0,0,0,0,0,0,0,0,0,0,0,0,0,0,0,0,0,0,0,0,0,0,0,0,0,0,0,0,0,0,0,0,0,0,0,0,0,0,0,0,0,0,0,0,0,0,0,0,0,0,0,0,0,0,0,0,0,0,0,0,0,0,0,0,0,0,0,0,0,0,0,0,0,0,0,0,0,0,0,0,0,0,0,0,0,0,0,0,0,0,0,0,0,0,0,0,0,0,0,0,0,0,0,0,0,0,0,0,0,0,0,0,0,0,0,0,0,0,0,0,0,0,0,0,0,0,0,0,0,0,0,0,0,0,0,0,0,0,0,0,0,0,0,0,0,0,0,0,0,0,0,0,0,0,0,0,0,0,0,0,0,0,0,0
SRR2750743,PRJNA299077,COPD_Stable,0.010715159,0.004150435,0,0,0,0,0.04230602,0.010077647,0,0,0,0,0.000789954,0,0,0,0,0,0,0,0,0,0.001793919,0.009103127,0,0,0,0,0,0,0,0,0,0,0,0,0,0,0,0,0,0,0,0,0,0,0,0,0,0,0,0,0,0,0,0,0,0,0,0,0,0,0,0,0,0,0,0,0,0,0,0,0,0,0,0,0,0,0,0,0,0,0,0,0,0,0,0,0,0,0,0,0,0,0,0,0,0,0,0,0,0,0,0,0,0,0,0,0,0,0,0,0,0,0,0,0,0,0,0,0,0,0,0,0,0,0,0,0,0,0,0,0,0,0,0,0,0,0,0,0,0,0,0,0,0,0,0,0,0,0,0,0,0,0,0,0,0,0,0,0,0,0,0,0,0,0,0,0,0,0,0,0,0,0,0,0,0,0,0,0,0,0,0,0,0,0,0,0,0,0,0,0,0,0,0,0,0,0,0,0,0,0,0,0,0,0,0,0,0,0,0,0,0,0,0,0,0,0,0,0,0,0,0,0,0,0,0,0,0,0,0,0,0,0,0,0,0,0,0,0,0,0,0,0,0,0,0,0,0,0,0,0,0,0,0,0,0,0,0,0,0,0,0,0,0,0,0,0,0,0,0
SRR2750744,PRJNA299077,COPD_Exacerbation,0.152487323,0.052954037,0,0,0.010932973,0,0.345199599,0.043460424,0,0.058098779,0.000119841,0.000578834,0.005199042,0,0,0.003514633,0.002015397,0,0.006611619,0.005100251,0,0,0.050942159,0.010617824,0,0,0,0.034703605,0.001835494,0,0,0,0,0,0,0,0.001056748,0,0,0,0.000986858,0,0,0,0,0,0,0,0,0,0,0,0,0,0,0,0,0,0,0,0,0,0,0,0,0,0,0,0,0,0,0,0,0,0,0,0,0,0,0,0,0,0,0,0,0,0,0,0,0,0,0,0,0,0,0,0,0,0,0,0,0,0,0,0,0,0,0,0,0,0,0,0,0,0,0,0,0,0,0,0,0,0,0,0,0,0,0,0,0,0,0,0,0,0,0,0,0,0,0,0,0,0,0,0,0,0,0,0,0,0,0,0,0,0,0,0,0,0,0,0,0,0,0,0,0,0,0,0,0,0,0,0,0,0,0,0,0,0,0,0,0,0,0,0,0,0,0,0,0,0,0,0,0,0,0,0,0,0,0,0,0,0,0,0,0,0,0,0,0,0,0,0,0,0,0,0,0,0,0,0,0,0,0,0,0,0,0,0,0,0,0,0,0,0,0,0,0,0,0,0,0,0,0,0,0,0,0,0,0,0,0,0,0,0,0,0,0,0,0,0,0,0,0,0,0,0,0,0,0,0,0
SRR2750746,PRJNA299077,COPD_Stable,0.03238663,0.002203127,0,0.000597184,0,0,0.047698803,0.02157149,0,0,0.00352245,0.001448787,0.002115036,0,0,0,0.001426285,0,0.000685473,0,0,0,0.006504023,0.002809639,0,0,0,0,0.001126891,0.000294592,0,0,6.10E-05,0,0,0,0,0,0,0,0,0,0,0,0,0,0,0,0,0,0,0,0,0,0,0,0,0,0,0,0,0,0,0,0,0,0,0,0,0,0,0,0,0,0,0,0,0,0,0,0,0,0,0,0,0,0,0,0,0,0,0,0,0,0,0,0,0,0,0,0,0,0,0,0,0,0,0,0,0,0,0,0,0,0,0,0,0,0,0,0,0,0,0,0,0,0,0,0,0,0,0,0,0,0,0,0,0,0,0,0,0,0,0,0,0,0,0,0,0,0,0,0,0,0,0,0,0,0,0,0,0,0,0,0,0,0,0,0,0,0,0,0,0,0,0,0,0,0,0,0,0,0,0,0,0,0,0,0,0,0,0,0,0,0,0,0,0,0,0,0,0,0,0,0,0,0,0,0,0,0,0,0,0,0,0,0,0,0,0,0,0,0,0,0,0,0,0,0,0,0,0,0,0,0,0,0,0,0,0,0,0,0,0,0,0,0,0,0,0,0,0,0,0,0,0,0,0,0,0,0,0,0,0,0,0,0,0,0,0,0,0
SRR2750747,PRJNA299077,COPD_Exacerbation,0.194801531,0.003664803,0.562414964,0,0,0,0.221154395,0.007908348,0,0.004387344,0,0,0.001693059,0,0,0,0.00033433,0,0,0,0,0,0,0,0,0,0,0,0,0.000398591,0,0.000592279,0,0,0,0,0,0,0,0,0,0,0,0,0,0,0,0,0,0,0,0,0,0,0,0,0,0,0,0,0,0,0,0,0,0,0,0,0,0,0,0,0,0,0,0,0,0,0,0,0,0,0,0,0,0,0,0,0,0,0,0,0,0,0,0,0,0,0,0,0,0,0,0,0,0,0,0,0,0,0,0,0,0,0,0,0,0,0,0,0,0,0,0,0,0,0,0,0,0,0,0,0,0,0,0,0,0,0,0,0,0,0,0,0,0,0,0,0,0,0,0,0,0,0,0,0,0,0,0,0,0,0,0,0,0,0,0,0,0,0,0,0,0,0,0,0,0,0,0,0,0,0,0,0,0,0,0,0,0,0,0,0,0,0,0,0,0,0,0,0,0,0,0,0,0,0,0,0,0,0,0,0,0,0,0,0,0,0,0,0,0,0,0,0,0,0,0,0,0,0,0,0,0,0,0,0,0,0,0,0,0,0,0,0,0,0,0,0,0,0,0,0,0,0,0,0,0,0,0,0,0,0,0,0,0,0,0,0,0,0,0
SRR2750749,PRJNA299077,COPD_Stable,0.050805452,0.00748811,0.001496264,0,0.149270185,0,0.188813676,0.025137188,0,0.025636525,0.004436222,0.003626928,0.009554958,0,0,0,0,0,0,0.001982495,0,0.000200729,0.005952505,0,0,0.001330528,0,0,0.002421297,0,0,0,0,0,0,0,0,0,0.001699402,0,0,0,0,0,0,0,0,0,0,0,0,0,0,0,0,0,0,0,0,0,0,0,0,0,0,0,0,0,0,0,0,0,0,0,0,0,0,0,0,0,0,0,0,0,0,0,0,0,0,0,0,0,0,0,0,0,0,0,0,0,0,0,0,0,0,0,0,0,0,0,0,0,0,0,0,0,0,0,0,0,0,0,0,0,0,0,0,0,0,0,0,0,0,0,0,0,0,0,0,0,0,0,0,0,0,0,0,0,0,0,0,0,0,0,0,0,0,0,0,0,0,0,0,0,0,0,0,0,0,0,0,0,0,0,0,0,0,0,0,0,0,0,0,0,0,0,0,0,0,0,0,0,0,0,0,0,0,0,0,0,0,0,0,0,0,0,0,0,0,0,0,0,0,0,0,0,0,0,0,0,0,0,0,0,0,0,0,0,0,0,0,0,0,0,0,0,0,0,0,0,0,0,0,0,0,0,0,0,0,0,0,0,0,0,0,0,0,0,0,0,0,0,0,0,0,0,0,0,0,0,0,0
SRR2750750,PRJNA299077,COPD_Exacerbation,0.273328215,0.018879785,0,0,0.041271975,0,0.217721629,0.003915337,0,0.080183559,0,0.003059665,0.01744839,0,0,0,0,0,0,0.006618003,0,0.00076758,0.001549536,0,0,0.000676348,0,0,0,0,0,0,0,0,0,0,0,0,0,0,0,0,0,0,0,0,0,0,0,0,0,0,0,0,0,0,0,0,0,0,0,0,0,0,0,0,0,0,0,0,0,0,0,0,0,0,0,0,0,0,0,0,0,0,0,0,0,0,0,0,0,0,0,0,0,0,0,0,0,0,0,0,0,0,0,0,0,0,0,0,0,0,0,0,0,0,0,0,0,0,0,0,0,0,0,0,0,0,0,0,0,0,0,0,0,0,0,0,0,0,0,0,0,0,0,0,0,0,0,0,0,0,0,0,0,0,0,0,0,0,0,0,0,0,0,0,0,0,0,0,0,0,0,0,0,0,0,0,0,0,0,0,0,0,0,0,0,0,0,0,0,0,0,0,0,0,0,0,0,0,0,0,0,0,0,0,0,0,0,0,0,0,0,0,0,0,0,0,0,0,0,0,0,0,0,0,0,0,0,0,0,0,0,0,0,0,0,0,0,0,0,0,0,0,0,0,0,0,0,0,0,0,0,0,0,0,0,0,0,0,0,0,0,0,0,0,0,0,0,0,0,0
SRR2750752,PRJNA299077,COPD_Stable,0.778963254,0.046637423,0,0,0.001344111,0,0.038009771,0.001788284,0,0.014064653,0.00302017,0.018844833,0.006642945,0,0,0.001168607,0,0,0,0,0,0.000783519,0,0,0,0,0,0,0,0.000407977,0,0.000427374,0,0,0,0,0,0.002143275,0,0,0,0,0,0,0,0,0,0,0,0,0,0,0,0,0,0,0,0,0,0,0,0,0,0,0,0,0,0,0,0,0,0,0,0,0,0,0,0,0,0,0,0,0,0,0,0,0,0,0,0,0,0,0,0,0,0,0,0,0,0,0,0,0,0,0,0,0,0,0,0,0,0,0,0,0,0,0,0,0,0,0,0,0,0,0,0,0,0,0,0,0,0,0,0,0,0,0,0,0,0,0,0,0,0,0,0,0,0,0,0,0,0,0,0,0,0,0,0,0,0,0,0,0,0,0,0,0,0,0,0,0,0,0,0,0,0,0,0,0,0,0,0,0,0,0,0,0,0,0,0,0,0,0,0,0,0,0,0,0,0,0,0,0,0,0,0,0,0,0,0,0,0,0,0,0,0,0,0,0,0,0,0,0,0,0,0,0,0,0,0,0,0,0,0,0,0,0,0,0,0,0,0,0,0,0,0,0,0,0,0,0,0,0,0,0,0,0,0,0,0,0,0,0,0,0,0,0,0,0,0,0,0
SRR2750753,PRJNA299077,COPD_Exacerbation,0.146391056,0.010039005,0,0.06093754,0.027884063,0.000975124,0.128779627,0.056868987,0,0.010881406,0.005322891,0.006773348,0.012721855,0,0,0.000384788,0,0,0,0.009251397,0,0,0.014560388,0,0,0,0.001022358,0,0,0,0,0,0,0.000468088,0,0,0,0,0,0.000486756,0,0,0,0,0,0,0,0,0,0,0,0,0,0,0,0,0,0,0,0,0,0,0,0,0,0,0,0,0,0,0,0,0,0,0,0,0,0,0,0,0,0,0,0,0,0,0,0,0,0,0,0,0,0,0,0,0,0,0,0,0,0,0,0,0,0,0,0,0,0,0,0,0,0,0,0,0,0,0,0,0,0,0,0,0,0,0,0,0,0,0,0,0,0,0,0,0,0,0,0,0,0,0,0,0,0,0,0,0,0,0,0,0,0,0,0,0,0,0,0,0,0,0,0,0,0,0,0,0,0,0,0,0,0,0,0,0,0,0,0,0,0,0,0,0,0,0,0,0,0,0,0,0,0,0,0,0,0,0,0,0,0,0,0,0,0,0,0,0,0,0,0,0,0,0,0,0,0,0,0,0,0,0,0,0,0,0,0,0,0,0,0,0,0,0,0,0,0,0,0,0,0,0,0,0,0,0,0,0,0,0,0,0,0,0,0,0,0,0,0,0,0,0,0,0,0,0,0,0,0,0,0
SRR2750755,PRJNA299077,COPD_Stable,0.180633063,0.030382846,0,0,0.076567958,0,0.26969197,0.02125606,0,0.028392906,0.006101287,0.008964076,0.01354976,0,0,0,0,0,0,0.031666867,0,0.002273418,0.011807838,0,0,0.001445618,0,0.00027572,0,0.00022112,0,0.001092707,0,0,0,0,0,0,0,0.000518781,0,0,0,0,0,0,0,0,0,0,0,0,0,0,0,0,0,0,0,0,0,0,0,0,0,0,0,0,0,0,0,0,0,0,0,0,0,0,0,0,0,0,0,0,0,0,0,0,0,0,0,0,0,0,0,0,0,0,0,0,0,0,0,0,0,0,0,0,0,0,0,0,0,0,0,0,0,0,0,0,0,0,0,0,0,0,0,0,0,0,0,0,0,0,0,0,0,0,0,0,0,0,0,0,0,0,0,0,0,0,0,0,0,0,0,0,0,0,0,0,0,0,0,0,0,0,0,0,0,0,0,0,0,0,0,0,0,0,0,0,0,0,0,0,0,0,0,0,0,0,0,0,0,0,0,0,0,0,0,0,0,0,0,0,0,0,0,0,0,0,0,0,0,0,0,0,0,0,0,0,0,0,0,0,0,0,0,0,0,0,0,0,0,0,0,0,0,0,0,0,0,0,0,0,0,0,0,0,0,0,0,0,0,0,0,0,0,0,0,0,0,0,0,0,0,0,0,0,0,0,0,0
SRR2750756,PRJNA299077,COPD_Exacerbation,0.161108823,0.027325141,0,0,0.067069775,0,0.209593423,0.04525983,0,0.06352508,0.004319171,0.017756769,0.015134905,0,0,0.000388817,0,0.002564301,0,0.021861053,0,0.000971796,0.006265393,0,0,0.000274323,0,0,0,0,0,0.000295833,0,0,0,0,0,0,0,0.000490138,0,0,0,0,0,0,0,0,0,0,0,0,0,0,0,0,0,0,0,0,0,0,0,0,0,0,0,0,0,0,0,0,0,0,0,0,0,0,0,0,0,0,0,0,0,0,0,0,0,0,0,0,0,0,0,0,0,0,0,0,0,0,0,0,0,0,0,0,0,0,0,0,0,0,0,0,0,0,0,0,0,0,0,0,0,0,0,0,0,0,0,0,0,0,0,0,0,0,0,0,0,0,0,0,0,0,0,0,0,0,0,0,0,0,0,0,0,0,0,0,0,0,0,0,0,0,0,0,0,0,0,0,0,0,0,0,0,0,0,0,0,0,0,0,0,0,0,0,0,0,0,0,0,0,0,0,0,0,0,0,0,0,0,0,0,0,0,0,0,0,0,0,0,0,0,0,0,0,0,0,0,0,0,0,0,0,0,0,0,0,0,0,0,0,0,0,0,0,0,0,0,0,0,0,0,0,0,0,0,0,0,0,0,0,0,0,0,0,0,0,0,0,0,0,0,0,0,0,0,0,0,0
SRR2750758,PRJNA299077,COPD_Stable,0.04203343,0.014728545,0.000113675,0.016086389,0.005391111,0.025865653,0.209807631,0.061476353,0,0.019646364,0.009245254,0.023822693,0.027656046,0,0,0,0.00041525,0.002271779,0,0.047841183,0,0.000847218,0.014078286,0.010133311,0,0.000425529,0.001336925,0,0,0.00326057,0,0,0,0,0,0,0,0,0,0,0,0,0,0,0,0,0,0,0,0,0,0,0,0,0,0,0,0,0,0,0,0,0,0,0,0,0,0,0,0,0,0,0,0,0,0,0,0,0,0,0,0,0,0,0,0,0,0,0,0,0,0,0,0,0,0,0,0,0,0,0,0,0,0,0,0,0,0,0,0,0,0,0,0,0,0,0,0,0,0,0,0,0,0,0,0,0,0,0,0,0,0,0,0,0,0,0,0,0,0,0,0,0,0,0,0,0,0,0,0,0,0,0,0,0,0,0,0,0,0,0,0,0,0,0,0,0,0,0,0,0,0,0,0,0,0,0,0,0,0,0,0,0,0,0,0,0,0,0,0,0,0,0,0,0,0,0,0,0,0,0,0,0,0,0,0,0,0,0,0,0,0,0,0,0,0,0,0,0,0,0,0,0,0,0,0,0,0,0,0,0,0,0,0,0,0,0,0,0,0,0,0,0,0,0,0,0,0,0,0,0,0,0,0,0,0,0,0,0,0,0,0,0,0,0,0,0,0,0,0,0,0
SRR2750759,PRJNA299077,COPD_Exacerbation,0.00091695,0.000293691,0,0.026167401,0.179992817,0,0.005656331,0.00116354,0,0,0.000183967,0.000314281,0.000484198,0,0,0,0,0,0,0,0,0,0.000306167,0,0,0,0.001766941,0,0,0,0.001112547,0,0,0,0,0,0,0,0,0,0,0,0,0,0,0,0,0,0,0,0,0,0,0,0,0,0,0,0,0,0,0,0,0,0,0,0,0,0,0,0,0,0,0,0,0,0,0,0,0,0,0,0,0,0,0,0,0,0,0,0,0,0,0,0,0,0,0,0,0,0,0,0,0,0,0,0,0,0,0,0,0,0,0,0,0,0,0,0,0,0,0,0,0,0,0,0,0,0,0,0,0,0,0,0,0,0,0,0,0,0,0,0,0,0,0,0,0,0,0,0,0,0,0,0,0,0,0,0,0,0,0,0,0,0,0,0,0,0,0,0,0,0,0,0,0,0,0,0,0,0,0,0,0,0,0,0,0,0,0,0,0,0,0,0,0,0,0,0,0,0,0,0,0,0,0,0,0,0,0,0,0,0,0,0,0,0,0,0,0,0,0,0,0,0,0,0,0,0,0,0,0,0,0,0,0,0,0,0,0,0,0,0,0,0,0,0,0,0,0,0,0,0,0,0,0,0,0,0,0,0,0,0,0,0,0,0,0,0,0,0,0
SRR2750761,PRJNA299077,COPD_Stable,0.145952348,0.007800961,0,0.187008173,0.009651761,0,0.234262627,0.05703488,0,0.02796116,0.003261119,0.010590473,0.012660499,0,0,0,0,0,0.000626991,0.001345839,0,0,0.023329871,0.003057005,0,0.000388909,0.014870734,0,0,0.000372994,0.003725259,0,0,0.001762203,0,0,0,0,0,0.001022231,0,0,0,0,0,0,0,0,0,0,0,0,0,0,0,0,0,0,0,0,0,0,0,0,0,0,0,0,0,0,0,0,0,0,0,0,0,0,0,0,0,0,0,0,0,0,0,0,0,0,0,0,0,0,0,0,0,0,0,0,0,0,0,0,0,0,0,0,0,0,0,0,0,0,0,0,0,0,0,0,0,0,0,0,0,0,0,0,0,0,0,0,0,0,0,0,0,0,0,0,0,0,0,0,0,0,0,0,0,0,0,0,0,0,0,0,0,0,0,0,0,0,0,0,0,0,0,0,0,0,0,0,0,0,0,0,0,0,0,0,0,0,0,0,0,0,0,0,0,0,0,0,0,0,0,0,0,0,0,0,0,0,0,0,0,0,0,0,0,0,0,0,0,0,0,0,0,0,0,0,0,0,0,0,0,0,0,0,0,0,0,0,0,0,0,0,0,0,0,0,0,0,0,0,0,0,0,0,0,0,0,0,0,0,0,0,0,0,0,0,0,0,0,0,0,0,0,0,0,0,0,0
SRR2750762,PRJNA299077,COPD_Exacerbation,0.106182783,0.005570662,0.022111448,0.254106738,0.01093031,0.00380721,0.20033625,0.049580474,0,0.004592684,0.010462152,0.011763575,0.013338645,0,0,0,0,0.000299103,0.001179152,0.009944112,0,0.000241426,0.030745572,0.006223338,0,0.000361893,0.016098804,0.004487948,0.001497158,0.000936561,0,0,0,0.002755649,0,0,0,0,0,0,0,0,0,0,0,0,0,0,0,0,0,0,0,0,0,0,0,0,0,0,0,0,0,0,0,0,0,0,0,0,0,0,0,0,0,0,0,0,0,0,0,0,0,0,0,0,0,0,0,0,0,0,0,0,0,0,0,0,0,0,0,0,0,0,0,0,0,0,0,0,0,0,0,0,0,0,0,0,0,0,0,0,0,0,0,0,0,0,0,0,0,0,0,0,0,0,0,0,0,0,0,0,0,0,0,0,0,0,0,0,0,0,0,0,0,0,0,0,0,0,0,0,0,0,0,0,0,0,0,0,0,0,0,0,0,0,0,0,0,0,0,0,0,0,0,0,0,0,0,0,0,0,0,0,0,0,0,0,0,0,0,0,0,0,0,0,0,0,0,0,0,0,0,0,0,0,0,0,0,0,0,0,0,0,0,0,0,0,0,0,0,0,0,0,0,0,0,0,0,0,0,0,0,0,0,0,0,0,0,0,0,0,0,0,0,0,0,0,0,0,0,0,0,0,0,0,0,0,0,0,0,0
SRR2750764,PRJNA299077,COPD_Stable,0.029425062,0.003511424,0,0,0.002032399,0.008502891,0.269733545,0.051670881,0,0.004261652,0.022478514,0.022799787,0.026165017,0,0,0,0.000887368,0.007891715,0,0.038073516,0.000210195,0.000677149,0.015629327,0.012882001,0,0.000560054,0,0.002669218,0.001334773,0,0,0,0,0,0,0,0,0,0,0.000711963,0,0,0,0,0,0,0,0,0,0,0,0,0,0,0,0,0,0,0,0,0,0,0,0,0,0,0,0,0,0,0,0,0,0,0,0,0,0,0,0,0,0,0,0,0,0,0,0,0,0,0,0,0,0,0,0,0,0,0,0,0,0,0,0,0,0,0,0,0,0,0,0,0,0,0,0,0,0,0,0,0,0,0,0,0,0,0,0,0,0,0,0,0,0,0,0,0,0,0,0,0,0,0,0,0,0,0,0,0,0,0,0,0,0,0,0,0,0,0,0,0,0,0,0,0,0,0,0,0,0,0,0,0,0,0,0,0,0,0,0,0,0,0,0,0,0,0,0,0,0,0,0,0,0,0,0,0,0,0,0,0,0,0,0,0,0,0,0,0,0,0,0,0,0,0,0,0,0,0,0,0,0,0,0,0,0,0,0,0,0,0,0,0,0,0,0,0,0,0,0,0,0,0,0,0,0,0,0,0,0,0,0,0,0,0,0,0,0,0,0,0,0,0,0,0,0,0,0,0,0,0,0
SRR2750765,PRJNA299077,COPD_Exacerbation,0.262025462,0,0,0,0,0,0.245544171,0.089766319,0,0.130196705,0,0,0.004567752,0,0,0,0.003651145,0,0,0.001252885,0,0,0.011290384,0.01768714,0,0,0,0,0.002869231,0,0,0,0,0,0,0,0,0,0,0,0,0,0,0,0,0,0,0,0,0,0,0,0,0,0,0,0,0,0,0,0,0,0,0,0,0,0,0,0,0,0,0,0,0,0,0,0,0,0,0,0,0,0,0,0,0,0,0,0,0,0,0,0,0,0,0,0,0,0,0,0,0,0,0,0,0,0,0,0,0,0,0,0,0,0,0,0,0,0,0,0,0,0,0,0,0,0,0,0,0,0,0,0,0,0,0,0,0,0,0,0,0,0,0,0,0,0,0,0,0,0,0,0,0,0,0,0,0,0,0,0,0,0,0,0,0,0,0,0,0,0,0,0,0,0,0,0,0,0,0,0,0,0,0,0,0,0,0,0,0,0,0,0,0,0,0,0,0,0,0,0,0,0,0,0,0,0,0,0,0,0,0,0,0,0,0,0,0,0,0,0,0,0,0,0,0,0,0,0,0,0,0,0,0,0,0,0,0,0,0,0,0,0,0,0,0,0,0,0,0,0,0,0,0,0,0,0,0,0,0,0,0,0,0,0,0,0,0,0,0,0,0
SRR2750767,PRJNA299077,COPD_Stable,0.351323691,0.000722233,0.000214371,0,0.008082104,0,0.336043994,0.078123055,0,0.009665674,0.002230551,0.000842977,0.000544546,0,0,0,0,0,0,0.003607436,0.000335181,0,0.008948722,0,0,0,0,0,0,0,0,0,0,0,0,0,0,0.001886923,0.00127875,0,0,0,0,0,0,0,0,0,0,0,0,0,0,0,0,0,0,0,0,0,0,0,0,0,0,0,0,0,0,0,0,0,0,0,0,0,0,0,0,0,0,0,0,0,0,0,0,0,0,0,0,0,0,0,0,0,0,0,0,0,0,0,0,0,0,0,0,0,0,0,0,0,0,0,0,0,0,0,0,0,0,0,0,0,0,0,0,0,0,0,0,0,0,0,0,0,0,0,0,0,0,0,0,0,0,0,0,0,0,0,0,0,0,0,0,0,0,0,0,0,0,0,0,0,0,0,0,0,0,0,0,0,0,0,0,0,0,0,0,0,0,0,0,0,0,0,0,0,0,0,0,0,0,0,0,0,0,0,0,0,0,0,0,0,0,0,0,0,0,0,0,0,0,0,0,0,0,0,0,0,0,0,0,0,0,0,0,0,0,0,0,0,0,0,0,0,0,0,0,0,0,0,0,0,0,0,0,0,0,0,0,0,0,0,0,0,0,0,0,0,0,0,0,0,0,0,0,0,0,0,0,0
SRR2750769,PRJNA299077,COPD_Stable,0.131163237,0.016337795,0.049112785,0.008874571,0,0,0.349507267,0.008185705,0,0.237914482,0.005566454,0,0.026232328,0,0,0,0,0,0,0,0.022451065,0,0,0,0.006404135,0,0.000389675,0,0.000991624,0,0,0,0.001972855,0,0,0.001535788,0,0,0,0,0,0,0,0,0,0,0,0,0,0,0,0,0,0,0,0,0,0,0,0,0,0,0,0,0,0,0,0,0,0,0,0,0,0,0,0,0,0,0,0,0,0,0,0,0,0,0,0,0,0,0,0,0,0,0,0,0,0,0,0,0,0,0,0,0,0,0,0,0,0,0,0,0,0,0,0,0,0,0,0,0,0,0,0,0,0,0,0,0,0,0,0,0,0,0,0,0,0,0,0,0,0,0,0,0,0,0,0,0,0,0,0,0,0,0,0,0,0,0,0,0,0,0,0,0,0,0,0,0,0,0,0,0,0,0,0,0,0,0,0,0,0,0,0,0,0,0,0,0,0,0,0,0,0,0,0,0,0,0,0,0,0,0,0,0,0,0,0,0,0,0,0,0,0,0,0,0,0,0,0,0,0,0,0,0,0,0,0,0,0,0,0,0,0,0,0,0,0,0,0,0,0,0,0,0,0,0,0,0,0,0,0,0,0,0,0,0,0,0,0,0,0,0,0,0,0,0,0,0,0,0,0
SRR2750770,PRJNA299077,COPD_Exacerbation,0.562224368,0.010642423,0.001472739,0.000548251,0,0,0.13285747,0.006950781,0,0.15371991,0.032699947,0.043126887,0.001006206,0,0,0,0,0,0,0,0.008303393,0,0.001373655,0.001570418,0.003022951,0,0,0,0.000624951,0,0,0,0,0,0,0,0,0,0,0.004277782,0,0,0,0,0,0,0,0,0,0,0,0,0,0,0,0,0,0,0,0,0,0,0,0,0,0,0,0,0,0,0,0,0,0,0,0,0,0,0,0,0,0,0,0,0,0,0,0,0,0,0,0,0,0,0,0,0,0,0,0,0,0,0,0,0,0,0,0,0,0,0,0,0,0,0,0,0,0,0,0,0,0,0,0,0,0,0,0,0,0,0,0,0,0,0,0,0,0,0,0,0,0,0,0,0,0,0,0,0,0,0,0,0,0,0,0,0,0,0,0,0,0,0,0,0,0,0,0,0,0,0,0,0,0,0,0,0,0,0,0,0,0,0,0,0,0,0,0,0,0,0,0,0,0,0,0,0,0,0,0,0,0,0,0,0,0,0,0,0,0,0,0,0,0,0,0,0,0,0,0,0,0,0,0,0,0,0,0,0,0,0,0,0,0,0,0,0,0,0,0,0,0,0,0,0,0,0,0,0,0,0,0,0,0,0,0,0,0,0,0,0,0,0,0,0,0,0,0,0,0,0,0
SRR2750772,PRJNA299077,COPD_Stable,0.777775383,0.001586128,0.001986706,0.123263493,0,0,0.036649904,0.006560079,0,0.001971083,0,0,0,0,0,0,0,0,0,0,0,0,0,0,0,0,0.012559462,0,0.000744734,0,0.001505938,0,0,0,0,0,0,0,0,0,0,0,0,0,0,0,0,0,0,0,0,0,0,0,0,0,0,0,0,0,0,0,0,0,0,0,0,0,0,0,0,0,0,0,0,0,0,0,0,0,0,0,0,0,0,0,0,0,0,0,0,0,0,0,0,0,0,0,0,0,0,0,0,0,0,0,0,0,0,0,0,0,0,0,0,0,0,0,0,0,0,0,0,0,0,0,0,0,0,0,0,0,0,0,0,0,0,0,0,0,0,0,0,0,0,0,0,0,0,0,0,0,0,0,0,0,0,0,0,0,0,0,0,0,0,0,0,0,0,0,0,0,0,0,0,0,0,0,0,0,0,0,0,0,0,0,0,0,0,0,0,0,0,0,0,0,0,0,0,0,0,0,0,0,0,0,0,0,0,0,0,0,0,0,0,0,0,0,0,0,0,0,0,0,0,0,0,0,0,0,0,0,0,0,0,0,0,0,0,0,0,0,0,0,0,0,0,0,0,0,0,0,0,0,0,0,0,0,0,0,0,0,0,0,0,0,0,0,0,0,0,0
SRR2750773,PRJNA299077,COPD_Exacerbation,0.201866383,0.005601329,0.004277805,0.074107388,0,0,0.267940215,0.084515642,0,0.029761742,0,0,0.004344931,0,0,0,0.002334273,0,0,0,0,0,0.002633732,0,0.000240661,0,0,0,0.004216086,0,0.000983665,0,0,0.00069946,0,0,0,0,0,0,0.001113198,0,0,0,0,0,0,0,0,0,0,0,0,0,0,0,0,0,0,0,0,0,0,0,0,0,0,0,0,0,0,0,0,0,0,0,0,0,0,0,0,0,0,0,0,0,0,0,0,0,0,0,0,0,0,0,0,0,0,0,0,0,0,0,0,0,0,0,0,0,0,0,0,0,0,0,0,0,0,0,0,0,0,0,0,0,0,0,0,0,0,0,0,0,0,0,0,0,0,0,0,0,0,0,0,0,0,0,0,0,0,0,0,0,0,0,0,0,0,0,0,0,0,0,0,0,0,0,0,0,0,0,0,0,0,0,0,0,0,0,0,0,0,0,0,0,0,0,0,0,0,0,0,0,0,0,0,0,0,0,0,0,0,0,0,0,0,0,0,0,0,0,0,0,0,0,0,0,0,0,0,0,0,0,0,0,0,0,0,0,0,0,0,0,0,0,0,0,0,0,0,0,0,0,0,0,0,0,0,0,0,0,0,0,0,0,0,0,0,0,0,0,0,0,0,0,0,0,0,0,0,0
SRR2750775,PRJNA299077,COPD_Stable,0.303619878,0.013371522,0,0,0,0,0.305162083,0.017085023,0,0.061081305,0.036338257,0,0.048102123,0,0,0,0,0,0,0,0,0,0.012885237,0,0.000515421,0,0,0,0,0.000683478,0,0,0.001759368,0,0,0,0,0,0,0,0,0,0,0,0,0,0,0,0,0,0,0,0,0,0,0,0,0,0,0,0,0,0,0,0,0,0,0,0,0,0,0,0,0,0,0,0,0,0,0,0,0,0,0,0,0,0,0,0,0,0,0,0,0,0,0,0,0,0,0,0,0,0,0,0,0,0,0,0,0,0,0,0,0,0,0,0,0,0,0,0,0,0,0,0,0,0,0,0,0,0,0,0,0,0,0,0,0,0,0,0,0,0,0,0,0,0,0,0,0,0,0,0,0,0,0,0,0,0,0,0,0,0,0,0,0,0,0,0,0,0,0,0,0,0,0,0,0,0,0,0,0,0,0,0,0,0,0,0,0,0,0,0,0,0,0,0,0,0,0,0,0,0,0,0,0,0,0,0,0,0,0,0,0,0,0,0,0,0,0,0,0,0,0,0,0,0,0,0,0,0,0,0,0,0,0,0,0,0,0,0,0,0,0,0,0,0,0,0,0,0,0,0,0,0,0,0,0,0,0,0,0,0,0,0,0,0,0,0,0,0,0
SRR2750776,PRJNA299077,COPD_Exacerbation,0.437231934,0.004108034,0.026506423,0,0,0,0.221600881,0.004692037,0,0.090323723,0.01025222,0.006494053,0.002644422,0,0,0,0,0,0,0,0,0,0,0,0,0,0,0,0,0,0,0,0.000539894,0,0,0,0,0,0,0,0,0,0,0,0,0,0,0,0,0,0,0,0,0,0,0,0,0,0,0,0,0,0,0,0,0,0,0,0,0,0,0,0,0,0,0,0,0,0,0,0,0,0,0,0,0,0,0,0,0,0,0,0,0,0,0,0,0,0,0,0,0,0,0,0,0,0,0,0,0,0,0,0,0,0,0,0,0,0,0,0,0,0,0,0,0,0,0,0,0,0,0,0,0,0,0,0,0,0,0,0,0,0,0,0,0,0,0,0,0,0,0,0,0,0,0,0,0,0,0,0,0,0,0,0,0,0,0,0,0,0,0,0,0,0,0,0,0,0,0,0,0,0,0,0,0,0,0,0,0,0,0,0,0,0,0,0,0,0,0,0,0,0,0,0,0,0,0,0,0,0,0,0,0,0,0,0,0,0,0,0,0,0,0,0,0,0,0,0,0,0,0,0,0,0,0,0,0,0,0,0,0,0,0,0,0,0,0,0,0,0,0,0,0,0,0,0,0,0,0,0,0,0,0,0,0,0,0,0,0,0,0
SRR2750778,PRJNA299077,COPD_Stable,0.229515453,0.006490221,0,0,0,0,0.618639412,0,0,0,0,0,0,0,0,0,0,0,0,0,0,0,0,0,0,0,0,0,0,0,0,0,0,0,0,0.003975604,0,0,0,0,0,0,0,0,0,0,0,0,0,0,0,0,0,0,0,0,0,0,0,0,0,0,0,0,0,0,0,0,0,0,0,0,0,0,0,0,0,0,0,0,0,0,0,0,0,0,0,0,0,0,0,0,0,0,0,0,0,0,0,0,0,0,0,0,0,0,0,0,0,0,0,0,0,0,0,0,0,0,0,0,0,0,0,0,0,0,0,0,0,0,0,0,0,0,0,0,0,0,0,0,0,0,0,0,0,0,0,0,0,0,0,0,0,0,0,0,0,0,0,0,0,0,0,0,0,0,0,0,0,0,0,0,0,0,0,0,0,0,0,0,0,0,0,0,0,0,0,0,0,0,0,0,0,0,0,0,0,0,0,0,0,0,0,0,0,0,0,0,0,0,0,0,0,0,0,0,0,0,0,0,0,0,0,0,0,0,0,0,0,0,0,0,0,0,0,0,0,0,0,0,0,0,0,0,0,0,0,0,0,0,0,0,0,0,0,0,0,0,0,0,0,0,0,0,0,0,0,0,0,0,0,0
SRR2750779,PRJNA299077,COPD_Exacerbation,0.358584885,0,0,0,0,0,0.579525016,0,0,0,0,0,0,0,0,0,0,0,0,0,0,0,0,0,0,0,0,0,0,0,0,0,0.000777031,0,0,0,0,0,0,0,0,0,0,0,0,0,0,0,0,0,0,0,0,0,0,0,0,0,0,0,0,0,0,0,0,0,0,0,0,0,0,0,0,0,0,0,0,0,0,0,0,0,0,0,0,0,0,0,0,0,0,0,0,0,0,0,0,0,0,0,0,0,0,0,0,0,0,0,0,0,0,0,0,0,0,0,0,0,0,0,0,0,0,0,0,0,0,0,0,0,0,0,0,0,0,0,0,0,0,0,0,0,0,0,0,0,0,0,0,0,0,0,0,0,0,0,0,0,0,0,0,0,0,0,0,0,0,0,0,0,0,0,0,0,0,0,0,0,0,0,0,0,0,0,0,0,0,0,0,0,0,0,0,0,0,0,0,0,0,0,0,0,0,0,0,0,0,0,0,0,0,0,0,0,0,0,0,0,0,0,0,0,0,0,0,0,0,0,0,0,0,0,0,0,0,0,0,0,0,0,0,0,0,0,0,0,0,0,0,0,0,0,0,0,0,0,0,0,0,0,0,0,0,0,0,0,0,0,0,0,0,0
SRR2750781,PRJNA299077,COPD_Stable,0.148970915,0.028083898,0,0,0,0,0.391541318,0.215986039,0,0.016649465,0.005622799,0.00371943,0.020194656,0,0,0.004316642,0.000447426,0,0.001154915,0.00212999,0,0.000508153,0.000755145,0.010745755,0,0,0,0.000312103,0.003455023,0.000527547,0,0,0,0,0,0,0.000752315,0.001446353,0.001263546,0,0,0,0,0,0,0,0,0,0,0,0,0,0,0,0,0,0,0,0,0,0,0,0,0,0,0,0,0,0,0,0,0,0,0,0,0,0,0,0,0,0,0,0,0,0,0,0,0,0,0,0,0,0,0,0,0,0,0,0,0,0,0,0,0,0,0,0,0,0,0,0,0,0,0,0,0,0,0,0,0,0,0,0,0,0,0,0,0,0,0,0,0,0,0,0,0,0,0,0,0,0,0,0,0,0,0,0,0,0,0,0,0,0,0,0,0,0,0,0,0,0,0,0,0,0,0,0,0,0,0,0,0,0,0,0,0,0,0,0,0,0,0,0,0,0,0,0,0,0,0,0,0,0,0,0,0,0,0,0,0,0,0,0,0,0,0,0,0,0,0,0,0,0,0,0,0,0,0,0,0,0,0,0,0,0,0,0,0,0,0,0,0,0,0,0,0,0,0,0,0,0,0,0,0,0,0,0,0,0,0,0,0,0,0,0,0,0,0,0,0,0,0,0,0,0,0,0,0,0,0,0,0
SRR2750782,PRJNA299077,COPD_Exacerbation,0.085668037,0.019954391,0.099750378,0.021556285,0,0,0.2893513,0.047734592,0,0,0.008015375,0.010504703,0.006568136,0,0,0,0,0.00641439,0.002188478,0.003537492,0,0.000413404,0,0.015633791,0,0,0,0,0.00075516,0,0,0.00667588,0,0,0,0,0,0,0,0,0,0,0,0,0,0,0,0,0,0,0,0,0,0,0,0,0,0,0,0,0,0,0,0,0,0,0,0,0,0,0,0,0,0,0,0,0,0,0,0,0,0,0,0,0,0,0,0,0,0,0,0,0,0,0,0,0,0,0,0,0,0,0,0,0,0,0,0,0,0,0,0,0,0,0,0,0,0,0,0,0,0,0,0,0,0,0,0,0,0,0,0,0,0,0,0,0,0,0,0,0,0,0,0,0,0,0,0,0,0,0,0,0,0,0,0,0,0,0,0,0,0,0,0,0,0,0,0,0,0,0,0,0,0,0,0,0,0,0,0,0,0,0,0,0,0,0,0,0,0,0,0,0,0,0,0,0,0,0,0,0,0,0,0,0,0,0,0,0,0,0,0,0,0,0,0,0,0,0,0,0,0,0,0,0,0,0,0,0,0,0,0,0,0,0,0,0,0,0,0,0,0,0,0,0,0,0,0,0,0,0,0,0,0,0,0,0,0,0,0,0,0,0,0,0,0,0,0,0,0,0,0
SRR2750784,PRJNA299077,COPD_Exacerbation,0.076702949,0.029231009,0,0.066873031,0.007011393,0,0.391521631,0.223662395,0,0.002935083,0.005755628,0.001185982,0.009795433,0,0,0.002399923,0,0.003292435,0.001043085,0,0,0.000175123,0,0.027750884,0,0,0,0.001891535,0.001739705,0,0,0,0,0,0,0,0,0,0,0,0,0,0,0,0,0,0,0,0,0,0,0,0,0,0,0,0,0,0,0,0,0,0,0,0,0,0,0,0,0,0,0,0,0,0,0,0,0,0,0,0,0,0,0,0,0,0,0,0,0,0,0,0,0,0,0,0,0,0,0,0,0,0,0,0,0,0,0,0,0,0,0,0,0,0,0,0,0,0,0,0,0,0,0,0,0,0,0,0,0,0,0,0,0,0,0,0,0,0,0,0,0,0,0,0,0,0,0,0,0,0,0,0,0,0,0,0,0,0,0,0,0,0,0,0,0,0,0,0,0,0,0,0,0,0,0,0,0,0,0,0,0,0,0,0,0,0,0,0,0,0,0,0,0,0,0,0,0,0,0,0,0,0,0,0,0,0,0,0,0,0,0,0,0,0,0,0,0,0,0,0,0,0,0,0,0,0,0,0,0,0,0,0,0,0,0,0,0,0,0,0,0,0,0,0,0,0,0,0,0,0,0,0,0,0,0,0,0,0,0,0,0,0,0,0,0,0,0,0,0,0,0
SRR2750787,PRJNA299077,COPD_Stable,0.178597016,0.054119834,0,0,0,0,0.41166014,0.167067034,0,0.007616799,0.006914911,0,0.008959929,0,0,0.004845364,0.001247425,0,0.000802807,0.001267074,0,9.92E-05,0.001440277,0.04768769,0,0,0,0,0.002665107,0.000603516,0,0,0,0,0,0,0.001107411,0.002369218,0.002946901,0.000307926,0,0,0,0,0,0,0,0,0,0,0,0,0,0,0,0,0,0,0,0,0,0,0,0,0,0,0,0,0,0,0,0,0,0,0,0,0,0,0,0,0,0,0,0,0,0,0,0,0,0,0,0,0,0,0,0,0,0,0,0,0,0,0,0,0,0,0,0,0,0,0,0,0,0,0,0,0,0,0,0,0,0,0,0,0,0,0,0,0,0,0,0,0,0,0,0,0,0,0,0,0,0,0,0,0,0,0,0,0,0,0,0,0,0,0,0,0,0,0,0,0,0,0,0,0,0,0,0,0,0,0,0,0,0,0,0,0,0,0,0,0,0,0,0,0,0,0,0,0,0,0,0,0,0,0,0,0,0,0,0,0,0,0,0,0,0,0,0,0,0,0,0,0,0,0,0,0,0,0,0,0,0,0,0,0,0,0,0,0,0,0,0,0,0,0,0,0,0,0,0,0,0,0,0,0,0,0,0,0,0,0,0,0,0,0,0,0,0,0,0,0,0,0,0,0,0,0,0,0,0,0,0
SRR2750788,PRJNA299077,COPD_Exacerbation,0.014383836,0.003391141,0.000357467,0,0.524190959,0,0.142775296,0.051682765,0,0,0.001303556,0.000841981,0.001904006,0,0,0.0001593,0,0,0.000166455,0,0,0,0,0.002523696,0,0,0,0,0,0,0,0.000669411,0,0,0,0,0,0,0,0,0,0,0,0,0,0,0,0,0,0,0,0,0,0,0,0,0,0,0,0,0,0,0,0,0,0,0,0,0,0,0,0,0,0,0,0,0,0,0,0,0,0,0,0,0,0,0,0,0,0,0,0,0,0,0,0,0,0,0,0,0,0,0,0,0,0,0,0,0,0,0,0,0,0,0,0,0,0,0,0,0,0,0,0,0,0,0,0,0,0,0,0,0,0,0,0,0,0,0,0,0,0,0,0,0,0,0,0,0,0,0,0,0,0,0,0,0,0,0,0,0,0,0,0,0,0,0,0,0,0,0,0,0,0,0,0,0,0,0,0,0,0,0,0,0,0,0,0,0,0,0,0,0,0,0,0,0,0,0,0,0,0,0,0,0,0,0,0,0,0,0,0,0,0,0,0,0,0,0,0,0,0,0,0,0,0,0,0,0,0,0,0,0,0,0,0,0,0,0,0,0,0,0,0,0,0,0,0,0,0,0,0,0,0,0,0,0,0,0,0,0,0,0,0,0,0,0,0,0,0,0,0
SRR2750791,PRJNA299077,COPD_Exacerbation,0.007664764,0.00176082,0.000291035,0,0.703859523,0,0.01753425,0.00150919,0,0.001384585,0.000640923,0.000280314,0.000701987,0,0,0,0,0,0,0.001146051,0,0,0.000870092,0,0,0,0,0,0.000406453,0,0,0,0,0,0,0,0,0,0,0.000135268,0,0,0,0,0,0,0,0,0,0,0,0,0,0,0,0,0,0,0,0,0,0,0,0,0,0,0,0,0,0,0,0,0,0,0,0,0,0,0,0,0,0,0,0,0,0,0,0,0,0,0,0,0,0,0,0,0,0,0,0,0,0,0,0,0,0,0,0,0,0,0,0,0,0,0,0,0,0,0,0,0,0,0,0,0,0,0,0,0,0,0,0,0,0,0,0,0,0,0,0,0,0,0,0,0,0,0,0,0,0,0,0,0,0,0,0,0,0,0,0,0,0,0,0,0,0,0,0,0,0,0,0,0,0,0,0,0,0,0,0,0,0,0,0,0,0,0,0,0,0,0,0,0,0,0,0,0,0,0,0,0,0,0,0,0,0,0,0,0,0,0,0,0,0,0,0,0,0,0,0,0,0,0,0,0,0,0,0,0,0,0,0,0,0,0,0,0,0,0,0,0,0,0,0,0,0,0,0,0,0,0,0,0,0,0,0,0,0,0,0,0,0,0,0,0,0,0,0,0,0,0,0
SRR2750794,PRJNA299077,COPD_Exacerbation,0.114386525,0.012269179,0.000595171,0.00020027,0.059520908,0,0.216573964,0.098395785,0,0.008371975,0.000835224,0.001898123,0.005765584,0,0,0,0,0,0.000972248,0,0,0,0.004515137,0.005085784,0,0,0,0,0.000875306,0.000289191,0,0,0,0,0,0,0,0,0,0,0,0,0,0,0,0,0,0,0,0,0,0,0,0,0,0,0,0,0,0,0,0,0,0,0,0,0,0,0,0,0,0,0,0,0,0,0,0,0,0,0,0,0,0,0,0,0,0,0,0,0,0,0,0,0,0,0,0,0,0,0,0,0,0,0,0,0,0,0,0,0,0,0,0,0,0,0,0,0,0,0,0,0,0,0,0,0,0,0,0,0,0,0,0,0,0,0,0,0,0,0,0,0,0,0,0,0,0,0,0,0,0,0,0,0,0,0,0,0,0,0,0,0,0,0,0,0,0,0,0,0,0,0,0,0,0,0,0,0,0,0,0,0,0,0,0,0,0,0,0,0,0,0,0,0,0,0,0,0,0,0,0,0,0,0,0,0,0,0,0,0,0,0,0,0,0,0,0,0,0,0,0,0,0,0,0,0,0,0,0,0,0,0,0,0,0,0,0,0,0,0,0,0,0,0,0,0,0,0,0,0,0,0,0,0,0,0,0,0,0,0,0,0,0,0,0,0,0,0,0,0,0
SRR2750797,PRJNA299077,COPD_Exacerbation,0.183049074,0.01438228,0.002885111,0.000798207,0,0,0.18997827,0.013466435,0,0.020897959,0,0.003369015,0.002659091,0,0,0,0.000537199,0,0.000693968,0.034256028,0.000460742,0,0.062853403,0,0,0,0,0.000750183,0.00690822,0.004662479,0,0.010653021,0,0,0.00079544,0,0,0,0,0.002300612,0,0,0,0,0,0,0,0,0,0,0,0,0,0,0,0,0,0,0,0,0,0,0,0,0,0,0,0,0,0,0,0,0,0,0,0,0,0,0,0,0,0,0,0,0,0,0,0,0,0,0,0,0,0,0,0,0,0,0,0,0,0,0,0,0,0,0,0,0,0,0,0,0,0,0,0,0,0,0,0,0,0,0,0,0,0,0,0,0,0,0,0,0,0,0,0,0,0,0,0,0,0,0,0,0,0,0,0,0,0,0,0,0,0,0,0,0,0,0,0,0,0,0,0,0,0,0,0,0,0,0,0,0,0,0,0,0,0,0,0,0,0,0,0,0,0,0,0,0,0,0,0,0,0,0,0,0,0,0,0,0,0,0,0,0,0,0,0,0,0,0,0,0,0,0,0,0,0,0,0,0,0,0,0,0,0,0,0,0,0,0,0,0,0,0,0,0,0,0,0,0,0,0,0,0,0,0,0,0,0,0,0,0,0,0,0,0,0,0,0,0,0,0,0,0,0,0,0,0,0,0,0
SRR2750800,PRJNA299077,COPD_Exacerbation,0.66630981,0,0,0.247197266,0.016576203,0,0,0,0,0.000789993,0,0,0.000433669,0,0,0,0,0,0,0.000643101,0,0.000454507,0,0,0,0,0.016082338,0,0,0,0.004257602,0,0,0.001925619,0,0,0,0,0,0,0,0,0,0,0,0,0,0,0,0,0,0,0,0,0,0,0,0,0,0,0,0,0,0,0,0,0,0,0,0,0,0,0,0,0,0,0,0,0,0,0,0,0,0,0,0,0,0,0,0,0,0,0,0,0,0,0,0,0,0,0,0,0,0,0,0,0,0,0,0,0,0,0,0,0,0,0,0,0,0,0,0,0,0,0,0,0,0,0,0,0,0,0,0,0,0,0,0,0,0,0,0,0,0,0,0,0,0,0,0,0,0,0,0,0,0,0,0,0,0,0,0,0,0,0,0,0,0,0,0,0,0,0,0,0,0,0,0,0,0,0,0,0,0,0,0,0,0,0,0,0,0,0,0,0,0,0,0,0,0,0,0,0,0,0,0,0,0,0,0,0,0,0,0,0,0,0,0,0,0,0,0,0,0,0,0,0,0,0,0,0,0,0,0,0,0,0,0,0,0,0,0,0,0,0,0,0,0,0,0,0,0,0,0,0,0,0,0,0,0,0,0,0,0,0,0,0,0,0,0,0,0
SRR2750803,PRJNA299077,COPD_Exacerbation,0.291831056,0.009531474,0.054499009,0.005452567,0.140709027,0,0.237555585,0.024373593,0,0.034757954,0.009436912,0.003679151,0.012687547,0,0,0.001290735,0.001113613,0,0,0,0.00257237,0.000561809,0.001827819,0,0.002530096,0.000550796,0,0,0,0.001075005,0,0,0,0,0.002578916,0,0,0.000492863,0.001056039,0,0,0,0,0,0,0,0,0,0,0,0,0,0,0,0,0,0,0,0,0,0,0,0,0,0,0,0,0,0,0,0,0,0,0,0,0,0,0,0,0,0,0,0,0,0,0,0,0,0,0,0,0,0,0,0,0,0,0,0,0,0,0,0,0,0,0,0,0,0,0,0,0,0,0,0,0,0,0,0,0,0,0,0,0,0,0,0,0,0,0,0,0,0,0,0,0,0,0,0,0,0,0,0,0,0,0,0,0,0,0,0,0,0,0,0,0,0,0,0,0,0,0,0,0,0,0,0,0,0,0,0,0,0,0,0,0,0,0,0,0,0,0,0,0,0,0,0,0,0,0,0,0,0,0,0,0,0,0,0,0,0,0,0,0,0,0,0,0,0,0,0,0,0,0,0,0,0,0,0,0,0,0,0,0,0,0,0,0,0,0,0,0,0,0,0,0,0,0,0,0,0,0,0,0,0,0,0,0,0,0,0,0,0,0,0,0,0,0,0,0,0,0,0,0,0,0,0,0,0,0,0,0
SRR2750806,PRJNA299077,COPD_Exacerbation,0.315695357,0.012180239,0,0,0.023855672,0.006508607,0.25156346,0.075263738,0,0.017406772,0.003326676,0.005841946,0.018895082,0,0,0,0,0,0,0,0,0,0.002715339,0,0,0,0,0,0.00121947,0,0,0.003848726,0,0,0,0,0,0,0,0,0.000437679,0,0,0,0,0,0,0,0,0,0,0,0,0,0,0,0,0,0,0,0,0,0,0,0,0,0,0,0,0,0,0,0,0,0,0,0,0,0,0,0,0,0,0,0,0,0,0,0,0,0,0,0,0,0,0,0,0,0,0,0,0,0,0,0,0,0,0,0,0,0,0,0,0,0,0,0,0,0,0,0,0,0,0,0,0,0,0,0,0,0,0,0,0,0,0,0,0,0,0,0,0,0,0,0,0,0,0,0,0,0,0,0,0,0,0,0,0,0,0,0,0,0,0,0,0,0,0,0,0,0,0,0,0,0,0,0,0,0,0,0,0,0,0,0,0,0,0,0,0,0,0,0,0,0,0,0,0,0,0,0,0,0,0,0,0,0,0,0,0,0,0,0,0,0,0,0,0,0,0,0,0,0,0,0,0,0,0,0,0,0,0,0,0,0,0,0,0,0,0,0,0,0,0,0,0,0,0,0,0,0,0,0,0,0,0,0,0,0,0,0,0,0,0,0,0,0,0,0,0,0,0
SRR2750809,PRJNA299077,COPD_Exacerbation,0.144560572,0.011538622,0,0,0.043138972,0,0.341260233,0.17707432,0,0.01300484,0.004025457,0.011380522,0.016169894,0,0,0,0,0,0,0,0,0,0.00117733,0.005542677,0,0,0,0,0.008110841,0,0,0.001109799,0,0,0,0,0,0,0,0,0,0,0,0,0,0,0,0,0,0,0,0,0,0,0,0,0,0,0,0,0,0,0,0,0,0,0,0,0,0,0,0,0,0,0,0,0,0,0,0,0,0,0,0,0,0,0,0,0,0,0,0,0,0,0,0,0,0,0,0,0,0,0,0,0,0,0,0,0,0,0,0,0,0,0,0,0,0,0,0,0,0,0,0,0,0,0,0,0,0,0,0,0,0,0,0,0,0,0,0,0,0,0,0,0,0,0,0,0,0,0,0,0,0,0,0,0,0,0,0,0,0,0,0,0,0,0,0,0,0,0,0,0,0,0,0,0,0,0,0,0,0,0,0,0,0,0,0,0,0,0,0,0,0,0,0,0,0,0,0,0,0,0,0,0,0,0,0,0,0,0,0,0,0,0,0,0,0,0,0,0,0,0,0,0,0,0,0,0,0,0,0,0,0,0,0,0,0,0,0,0,0,0,0,0,0,0,0,0,0,0,0,0,0,0,0,0,0,0,0,0,0,0,0,0,0,0,0,0,0,0,0
SRR2750812,PRJNA299077,COPD_Exacerbation,0.30613884,0.004290365,0.000224674,0,0.044704443,0,0.197451521,0.015684779,0,0.152680054,0.000809799,0.010338675,0.054794967,0,0,0,0,0,0,0,0,0,0,0,0,0,0,0,0,0,0,0,0,0,0,0,0,0,0,0,0,0,0,0,0,0,0,0,0,0,0,0,0,0,0,0,0,0,0,0,0,0,0,0,0,0,0,0,0,0,0,0,0,0,0,0,0,0,0,0,0,0,0,0,0,0,0,0,0,0,0,0,0,0,0,0,0,0,0,0,0,0,0,0,0,0,0,0,0,0,0,0,0,0,0,0,0,0,0,0,0,0,0,0,0,0,0,0,0,0,0,0,0,0,0,0,0,0,0,0,0,0,0,0,0,0,0,0,0,0,0,0,0,0,0,0,0,0,0,0,0,0,0,0,0,0,0,0,0,0,0,0,0,0,0,0,0,0,0,0,0,0,0,0,0,0,0,0,0,0,0,0,0,0,0,0,0,0,0,0,0,0,0,0,0,0,0,0,0,0,0,0,0,0,0,0,0,0,0,0,0,0,0,0,0,0,0,0,0,0,0,0,0,0,0,0,0,0,0,0,0,0,0,0,0,0,0,0,0,0,0,0,0,0,0,0,0,0,0,0,0,0,0,0,0,0,0,0,0,0,0,0
SRR2750815,PRJNA299077,COPD_Exacerbation,0.175660801,0,0,0.001212121,0,0,0.017963081,0,0,0,0,0,0,0,0,0,0,0,0,0,0,0,0,0.000603736,0,0,0,0,0,0,0,0,0,0,0,0,0,0,0,0,0,0,0,0,0,0,0,0,0,0,0,0,0,0,0,0,0,0,0,0,0,0,0,0,0,0,0,0,0,0,0,0,0,0,0,0,0,0,0,0,0,0,0,0,0,0,0,0,0,0,0,0,0,0,0,0,0,0,0,0,0,0,0,0,0,0,0,0,0,0,0,0,0,0,0,0,0,0,0,0,0,0,0,0,0,0,0,0,0,0,0,0,0,0,0,0,0,0,0,0,0,0,0,0,0,0,0,0,0,0,0,0,0,0,0,0,0,0,0,0,0,0,0,0,0,0,0,0,0,0,0,0,0,0,0,0,0,0,0,0,0,0,0,0,0,0,0,0,0,0,0,0,0,0,0,0,0,0,0,0,0,0,0,0,0,0,0,0,0,0,0,0,0,0,0,0,0,0,0,0,0,0,0,0,0,0,0,0,0,0,0,0,0,0,0,0,0,0,0,0,0,0,0,0,0,0,0,0,0,0,0,0,0,0,0,0,0,0,0,0,0,0,0,0,0,0,0,0,0,0,0,0
SRR2750818,PRJNA299077,COPD_Exacerbation,0.209924828,0.000435288,0,0.007364351,0.007332711,0.000960772,0.296202596,0.155061153,0,0.001025644,0.006645777,0,0.006553409,0,0,0,0,0.0030863,0,0,0.000534092,0,0.00747335,0.000952631,0.001145726,0,0.000553824,0,0.003528314,0.000869178,0,0,0,0,0,0.000406697,0,0,0,0,0,0,0,0,0,0,0,0,0,0,0,0,0,0,0,0,0,0,0,0,0,0,0,0,0,0,0,0,0,0,0,0,0,0,0,0,0,0,0,0,0,0,0,0,0,0,0,0,0,0,0,0,0,0,0,0,0,0,0,0,0,0,0,0,0,0,0,0,0,0,0,0,0,0,0,0,0,0,0,0,0,0,0,0,0,0,0,0,0,0,0,0,0,0,0,0,0,0,0,0,0,0,0,0,0,0,0,0,0,0,0,0,0,0,0,0,0,0,0,0,0,0,0,0,0,0,0,0,0,0,0,0,0,0,0,0,0,0,0,0,0,0,0,0,0,0,0,0,0,0,0,0,0,0,0,0,0,0,0,0,0,0,0,0,0,0,0,0,0,0,0,0,0,0,0,0,0,0,0,0,0,0,0,0,0,0,0,0,0,0,0,0,0,0,0,0,0,0,0,0,0,0,0,0,0,0,0,0,0,0,0,0,0,0,0,0,0,0,0,0,0,0,0,0,0,0,0,0,0,0,0,0
SRR2750821,PRJNA299077,COPD_Stable,0.362208084,0.00653327,0.000549444,0.099731777,0,0,0.04816791,0.011596761,0,0.013363646,0,0,0.012953243,0,0,0,0,0,0,0.003016763,0,0,0,0,0,0,0.003670834,0,0,0.002229908,0,0,0,0,0,0,0,0,0,0,0,0,0,0,0,0,0,0,0,0,0,0,0,0,0,0,0,0,0,0,0,0,0,0,0,0,0,0,0,0,0,0,0,0,0,0,0,0,0,0,0,0,0,0,0,0,0,0,0,0,0,0,0,0,0,0,0,0,0,0,0,0,0,0,0,0,0,0,0,0,0,0,0,0,0,0,0,0,0,0,0,0,0,0,0,0,0,0,0,0,0,0,0,0,0,0,0,0,0,0,0,0,0,0,0,0,0,0,0,0,0,0,0,0,0,0,0,0,0,0,0,0,0,0,0,0,0,0,0,0,0,0,0,0,0,0,0,0,0,0,0,0,0,0,0,0,0,0,0,0,0,0,0,0,0,0,0,0,0,0,0,0,0,0,0,0,0,0,0,0,0,0,0,0,0,0,0,0,0,0,0,0,0,0,0,0,0,0,0,0,0,0,0,0,0,0,0,0,0,0,0,0,0,0,0,0,0,0,0,0,0,0,0,0,0,0,0,0,0,0,0,0,0,0,0,0,0,0,0,0,0,0
SRR2750822,PRJNA299077,COPD_Exacerbation,0.478498019,0.005396384,0.000206109,0.005012273,0,0,0.235493499,0.0023953,0,0.019565547,0.001169354,0,0.002268896,0,0,0,0,0,0,0,0.005630923,0,0.00358361,0,0,0,0,0,0,0.001072526,0,0,0.000211705,0,0,0.002131848,0.000789423,0,0,0,0,0,0,0,0,0,0,0,0,0,0,0,0,0,0,0,0,0,0,0,0,0,0,0,0,0,0,0,0,0,0,0,0,0,0,0,0,0,0,0,0,0,0,0,0,0,0,0,0,0,0,0,0,0,0,0,0,0,0,0,0,0,0,0,0,0,0,0,0,0,0,0,0,0,0,0,0,0,0,0,0,0,0,0,0,0,0,0,0,0,0,0,0,0,0,0,0,0,0,0,0,0,0,0,0,0,0,0,0,0,0,0,0,0,0,0,0,0,0,0,0,0,0,0,0,0,0,0,0,0,0,0,0,0,0,0,0,0,0,0,0,0,0,0,0,0,0,0,0,0,0,0,0,0,0,0,0,0,0,0,0,0,0,0,0,0,0,0,0,0,0,0,0,0,0,0,0,0,0,0,0,0,0,0,0,0,0,0,0,0,0,0,0,0,0,0,0,0,0,0,0,0,0,0,0,0,0,0,0,0,0,0,0,0,0,0,0,0,0,0,0,0,0,0,0,0,0,0,0,0,0,0
SRR2750825,PRJNA299077,COPD_Exacerbation,0.000356043,0,0,0,0.231731123,0,0,0,0,0,0,0,0,0,0,0,0,0,0,0,0.000143859,0,0,0,0,0,0,0,0,0,0,0,0,0,0,0,0,0,0,0,0,0,0,0,0,0,0,0,0,0,0,0,0,0,0,0,0,0,0,0,0,0,0,0,0,0,0,0,0,0,0,0,0,0,0,0,0,0,0,0,0,0,0,0,0,0,0,0,0,0,0,0,0,0,0,0,0,0,0,0,0,0,0,0,0,0,0,0,0,0,0,0,0,0,0,0,0,0,0,0,0,0,0,0,0,0,0,0,0,0,0,0,0,0,0,0,0,0,0,0,0,0,0,0,0,0,0,0,0,0,0,0,0,0,0,0,0,0,0,0,0,0,0,0,0,0,0,0,0,0,0,0,0,0,0,0,0,0,0,0,0,0,0,0,0,0,0,0,0,0,0,0,0,0,0,0,0,0,0,0,0,0,0,0,0,0,0,0,0,0,0,0,0,0,0,0,0,0,0,0,0,0,0,0,0,0,0,0,0,0,0,0,0,0,0,0,0,0,0,0,0,0,0,0,0,0,0,0,0,0,0,0,0,0,0,0,0,0,0,0,0,0,0,0,0,0,0,0,0,0,0,0
SRR2750828,PRJNA299077,COPD_Exacerbation,0.950413223,0,0,0,0,0,0,0,0,0,0,0,0,0,0,0,0,0,0,0,0,0,0,0,0,0,0,0,0,0,0,0,0,0,0,0,0,0,0,0,0,0,0,0,0,0,0,0,0,0,0,0,0,0,0,0,0,0,0,0,0,0,0,0,0,0,0,0,0,0,0,0,0,0,0,0,0,0,0,0,0,0,0,0,0,0,0,0,0,0,0,0,0,0,0,0,0,0,0,0,0,0,0,0,0,0,0,0,0,0,0,0,0,0,0,0,0,0,0,0,0,0,0,0,0,0,0,0,0,0,0,0,0,0,0,0,0,0,0,0,0,0,0,0,0,0,0,0,0,0,0,0,0,0,0,0,0,0,0,0,0,0,0,0,0,0,0,0,0,0,0,0,0,0,0,0,0,0,0,0,0,0,0,0,0,0,0,0,0,0,0,0,0,0,0,0,0,0,0,0,0,0,0,0,0,0,0,0,0,0,0,0,0,0,0,0,0,0,0,0,0,0,0,0,0,0,0,0,0,0,0,0,0,0,0,0,0,0,0,0,0,0,0,0,0,0,0,0,0,0,0,0,0,0,0,0,0,0,0,0,0,0,0,0,0,0,0,0,0,0,0,0
SRR2750831,PRJNA299077,COPD_Exacerbation,0.188773456,0.002703668,0,0,0.018932727,0,0.266511482,0.135519821,0,0.060084393,0.000954587,0.004893794,0.022744648,0,0,0,0,0,0,0,0,0,0,0,0,0,0,0,0,0,0,0,0,0,0,0,0,0,0,0.000228191,0,0,0,0,0,0,0,0,0,0,0,0,0,0,0,0,0,0,0,0,0,0,0,0,0,0,0,0,0,0,0,0,0,0,0,0,0,0,0,0,0,0,0,0,0,0,0,0,0,0,0,0,0,0,0,0,0,0,0,0,0,0,0,0,0,0,0,0,0,0,0,0,0,0,0,0,0,0,0,0,0,0,0,0,0,0,0,0,0,0,0,0,0,0,0,0,0,0,0,0,0,0,0,0,0,0,0,0,0,0,0,0,0,0,0,0,0,0,0,0,0,0,0,0,0,0,0,0,0,0,0,0,0,0,0,0,0,0,0,0,0,0,0,0,0,0,0,0,0,0,0,0,0,0,0,0,0,0,0,0,0,0,0,0,0,0,0,0,0,0,0,0,0,0,0,0,0,0,0,0,0,0,0,0,0,0,0,0,0,0,0,0,0,0,0,0,0,0,0,0,0,0,0,0,0,0,0,0,0,0,0,0,0,0,0,0,0,0,0,0,0,0,0,0,0,0,0,0,0,0,0,0
SRR2750834,PRJNA299077,COPD_Exacerbation,0.607652621,0.023342241,0.073027425,0,0,0,0.068480879,0.020072718,0,0.060368153,0.015706717,0.006389598,0.030146971,0,0,0.003009189,0.001834849,0,0.002517464,0.000533372,0.000692576,0,0.012950291,0,0,0,0,0,0,0,0,0,0,0,0,0,0.000717775,0,0.003410754,0.000505637,0,0,0,0,0,0,0,0,0,0,0,0,0,0,0,0,0,0,0,0,0,0,0,0,0,0,0,0,0,0,0,0,0,0,0,0,0,0,0,0,0,0,0,0,0,0,0,0,0,0,0,0,0,0,0,0,0,0,0,0,0,0,0,0,0,0,0,0,0,0,0,0,0,0,0,0,0,0,0,0,0,0,0,0,0,0,0,0,0,0,0,0,0,0,0,0,0,0,0,0,0,0,0,0,0,0,0,0,0,0,0,0,0,0,0,0,0,0,0,0,0,0,0,0,0,0,0,0,0,0,0,0,0,0,0,0,0,0,0,0,0,0,0,0,0,0,0,0,0,0,0,0,0,0,0,0,0,0,0,0,0,0,0,0,0,0,0,0,0,0,0,0,0,0,0,0,0,0,0,0,0,0,0,0,0,0,0,0,0,0,0,0,0,0,0,0,0,0,0,0,0,0,0,0,0,0,0,0,0,0,0,0,0,0,0,0,0,0,0,0,0,0,0,0,0,0,0,0,0,0,0,0
SRR2750837,PRJNA299077,COPD_Exacerbation,0.698874126,0,0,0,0,0,0,0,0,0,0,0,0,0,0,0,0,0,0,0,0,0,0,0,0,0.022554446,0,0,0,0,0,0,0,0,0,0,0,0,0,0,0,0,0,0,0,0,0,0,0,0,0,0,0,0,0,0,0,0,0,0,0,0,0,0,0,0,0,0,0,0,0,0,0,0,0,0,0,0,0,0,0,0,0,0,0,0,0,0,0,0,0,0,0,0,0,0,0,0,0,0,0,0,0,0,0,0,0,0,0,0,0,0,0,0,0,0,0,0,0,0,0,0,0,0,0,0,0,0,0,0,0,0,0,0,0,0,0,0,0,0,0,0,0,0,0,0,0,0,0,0,0,0,0,0,0,0,0,0,0,0,0,0,0,0,0,0,0,0,0,0,0,0,0,0,0,0,0,0,0,0,0,0,0,0,0,0,0,0,0,0,0,0,0,0,0,0,0,0,0,0,0,0,0,0,0,0,0,0,0,0,0,0,0,0,0,0,0,0,0,0,0,0,0,0,0,0,0,0,0,0,0,0,0,0,0,0,0,0,0,0,0,0,0,0,0,0,0,0,0,0,0,0,0,0,0,0,0,0,0,0,0,0,0,0,0,0,0,0,0,0,0,0
SRR2750840,PRJNA299077,COPD_Exacerbation,0.490653152,0.053576739,0,0,0.015430265,0,0.13733141,0.052372981,0,0.139618336,0.008246051,0.004444266,0.017121513,0,0,0.000507924,0,0,0.00271232,0,0,0,0.020409377,0.003481781,0,0.001520999,0,0,0,0,0,0,0,0,0,0,0,0,0,0,0,0,0,0,0,0,0,0,0,0,0,0,0,0,0,0,0,0,0,0,0,0,0,0,0,0,0,0,0,0,0,0,0,0,0,0,0,0,0,0,0,0,0,0,0,0,0,0,0,0,0,0,0,0,0,0,0,0,0,0,0,0,0,0,0,0,0,0,0,0,0,0,0,0,0,0,0,0,0,0,0,0,0,0,0,0,0,0,0,0,0,0,0,0,0,0,0,0,0,0,0,0,0,0,0,0,0,0,0,0,0,0,0,0,0,0,0,0,0,0,0,0,0,0,0,0,0,0,0,0,0,0,0,0,0,0,0,0,0,0,0,0,0,0,0,0,0,0,0,0,0,0,0,0,0,0,0,0,0,0,0,0,0,0,0,0,0,0,0,0,0,0,0,0,0,0,0,0,0,0,0,0,0,0,0,0,0,0,0,0,0,0,0,0,0,0,0,0,0,0,0,0,0,0,0,0,0,0,0,0,0,0,0,0,0,0,0,0,0,0,0,0,0,0,0,0,0,0,0,0,0,0
SRR2750843,PRJNA299077,COPD_Exacerbation,0.011046519,0.000249075,0,0,0.108376859,0,0.020212364,0.029450991,0,0.00084554,0.002305565,0,0.000715858,0,0,0,0,0,0,0.001786634,0,0,0,0,0,0.005701368,0,0,0,0,0,0,0,0,0,0,0,0,0,0,0,0,0,0,0,0,0,0,0,0,0,0,0,0,0,0,0,0,0,0,0,0,0,0,0,0,0,0,0,0,0,0,0,0,0,0,0,0,0,0,0,0,0,0,0,0,0,0,0,0,0,0,0,0,0,0,0,0,0,0,0,0,0,0,0,0,0,0,0,0,0,0,0,0,0,0,0,0,0,0,0,0,0,0,0,0,0,0,0,0,0,0,0,0,0,0,0,0,0,0,0,0,0,0,0,0,0,0,0,0,0,0,0,0,0,0,0,0,0,0,0,0,0,0,0,0,0,0,0,0,0,0,0,0,0,0,0,0,0,0,0,0,0,0,0,0,0,0,0,0,0,0,0,0,0,0,0,0,0,0,0,0,0,0,0,0,0,0,0,0,0,0,0,0,0,0,0,0,0,0,0,0,0,0,0,0,0,0,0,0,0,0,0,0,0,0,0,0,0,0,0,0,0,0,0,0,0,0,0,0,0,0,0,0,0,0,0,0,0,0,0,0,0,0,0,0,0,0,0,0,0,0
SRR2750846,PRJNA299077,COPD_Exacerbation,0.026247328,0.00382216,0.661885169,0,0,0,0.07802872,0.014423743,0,0,0.006672406,0.002363589,0.004699431,0,0,0,0,0,0,0.008498513,0,0,0,0,0,0.003617071,0,0,0,0,0,0,0,0,0,0,0,0,0,0,0,0,0,0,0,0,0,0,0,0,0,0,0,0,0,0,0,0,0,0,0,0,0,0,0,0,0,0,0,0,0,0,0,0,0,0,0,0,0,0,0,0,0,0,0,0,0,0,0,0,0,0,0,0,0,0,0,0,0,0,0,0,0,0,0,0,0,0,0,0,0,0,0,0,0,0,0,0,0,0,0,0,0,0,0,0,0,0,0,0,0,0,0,0,0,0,0,0,0,0,0,0,0,0,0,0,0,0,0,0,0,0,0,0,0,0,0,0,0,0,0,0,0,0,0,0,0,0,0,0,0,0,0,0,0,0,0,0,0,0,0,0,0,0,0,0,0,0,0,0,0,0,0,0,0,0,0,0,0,0,0,0,0,0,0,0,0,0,0,0,0,0,0,0,0,0,0,0,0,0,0,0,0,0,0,0,0,0,0,0,0,0,0,0,0,0,0,0,0,0,0,0,0,0,0,0,0,0,0,0,0,0,0,0,0,0,0,0,0,0,0,0,0,0,0,0,0,0,0,0,0,0
SRR2750848,PRJNA299077,COPD_Exacerbation,0.049186661,0,0.28177113,0.001659614,0.195749972,0,0.057496494,0.005251066,0,0.012593855,0,0,0.004158591,0,0,0,0,0,0.000345478,0.002834617,0,0.000231685,0,0,0,0,0.000556834,0,0,0.000166714,0,0,0,0,0,0,0,0,0,0,0,0,0,0,0,0,0,0,0,0,0,0,0,0,0,0,0,0,0,0,0,0,0,0,0,0,0,0,0,0,0,0,0,0,0,0,0,0,0,0,0,0,0,0,0,0,0,0,0,0,0,0,0,0,0,0,0,0,0,0,0,0,0,0,0,0,0,0,0,0,0,0,0,0,0,0,0,0,0,0,0,0,0,0,0,0,0,0,0,0,0,0,0,0,0,0,0,0,0,0,0,0,0,0,0,0,0,0,0,0,0,0,0,0,0,0,0,0,0,0,0,0,0,0,0,0,0,0,0,0,0,0,0,0,0,0,0,0,0,0,0,0,0,0,0,0,0,0,0,0,0,0,0,0,0,0,0,0,0,0,0,0,0,0,0,0,0,0,0,0,0,0,0,0,0,0,0,0,0,0,0,0,0,0,0,0,0,0,0,0,0,0,0,0,0,0,0,0,0,0,0,0,0,0,0,0,0,0,0,0,0,0,0,0,0,0,0,0,0,0,0,0,0,0,0,0,0,0,0,0,0,0
SRR2750851,PRJNA299077,COPD_Exacerbation,0.1438299,0,0,0,0.008187234,0,0.062818007,0,0,0.060507463,0,0,0,0,0,0,0,0.001887351,0,0.255368746,0,0.008076633,0,0,0,0,0,0,0,0,0,0,0,0,0,0.000712291,0,0,0,0,0,0,0,0,0,0,0,0,0,0,0,0,0,0,0,0,0,0,0,0,0,0,0,0,0,0,0,0,0,0,0,0,0,0,0,0,0,0,0,0,0,0,0,0,0,0,0,0,0,0,0,0,0,0,0,0,0,0,0,0,0,0,0,0,0,0,0,0,0,0,0,0,0,0,0,0,0,0,0,0,0,0,0,0,0,0,0,0,0,0,0,0,0,0,0,0,0,0,0,0,0,0,0,0,0,0,0,0,0,0,0,0,0,0,0,0,0,0,0,0,0,0,0,0,0,0,0,0,0,0,0,0,0,0,0,0,0,0,0,0,0,0,0,0,0,0,0,0,0,0,0,0,0,0,0,0,0,0,0,0,0,0,0,0,0,0,0,0,0,0,0,0,0,0,0,0,0,0,0,0,0,0,0,0,0,0,0,0,0,0,0,0,0,0,0,0,0,0,0,0,0,0,0,0,0,0,0,0,0,0,0,0,0,0,0,0,0,0,0,0,0,0,0,0,0,0,0,0,0,0,0,0
SRR2750854,PRJNA299077,COPD_Stable,0.65313987,0,0,0,0,0,0,0,0,0,0,0,0,0,0,0.043882897,0,0,0,0,0,0,0,0,0,0,0,0,0,0,0,0,0,0,0,0,0,0,0,0,0,0,0,0,0,0,0,0,0,0,0,0,0,0,0,0,0,0,0,0,0,0,0,0,0,0,0,0,0,0,0,0,0,0,0,0,0,0,0,0,0,0,0,0,0,0,0,0,0,0,0,0,0,0,0,0,0,0,0,0,0,0,0,0,0,0,0,0,0,0,0,0,0,0,0,0,0,0,0,0,0,0,0,0,0,0,0,0,0,0,0,0,0,0,0,0,0,0,0,0,0,0,0,0,0,0,0,0,0,0,0,0,0,0,0,0,0,0,0,0,0,0,0,0,0,0,0,0,0,0,0,0,0,0,0,0,0,0,0,0,0,0,0,0,0,0,0,0,0,0,0,0,0,0,0,0,0,0,0,0,0,0,0,0,0,0,0,0,0,0,0,0,0,0,0,0,0,0,0,0,0,0,0,0,0,0,0,0,0,0,0,0,0,0,0,0,0,0,0,0,0,0,0,0,0,0,0,0,0,0,0,0,0,0,0,0,0,0,0,0,0,0,0,0,0,0,0,0,0,0,0,0
SRR2750855,PRJNA299077,COPD_Exacerbation,0.878277175,0.020840705,0,0,0,0,0,0,0,0,0.03466331,0,0,0,0,0,0,0,0,0,0,0,0,0,0,0,0,0,0,0,0,0,0,0,0,0,0,0,0,0,0,0,0,0,0,0,0,0,0,0,0,0,0,0,0,0,0,0,0,0,0,0,0,0,0,0,0,0,0,0,0,0,0,0,0,0,0,0,0,0,0,0,0,0,0,0,0,0,0,0,0,0,0,0,0,0,0,0,0,0,0,0,0,0,0,0,0,0,0,0,0,0,0,0,0,0,0,0,0,0,0,0,0,0,0,0,0,0,0,0,0,0,0,0,0,0,0,0,0,0,0,0,0,0,0,0,0,0,0,0,0,0,0,0,0,0,0,0,0,0,0,0,0,0,0,0,0,0,0,0,0,0,0,0,0,0,0,0,0,0,0,0,0,0,0,0,0,0,0,0,0,0,0,0,0,0,0,0,0,0,0,0,0,0,0,0,0,0,0,0,0,0,0,0,0,0,0,0,0,0,0,0,0,0,0,0,0,0,0,0,0,0,0,0,0,0,0,0,0,0,0,0,0,0,0,0,0,0,0,0,0,0,0,0,0,0,0,0,0,0,0,0,0,0,0,0,0,0,0,0,0,0
SRR2750858,PRJNA299077,COPD_Exacerbation,0.130621429,0.036320333,0.001889226,0.061621058,0,0.011577888,0.280380667,0.075012896,0,0.012230464,0.006478455,0.002686014,0.053201885,0,0,0.00260871,0,0,0,0.031352803,0,0.001108828,0,0,0,0,0.002280594,0,0,0.001472125,0,0,0,0,0,0,0,0,0,0,0,0,0,0,0,0,0,0,0,0,0,0,0,0,0,0,0,0,0,0,0,0,0,0,0,0,0,0,0,0,0,0,0,0,0,0,0,0,0,0,0,0,0,0,0,0,0,0,0,0,0,0,0,0,0,0,0,0,0,0,0,0,0,0,0,0,0,0,0,0,0,0,0,0,0,0,0,0,0,0,0,0,0,0,0,0,0,0,0,0,0,0,0,0,0,0,0,0,0,0,0,0,0,0,0,0,0,0,0,0,0,0,0,0,0,0,0,0,0,0,0,0,0,0,0,0,0,0,0,0,0,0,0,0,0,0,0,0,0,0,0,0,0,0,0,0,0,0,0,0,0,0,0,0,0,0,0,0,0,0,0,0,0,0,0,0,0,0,0,0,0,0,0,0,0,0,0,0,0,0,0,0,0,0,0,0,0,0,0,0,0,0,0,0,0,0,0,0,0,0,0,0,0,0,0,0,0,0,0,0,0,0,0,0,0,0,0,0,0,0,0,0,0,0,0,0,0,0,0,0,0,0
SRR2750859,PRJNA299077,COPD_Exacerbation,0.129741188,0.012894275,0,0.012495557,0.002367766,0,0.424245014,0.10523527,0,0.007532584,0,0,0.014907212,0,0,0,0,0,0,0.00564983,0,0,0,0,0,0,0,0,0,0,0,0,0,0,0,0,0,0,0,0,0,0,0,0,0,0,0,0,0,0,0,0,0,0,0,0,0,0,0,0,0,0,0,0,0,0,0,0,0,0,0,0,0,0,0,0,0,0,0,0,0,0,0,0,0,0,0,0,0,0,0,0,0,0,0,0,0,0,0,0,0,0,0,0,0,0,0,0,0,0,0,0,0,0,0,0,0,0,0,0,0,0,0,0,0,0,0,0,0,0,0,0,0,0,0,0,0,0,0,0,0,0,0,0,0,0,0,0,0,0,0,0,0,0,0,0,0,0,0,0,0,0,0,0,0,0,0,0,0,0,0,0,0,0,0,0,0,0,0,0,0,0,0,0,0,0,0,0,0,0,0,0,0,0,0,0,0,0,0,0,0,0,0,0,0,0,0,0,0,0,0,0,0,0,0,0,0,0,0,0,0,0,0,0,0,0,0,0,0,0,0,0,0,0,0,0,0,0,0,0,0,0,0,0,0,0,0,0,0,0,0,0,0,0,0,0,0,0,0,0,0,0,0,0,0,0,0,0,0,0,0,0
SRR2750860,PRJNA299077,COPD_Exacerbation,0.065716395,0.008932403,0.001128884,0.045123446,0.017017907,0,0.181483162,0.136047302,0,0.005552124,0.009895108,0.002835531,0.043248688,0,0,0.000176785,0,0,0,0.054260834,0,0.000897586,0,0,0,0,0.001501772,0.002307089,0,0.00095522,0,0,0,0.000513053,0,0,0,0,0,0,0,0,0,0,0,0,0,0,0,0,0,0,0,0,0,0,0,0,0,0,0,0,0,0,0,0,0,0,0,0,0,0,0,0,0,0,0,0,0,0,0,0,0,0,0,0,0,0,0,0,0,0,0,0,0,0,0,0,0,0,0,0,0,0,0,0,0,0,0,0,0,0,0,0,0,0,0,0,0,0,0,0,0,0,0,0,0,0,0,0,0,0,0,0,0,0,0,0,0,0,0,0,0,0,0,0,0,0,0,0,0,0,0,0,0,0,0,0,0,0,0,0,0,0,0,0,0,0,0,0,0,0,0,0,0,0,0,0,0,0,0,0,0,0,0,0,0,0,0,0,0,0,0,0,0,0,0,0,0,0,0,0,0,0,0,0,0,0,0,0,0,0,0,0,0,0,0,0,0,0,0,0,0,0,0,0,0,0,0,0,0,0,0,0,0,0,0,0,0,0,0,0,0,0,0,0,0,0,0,0,0,0,0,0,0,0,0,0,0,0,0,0,0,0,0,0,0,0,0,0,0,0
SRR2750861,PRJNA299077,COPD_Exacerbation,0.596275718,0,0.048352381,0,0,0,0,0,0,0,0,0,0,0,0,0,0,0,0,0,0,0,0,0,0,0,0,0,0,0,0,0,0,0,0,0,0,0,0,0,0,0,0,0,0,0,0,0,0,0,0,0,0,0,0,0,0,0,0,0,0,0,0,0,0,0,0,0,0,0,0,0,0,0,0,0,0,0,0,0,0,0,0,0,0,0,0,0,0,0,0,0,0,0,0,0,0,0,0,0,0,0,0,0,0,0,0,0,0,0,0,0,0,0,0,0,0,0,0,0,0,0,0,0,0,0,0,0,0,0,0,0,0,0,0,0,0,0,0,0,0,0,0,0,0,0,0,0,0,0,0,0,0,0,0,0,0,0,0,0,0,0,0,0,0,0,0,0,0,0,0,0,0,0,0,0,0,0,0,0,0,0,0,0,0,0,0,0,0,0,0,0,0,0,0,0,0,0,0,0,0,0,0,0,0,0,0,0,0,0,0,0,0,0,0,0,0,0,0,0,0,0,0,0,0,0,0,0,0,0,0,0,0,0,0,0,0,0,0,0,0,0,0,0,0,0,0,0,0,0,0,0,0,0,0,0,0,0,0,0,0,0,0,0,0,0,0,0,0,0,0,0
SRR2750862,PRJNA299077,COPD_Exacerbation,0.903797468,0,0,0,0,0,0,0,0,0,0,0,0,0,0,0,0,0,0,0,0,0,0,0,0,0,0,0,0,0,0,0,0,0,0,0,0,0,0,0,0,0,0,0,0,0,0,0,0,0,0,0,0,0,0,0,0,0,0,0,0,0,0,0,0,0,0,0,0,0,0,0,0,0,0,0,0,0,0,0,0,0,0,0,0,0,0,0,0,0,0,0,0,0,0,0,0,0,0,0,0,0,0,0,0,0,0,0,0,0,0,0,0,0,0,0,0,0,0,0,0,0,0,0,0,0,0,0,0,0,0,0,0,0,0,0,0,0,0,0,0,0,0,0,0,0,0,0,0,0,0,0,0,0,0,0,0,0,0,0,0,0,0,0,0,0,0,0,0,0,0,0,0,0,0,0,0,0,0,0,0,0,0,0,0,0,0,0,0,0,0,0,0,0,0,0,0,0,0,0,0,0,0,0,0,0,0,0,0,0,0,0,0,0,0,0,0,0,0,0,0,0,0,0,0,0,0,0,0,0,0,0,0,0,0,0,0,0,0,0,0,0,0,0,0,0,0,0,0,0,0,0,0,0,0,0,0,0,0,0,0,0,0,0,0,0,0,0,0,0,0,0
SRR2750863,PRJNA299077,COPD_Exacerbation,0.484016383,0,0,0,0,0,0.26206799,0,0,0,0,0,0,0,0,0,0,0,0,0,0,0,0,0,0,0,0,0.010052003,0,0.00262651,0,0,0,0,0,0,0,0,0,0,0,0,0,0,0,0,0,0,0,0,0,0,0,0,0,0,0,0,0,0,0,0,0,0,0,0,0,0,0,0,0,0,0,0,0,0,0,0,0,0,0,0,0,0,0,0,0,0,0,0,0,0,0,0,0,0,0,0,0,0,0,0,0,0,0,0,0,0,0,0,0,0,0,0,0,0,0,0,0,0,0,0,0,0,0,0,0,0,0,0,0,0,0,0,0,0,0,0,0,0,0,0,0,0,0,0,0,0,0,0,0,0,0,0,0,0,0,0,0,0,0,0,0,0,0,0,0,0,0,0,0,0,0,0,0,0,0,0,0,0,0,0,0,0,0,0,0,0,0,0,0,0,0,0,0,0,0,0,0,0,0,0,0,0,0,0,0,0,0,0,0,0,0,0,0,0,0,0,0,0,0,0,0,0,0,0,0,0,0,0,0,0,0,0,0,0,0,0,0,0,0,0,0,0,0,0,0,0,0,0,0,0,0,0,0,0,0,0,0,0,0,0,0,0,0,0,0,0,0,0,0,0
SRR2750864,PRJNA299077,COPD_Exacerbation,0.379739326,0.00104469,0,0,0,0,0.371735264,0.007434066,0,0.02714234,0.018712263,0.02300349,0.001132276,0,0,0,0,0,0,0,0.034287089,0,0.018524426,0.00221686,0.005094229,0.001000135,0,0,0.006702385,0.002973013,0,0,0.000642011,0,0,0.000103354,0.000269519,0,0,0.004719352,0,0,0,0,0,0,0,0,0,0,0,0,0,0,0,0,0,0,0,0,0,0,0,0,0,0,0,0,0,0,0,0,0,0,0,0,0,0,0,0,0,0,0,0,0,0,0,0,0,0,0,0,0,0,0,0,0,0,0,0,0,0,0,0,0,0,0,0,0,0,0,0,0,0,0,0,0,0,0,0,0,0,0,0,0,0,0,0,0,0,0,0,0,0,0,0,0,0,0,0,0,0,0,0,0,0,0,0,0,0,0,0,0,0,0,0,0,0,0,0,0,0,0,0,0,0,0,0,0,0,0,0,0,0,0,0,0,0,0,0,0,0,0,0,0,0,0,0,0,0,0,0,0,0,0,0,0,0,0,0,0,0,0,0,0,0,0,0,0,0,0,0,0,0,0,0,0,0,0,0,0,0,0,0,0,0,0,0,0,0,0,0,0,0,0,0,0,0,0,0,0,0,0,0,0,0,0,0,0,0,0,0,0,0,0,0,0,0,0,0,0,0,0,0,0,0,0,0,0,0,0,0
SRR2750865,PRJNA299077,COPD_Exacerbation,0.139344284,0,0.010990641,0,0.013484095,0,0.032974002,0,0,0.003302811,0.000654444,0.000313223,0.000811004,0,0,0,0,0,0,0,0.00872094,0,0,0,0.002486316,0,0,0,0,0,0,0,0,0,0,0,0,0,0,0,0,0,0,0,0,0,0,0,0,0,0,0,0,0,0,0,0,0,0,0,0,0,0,0,0,0,0,0,0,0,0,0,0,0,0,0,0,0,0,0,0,0,0,0,0,0,0,0,0,0,0,0,0,0,0,0,0,0,0,0,0,0,0,0,0,0,0,0,0,0,0,0,0,0,0,0,0,0,0,0,0,0,0,0,0,0,0,0,0,0,0,0,0,0,0,0,0,0,0,0,0,0,0,0,0,0,0,0,0,0,0,0,0,0,0,0,0,0,0,0,0,0,0,0,0,0,0,0,0,0,0,0,0,0,0,0,0,0,0,0,0,0,0,0,0,0,0,0,0,0,0,0,0,0,0,0,0,0,0,0,0,0,0,0,0,0,0,0,0,0,0,0,0,0,0,0,0,0,0,0,0,0,0,0,0,0,0,0,0,0,0,0,0,0,0,0,0,0,0,0,0,0,0,0,0,0,0,0,0,0,0,0,0,0,0,0,0,0,0,0,0,0,0,0,0,0,0,0,0,0,0,0
SRR2750866,PRJNA299077,COPD_Exacerbation,0.311772268,0.001479515,0,0,0,0,0.368677741,0.015446877,0,0.043962495,0.002049123,0.000553124,0.005488825,0,0,0,0,0,0,0,0.015580305,0,0,0,0,0,0,0,0.000441433,0,0,0,0.002210361,0,0,0,0,0,0,0,0.001286394,0,0,0,0,0,0,0,0,0,0,0,0,0,0,0,0,0,0,0,0,0,0,0,0,0,0,0,0,0,0,0,0,0,0,0,0,0,0,0,0,0,0,0,0,0,0,0,0,0,0,0,0,0,0,0,0,0,0,0,0,0,0,0,0,0,0,0,0,0,0,0,0,0,0,0,0,0,0,0,0,0,0,0,0,0,0,0,0,0,0,0,0,0,0,0,0,0,0,0,0,0,0,0,0,0,0,0,0,0,0,0,0,0,0,0,0,0,0,0,0,0,0,0,0,0,0,0,0,0,0,0,0,0,0,0,0,0,0,0,0,0,0,0,0,0,0,0,0,0,0,0,0,0,0,0,0,0,0,0,0,0,0,0,0,0,0,0,0,0,0,0,0,0,0,0,0,0,0,0,0,0,0,0,0,0,0,0,0,0,0,0,0,0,0,0,0,0,0,0,0,0,0,0,0,0,0,0,0,0,0,0,0,0,0,0,0,0,0,0,0,0,0,0,0,0,0,0,0,0,0,0
SRR2750867,PRJNA299077,COPD_Exacerbation,0.40907098,0.003589839,0,0,0,0,0.302271064,0.01032412,0,0.018194819,0.014718922,0.012373146,0.011284651,0,0,0,0,0,0,0,0.02315046,0,0.002552625,0.001008695,0.031112836,0,0,0,0,0,0,0,0.005589502,0,0,0.002317721,0,0,0,0.000918784,0,0,0,0,0,0,0,0,0,0,0,0,0,0,0,0,0,0,0,0,0,0,0,0,0,0,0,0,0,0,0,0,0,0,0,0,0,0,0,0,0,0,0,0,0,0,0,0,0,0,0,0,0,0,0,0,0,0,0,0,0,0,0,0,0,0,0,0,0,0,0,0,0,0,0,0,0,0,0,0,0,0,0,0,0,0,0,0,0,0,0,0,0,0,0,0,0,0,0,0,0,0,0,0,0,0,0,0,0,0,0,0,0,0,0,0,0,0,0,0,0,0,0,0,0,0,0,0,0,0,0,0,0,0,0,0,0,0,0,0,0,0,0,0,0,0,0,0,0,0,0,0,0,0,0,0,0,0,0,0,0,0,0,0,0,0,0,0,0,0,0,0,0,0,0,0,0,0,0,0,0,0,0,0,0,0,0,0,0,0,0,0,0,0,0,0,0,0,0,0,0,0,0,0,0,0,0,0,0,0,0,0,0,0,0,0,0,0,0,0,0,0,0,0,0,0,0,0,0,0,0,0
SRR2750868,PRJNA299077,COPD_Exacerbation,0.278129656,0.011595485,0.003053672,0,0,0.012904972,0.309532208,0.108710114,0,0.00831407,0.01183055,0.011795203,0.011005463,0,0,0,0.00145668,0.006372161,0.00031058,0.002055265,0,0.000730137,0.004731003,0.0265821,0,0.004162446,0,0,0.002729225,0.000251732,0,0,0.000504937,0,0,0.008208964,0,0,0,0,0,0,0,0,0,0,0,0,0,0,0,0,0,0,0,0,0,0,0,0,0,0,0,0,0,0,0,0,0,0,0,0,0,0,0,0,0,0,0,0,0,0,0,0,0,0,0,0,0,0,0,0,0,0,0,0,0,0,0,0,0,0,0,0,0,0,0,0,0,0,0,0,0,0,0,0,0,0,0,0,0,0,0,0,0,0,0,0,0,0,0,0,0,0,0,0,0,0,0,0,0,0,0,0,0,0,0,0,0,0,0,0,0,0,0,0,0,0,0,0,0,0,0,0,0,0,0,0,0,0,0,0,0,0,0,0,0,0,0,0,0,0,0,0,0,0,0,0,0,0,0,0,0,0,0,0,0,0,0,0,0,0,0,0,0,0,0,0,0,0,0,0,0,0,0,0,0,0,0,0,0,0,0,0,0,0,0,0,0,0,0,0,0,0,0,0,0,0,0,0,0,0,0,0,0,0,0,0,0,0,0,0,0,0,0,0,0,0,0,0,0,0,0,0,0,0,0,0,0,0,0,0
SRR2750869,PRJNA299077,COPD_Exacerbation,0.0893479,0.001202288,0.749695846,0,0,0.000837457,0.12692696,0.008892896,0,0.000741225,0,0.001702304,0.001943674,0,0,0,0,0,0,0,0,0.000228643,0,0.001869423,0,0,0,0,0.000219842,0,0,0,0,0,0,0.001299459,0,0,0,0,0,0,0,0,0,0,0,0,0,0,0,0,0,0,0,0,0,0,0,0,0,0,0,0,0,0,0,0,0,0,0,0,0,0,0,0,0,0,0,0,0,0,0,0,0,0,0,0,0,0,0,0,0,0,0,0,0,0,0,0,0,0,0,0,0,0,0,0,0,0,0,0,0,0,0,0,0,0,0,0,0,0,0,0,0,0,0,0,0,0,0,0,0,0,0,0,0,0,0,0,0,0,0,0,0,0,0,0,0,0,0,0,0,0,0,0,0,0,0,0,0,0,0,0,0,0,0,0,0,0,0,0,0,0,0,0,0,0,0,0,0,0,0,0,0,0,0,0,0,0,0,0,0,0,0,0,0,0,0,0,0,0,0,0,0,0,0,0,0,0,0,0,0,0,0,0,0,0,0,0,0,0,0,0,0,0,0,0,0,0,0,0,0,0,0,0,0,0,0,0,0,0,0,0,0,0,0,0,0,0,0,0,0,0,0,0,0,0,0,0,0,0,0,0,0,0,0,0,0,0,0,0
SRR2750870,PRJNA299077,COPD_Exacerbation,0.088195286,0.029504308,0,0,0.004333559,0,0.29766201,0.186456757,0,0.014316154,0.01959153,0.021515043,0.004774464,0,0,0,0.002517719,0.004052559,0.000271073,0.002083897,0.000400177,0.006485949,0.008518694,0.015788011,0,0.006178317,0,0.000737546,0.00171879,0.002697272,0,0,0.005930967,0,0,0.005620877,0.000901483,0.001094194,0,0.000549627,0,0,0,0,0,0,0,0,0,0,0,0,0,0,0,0,0,0,0,0,0,0,0,0,0,0,0,0,0,0,0,0,0,0,0,0,0,0,0,0,0,0,0,0,0,0,0,0,0,0,0,0,0,0,0,0,0,0,0,0,0,0,0,0,0,0,0,0,0,0,0,0,0,0,0,0,0,0,0,0,0,0,0,0,0,0,0,0,0,0,0,0,0,0,0,0,0,0,0,0,0,0,0,0,0,0,0,0,0,0,0,0,0,0,0,0,0,0,0,0,0,0,0,0,0,0,0,0,0,0,0,0,0,0,0,0,0,0,0,0,0,0,0,0,0,0,0,0,0,0,0,0,0,0,0,0,0,0,0,0,0,0,0,0,0,0,0,0,0,0,0,0,0,0,0,0,0,0,0,0,0,0,0,0,0,0,0,0,0,0,0,0,0,0,0,0,0,0,0,0,0,0,0,0,0,0,0,0,0,0,0,0,0,0,0,0,0,0,0,0,0,0,0,0,0,0,0,0,0,0,0,0
SRR2750871,PRJNA299077,COPD_Exacerbation,0.275081393,0.01434771,0,0,0.003540482,0,0.37391812,0.125404578,0,0.021741343,0.014555591,0.008588475,0.005612206,0,0,0.002479187,0.00068451,0.001293701,0.000238332,0.000921775,0.000998466,0.001249055,0.001951161,0.00105974,0,0.001495528,0,0.000160092,0.002392576,0.001033173,0,0,0.000813552,0,0,0.001023515,0,0,0,0,0,0,0,0,0,0,0,0,0,0,0,0,0,0,0,0,0,0,0,0,0,0,0,0,0,0,0,0,0,0,0,0,0,0,0,0,0,0,0,0,0,0,0,0,0,0,0,0,0,0,0,0,0,0,0,0,0,0,0,0,0,0,0,0,0,0,0,0,0,0,0,0,0,0,0,0,0,0,0,0,0,0,0,0,0,0,0,0,0,0,0,0,0,0,0,0,0,0,0,0,0,0,0,0,0,0,0,0,0,0,0,0,0,0,0,0,0,0,0,0,0,0,0,0,0,0,0,0,0,0,0,0,0,0,0,0,0,0,0,0,0,0,0,0,0,0,0,0,0,0,0,0,0,0,0,0,0,0,0,0,0,0,0,0,0,0,0,0,0,0,0,0,0,0,0,0,0,0,0,0,0,0,0,0,0,0,0,0,0,0,0,0,0,0,0,0,0,0,0,0,0,0,0,0,0,0,0,0,0,0,0,0,0,0,0,0,0,0,0,0,0,0,0,0,0,0,0,0,0,0,0,0
SRR2750872,PRJNA299077,COPD_Exacerbation,0.108221943,0.007853707,0,0,0,0.006312291,0.220683828,0.10645841,0,0.048206032,0.030568811,0.011541705,0.014966164,0,0,0,0,0,0,0.037605589,0,0.000118506,0.005423778,0.008476133,0,0,0,0,0,0,0,0,0,0,0,0,0,0,0,0,0,0,0,0,0,0,0,0,0,0,0,0,0,0,0,0,0,0,0,0,0,0,0,0,0,0,0,0,0,0,0,0,0,0,0,0,0,0,0,0,0,0,0,0,0,0,0,0,0,0,0,0,0,0,0,0,0,0,0,0,0,0,0,0,0,0,0,0,0,0,0,0,0,0,0,0,0,0,0,0,0,0,0,0,0,0,0,0,0,0,0,0,0,0,0,0,0,0,0,0,0,0,0,0,0,0,0,0,0,0,0,0,0,0,0,0,0,0,0,0,0,0,0,0,0,0,0,0,0,0,0,0,0,0,0,0,0,0,0,0,0,0,0,0,0,0,0,0,0,0,0,0,0,0,0,0,0,0,0,0,0,0,0,0,0,0,0,0,0,0,0,0,0,0,0,0,0,0,0,0,0,0,0,0,0,0,0,0,0,0,0,0,0,0,0,0,0,0,0,0,0,0,0,0,0,0,0,0,0,0,0,0,0,0,0,0,0,0,0,0,0,0,0,0,0,0,0,0,0,0,0,0
SRR2750873,PRJNA299077,COPD_Exacerbation,0.200395349,0.00512961,0.002302426,0,0,0.0155468,0.270865132,0.067735989,0,0.021640297,0.007534575,0.002854377,0.018469467,0,0,0,0.0015615,0,0,0.005313561,0,0,0,0,0,0.001627489,0,0,0,0,0,0,0,0,0,0,0,0,0,0,0,0,0,0,0,0,0,0,0,0,0,0,0,0,0,0,0,0,0,0,0,0,0,0,0,0,0,0,0,0,0,0,0,0,0,0,0,0,0,0,0,0,0,0,0,0,0,0,0,0,0,0,0,0,0,0,0,0,0,0,0,0,0,0,0,0,0,0,0,0,0,0,0,0,0,0,0,0,0,0,0,0,0,0,0,0,0,0,0,0,0,0,0,0,0,0,0,0,0,0,0,0,0,0,0,0,0,0,0,0,0,0,0,0,0,0,0,0,0,0,0,0,0,0,0,0,0,0,0,0,0,0,0,0,0,0,0,0,0,0,0,0,0,0,0,0,0,0,0,0,0,0,0,0,0,0,0,0,0,0,0,0,0,0,0,0,0,0,0,0,0,0,0,0,0,0,0,0,0,0,0,0,0,0,0,0,0,0,0,0,0,0,0,0,0,0,0,0,0,0,0,0,0,0,0,0,0,0,0,0,0,0,0,0,0,0,0,0,0,0,0,0,0,0,0,0,0,0,0,0,0,0
SRR2750874,PRJNA299077,COPD_Exacerbation,0.083741803,0.008061891,0.438167084,0,0,0,0.152864419,0.02464532,0,0,0.021814677,0.030095834,0.004425373,0,0,0,0,0,0,0.006349385,0.001292196,0.001103266,0.003833457,0.005036402,0.00124237,0,0,0,0,0,0,0,0,0,0,0,0,0,0,0,0,0,0,0,0,0,0,0,0,0,0,0,0,0,0,0,0,0,0,0,0,0,0,0,0,0,0,0,0,0,0,0,0,0,0,0,0,0,0,0,0,0,0,0,0,0,0,0,0,0,0,0,0,0,0,0,0,0,0,0,0,0,0,0,0,0,0,0,0,0,0,0,0,0,0,0,0,0,0,0,0,0,0,0,0,0,0,0,0,0,0,0,0,0,0,0,0,0,0,0,0,0,0,0,0,0,0,0,0,0,0,0,0,0,0,0,0,0,0,0,0,0,0,0,0,0,0,0,0,0,0,0,0,0,0,0,0,0,0,0,0,0,0,0,0,0,0,0,0,0,0,0,0,0,0,0,0,0,0,0,0,0,0,0,0,0,0,0,0,0,0,0,0,0,0,0,0,0,0,0,0,0,0,0,0,0,0,0,0,0,0,0,0,0,0,0,0,0,0,0,0,0,0,0,0,0,0,0,0,0,0,0,0,0,0,0,0,0,0,0,0,0,0,0,0,0,0,0,0,0,0,0
SRR2750875,PRJNA299077,COPD_Exacerbation,0.256483944,0.029115575,0.000360403,0,0,0,0.175187081,0.095016988,0,0.018880885,0.002212379,0.000304584,0.002072014,0,0,0.000466208,0.00097346,0.001422481,0,0,0,0,0.035499402,0,0,0.001231833,0,0,0.003954348,0,0,0.016735395,0,0,0,0,0,0,0,0,0.000881242,0,0,0,0,0,0,0,0,0,0,0,0,0,0,0,0,0,0,0,0,0,0,0,0,0,0,0,0,0,0,0,0,0,0,0,0,0,0,0,0,0,0,0,0,0,0,0,0,0,0,0,0,0,0,0,0,0,0,0,0,0,0,0,0,0,0,0,0,0,0,0,0,0,0,0,0,0,0,0,0,0,0,0,0,0,0,0,0,0,0,0,0,0,0,0,0,0,0,0,0,0,0,0,0,0,0,0,0,0,0,0,0,0,0,0,0,0,0,0,0,0,0,0,0,0,0,0,0,0,0,0,0,0,0,0,0,0,0,0,0,0,0,0,0,0,0,0,0,0,0,0,0,0,0,0,0,0,0,0,0,0,0,0,0,0,0,0,0,0,0,0,0,0,0,0,0,0,0,0,0,0,0,0,0,0,0,0,0,0,0,0,0,0,0,0,0,0,0,0,0,0,0,0,0,0,0,0,0,0,0,0,0,0,0,0,0,0,0,0,0,0,0,0,0,0,0,0,0,0,0,0
SRR2750876,PRJNA299077,COPD_Exacerbation,0.203583826,0.01502055,0,0,0.00401562,0,0.298077743,0.073111838,0,0.01906672,0.000749389,0.000727942,0.000832718,0,0,0,0.000229663,0,0,0,0,0,0.055761953,0,0,0.001001459,0,0,0.001946652,0,0,0.005899768,0,0,0,0,0,0,0,0,0.002242383,0,0,0,0,0,0,0,0,0,0,0,0,0,0,0,0,0,0,0,0,0,0,0,0,0,0,0,0,0,0,0,0,0,0,0,0,0,0,0,0,0,0,0,0,0,0,0,0,0,0,0,0,0,0,0,0,0,0,0,0,0,0,0,0,0,0,0,0,0,0,0,0,0,0,0,0,0,0,0,0,0,0,0,0,0,0,0,0,0,0,0,0,0,0,0,0,0,0,0,0,0,0,0,0,0,0,0,0,0,0,0,0,0,0,0,0,0,0,0,0,0,0,0,0,0,0,0,0,0,0,0,0,0,0,0,0,0,0,0,0,0,0,0,0,0,0,0,0,0,0,0,0,0,0,0,0,0,0,0,0,0,0,0,0,0,0,0,0,0,0,0,0,0,0,0,0,0,0,0,0,0,0,0,0,0,0,0,0,0,0,0,0,0,0,0,0,0,0,0,0,0,0,0,0,0,0,0,0,0,0,0,0,0,0,0,0,0,0,0,0,0,0,0,0,0,0,0,0,0,0,0
SRR2750877,PRJNA299077,COPD_Exacerbation,0.230896507,0.017795112,0.001938074,0,0,0,0.183310978,0.06524187,0,0.014806842,0.004374775,0.000358738,0.000473369,0,0,0.000553076,0.00034926,0.0005406,0,0,0.000705647,0,0,0,0,8.80E-05,0,0,0.002789837,0.00064321,0,0.005793219,0,0,0,0,0,0,0,0,0.017727965,0,0,0,0,0,0,0,0,0,0,0,0,0,0,0,0,0,0,0,0,0,0,0,0,0,0,0,0,0,0,0,0,0,0,0,0,0,0,0,0,0,0,0,0,0,0,0,0,0,0,0,0,0,0,0,0,0,0,0,0,0,0,0,0,0,0,0,0,0,0,0,0,0,0,0,0,0,0,0,0,0,0,0,0,0,0,0,0,0,0,0,0,0,0,0,0,0,0,0,0,0,0,0,0,0,0,0,0,0,0,0,0,0,0,0,0,0,0,0,0,0,0,0,0,0,0,0,0,0,0,0,0,0,0,0,0,0,0,0,0,0,0,0,0,0,0,0,0,0,0,0,0,0,0,0,0,0,0,0,0,0,0,0,0,0,0,0,0,0,0,0,0,0,0,0,0,0,0,0,0,0,0,0,0,0,0,0,0,0,0,0,0,0,0,0,0,0,0,0,0,0,0,0,0,0,0,0,0,0,0,0,0,0,0,0,0,0,0,0,0,0,0,0,0,0,0,0,0,0,0,0
SRR2750878,PRJNA299077,COPD_Exacerbation,0.098284297,0.003507639,0,0,0,0,0.110534521,0.032758984,0,0.000894248,0,0.000152509,0.005619656,0,0,0,0.001227011,0,0,0,0,0.000147301,0.000235874,0.000227922,0,0,0,0,0.002785074,0,0,0,0,0,0,0,0,0,0,0,0,0,0,0,0,0,0,0,0,0,0,0,0,0,0,0,0,0,0,0,0,0,0,0,0,0,0,0,0,0,0,0,0,0,0,0,0,0,0,0,0,0,0,0,0,0,0,0,0,0,0,0,0,0,0,0,0,0,0,0,0,0,0,0,0,0,0,0,0,0,0,0,0,0,0,0,0,0,0,0,0,0,0,0,0,0,0,0,0,0,0,0,0,0,0,0,0,0,0,0,0,0,0,0,0,0,0,0,0,0,0,0,0,0,0,0,0,0,0,0,0,0,0,0,0,0,0,0,0,0,0,0,0,0,0,0,0,0,0,0,0,0,0,0,0,0,0,0,0,0,0,0,0,0,0,0,0,0,0,0,0,0,0,0,0,0,0,0,0,0,0,0,0,0,0,0,0,0,0,0,0,0,0,0,0,0,0,0,0,0,0,0,0,0,0,0,0,0,0,0,0,0,0,0,0,0,0,0,0,0,0,0,0,0,0,0,0,0,0,0,0,0,0,0,0,0,0,0,0,0,0,0
SRR2750879,PRJNA299077,COPD_Exacerbation,0.158639936,0,0,0,0.018698721,0,0.10104652,0.029138287,0,0,0,0,0.000613271,0,0,0,0,0,0,0,0,0,0,0,0,0,0,0,0,0,0,0,0,0,0,0,0,0,0,0,0,0,0,0,0,0,0,0,0,0,0,0,0,0,0,0,0,0,0,0,0,0,0,0,0,0,0,0,0,0,0,0,0,0,0,0,0,0,0,0,0,0,0,0,0,0,0,0,0,0,0,0,0,0,0,0,0,0,0,0,0,0,0,0,0,0,0,0,0,0,0,0,0,0,0,0,0,0,0,0,0,0,0,0,0,0,0,0,0,0,0,0,0,0,0,0,0,0,0,0,0,0,0,0,0,0,0,0,0,0,0,0,0,0,0,0,0,0,0,0,0,0,0,0,0,0,0,0,0,0,0,0,0,0,0,0,0,0,0,0,0,0,0,0,0,0,0,0,0,0,0,0,0,0,0,0,0,0,0,0,0,0,0,0,0,0,0,0,0,0,0,0,0,0,0,0,0,0,0,0,0,0,0,0,0,0,0,0,0,0,0,0,0,0,0,0,0,0,0,0,0,0,0,0,0,0,0,0,0,0,0,0,0,0,0,0,0,0,0,0,0,0,0,0,0,0,0,0,0,0,0,0
SRR2750880,PRJNA299077,COPD_Exacerbation,0.030975847,0,0,0,0,0,0.014381348,0.002265684,0,0.001314546,0,0,0.001187886,0,0,0,0,0,0,0,0,0,0,0,0,0,0,0,0,0,0,0,0,0,0,0,0,0,0,0,0,0,0,0,0,0,0,0,0,0,0,0,0,0,0,0,0,0,0,0,0,0,0,0,0,0,0,0,0,0,0,0,0,0,0,0,0,0,0,0,0,0,0,0,0,0,0,0,0,0,0,0,0,0,0,0,0,0,0,0,0,0,0,0,0,0,0,0,0,0,0,0,0,0,0,0,0,0,0,0,0,0,0,0,0,0,0,0,0,0,0,0,0,0,0,0,0,0,0,0,0,0,0,0,0,0,0,0,0,0,0,0,0,0,0,0,0,0,0,0,0,0,0,0,0,0,0,0,0,0,0,0,0,0,0,0,0,0,0,0,0,0,0,0,0,0,0,0,0,0,0,0,0,0,0,0,0,0,0,0,0,0,0,0,0,0,0,0,0,0,0,0,0,0,0,0,0,0,0,0,0,0,0,0,0,0,0,0,0,0,0,0,0,0,0,0,0,0,0,0,0,0,0,0,0,0,0,0,0,0,0,0,0,0,0,0,0,0,0,0,0,0,0,0,0,0,0,0,0,0,0,0
SRR2750881,PRJNA299077,COPD_Exacerbation,0.053523648,0.002096915,0,0,0,0,0.054921625,0.019274328,0,0.004642901,0.003613799,0.003536299,0.004350888,0,0,0,0,0.004768837,0,0.001593626,0,0.000324823,0,0.002223149,0,0,0,0,0,0.001906458,0,0,0,0,0,0,0,0,0,0,0,0,0,0,0,0,0,0,0,0,0,0,0,0,0,0,0,0,0,0,0,0,0,0,0,0,0,0,0,0,0,0,0,0,0,0,0,0,0,0,0,0,0,0,0,0,0,0,0,0,0,0,0,0,0,0,0,0,0,0,0,0,0,0,0,0,0,0,0,0,0,0,0,0,0,0,0,0,0,0,0,0,0,0,0,0,0,0,0,0,0,0,0,0,0,0,0,0,0,0,0,0,0,0,0,0,0,0,0,0,0,0,0,0,0,0,0,0,0,0,0,0,0,0,0,0,0,0,0,0,0,0,0,0,0,0,0,0,0,0,0,0,0,0,0,0,0,0,0,0,0,0,0,0,0,0,0,0,0,0,0,0,0,0,0,0,0,0,0,0,0,0,0,0,0,0,0,0,0,0,0,0,0,0,0,0,0,0,0,0,0,0,0,0,0,0,0,0,0,0,0,0,0,0,0,0,0,0,0,0,0,0,0,0,0,0,0,0,0,0,0,0,0,0,0,0,0,0,0,0,0,0
SRR2750882,PRJNA299077,COPD_Exacerbation,0.039279752,0.001346451,0,0,0.100575754,0,0.061249536,0.010394849,0,0.012400899,0,0.00189841,0.001960869,0,0,0,0,0.000678409,0,0.001509959,0,0.000818851,0,0,0,0,0,0,0,0.00047053,0,0,0,0,0,0,0,0,0,0,0,0,0,0,0,0,0,0,0,0,0,0,0,0,0,0,0,0,0,0,0,0,0,0,0,0,0,0,0,0,0,0,0,0,0,0,0,0,0,0,0,0,0,0,0,0,0,0,0,0,0,0,0,0,0,0,0,0,0,0,0,0,0,0,0,0,0,0,0,0,0,0,0,0,0,0,0,0,0,0,0,0,0,0,0,0,0,0,0,0,0,0,0,0,0,0,0,0,0,0,0,0,0,0,0,0,0,0,0,0,0,0,0,0,0,0,0,0,0,0,0,0,0,0,0,0,0,0,0,0,0,0,0,0,0,0,0,0,0,0,0,0,0,0,0,0,0,0,0,0,0,0,0,0,0,0,0,0,0,0,0,0,0,0,0,0,0,0,0,0,0,0,0,0,0,0,0,0,0,0,0,0,0,0,0,0,0,0,0,0,0,0,0,0,0,0,0,0,0,0,0,0,0,0,0,0,0,0,0,0,0,0,0,0,0,0,0,0,0,0,0,0,0,0,0,0,0,0,0,0,0,0
SRR2750883,PRJNA299077,COPD_Exacerbation,0.138668402,0,0,0,0.0515184,0,0.174472766,0.046560618,0,0.009686274,0.004624536,0.003296473,0.008233164,0,0,0,0.001543564,0.029292192,0,0.032794137,0,0,0.001356515,0.019931192,0,0.009291383,0,0,0,0.004499303,0,0,0,0,0,0,0,0,0,0,0,0,0,0,0,0,0,0,0,0,0,0,0,0,0,0,0,0,0,0,0,0,0,0,0,0,0,0,0,0,0,0,0,0,0,0,0,0,0,0,0,0,0,0,0,0,0,0,0,0,0,0,0,0,0,0,0,0,0,0,0,0,0,0,0,0,0,0,0,0,0,0,0,0,0,0,0,0,0,0,0,0,0,0,0,0,0,0,0,0,0,0,0,0,0,0,0,0,0,0,0,0,0,0,0,0,0,0,0,0,0,0,0,0,0,0,0,0,0,0,0,0,0,0,0,0,0,0,0,0,0,0,0,0,0,0,0,0,0,0,0,0,0,0,0,0,0,0,0,0,0,0,0,0,0,0,0,0,0,0,0,0,0,0,0,0,0,0,0,0,0,0,0,0,0,0,0,0,0,0,0,0,0,0,0,0,0,0,0,0,0,0,0,0,0,0,0,0,0,0,0,0,0,0,0,0,0,0,0,0,0,0,0,0,0,0,0,0,0,0,0,0,0,0,0,0,0,0,0,0,0,0
SRR2750884,PRJNA299077,COPD_Exacerbation,0.191062536,0.002841971,0.000461188,0.00067216,0.015017743,0.000723504,0.101828308,0.040523412,0,0.042524749,0.018959556,0.011581114,0.026936387,0,0,0,0.000422409,0.019396237,0,0.004322753,0,0.001539846,0.003111952,0.009546335,0,0.002619644,0,0,0.005671397,0.002014156,0,0,0.000254694,0,0,0,0.000612791,0,0,0.001533162,0,0,0,0,0,0,0,0,0,0,0,0,0,0,0,0,0,0,0,0,0,0,0,0,0,0,0,0,0,0,0,0,0,0,0,0,0,0,0,0,0,0,0,0,0,0,0,0,0,0,0,0,0,0,0,0,0,0,0,0,0,0,0,0,0,0,0,0,0,0,0,0,0,0,0,0,0,0,0,0,0,0,0,0,0,0,0,0,0,0,0,0,0,0,0,0,0,0,0,0,0,0,0,0,0,0,0,0,0,0,0,0,0,0,0,0,0,0,0,0,0,0,0,0,0,0,0,0,0,0,0,0,0,0,0,0,0,0,0,0,0,0,0,0,0,0,0,0,0,0,0,0,0,0,0,0,0,0,0,0,0,0,0,0,0,0,0,0,0,0,0,0,0,0,0,0,0,0,0,0,0,0,0,0,0,0,0,0,0,0,0,0,0,0,0,0,0,0,0,0,0,0,0,0,0,0,0,0,0,0,0,0,0,0,0,0,0,0,0,0,0,0,0,0,0,0,0,0,0,0,0,0
SRR2750885,PRJNA299077,COPD_Exacerbation,0.186391098,0,0.568630217,0,0,0,0,0.001229713,0,0,0,0,0.00065578,0,0,0,0,0,0,0,0,0,0,0,0,0,0,0,0,0,0,0,0,0,0,0,0,0,0,0,0,0,0,0,0,0,0,0,0,0,0,0,0,0,0,0,0,0,0,0,0,0,0,0,0,0,0,0,0,0,0,0,0,0,0,0,0,0,0,0,0,0,0,0,0,0,0,0,0,0,0,0,0,0,0,0,0,0,0,0,0,0,0,0,0,0,0,0,0,0,0,0,0,0,0,0,0,0,0,0,0,0,0,0,0,0,0,0,0,0,0,0,0,0,0,0,0,0,0,0,0,0,0,0,0,0,0,0,0,0,0,0,0,0,0,0,0,0,0,0,0,0,0,0,0,0,0,0,0,0,0,0,0,0,0,0,0,0,0,0,0,0,0,0,0,0,0,0,0,0,0,0,0,0,0,0,0,0,0,0,0,0,0,0,0,0,0,0,0,0,0,0,0,0,0,0,0,0,0,0,0,0,0,0,0,0,0,0,0,0,0,0,0,0,0,0,0,0,0,0,0,0,0,0,0,0,0,0,0,0,0,0,0,0,0,0,0,0,0,0,0,0,0,0,0,0,0,0,0,0,0,0
SRR2750942,PRJNA299077,COPD_Stable,0.373562543,0.000463106,0,0.001441646,0,0,0.25303334,0.000362123,0,0.001010178,0,0,0.000265108,0,0,0,0,0,0,0,0.328228886,0,0,0,0.006158584,0,0,0,0,0,0,0,0,0,0,0,0,0,0,0,0,0,0,0,0,0,0,0,0,0,0,0,0,0,0,0,0,0,0,0,0,0,0,0,0,0,0,0,0,0,0,0,0,0,0,0,0,0,0,0,0,0,0,0,0,0,0,0,0,0,0,0,0,0,0,0,0,0,0,0,0,0,0,0,0,0,0,0,0,0,0,0,0,0,0,0,0,0,0,0,0,0,0,0,0,0,0,0,0,0,0,0,0,0,0,0,0,0,0,0,0,0,0,0,0,0,0,0,0,0,0,0,0,0,0,0,0,0,0,0,0,0,0,0,0,0,0,0,0,0,0,0,0,0,0,0,0,0,0,0,0,0,0,0,0,0,0,0,0,0,0,0,0,0,0,0,0,0,0,0,0,0,0,0,0,0,0,0,0,0,0,0,0,0,0,0,0,0,0,0,0,0,0,0,0,0,0,0,0,0,0,0,0,0,0,0,0,0,0,0,0,0,0,0,0,0,0,0,0,0,0,0,0,0,0,0,0,0,0,0,0,0,0,0,0,0,0,0,0,0,0,0
SRR2750943,PRJNA299077,COPD_Stable,0.320880234,0.010109092,0,0,0.005051536,0,0.201389867,0.155216143,0,0.032981043,0.001994594,0.008898426,0.011552328,0,0,0,0.000248743,0,0,0,0,0,0.009983004,0.006739527,0,0,0,0,0,0,0,0,0,0,0,0,0,0,0,0,0,0,0,0,0,0,0,0,0,0,0,0,0,0,0,0,0,0,0,0,0,0,0,0,0,0,0,0,0,0,0,0,0,0,0,0,0,0,0,0,0,0,0,0,0,0,0,0,0,0,0,0,0,0,0,0,0,0,0,0,0,0,0,0,0,0,0,0,0,0,0,0,0,0,0,0,0,0,0,0,0,0,0,0,0,0,0,0,0,0,0,0,0,0,0,0,0,0,0,0,0,0,0,0,0,0,0,0,0,0,0,0,0,0,0,0,0,0,0,0,0,0,0,0,0,0,0,0,0,0,0,0,0,0,0,0,0,0,0,0,0,0,0,0,0,0,0,0,0,0,0,0,0,0,0,0,0,0,0,0,0,0,0,0,0,0,0,0,0,0,0,0,0,0,0,0,0,0,0,0,0,0,0,0,0,0,0,0,0,0,0,0,0,0,0,0,0,0,0,0,0,0,0,0,0,0,0,0,0,0,0,0,0,0,0,0,0,0,0,0,0,0,0,0,0,0,0,0,0,0,0,0
SRR2750944,PRJNA299077,COPD_Stable,0.58511302,0.002309656,0.003297871,0,0.017945229,0,0.095374971,0.01951844,0,0.019218209,0.000522587,0.003415523,0.021391819,0,0,0,0,0.00078694,0,0,0,0,0,0,0,0,0,0,0,0,0,0,0,0,0,0,0,0,0,0,0,0,0,0,0,0,0,0,0,0,0,0,0,0,0,0,0,0,0,0,0,0,0,0,0,0,0,0,0,0,0,0,0,0,0,0,0,0,0,0,0,0,0,0,0,0,0,0,0,0,0,0,0,0,0,0,0,0,0,0,0,0,0,0,0,0,0,0,0,0,0,0,0,0,0,0,0,0,0,0,0,0,0,0,0,0,0,0,0,0,0,0,0,0,0,0,0,0,0,0,0,0,0,0,0,0,0,0,0,0,0,0,0,0,0,0,0,0,0,0,0,0,0,0,0,0,0,0,0,0,0,0,0,0,0,0,0,0,0,0,0,0,0,0,0,0,0,0,0,0,0,0,0,0,0,0,0,0,0,0,0,0,0,0,0,0,0,0,0,0,0,0,0,0,0,0,0,0,0,0,0,0,0,0,0,0,0,0,0,0,0,0,0,0,0,0,0,0,0,0,0,0,0,0,0,0,0,0,0,0,0,0,0,0,0,0,0,0,0,0,0,0,0,0,0,0,0,0,0,0,0,0
SRR2750945,PRJNA299077,COPD_Stable,0.155630219,0.014666674,0.000523399,0,0,0,0.445144336,0.058020878,0,0.039651809,0.068715749,0.01536938,0.011430873,0,0,0,0.00488043,0,0.008920241,0,0,0.002149687,0.006165258,0.040933063,0,0.001525791,0,0.00710829,0.005758356,0.003184007,0,0.002042166,0,0,0,0,0.001351201,0,0,0,0,0,0,0,0,0,0,0,0,0,0,0,0,0,0,0,0,0,0,0,0,0,0,0,0,0,0,0,0,0,0,0,0,0,0,0,0,0,0,0,0,0,0,0,0,0,0,0,0,0,0,0,0,0,0,0,0,0,0,0,0,0,0,0,0,0,0,0,0,0,0,0,0,0,0,0,0,0,0,0,0,0,0,0,0,0,0,0,0,0,0,0,0,0,0,0,0,0,0,0,0,0,0,0,0,0,0,0,0,0,0,0,0,0,0,0,0,0,0,0,0,0,0,0,0,0,0,0,0,0,0,0,0,0,0,0,0,0,0,0,0,0,0,0,0,0,0,0,0,0,0,0,0,0,0,0,0,0,0,0,0,0,0,0,0,0,0,0,0,0,0,0,0,0,0,0,0,0,0,0,0,0,0,0,0,0,0,0,0,0,0,0,0,0,0,0,0,0,0,0,0,0,0,0,0,0,0,0,0,0,0,0,0,0,0,0,0,0,0,0,0,0,0,0,0,0,0,0,0,0,0,0
SRR2750946,PRJNA299077,COPD_Stable,0.096994079,0.013538228,0,0,0,0,0.35180386,0.206291264,0,0.03992811,0.00112126,0,0.003428449,0,0,0,0,0,0,0,0,0,0.025744655,0.063973068,0,0.001774615,0,0.011021981,0,0,0,0,0,0,0,0,0,0,0,0,0,0,0,0,0,0,0,0,0,0,0,0,0,0,0,0,0,0,0,0,0,0,0,0,0,0,0,0,0,0,0,0,0,0,0,0,0,0,0,0,0,0,0,0,0,0,0,0,0,0,0,0,0,0,0,0,0,0,0,0,0,0,0,0,0,0,0,0,0,0,0,0,0,0,0,0,0,0,0,0,0,0,0,0,0,0,0,0,0,0,0,0,0,0,0,0,0,0,0,0,0,0,0,0,0,0,0,0,0,0,0,0,0,0,0,0,0,0,0,0,0,0,0,0,0,0,0,0,0,0,0,0,0,0,0,0,0,0,0,0,0,0,0,0,0,0,0,0,0,0,0,0,0,0,0,0,0,0,0,0,0,0,0,0,0,0,0,0,0,0,0,0,0,0,0,0,0,0,0,0,0,0,0,0,0,0,0,0,0,0,0,0,0,0,0,0,0,0,0,0,0,0,0,0,0,0,0,0,0,0,0,0,0,0,0,0,0,0,0,0,0,0,0,0,0,0,0,0,0,0,0,0
SRR2750947,PRJNA299077,COPD_Stable,0.041519572,0.021394064,0,0,0,0,0.229070473,0.116882195,0,0.022285064,0.006148207,0,0.003828755,0,0,0.001060487,0.006659008,0,0.000642076,0,0,0.000906778,0.011627672,0.029027124,0,0,0,0.000489786,0.000141733,0.000274746,0,0,0,0,0,0,0,0.000909984,0.001332321,0,0,0,0,0,0,0,0,0,0,0,0,0,0,0,0,0,0,0,0,0,0,0,0,0,0,0,0,0,0,0,0,0,0,0,0,0,0,0,0,0,0,0,0,0,0,0,0,0,0,0,0,0,0,0,0,0,0,0,0,0,0,0,0,0,0,0,0,0,0,0,0,0,0,0,0,0,0,0,0,0,0,0,0,0,0,0,0,0,0,0,0,0,0,0,0,0,0,0,0,0,0,0,0,0,0,0,0,0,0,0,0,0,0,0,0,0,0,0,0,0,0,0,0,0,0,0,0,0,0,0,0,0,0,0,0,0,0,0,0,0,0,0,0,0,0,0,0,0,0,0,0,0,0,0,0,0,0,0,0,0,0,0,0,0,0,0,0,0,0,0,0,0,0,0,0,0,0,0,0,0,0,0,0,0,0,0,0,0,0,0,0,0,0,0,0,0,0,0,0,0,0,0,0,0,0,0,0,0,0,0,0,0,0,0,0,0,0,0,0,0,0,0,0,0,0,0,0,0,0,0,0,0
SRR2750948,PRJNA299077,COPD_Stable,0.260669763,0,0,0,0,0,0,0,0,0.002274246,0,0,0.003477159,0,0,0,0,0,0,0,0.002065116,0,0,0,0,0,0,0,0,0,0,0,0,0,0,0,0,0,0,0,0,0,0,0,0,0,0,0,0,0,0,0,0,0,0,0,0,0,0,0,0,0,0,0,0,0,0,0,0,0,0,0,0,0,0,0,0,0,0,0,0,0,0,0,0,0,0,0,0,0,0,0,0,0,0,0,0,0,0,0,0,0,0,0,0,0,0,0,0,0,0,0,0,0,0,0,0,0,0,0,0,0,0,0,0,0,0,0,0,0,0,0,0,0,0,0,0,0,0,0,0,0,0,0,0,0,0,0,0,0,0,0,0,0,0,0,0,0,0,0,0,0,0,0,0,0,0,0,0,0,0,0,0,0,0,0,0,0,0,0,0,0,0,0,0,0,0,0,0,0,0,0,0,0,0,0,0,0,0,0,0,0,0,0,0,0,0,0,0,0,0,0,0,0,0,0,0,0,0,0,0,0,0,0,0,0,0,0,0,0,0,0,0,0,0,0,0,0,0,0,0,0,0,0,0,0,0,0,0,0,0,0,0,0,0,0,0,0,0,0,0,0,0,0,0,0,0,0,0,0,0,0
SRR2750949,PRJNA299077,COPD_Stable,0.920950528,0,0.000695376,0,0,0,0.018000064,0,0,0.007315028,0.006349111,0,0,0,0,0,0,0,0,0,0.00345018,0,0,0,0,0,0,0,0,0,0,0,0,0,0,0,0,0,0,0,0,0,0,0,0,0,0,0,0,0,0,0,0,0,0,0,0,0,0,0,0,0,0,0,0,0,0,0,0,0,0,0,0,0,0,0,0,0,0,0,0,0,0,0,0,0,0,0,0,0,0,0,0,0,0,0,0,0,0,0,0,0,0,0,0,0,0,0,0,0,0,0,0,0,0,0,0,0,0,0,0,0,0,0,0,0,0,0,0,0,0,0,0,0,0,0,0,0,0,0,0,0,0,0,0,0,0,0,0,0,0,0,0,0,0,0,0,0,0,0,0,0,0,0,0,0,0,0,0,0,0,0,0,0,0,0,0,0,0,0,0,0,0,0,0,0,0,0,0,0,0,0,0,0,0,0,0,0,0,0,0,0,0,0,0,0,0,0,0,0,0,0,0,0,0,0,0,0,0,0,0,0,0,0,0,0,0,0,0,0,0,0,0,0,0,0,0,0,0,0,0,0,0,0,0,0,0,0,0,0,0,0,0,0,0,0,0,0,0,0,0,0,0,0,0,0,0,0,0,0,0,0
SRR2750950,PRJNA299077,COPD_Stable,0.837557856,0,0.000601876,0.002613294,0,0,0.025740969,0,0,0.002507936,0.014001699,0.000265511,0,0,0,0,0,0,0,0,0.010231704,0,0,0,0,0,0,0,0,0,0,0,0,0,0,0,0,0,0,0,0,0,0,0,0,0,0,0,0,0,0,0,0,0,0,0,0,0,0,0,0,0,0,0,0,0,0,0,0,0,0,0,0,0,0,0,0,0,0,0,0,0,0,0,0,0,0,0,0,0,0,0,0,0,0,0,0,0,0,0,0,0,0,0,0,0,0,0,0,0,0,0,0,0,0,0,0,0,0,0,0,0,0,0,0,0,0,0,0,0,0,0,0,0,0,0,0,0,0,0,0,0,0,0,0,0,0,0,0,0,0,0,0,0,0,0,0,0,0,0,0,0,0,0,0,0,0,0,0,0,0,0,0,0,0,0,0,0,0,0,0,0,0,0,0,0,0,0,0,0,0,0,0,0,0,0,0,0,0,0,0,0,0,0,0,0,0,0,0,0,0,0,0,0,0,0,0,0,0,0,0,0,0,0,0,0,0,0,0,0,0,0,0,0,0,0,0,0,0,0,0,0,0,0,0,0,0,0,0,0,0,0,0,0,0,0,0,0,0,0,0,0,0,0,0,0,0,0,0,0,0,0
SRR2750951,PRJNA299077,COPD_Stable,0.949012636,0,0.001572708,0,0,0,0.011087579,0,0,0.003298679,0.005520549,0,0.002399922,0,0,0,0,0,0,0,0.00107112,0,0,0,0,0,0,0,0,0,0,0,0,0,0,0,0,0,0,0,0,0,0,0,0,0,0,0,0,0,0,0,0,0,0,0,0,0,0,0,0,0,0,0,0,0,0,0,0,0,0,0,0,0,0,0,0,0,0,0,0,0,0,0,0,0,0,0,0,0,0,0,0,0,0,0,0,0,0,0,0,0,0,0,0,0,0,0,0,0,0,0,0,0,0,0,0,0,0,0,0,0,0,0,0,0,0,0,0,0,0,0,0,0,0,0,0,0,0,0,0,0,0,0,0,0,0,0,0,0,0,0,0,0,0,0,0,0,0,0,0,0,0,0,0,0,0,0,0,0,0,0,0,0,0,0,0,0,0,0,0,0,0,0,0,0,0,0,0,0,0,0,0,0,0,0,0,0,0,0,0,0,0,0,0,0,0,0,0,0,0,0,0,0,0,0,0,0,0,0,0,0,0,0,0,0,0,0,0,0,0,0,0,0,0,0,0,0,0,0,0,0,0,0,0,0,0,0,0,0,0,0,0,0,0,0,0,0,0,0,0,0,0,0,0,0,0,0,0,0,0,0
SRR2750952,PRJNA299077,COPD_Stable,0.251160691,0.006200968,0.000167964,0.001074945,0.031474421,0,0.394160868,0.117654593,0,0.013328596,0,0.005368589,0.000512065,0,0,0.000402661,0.004775734,0,0,0.001851042,0.007289592,0,0.025421073,0,0,0.000392615,0,0,0.000297338,0,0,0,0,0,0,0,0,0,0.000530609,0,0,0,0,0,0,0,0,0,0,0,0,0,0,0,0,0,0,0,0,0,0,0,0,0,0,0,0,0,0,0,0,0,0,0,0,0,0,0,0,0,0,0,0,0,0,0,0,0,0,0,0,0,0,0,0,0,0,0,0,0,0,0,0,0,0,0,0,0,0,0,0,0,0,0,0,0,0,0,0,0,0,0,0,0,0,0,0,0,0,0,0,0,0,0,0,0,0,0,0,0,0,0,0,0,0,0,0,0,0,0,0,0,0,0,0,0,0,0,0,0,0,0,0,0,0,0,0,0,0,0,0,0,0,0,0,0,0,0,0,0,0,0,0,0,0,0,0,0,0,0,0,0,0,0,0,0,0,0,0,0,0,0,0,0,0,0,0,0,0,0,0,0,0,0,0,0,0,0,0,0,0,0,0,0,0,0,0,0,0,0,0,0,0,0,0,0,0,0,0,0,0,0,0,0,0,0,0,0,0,0,0,0,0,0,0,0,0,0,0,0,0,0,0,0,0,0,0,0,0,0,0,0
SRR2750953,PRJNA299077,COPD_Stable,0.454442513,0.001260703,0,0,0,0,0.378383941,0.01671293,0,0.001746815,0,0,0,0,0,0,0.002390897,0,0,0,0.01425741,0,0,0,0,0,0,0,0,0,0,0,0,0,0,0,0,0,0,0,0,0,0,0,0,0,0,0,0,0,0,0,0,0,0,0,0,0,0,0,0,0,0,0,0,0,0,0,0,0,0,0,0,0,0,0,0,0,0,0,0,0,0,0,0,0,0,0,0,0,0,0,0,0,0,0,0,0,0,0,0,0,0,0,0,0,0,0,0,0,0,0,0,0,0,0,0,0,0,0,0,0,0,0,0,0,0,0,0,0,0,0,0,0,0,0,0,0,0,0,0,0,0,0,0,0,0,0,0,0,0,0,0,0,0,0,0,0,0,0,0,0,0,0,0,0,0,0,0,0,0,0,0,0,0,0,0,0,0,0,0,0,0,0,0,0,0,0,0,0,0,0,0,0,0,0,0,0,0,0,0,0,0,0,0,0,0,0,0,0,0,0,0,0,0,0,0,0,0,0,0,0,0,0,0,0,0,0,0,0,0,0,0,0,0,0,0,0,0,0,0,0,0,0,0,0,0,0,0,0,0,0,0,0,0,0,0,0,0,0,0,0,0,0,0,0,0,0,0,0,0,0
SRR2750954,PRJNA299077,COPD_Stable,0.273570091,0.002528631,0,0,0.015054655,0,0.336812798,0.079431855,0,0.031040429,0,0,0.015336133,0,0,0,0,0,0,0,0.00347057,0,0.003590017,0,0,0,0,0,0,0,0,0,0,0,0,0,0,0,0,0,0,0,0,0,0,0,0,0,0,0,0,0,0,0,0,0,0,0,0,0,0,0,0,0,0,0,0,0,0,0,0,0,0,0,0,0,0,0,0,0,0,0,0,0,0,0,0,0,0,0,0,0,0,0,0,0,0,0,0,0,0,0,0,0,0,0,0,0,0,0,0,0,0,0,0,0,0,0,0,0,0,0,0,0,0,0,0,0,0,0,0,0,0,0,0,0,0,0,0,0,0,0,0,0,0,0,0,0,0,0,0,0,0,0,0,0,0,0,0,0,0,0,0,0,0,0,0,0,0,0,0,0,0,0,0,0,0,0,0,0,0,0,0,0,0,0,0,0,0,0,0,0,0,0,0,0,0,0,0,0,0,0,0,0,0,0,0,0,0,0,0,0,0,0,0,0,0,0,0,0,0,0,0,0,0,0,0,0,0,0,0,0,0,0,0,0,0,0,0,0,0,0,0,0,0,0,0,0,0,0,0,0,0,0,0,0,0,0,0,0,0,0,0,0,0,0,0,0,0,0,0,0
SRR2750955,PRJNA299077,COPD_Stable,0.201716066,0.011050642,0,0.000373049,0.034462768,0.00500014,0.144250802,0.023967155,0,0.004181048,0.004888529,0.006551528,0.013662469,0,0,0,0.001252105,0.001146359,0,0.002790882,0,0,0.001169947,0.000464089,0,0,0,0,0.002593049,0,0,0,0,0,0,0,0,0,0,0,0,0,0,0,0,0,0,0,0,0,0,0,0,0,0,0,0,0,0,0,0,0,0,0,0,0,0,0,0,0,0,0,0,0,0,0,0,0,0,0,0,0,0,0,0,0,0,0,0,0,0,0,0,0,0,0,0,0,0,0,0,0,0,0,0,0,0,0,0,0,0,0,0,0,0,0,0,0,0,0,0,0,0,0,0,0,0,0,0,0,0,0,0,0,0,0,0,0,0,0,0,0,0,0,0,0,0,0,0,0,0,0,0,0,0,0,0,0,0,0,0,0,0,0,0,0,0,0,0,0,0,0,0,0,0,0,0,0,0,0,0,0,0,0,0,0,0,0,0,0,0,0,0,0,0,0,0,0,0,0,0,0,0,0,0,0,0,0,0,0,0,0,0,0,0,0,0,0,0,0,0,0,0,0,0,0,0,0,0,0,0,0,0,0,0,0,0,0,0,0,0,0,0,0,0,0,0,0,0,0,0,0,0,0,0,0,0,0,0,0,0,0,0,0,0,0,0,0,0,0,0,0
SRR2750956,PRJNA299077,COPD_Stable,0.213319254,0.01521801,0,0.001332246,0.067895513,0,0.304770132,0.022048573,0,0.004558957,0.002857373,0.002058929,0,0,0,0,0.001428199,0,0,0.056816472,0,0,0.029291677,0,0,0.006322607,0,0.023002354,0,0.017628035,0,0,0,0,0,0,0,0,0,0.000351351,0,0,0,0,0,0,0,0,0,0,0,0,0,0,0,0,0,0,0,0,0,0,0,0,0,0,0,0,0,0,0,0,0,0,0,0,0,0,0,0,0,0,0,0,0,0,0,0,0,0,0,0,0,0,0,0,0,0,0,0,0,0,0,0,0,0,0,0,0,0,0,0,0,0,0,0,0,0,0,0,0,0,0,0,0,0,0,0,0,0,0,0,0,0,0,0,0,0,0,0,0,0,0,0,0,0,0,0,0,0,0,0,0,0,0,0,0,0,0,0,0,0,0,0,0,0,0,0,0,0,0,0,0,0,0,0,0,0,0,0,0,0,0,0,0,0,0,0,0,0,0,0,0,0,0,0,0,0,0,0,0,0,0,0,0,0,0,0,0,0,0,0,0,0,0,0,0,0,0,0,0,0,0,0,0,0,0,0,0,0,0,0,0,0,0,0,0,0,0,0,0,0,0,0,0,0,0,0,0,0,0,0,0,0,0,0,0,0,0,0,0,0,0,0,0,0,0,0,0,0,0,0
SRR2750957,PRJNA299077,COPD_Stable,0.265346143,0.011374574,0,0,0.015790658,0,0.245728865,0.045833936,0,0.007038938,0,0,0.012983374,0,0,0,0.001026448,0,0,0.018666564,0,0,0.003113854,0.000523029,0,0,0,0.000497704,0,0,0,0,0,0,0,0,0,0,0,0,0.000195585,0,0,0,0,0,0,0,0,0,0,0,0,0,0,0,0,0,0,0,0,0,0,0,0,0,0,0,0,0,0,0,0,0,0,0,0,0,0,0,0,0,0,0,0,0,0,0,0,0,0,0,0,0,0,0,0,0,0,0,0,0,0,0,0,0,0,0,0,0,0,0,0,0,0,0,0,0,0,0,0,0,0,0,0,0,0,0,0,0,0,0,0,0,0,0,0,0,0,0,0,0,0,0,0,0,0,0,0,0,0,0,0,0,0,0,0,0,0,0,0,0,0,0,0,0,0,0,0,0,0,0,0,0,0,0,0,0,0,0,0,0,0,0,0,0,0,0,0,0,0,0,0,0,0,0,0,0,0,0,0,0,0,0,0,0,0,0,0,0,0,0,0,0,0,0,0,0,0,0,0,0,0,0,0,0,0,0,0,0,0,0,0,0,0,0,0,0,0,0,0,0,0,0,0,0,0,0,0,0,0,0,0,0,0,0,0,0,0,0,0,0,0,0,0,0,0,0,0,0,0,0
SRR2750958,PRJNA299077,COPD_Stable,0.154482154,0.007512073,0,0.001704763,0.016945349,0,0.218425724,0.01583624,0,0.042413601,0,0,0.009220553,0,0,0,0,0,0,0.006756821,0,0.0031643,0,0,0.00174989,0,0,0,0,0.007986853,0,0,0,0,0,0,0,0,0,0,0,0,0,0,0,0,0,0,0,0,0,0,0,0,0,0,0,0,0,0,0,0,0,0,0,0,0,0,0,0,0,0,0,0,0,0,0,0,0,0,0,0,0,0,0,0,0,0,0,0,0,0,0,0,0,0,0,0,0,0,0,0,0,0,0,0,0,0,0,0,0,0,0,0,0,0,0,0,0,0,0,0,0,0,0,0,0,0,0,0,0,0,0,0,0,0,0,0,0,0,0,0,0,0,0,0,0,0,0,0,0,0,0,0,0,0,0,0,0,0,0,0,0,0,0,0,0,0,0,0,0,0,0,0,0,0,0,0,0,0,0,0,0,0,0,0,0,0,0,0,0,0,0,0,0,0,0,0,0,0,0,0,0,0,0,0,0,0,0,0,0,0,0,0,0,0,0,0,0,0,0,0,0,0,0,0,0,0,0,0,0,0,0,0,0,0,0,0,0,0,0,0,0,0,0,0,0,0,0,0,0,0,0,0,0,0,0,0,0,0,0,0,0,0,0,0,0,0,0,0,0,0
SRR2750959,PRJNA299077,COPD_Stable,0.238562681,0.008854218,0,0,0.045613925,0,0.166946395,0.002207688,0,0.067630882,0,0,0.082168645,0,0,0,0,0,0,0.002384872,0,0,0,0,0,0,0,0,0,0.001896429,0,0,0,0,0.000483344,0,0,0,0,0,0,0,0,0,0,0,0,0,0,0,0,0,0,0,0,0,0,0,0,0,0,0,0,0,0,0,0,0,0,0,0,0,0,0,0,0,0,0,0,0,0,0,0,0,0,0,0,0,0,0,0,0,0,0,0,0,0,0,0,0,0,0,0,0,0,0,0,0,0,0,0,0,0,0,0,0,0,0,0,0,0,0,0,0,0,0,0,0,0,0,0,0,0,0,0,0,0,0,0,0,0,0,0,0,0,0,0,0,0,0,0,0,0,0,0,0,0,0,0,0,0,0,0,0,0,0,0,0,0,0,0,0,0,0,0,0,0,0,0,0,0,0,0,0,0,0,0,0,0,0,0,0,0,0,0,0,0,0,0,0,0,0,0,0,0,0,0,0,0,0,0,0,0,0,0,0,0,0,0,0,0,0,0,0,0,0,0,0,0,0,0,0,0,0,0,0,0,0,0,0,0,0,0,0,0,0,0,0,0,0,0,0,0,0,0,0,0,0,0,0,0,0,0,0,0,0,0,0,0,0,0,0
SRR2750960,PRJNA299077,COPD_Stable,0.078004485,0.003432556,0,0,0.036108566,0,0.359649647,0,0,0.009557508,0,0,0,0,0,0,0,0,0,0.126490062,0,0.171198474,0,0,0.000986085,0,0,0.062074171,0,0,0,0,0,0,0,0,0,0,0,0,0,0,0,0,0,0,0,0,0,0,0,0,0,0,0,0,0,0,0,0,0,0,0,0,0,0,0,0,0,0,0,0,0,0,0,0,0,0,0,0,0,0,0,0,0,0,0,0,0,0,0,0,0,0,0,0,0,0,0,0,0,0,0,0,0,0,0,0,0,0,0,0,0,0,0,0,0,0,0,0,0,0,0,0,0,0,0,0,0,0,0,0,0,0,0,0,0,0,0,0,0,0,0,0,0,0,0,0,0,0,0,0,0,0,0,0,0,0,0,0,0,0,0,0,0,0,0,0,0,0,0,0,0,0,0,0,0,0,0,0,0,0,0,0,0,0,0,0,0,0,0,0,0,0,0,0,0,0,0,0,0,0,0,0,0,0,0,0,0,0,0,0,0,0,0,0,0,0,0,0,0,0,0,0,0,0,0,0,0,0,0,0,0,0,0,0,0,0,0,0,0,0,0,0,0,0,0,0,0,0,0,0,0,0,0,0,0,0,0,0,0,0,0,0,0,0,0,0,0,0,0,0
SRR2750961,PRJNA299077,COPD_Stable,0.344976526,0.003606485,0.057592956,0,0,0,0.305706954,0.141632062,0,0.009799279,0,0,0.005661478,0,0,0,0.000668766,0,0,0.000235803,0.001264423,0,0.001353806,0,0,0,0,0,0.000606317,0,0,0,0,0,0,0,0,0,0,0,0,0,0,0,0,0,0,0,0,0,0,0,0,0,0,0,0,0,0,0,0,0,0,0,0,0,0,0,0,0,0,0,0,0,0,0,0,0,0,0,0,0,0,0,0,0,0,0,0,0,0,0,0,0,0,0,0,0,0,0,0,0,0,0,0,0,0,0,0,0,0,0,0,0,0,0,0,0,0,0,0,0,0,0,0,0,0,0,0,0,0,0,0,0,0,0,0,0,0,0,0,0,0,0,0,0,0,0,0,0,0,0,0,0,0,0,0,0,0,0,0,0,0,0,0,0,0,0,0,0,0,0,0,0,0,0,0,0,0,0,0,0,0,0,0,0,0,0,0,0,0,0,0,0,0,0,0,0,0,0,0,0,0,0,0,0,0,0,0,0,0,0,0,0,0,0,0,0,0,0,0,0,0,0,0,0,0,0,0,0,0,0,0,0,0,0,0,0,0,0,0,0,0,0,0,0,0,0,0,0,0,0,0,0,0,0,0,0,0,0,0,0,0,0,0,0,0,0,0,0,0,0
SRR2750962,PRJNA299077,COPD_Stable,0.439537021,0.004256416,0.000376223,0,0,0,0.258813765,0.121343185,0,0.025395876,0,0,0.016107431,0,0,0,0.00134524,0,0,0.00108093,0.027227947,0,0,0,0.002398385,0,0,0,0,0,0,0,0,0,0,0,0,0,0,0,0,0,0,0,0,0,0,0,0,0,0,0,0,0,0,0,0,0,0,0,0,0,0,0,0,0,0,0,0,0,0,0,0,0,0,0,0,0,0,0,0,0,0,0,0,0,0,0,0,0,0,0,0,0,0,0,0,0,0,0,0,0,0,0,0,0,0,0,0,0,0,0,0,0,0,0,0,0,0,0,0,0,0,0,0,0,0,0,0,0,0,0,0,0,0,0,0,0,0,0,0,0,0,0,0,0,0,0,0,0,0,0,0,0,0,0,0,0,0,0,0,0,0,0,0,0,0,0,0,0,0,0,0,0,0,0,0,0,0,0,0,0,0,0,0,0,0,0,0,0,0,0,0,0,0,0,0,0,0,0,0,0,0,0,0,0,0,0,0,0,0,0,0,0,0,0,0,0,0,0,0,0,0,0,0,0,0,0,0,0,0,0,0,0,0,0,0,0,0,0,0,0,0,0,0,0,0,0,0,0,0,0,0,0,0,0,0,0,0,0,0,0,0,0,0,0,0,0,0,0,0,0
SRR2750963,PRJNA299077,COPD_Stable,0.390401352,0.001795119,0,0,0,0,0.272237211,0.160067358,0,0.007316901,0,0,0.038901263,0,0,0,0.001239148,0,0,0,0,0,0,0,0.000342278,0,0,0,0,0,0,0,0,0,0,0,0,0,0,0,0,0,0,0,0,0,0,0,0,0,0,0,0,0,0,0,0,0,0,0,0,0,0,0,0,0,0,0,0,0,0,0,0,0,0,0,0,0,0,0,0,0,0,0,0,0,0,0,0,0,0,0,0,0,0,0,0,0,0,0,0,0,0,0,0,0,0,0,0,0,0,0,0,0,0,0,0,0,0,0,0,0,0,0,0,0,0,0,0,0,0,0,0,0,0,0,0,0,0,0,0,0,0,0,0,0,0,0,0,0,0,0,0,0,0,0,0,0,0,0,0,0,0,0,0,0,0,0,0,0,0,0,0,0,0,0,0,0,0,0,0,0,0,0,0,0,0,0,0,0,0,0,0,0,0,0,0,0,0,0,0,0,0,0,0,0,0,0,0,0,0,0,0,0,0,0,0,0,0,0,0,0,0,0,0,0,0,0,0,0,0,0,0,0,0,0,0,0,0,0,0,0,0,0,0,0,0,0,0,0,0,0,0,0,0,0,0,0,0,0,0,0,0,0,0,0,0,0,0,0,0,0
SRR2750964,PRJNA299077,COPD_Stable,0.301014407,0.043352634,0.621036371,0,0,0,0,0,0,0.034596589,0,0,0,0,0,0,0,0,0,0,0,0,0,0,0,0,0,0,0,0,0,0,0,0,0,0,0,0,0,0,0,0,0,0,0,0,0,0,0,0,0,0,0,0,0,0,0,0,0,0,0,0,0,0,0,0,0,0,0,0,0,0,0,0,0,0,0,0,0,0,0,0,0,0,0,0,0,0,0,0,0,0,0,0,0,0,0,0,0,0,0,0,0,0,0,0,0,0,0,0,0,0,0,0,0,0,0,0,0,0,0,0,0,0,0,0,0,0,0,0,0,0,0,0,0,0,0,0,0,0,0,0,0,0,0,0,0,0,0,0,0,0,0,0,0,0,0,0,0,0,0,0,0,0,0,0,0,0,0,0,0,0,0,0,0,0,0,0,0,0,0,0,0,0,0,0,0,0,0,0,0,0,0,0,0,0,0,0,0,0,0,0,0,0,0,0,0,0,0,0,0,0,0,0,0,0,0,0,0,0,0,0,0,0,0,0,0,0,0,0,0,0,0,0,0,0,0,0,0,0,0,0,0,0,0,0,0,0,0,0,0,0,0,0,0,0,0,0,0,0,0,0,0,0,0,0,0,0,0,0,0,0
SRR2750965,PRJNA299077,COPD_Stable,0.013532581,0,0,0,0,0,0.003364887,0.0003698,0,0,0,0,0,0,0,0,0,0,0,0,0,0,0,0,0,0,0,0,0,0,0,0,0,0,0,0,0,0,0,0,0,0,0,0,0,0,0,0,0,0,0,0,0,0,0,0,0,0,0,0,0,0,0,0,0,0,0,0,0,0,0,0,0,0,0,0,0,0,0,0,0,0,0,0,0,0,0,0,0,0,0,0,0,0,0,0,0,0,0,0,0,0,0,0,0,0,0,0,0,0,0,0,0,0,0,0,0,0,0,0,0,0,0,0,0,0,0,0,0,0,0,0,0,0,0,0,0,0,0,0,0,0,0,0,0,0,0,0,0,0,0,0,0,0,0,0,0,0,0,0,0,0,0,0,0,0,0,0,0,0,0,0,0,0,0,0,0,0,0,0,0,0,0,0,0,0,0,0,0,0,0,0,0,0,0,0,0,0,0,0,0,0,0,0,0,0,0,0,0,0,0,0,0,0,0,0,0,0,0,0,0,0,0,0,0,0,0,0,0,0,0,0,0,0,0,0,0,0,0,0,0,0,0,0,0,0,0,0,0,0,0,0,0,0,0,0,0,0,0,0,0,0,0,0,0,0,0,0,0,0,0,0
SRR2750966,PRJNA299077,COPD_Stable,0.005973932,0,0,0,0,0,0,0,0,0,0,0,0,0,0,0,0,0,0,0,0,0,0,0,0,0,0,0,0,0,0,0,0,0,0,0,0,0,0,0,0,0,0,0,0,0,0,0,0,0,0,0,0,0,0,0,0,0,0,0,0,0,0,0,0,0,0,0,0,0,0,0,0,0,0,0,0,0,0,0,0,0,0,0,0,0,0,0,0,0,0,0,0,0,0,0,0,0,0,0,0,0,0,0,0,0,0,0,0,0,0,0,0,0,0,0,0,0,0,0,0,0,0,0,0,0,0,0,0,0,0,0,0,0,0,0,0,0,0,0,0,0,0,0,0,0,0,0,0,0,0,0,0,0,0,0,0,0,0,0,0,0,0,0,0,0,0,0,0,0,0,0,0,0,0,0,0,0,0,0,0,0,0,0,0,0,0,0,0,0,0,0,0,0,0,0,0,0,0,0,0,0,0,0,0,0,0,0,0,0,0,0,0,0,0,0,0,0,0,0,0,0,0,0,0,0,0,0,0,0,0,0,0,0,0,0,0,0,0,0,0,0,0,0,0,0,0,0,0,0,0,0,0,0,0,0,0,0,0,0,0,0,0,0,0,0,0,0,0,0,0,0
SRR2750967,PRJNA299077,COPD_Stable,0.143392684,0.01143141,0,0,0.014700431,0,0.139977199,0.038279632,0,0.006337863,0,0,0.00725022,0,0,0,0.003802136,0,0,0,0,0.000351892,0,0,0,0,0,0,0,0,0,0,0,0,0,0,0,0,0,0,0,0,0,0,0,0,0,0,0,0,0,0,0,0,0,0,0,0,0,0,0,0,0,0,0,0,0,0,0,0,0,0,0,0,0,0,0,0,0,0,0,0,0,0,0,0,0,0,0,0,0,0,0,0,0,0,0,0,0,0,0,0,0,0,0,0,0,0,0,0,0,0,0,0,0,0,0,0,0,0,0,0,0,0,0,0,0,0,0,0,0,0,0,0,0,0,0,0,0,0,0,0,0,0,0,0,0,0,0,0,0,0,0,0,0,0,0,0,0,0,0,0,0,0,0,0,0,0,0,0,0,0,0,0,0,0,0,0,0,0,0,0,0,0,0,0,0,0,0,0,0,0,0,0,0,0,0,0,0,0,0,0,0,0,0,0,0,0,0,0,0,0,0,0,0,0,0,0,0,0,0,0,0,0,0,0,0,0,0,0,0,0,0,0,0,0,0,0,0,0,0,0,0,0,0,0,0,0,0,0,0,0,0,0,0,0,0,0,0,0,0,0,0,0,0,0,0,0,0,0,0,0
SRR2750968,PRJNA299077,COPD_Stable,0.139213754,0.008223165,0,0,0.020999036,0,0.231172414,0.080847121,0,0.008116194,0,0,0.013128881,0,0,0,0.005961341,0,0,0,0,0.000174324,0,0,0,0,0,0,0.001014823,0,0,0,0,0,0,0,0,0,0,0,0,0,0,0,0,0,0,0,0,0,0,0,0,0,0,0,0,0,0,0,0,0,0,0,0,0,0,0,0,0,0,0,0,0,0,0,0,0,0,0,0,0,0,0,0,0,0,0,0,0,0,0,0,0,0,0,0,0,0,0,0,0,0,0,0,0,0,0,0,0,0,0,0,0,0,0,0,0,0,0,0,0,0,0,0,0,0,0,0,0,0,0,0,0,0,0,0,0,0,0,0,0,0,0,0,0,0,0,0,0,0,0,0,0,0,0,0,0,0,0,0,0,0,0,0,0,0,0,0,0,0,0,0,0,0,0,0,0,0,0,0,0,0,0,0,0,0,0,0,0,0,0,0,0,0,0,0,0,0,0,0,0,0,0,0,0,0,0,0,0,0,0,0,0,0,0,0,0,0,0,0,0,0,0,0,0,0,0,0,0,0,0,0,0,0,0,0,0,0,0,0,0,0,0,0,0,0,0,0,0,0,0,0,0,0,0,0,0,0,0,0,0,0,0,0,0,0,0,0,0,0,0
SRR2750969,PRJNA299077,COPD_Stable,0.024816875,0.000626055,6.40E-05,0,0.005724284,0,0.026652293,0.002402733,0,0.000726534,0,0.000186915,0.000483785,0,0,0,0.0017361,0,0,0,0,9.44E-05,0,0,0,0,0,0,0.005787603,0,0,0,0,0,0,0,0,0,0,0,0,0,0,0,0,0,0,0,0,0,0,0,0,0,0,0,0,0,0,0,0,0,0,0,0,0,0,0,0,0,0,0,0,0,0,0,0,0,0,0,0,0,0,0,0,0,0,0,0,0,0,0,0,0,0,0,0,0,0,0,0,0,0,0,0,0,0,0,0,0,0,0,0,0,0,0,0,0,0,0,0,0,0,0,0,0,0,0,0,0,0,0,0,0,0,0,0,0,0,0,0,0,0,0,0,0,0,0,0,0,0,0,0,0,0,0,0,0,0,0,0,0,0,0,0,0,0,0,0,0,0,0,0,0,0,0,0,0,0,0,0,0,0,0,0,0,0,0,0,0,0,0,0,0,0,0,0,0,0,0,0,0,0,0,0,0,0,0,0,0,0,0,0,0,0,0,0,0,0,0,0,0,0,0,0,0,0,0,0,0,0,0,0,0,0,0,0,0,0,0,0,0,0,0,0,0,0,0,0,0,0,0,0,0,0,0,0,0,0,0,0,0,0,0,0,0,0,0,0,0,0,0
SRR3505874,PRJNA316126,COPD_Stable,0,0,0,0,0,0,0,0,0,0,0,0,0,0,0,0,0,0,0,0,0,0,0,0,0,0,0,0,0,0,0,0,0,0,0,0,0,0,0,0,0,0.399623088,0,0.083648288,0,0,0,0,0,0,0,0,0,0,0,0,0,0,0,0,0,0,0,0,0,0,0,0,0,0,0,0,0,0,0,0,0,0,0,0,0,0,0,0,0,0,0,0,0,0,0,0,0,0,0,0,0,0,0,0,0,0,0,0,0,0,0,0,0,0,0,0,0,0,0,0,0,0,0,0,0,0,0,0,0,0,0,0,0,0,0,0,0,0,0,0,0,0,0,0,0,0,0,0,0,0,0,0,0,0,0,0,0,0,0,0,0,0,0,0,0,0,0,0,0,0,0,0,0,0,0,0,0,0,0,0,0,0,0,0,0,0,0,0,0,0,0,0,0,0,0,0,0,0,0,0,0,0,0,0,0,0,0,0,0,0,0,0,0,0,0,0,0,0,0,0,0,0,0,0,0,0,0,0,0,0,0,0,0,0,0,0,0,0,0,0,0,0,0,0,0,0,0,0,0,0,0,0,0,0,0,0,0,0,0,0,0,0,0,0,0,0,0,0,0,0,0,0,0,0,0,0
SRR3505875,PRJNA316126,COPD_Stable,0.208894075,0,0,0,0.001341205,0,0.549208862,0.071950481,0,0,0.00128312,0,0.006449194,0,0,0,0.003652995,0,0,0,0,0,0.016192094,0,0,0,0,0,0.003248293,0,0,0,0,0,0,0,0,0,0,0,0,0.003349933,0.075443133,0,0,0.000394044,0,0,0,0,0,0,0,0,0,0,0,0,0,0,0,0,0,0,0,0,0,0,0,0,0,0,0,0,0,0,0,0,0,0,0,0,0,0,0,0,0,0,0,0,0,0,0,0,0,0,0,0,0,0,0,0,0,0,0,0,0,0,0,0,0,0,0,0,0,0,0,0,0,0,0,0,0,0,0,0,0,0,0,0,0,0,0,0,0,0,0,0,0,0,0,0,0,0,0,0,0,0,0,0,0,0,0,0,0,0,0,0,0,0,0,0,0,0,0,0,0,0,0,0,0,0,0,0,0,0,0,0,0,0,0,0,0,0,0,0,0,0,0,0,0,0,0,0,0,0,0,0,0,0,0,0,0,0,0,0,0,0,0,0,0,0,0,0,0,0,0,0,0,0,0,0,0,0,0,0,0,0,0,0,0,0,0,0,0,0,0,0,0,0,0,0,0,0,0,0,0,0,0,0,0,0,0,0,0,0,0,0,0,0,0,0,0,0,0,0,0,0,0,0,0,0
SRR3505876,PRJNA316126,COPD_Stable,0.217488094,0,0,0,0.316024342,0,0.138069116,0.012096986,0,0,0.011439601,0,0.005926662,0,0,0,0,0,0,0,0,0,0,0.004833696,0,0,0,0,0,0,0,0,0,0,0,0,0,0,0,0,0,0.065252025,0.009739145,0.014365218,0,0,0,0,0,0,0,0,0,0,0,0,0,0,0,0,0,0,0,0,0,0,0,0,0,0,0,0,0,0,0,0,0,0,0,0,0,0,0,0,0,0,0,0,0,0,0,0,0,0,0,0,0,0,0,0,0,0,0,0,0,0,0,0,0,0,0,0,0,0,0,0,0,0,0,0,0,0,0,0,0,0,0,0,0,0,0,0,0,0,0,0,0,0,0,0,0,0,0,0,0,0,0,0,0,0,0,0,0,0,0,0,0,0,0,0,0,0,0,0,0,0,0,0,0,0,0,0,0,0,0,0,0,0,0,0,0,0,0,0,0,0,0,0,0,0,0,0,0,0,0,0,0,0,0,0,0,0,0,0,0,0,0,0,0,0,0,0,0,0,0,0,0,0,0,0,0,0,0,0,0,0,0,0,0,0,0,0,0,0,0,0,0,0,0,0,0,0,0,0,0,0,0,0,0,0,0,0,0,0,0,0,0,0,0,0,0,0,0,0,0,0,0,0,0,0,0,0
SRR3505878,PRJNA316126,COPD_Stable,0.982953598,0,0.000165321,0,0,0,0,0,0,0,0,0,0,0,0,0,0,0,0,0,0,0,0,0,0,0,0,0,0,0,0,0,0,0,0,0,0,0,0,0,0,0.008048393,0,0,0,0,0,0,0,0,0,0,0,0,0,0,0,0,0,0,0,0,0,0,0,0,0,0,0,0,0,0,0,0,0,0,0,0,0,0,0,0,0,0,0,0,0,0,0,0,0,0,0,0,0,0,0,0,0,0,0,0,0,0,0,0,0,0,0,0,0,0,0,0,0,0,0,0,0,0,0,0,0,0,0,0,0,0,0,0,0,0,0,0,0,0,0,0,0,0,0,0,0,0,0,0,0,0,0,0,0,0,0,0,0,0,0,0,0,0,0,0,0,0,0,0,0,0,0,0,0,0,0,0,0,0,0,0,0,0,0,0,0,0,0,0,0,0,0,0,0,0,0,0,0,0,0,0,0,0,0,0,0,0,0,0,0,0,0,0,0,0,0,0,0,0,0,0,0,0,0,0,0,0,0,0,0,0,0,0,0,0,0,0,0,0,0,0,0,0,0,0,0,0,0,0,0,0,0,0,0,0,0,0,0,0,0,0,0,0,0,0,0,0,0,0,0,0,0,0,0,0
SRR3505883,PRJNA316126,COPD_Stable,0.1391776,0,0,0,0,0,0.711972191,0.029302072,0,0,0.015943238,0,0,0,0,0,0,0,0,0.003801954,0,0,0,0,0,0,0,0,0.005045211,0,0,0,0,0,0,0,0,0,0,0,0,0,0.051979165,0,0,0,0,0,0,0,0,0,0,0,0,0,0,0,0,0,0,0,0,0,0,0,0,0,0,0,0,0,0,0,0,0,0,0,0,0,0,0,0,0,0,0,0,0,0,0,0,0,0,0,0,0,0,0,0,0,0,0,0,0,0,0,0,0,0,0,0,0,0,0,0,0,0,0,0,0,0,0,0,0,0,0,0,0,0,0,0,0,0,0,0,0,0,0,0,0,0,0,0,0,0,0,0,0,0,0,0,0,0,0,0,0,0,0,0,0,0,0,0,0,0,0,0,0,0,0,0,0,0,0,0,0,0,0,0,0,0,0,0,0,0,0,0,0,0,0,0,0,0,0,0,0,0,0,0,0,0,0,0,0,0,0,0,0,0,0,0,0,0,0,0,0,0,0,0,0,0,0,0,0,0,0,0,0,0,0,0,0,0,0,0,0,0,0,0,0,0,0,0,0,0,0,0,0,0,0,0,0,0,0,0,0,0,0,0,0,0,0,0,0,0,0,0,0,0,0,0,0
SRR3505898,PRJNA316126,COPD_Stable,0.126641578,0,0,0,0,0,0.614514238,0.085178405,0,0,0.010852202,0,0.00410361,0,0,0,0,0,0,0,0,0,0.005051092,0,0,0,0,0,0.002554848,0,0,0,0,0,0,0,0,0,0,0,0,0.012964927,0.069881424,0,0,0,0,0,0,0,0,0,0,0,0,0,0,0,0,0,0,0,0,0,0,0,0,0,0,0,0,0,0,0,0,0,0,0,0,0,0,0,0,0,0,0,0,0,0,0,0,0,0,0,0,0,0,0,0,0,0,0,0,0,0,0,0,0,0,0,0,0,0,0,0,0,0,0,0,0,0,0,0,0,0,0,0,0,0,0,0,0,0,0,0,0,0,0,0,0,0,0,0,0,0,0,0,0,0,0,0,0,0,0,0,0,0,0,0,0,0,0,0,0,0,0,0,0,0,0,0,0,0,0,0,0,0,0,0,0,0,0,0,0,0,0,0,0,0,0,0,0,0,0,0,0,0,0,0,0,0,0,0,0,0,0,0,0,0,0,0,0,0,0,0,0,0,0,0,0,0,0,0,0,0,0,0,0,0,0,0,0,0,0,0,0,0,0,0,0,0,0,0,0,0,0,0,0,0,0,0,0,0,0,0,0,0,0,0,0,0,0,0,0,0,0,0,0,0,0,0,0
SRR3505953,PRJNA316126,COPD_Stable,0,0,0,0,0.932924542,0,0,0,0,0,0,0,0,0,0,0,0,0,0,0,0,0,0,0,0,0,0,0,0,0,0,0,0,0,0,0,0,0,0,0,0,0.052921947,0,0,0,0,0,0,0,0,0,0,0,0,0,0,0,0,0,0,0,0,0,0,0,0,0,0,0,0,0,0,0,0,0,0,0,0,0,0,0,0,0,0,0,0,0,0,0,0,0,0,0,0,0,0,0,0,0,0,0,0,0,0,0,0,0,0,0,0,0,0,0,0,0,0,0,0,0,0,0,0,0,0,0,0,0,0,0,0,0,0,0,0,0,0,0,0,0,0,0,0,0,0,0,0,0,0,0,0,0,0,0,0,0,0,0,0,0,0,0,0,0,0,0,0,0,0,0,0,0,0,0,0,0,0,0,0,0,0,0,0,0,0,0,0,0,0,0,0,0,0,0,0,0,0,0,0,0,0,0,0,0,0,0,0,0,0,0,0,0,0,0,0,0,0,0,0,0,0,0,0,0,0,0,0,0,0,0,0,0,0,0,0,0,0,0,0,0,0,0,0,0,0,0,0,0,0,0,0,0,0,0,0,0,0,0,0,0,0,0,0,0,0,0,0,0,0,0,0,0,0
SRR3505964,PRJNA316126,COPD_Stable,0.166961265,0,0,0,0,0,0.376095556,0.07937285,0,0,0,0,0,0,0,0,0,0,0,0,0,0,0,0,0,0,0,0,0,0,0,0,0,0,0,0,0,0,0,0,0,0,0.201726633,0,0,0,0,0,0,0,0,0,0,0,0,0,0,0,0,0,0,0,0,0,0,0,0,0,0,0,0,0,0,0,0,0,0,0,0,0,0,0,0,0,0,0,0,0,0,0,0,0,0,0,0,0,0,0,0,0,0,0,0,0,0,0,0,0,0,0,0,0,0,0,0,0,0,0,0,0,0,0,0,0,0,0,0,0,0,0,0,0,0,0,0,0,0,0,0,0,0,0,0,0,0,0,0,0,0,0,0,0,0,0,0,0,0,0,0,0,0,0,0,0,0,0,0,0,0,0,0,0,0,0,0,0,0,0,0,0,0,0,0,0,0,0,0,0,0,0,0,0,0,0,0,0,0,0,0,0,0,0,0,0,0,0,0,0,0,0,0,0,0,0,0,0,0,0,0,0,0,0,0,0,0,0,0,0,0,0,0,0,0,0,0,0,0,0,0,0,0,0,0,0,0,0,0,0,0,0,0,0,0,0,0,0,0,0,0,0,0,0,0,0,0,0,0,0,0,0,0,0
SRR3505970,PRJNA316126,COPD_Stable,0.091428647,0,0,0,0.317304226,0,0.266046858,0.029408929,0,0,0.014010885,0,0,0,0,0,0,0,0,0,0,0,0,0,0,0,0,0,0.001437585,0,0,0,0,0,0,0,0,0,0,0,0,0.062381436,0.028319056,0.011562566,0,0,0,0,0,0,0,0,0,0,0,0,0,0,0,0,0,0,0,0,0,0,0,0,0,0,0,0,0,0,0,0,0,0,0,0,0,0,0,0,0,0,0,0,0,0,0,0,0,0,0,0,0,0,0,0,0,0,0,0,0,0,0,0,0,0,0,0,0,0,0,0,0,0,0,0,0,0,0,0,0,0,0,0,0,0,0,0,0,0,0,0,0,0,0,0,0,0,0,0,0,0,0,0,0,0,0,0,0,0,0,0,0,0,0,0,0,0,0,0,0,0,0,0,0,0,0,0,0,0,0,0,0,0,0,0,0,0,0,0,0,0,0,0,0,0,0,0,0,0,0,0,0,0,0,0,0,0,0,0,0,0,0,0,0,0,0,0,0,0,0,0,0,0,0,0,0,0,0,0,0,0,0,0,0,0,0,0,0,0,0,0,0,0,0,0,0,0,0,0,0,0,0,0,0,0,0,0,0,0,0,0,0,0,0,0,0,0,0,0,0,0,0,0,0,0,0,0
SRR3505971,PRJNA316126,COPD_Stable,0.427943169,0,0,0,0.006467593,0,0.472126983,0.031359003,0,0.005512708,0,0,0,0,0,0,0,0,0,0.010104239,0,0,0,0,0,0,0,0,0,0,0,0,0,0,0,0,0,0,0,0,0,0.02357981,0,0,0,0,0,0,0,0,0,0,0,0,0,0,0,0,0,0,0,0,0,0,0,0,0,0,0,0,0,0,0,0,0,0,0,0,0,0,0,0,0,0,0,0,0,0,0,0,0,0,0,0,0,0,0,0,0,0,0,0,0,0,0,0,0,0,0,0,0,0,0,0,0,0,0,0,0,0,0,0,0,0,0,0,0,0,0,0,0,0,0,0,0,0,0,0,0,0,0,0,0,0,0,0,0,0,0,0,0,0,0,0,0,0,0,0,0,0,0,0,0,0,0,0,0,0,0,0,0,0,0,0,0,0,0,0,0,0,0,0,0,0,0,0,0,0,0,0,0,0,0,0,0,0,0,0,0,0,0,0,0,0,0,0,0,0,0,0,0,0,0,0,0,0,0,0,0,0,0,0,0,0,0,0,0,0,0,0,0,0,0,0,0,0,0,0,0,0,0,0,0,0,0,0,0,0,0,0,0,0,0,0,0,0,0,0,0,0,0,0,0,0,0,0,0,0,0,0,0,0
SRR3505972,PRJNA316126,COPD_Stable,0,0,0,0,0.785446612,0,0.084410948,0.026918776,0,0,0,0,0,0,0,0,0,0,0,0,0,0,0,0,0,0,0,0,0.002254019,0,0,0,0,0,0,0,0,0,0,0,0,0,0,0,0,0,0,0,0,0,0,0,0,0,0,0,0,0,0,0,0,0,0,0,0,0,0,0,0,0,0,0,0,0,0,0,0,0,0,0,0,0,0,0,0,0,0,0,0,0,0,0,0,0,0,0,0,0,0,0,0,0,0,0,0,0,0,0,0,0,0,0,0,0,0,0,0,0,0,0,0,0,0,0,0,0,0,0,0,0,0,0,0,0,0,0,0,0,0,0,0,0,0,0,0,0,0,0,0,0,0,0,0,0,0,0,0,0,0,0,0,0,0,0,0,0,0,0,0,0,0,0,0,0,0,0,0,0,0,0,0,0,0,0,0,0,0,0,0,0,0,0,0,0,0,0,0,0,0,0,0,0,0,0,0,0,0,0,0,0,0,0,0,0,0,0,0,0,0,0,0,0,0,0,0,0,0,0,0,0,0,0,0,0,0,0,0,0,0,0,0,0,0,0,0,0,0,0,0,0,0,0,0,0,0,0,0,0,0,0,0,0,0,0,0,0,0,0,0,0,0,0
SRR3505974,PRJNA316126,COPD_Stable,0.156224691,0,0,0,0.006102884,0,0.393818054,0.280688721,0,0,0.005323425,0.00178158,0.001085371,0,0,0,0.003062731,0,0,0.00175399,0,0,0.032779987,0,0,0,0,0,0.002612723,0,0,0,0,0,0,0,0,0,0,0.001916242,0,0,0.062111779,0,0,0,0,0,0,0,0,0,0,0,0,0,0,0,0,0,0,0,0,0,0,0,0,0,0,0,0,0,0,0,0,0,0,0,0,0,0,0,0,0,0,0,0,0,0,0,0,0,0,0,0,0,0,0,0,0,0,0,0,0,0,0,0,0,0,0,0,0,0,0,0,0,0,0,0,0,0,0,0,0,0,0,0,0,0,0,0,0,0,0,0,0,0,0,0,0,0,0,0,0,0,0,0,0,0,0,0,0,0,0,0,0,0,0,0,0,0,0,0,0,0,0,0,0,0,0,0,0,0,0,0,0,0,0,0,0,0,0,0,0,0,0,0,0,0,0,0,0,0,0,0,0,0,0,0,0,0,0,0,0,0,0,0,0,0,0,0,0,0,0,0,0,0,0,0,0,0,0,0,0,0,0,0,0,0,0,0,0,0,0,0,0,0,0,0,0,0,0,0,0,0,0,0,0,0,0,0,0,0,0,0,0,0,0,0,0,0,0,0,0,0,0,0,0,0,0,0,0
SRR3505975,PRJNA316126,COPD_Stable,0,0,0,0,0.878715169,0,0.082442739,0.01093746,0,0,0,0,0,0,0,0,0,0,0,0.014461646,0,0,0,0,0,0,0,0,0,0,0,0,0,0,0,0,0,0,0,0,0,0,0,0,0,0,0,0,0,0,0,0,0,0,0,0,0,0,0,0,0,0,0,0,0,0,0,0,0,0,0,0,0,0,0,0,0,0,0,0,0,0,0,0,0,0,0,0,0,0,0,0,0,0,0,0,0,0,0,0,0,0,0,0,0,0,0,0,0,0,0,0,0,0,0,0,0,0,0,0,0,0,0,0,0,0,0,0,0,0,0,0,0,0,0,0,0,0,0,0,0,0,0,0,0,0,0,0,0,0,0,0,0,0,0,0,0,0,0,0,0,0,0,0,0,0,0,0,0,0,0,0,0,0,0,0,0,0,0,0,0,0,0,0,0,0,0,0,0,0,0,0,0,0,0,0,0,0,0,0,0,0,0,0,0,0,0,0,0,0,0,0,0,0,0,0,0,0,0,0,0,0,0,0,0,0,0,0,0,0,0,0,0,0,0,0,0,0,0,0,0,0,0,0,0,0,0,0,0,0,0,0,0,0,0,0,0,0,0,0,0,0,0,0,0,0,0,0,0,0,0,0
SRR3505976,PRJNA316126,COPD_Stable,0,0,0.111601914,0,0.681349501,0,0,0,0,0,0,0,0,0,0,0,0,0,0,0,0,0,0,0,0,0,0,0,0,0,0,0,0,0,0,0,0,0,0,0,0,0.065878428,0,0,0,0,0,0,0,0,0,0,0,0,0,0,0,0,0,0,0,0,0,0,0,0,0,0,0,0,0,0,0,0,0,0,0,0,0,0,0,0,0,0,0,0,0,0,0,0,0,0,0,0,0,0,0,0,0,0,0,0,0,0,0,0,0,0,0,0,0,0,0,0,0,0,0,0,0,0,0,0,0,0,0,0,0,0,0,0,0,0,0,0,0,0,0,0,0,0,0,0,0,0,0,0,0,0,0,0,0,0,0,0,0,0,0,0,0,0,0,0,0,0,0,0,0,0,0,0,0,0,0,0,0,0,0,0,0,0,0,0,0,0,0,0,0,0,0,0,0,0,0,0,0,0,0,0,0,0,0,0,0,0,0,0,0,0,0,0,0,0,0,0,0,0,0,0,0,0,0,0,0,0,0,0,0,0,0,0,0,0,0,0,0,0,0,0,0,0,0,0,0,0,0,0,0,0,0,0,0,0,0,0,0,0,0,0,0,0,0,0,0,0,0,0,0,0,0,0,0,0
SRR3505979,PRJNA316126,COPD_Stable,0.464280875,0,0,0,0.523397465,0,0,0,0,0,0,0,0,0,0,0,0,0,0,0,0,0,0,0,0,0,0,0,0,0,0,0,0,0,0,0,0,0,0,0,0,0,0,0,0,0,0,0,0,0,0,0,0,0,0,0,0,0,0,0,0,0,0,0,0,0,0,0,0,0,0,0,0,0,0,0,0,0,0,0,0,0,0,0,0,0,0,0,0,0,0,0,0,0,0,0,0,0,0,0,0,0,0,0,0,0,0,0,0,0,0,0,0,0,0,0,0,0,0,0,0,0,0,0,0,0,0,0,0,0,0,0,0,0,0,0,0,0,0,0,0,0,0,0,0,0,0,0,0,0,0,0,0,0,0,0,0,0,0,0,0,0,0,0,0,0,0,0,0,0,0,0,0,0,0,0,0,0,0,0,0,0,0,0,0,0,0,0,0,0,0,0,0,0,0,0,0,0,0,0,0,0,0,0,0,0,0,0,0,0,0,0,0,0,0,0,0,0,0,0,0,0,0,0,0,0,0,0,0,0,0,0,0,0,0,0,0,0,0,0,0,0,0,0,0,0,0,0,0,0,0,0,0,0,0,0,0,0,0,0,0,0,0,0,0,0,0,0,0,0,0,0
SRR3505980,PRJNA316126,COPD_Stable,0,0,0,0,0.820195251,0,0,0,0,0,0,0,0,0,0,0,0,0,0,0,0,0,0,0,0,0,0,0,0,0,0,0,0,0,0,0,0,0,0,0,0,0.028105211,0,0,0,0,0,0,0,0,0,0,0,0,0,0,0,0,0,0,0,0,0,0,0,0,0,0,0,0,0,0,0,0,0,0,0,0,0,0,0,0,0,0,0,0,0,0,0,0,0,0,0,0,0,0,0,0,0,0,0,0,0,0,0,0,0,0,0,0,0,0,0,0,0,0,0,0,0,0,0,0,0,0,0,0,0,0,0,0,0,0,0,0,0,0,0,0,0,0,0,0,0,0,0,0,0,0,0,0,0,0,0,0,0,0,0,0,0,0,0,0,0,0,0,0,0,0,0,0,0,0,0,0,0,0,0,0,0,0,0,0,0,0,0,0,0,0,0,0,0,0,0,0,0,0,0,0,0,0,0,0,0,0,0,0,0,0,0,0,0,0,0,0,0,0,0,0,0,0,0,0,0,0,0,0,0,0,0,0,0,0,0,0,0,0,0,0,0,0,0,0,0,0,0,0,0,0,0,0,0,0,0,0,0,0,0,0,0,0,0,0,0,0,0,0,0,0,0,0,0,0
SRR3505981,PRJNA316126,COPD_Stable,0.291823207,0,0,0,0.013301231,0,0.280351969,0.22985941,0,0,0.018616286,0.032065595,0.01894231,0,0,0,0,0,0.000896746,0.031215045,0,0,0,0,0,0,0,0,0,0,0,0,0,0,0,0,0,0,0,0,0,0,0.032725285,0,0,0,0,0,0,0,0,0,0,0,0,0,0,0,0,0,0,0,0,0,0,0,0,0,0,0,0,0,0,0,0,0,0,0,0,0,0,0,0,0,0,0,0,0,0,0,0,0,0,0,0,0,0,0,0,0,0,0,0,0,0,0,0,0,0,0,0,0,0,0,0,0,0,0,0,0,0,0,0,0,0,0,0,0,0,0,0,0,0,0,0,0,0,0,0,0,0,0,0,0,0,0,0,0,0,0,0,0,0,0,0,0,0,0,0,0,0,0,0,0,0,0,0,0,0,0,0,0,0,0,0,0,0,0,0,0,0,0,0,0,0,0,0,0,0,0,0,0,0,0,0,0,0,0,0,0,0,0,0,0,0,0,0,0,0,0,0,0,0,0,0,0,0,0,0,0,0,0,0,0,0,0,0,0,0,0,0,0,0,0,0,0,0,0,0,0,0,0,0,0,0,0,0,0,0,0,0,0,0,0,0,0,0,0,0,0,0,0,0,0,0,0,0,0,0,0,0,0
SRR3505982,PRJNA316126,COPD_Stable,0.214844155,0,0,0,0.002739293,0,0.524278171,0.098023239,0,0.018320097,0.001042767,0.0034156,0,0,0,0,0,0,0,0,0,0,0.012306705,0,0,0,0,0,0.003327508,0,0,0,0,0,0,0,0,0,0,0,0,0.014620279,0.074507616,0,0,0,0,0,0,0,0,0,0,0,0,0,0,0,0,0,0,0,0,0,0,0,0,0,0,0,0,0,0,0,0,0,0,0,0,0,0,0,0,0,0,0,0,0,0,0,0,0,0,0,0,0,0,0,0,0,0,0,0,0,0,0,0,0,0,0,0,0,0,0,0,0,0,0,0,0,0,0,0,0,0,0,0,0,0,0,0,0,0,0,0,0,0,0,0,0,0,0,0,0,0,0,0,0,0,0,0,0,0,0,0,0,0,0,0,0,0,0,0,0,0,0,0,0,0,0,0,0,0,0,0,0,0,0,0,0,0,0,0,0,0,0,0,0,0,0,0,0,0,0,0,0,0,0,0,0,0,0,0,0,0,0,0,0,0,0,0,0,0,0,0,0,0,0,0,0,0,0,0,0,0,0,0,0,0,0,0,0,0,0,0,0,0,0,0,0,0,0,0,0,0,0,0,0,0,0,0,0,0,0,0,0,0,0,0,0,0,0,0,0,0,0,0,0,0,0,0,0
SRR3505983,PRJNA316126,COPD_Stable,0.928179814,0,0.071820186,0,0,0,0,0,0,0,0,0,0,0,0,0,0,0,0,0,0,0,0,0,0,0,0,0,0,0,0,0,0,0,0,0,0,0,0,0,0,0,0,0,0,0,0,0,0,0,0,0,0,0,0,0,0,0,0,0,0,0,0,0,0,0,0,0,0,0,0,0,0,0,0,0,0,0,0,0,0,0,0,0,0,0,0,0,0,0,0,0,0,0,0,0,0,0,0,0,0,0,0,0,0,0,0,0,0,0,0,0,0,0,0,0,0,0,0,0,0,0,0,0,0,0,0,0,0,0,0,0,0,0,0,0,0,0,0,0,0,0,0,0,0,0,0,0,0,0,0,0,0,0,0,0,0,0,0,0,0,0,0,0,0,0,0,0,0,0,0,0,0,0,0,0,0,0,0,0,0,0,0,0,0,0,0,0,0,0,0,0,0,0,0,0,0,0,0,0,0,0,0,0,0,0,0,0,0,0,0,0,0,0,0,0,0,0,0,0,0,0,0,0,0,0,0,0,0,0,0,0,0,0,0,0,0,0,0,0,0,0,0,0,0,0,0,0,0,0,0,0,0,0,0,0,0,0,0,0,0,0,0,0,0,0,0,0,0,0,0,0
SRR3505985,PRJNA316126,COPD_Stable,0,0,0,0,0,0,0.581483383,0.373889797,0,0,0,0,0,0,0,0,0,0,0,0.04462682,0,0,0,0,0,0,0,0,0,0,0,0,0,0,0,0,0,0,0,0,0,0,0,0,0,0,0,0,0,0,0,0,0,0,0,0,0,0,0,0,0,0,0,0,0,0,0,0,0,0,0,0,0,0,0,0,0,0,0,0,0,0,0,0,0,0,0,0,0,0,0,0,0,0,0,0,0,0,0,0,0,0,0,0,0,0,0,0,0,0,0,0,0,0,0,0,0,0,0,0,0,0,0,0,0,0,0,0,0,0,0,0,0,0,0,0,0,0,0,0,0,0,0,0,0,0,0,0,0,0,0,0,0,0,0,0,0,0,0,0,0,0,0,0,0,0,0,0,0,0,0,0,0,0,0,0,0,0,0,0,0,0,0,0,0,0,0,0,0,0,0,0,0,0,0,0,0,0,0,0,0,0,0,0,0,0,0,0,0,0,0,0,0,0,0,0,0,0,0,0,0,0,0,0,0,0,0,0,0,0,0,0,0,0,0,0,0,0,0,0,0,0,0,0,0,0,0,0,0,0,0,0,0,0,0,0,0,0,0,0,0,0,0,0,0,0,0,0,0,0,0,0
SRR3505986,PRJNA316126,COPD_Stable,0.443397252,0,0,0,0.008164743,0,0.503495714,0.012381544,0,0,0.005829961,0,0.000972684,0,0,0,0,0,0,0,0,0,0.000409078,0,0,0,0,0,0,0,0,0,0,0,0,0,0,0,0,0,0,0.007097573,0.009307219,0,0,0,0,0,0,0,0,0,0,0,0,0,0,0,0,0,0,0,0,0,0,0,0,0,0,0,0,0,0,0,0,0,0,0,0,0,0,0,0,0,0,0,0,0,0,0,0,0,0,0,0,0,0,0,0,0,0,0,0,0,0,0,0,0,0,0,0,0,0,0,0,0,0,0,0,0,0,0,0,0,0,0,0,0,0,0,0,0,0,0,0,0,0,0,0,0,0,0,0,0,0,0,0,0,0,0,0,0,0,0,0,0,0,0,0,0,0,0,0,0,0,0,0,0,0,0,0,0,0,0,0,0,0,0,0,0,0,0,0,0,0,0,0,0,0,0,0,0,0,0,0,0,0,0,0,0,0,0,0,0,0,0,0,0,0,0,0,0,0,0,0,0,0,0,0,0,0,0,0,0,0,0,0,0,0,0,0,0,0,0,0,0,0,0,0,0,0,0,0,0,0,0,0,0,0,0,0,0,0,0,0,0,0,0,0,0,0,0,0,0,0,0,0,0,0,0,0,0
SRR3505988,PRJNA316126,COPD_Stable,0,0,0,0,0.081992929,0,0.570224138,0.148093617,0,0,0.007552533,0,0,0,0,0,0,0.003888446,0,0,0,0,0,0,0,0,0,0,0.000906096,0,0,0,0,0,0,0,0,0,0,0,0,0.027376186,0.08611257,0,0,0,0,0,0,0,0,0,0,0,0,0,0,0,0,0,0,0,0,0,0,0,0,0,0,0,0,0,0,0,0,0,0,0,0,0,0,0,0,0,0,0,0,0,0,0,0,0,0,0,0,0,0,0,0,0,0,0,0,0,0,0,0,0,0,0,0,0,0,0,0,0,0,0,0,0,0,0,0,0,0,0,0,0,0,0,0,0,0,0,0,0,0,0,0,0,0,0,0,0,0,0,0,0,0,0,0,0,0,0,0,0,0,0,0,0,0,0,0,0,0,0,0,0,0,0,0,0,0,0,0,0,0,0,0,0,0,0,0,0,0,0,0,0,0,0,0,0,0,0,0,0,0,0,0,0,0,0,0,0,0,0,0,0,0,0,0,0,0,0,0,0,0,0,0,0,0,0,0,0,0,0,0,0,0,0,0,0,0,0,0,0,0,0,0,0,0,0,0,0,0,0,0,0,0,0,0,0,0,0,0,0,0,0,0,0,0,0,0,0,0,0,0,0,0,0,0,0
SRR3505990,PRJNA316126,COPD_Stable,0.494215529,0,0,0,0.022807824,0,0.265466822,0.003981148,0,0,0.033266979,0.00548307,0.032989623,0,0,0,0,0,0.004906054,0,0,0,0,0,0,0,0,0,0,0,0,0,0,0,0,0,0,0,0,0,0,0.10946836,0,0,0,0,0,0,0,0,0,0,0,0,0,0,0,0,0,0,0,0,0,0,0,0,0,0,0,0,0,0,0,0,0,0,0,0,0,0,0,0,0,0,0,0,0,0,0,0,0,0,0,0,0,0,0,0,0,0,0,0,0,0,0,0,0,0,0,0,0,0,0,0,0,0,0,0,0,0,0,0,0,0,0,0,0,0,0,0,0,0,0,0,0,0,0,0,0,0,0,0,0,0,0,0,0,0,0,0,0,0,0,0,0,0,0,0,0,0,0,0,0,0,0,0,0,0,0,0,0,0,0,0,0,0,0,0,0,0,0,0,0,0,0,0,0,0,0,0,0,0,0,0,0,0,0,0,0,0,0,0,0,0,0,0,0,0,0,0,0,0,0,0,0,0,0,0,0,0,0,0,0,0,0,0,0,0,0,0,0,0,0,0,0,0,0,0,0,0,0,0,0,0,0,0,0,0,0,0,0,0,0,0,0,0,0,0,0,0,0,0,0,0,0,0,0,0,0,0,0,0
SRR3505991,PRJNA316126,COPD_Stable,0.383410486,0,0.000392797,0,0.03370524,0,0.415413251,0.038580674,0,0.00794859,0.003770525,0,0,0,0,0,0.001696556,0,0,0,0,0,0.003126906,0,0,0,0,0,0.001373304,0,0,0,0,0,0,0,0,0,0,0.002170687,0,0.01099286,0.0460282,0,0,0.001442246,0,0,0,0,0,0,0,0,0,0,0,0,0,0,0,0,0,0,0,0,0,0,0,0,0,0,0,0,0,0,0,0,0,0,0,0,0,0,0,0,0,0,0,0,0,0,0,0,0,0,0,0,0,0,0,0,0,0,0,0,0,0,0,0,0,0,0,0,0,0,0,0,0,0,0,0,0,0,0,0,0,0,0,0,0,0,0,0,0,0,0,0,0,0,0,0,0,0,0,0,0,0,0,0,0,0,0,0,0,0,0,0,0,0,0,0,0,0,0,0,0,0,0,0,0,0,0,0,0,0,0,0,0,0,0,0,0,0,0,0,0,0,0,0,0,0,0,0,0,0,0,0,0,0,0,0,0,0,0,0,0,0,0,0,0,0,0,0,0,0,0,0,0,0,0,0,0,0,0,0,0,0,0,0,0,0,0,0,0,0,0,0,0,0,0,0,0,0,0,0,0,0,0,0,0,0,0,0,0,0,0,0,0,0,0,0,0,0,0,0,0,0,0,0,0,0
SRR3505992,PRJNA316126,COPD_Stable,0.048117273,0,0,0,0.002032752,0,0.393056821,0.373488364,0,0,0,0.000818398,0,0,0,0,0,0,0.000639619,0.014321097,0,0,0.011094377,0,0,0,0,0,0.016580337,0,0,0,0,0,0,0,0,0,0,0,0,0.006283436,0.0562606,0,0,0,0,0,0,0,0,0,0,0,0,0,0,0,0,0,0,0,0,0,0,0,0,0,0,0,0,0,0,0,0,0,0,0,0,0,0,0,0,0,0,0,0,0,0,0,0,0,0,0,0,0,0,0,0,0,0,0,0,0,0,0,0,0,0,0,0,0,0,0,0,0,0,0,0,0,0,0,0,0,0,0,0,0,0,0,0,0,0,0,0,0,0,0,0,0,0,0,0,0,0,0,0,0,0,0,0,0,0,0,0,0,0,0,0,0,0,0,0,0,0,0,0,0,0,0,0,0,0,0,0,0,0,0,0,0,0,0,0,0,0,0,0,0,0,0,0,0,0,0,0,0,0,0,0,0,0,0,0,0,0,0,0,0,0,0,0,0,0,0,0,0,0,0,0,0,0,0,0,0,0,0,0,0,0,0,0,0,0,0,0,0,0,0,0,0,0,0,0,0,0,0,0,0,0,0,0,0,0,0,0,0,0,0,0,0,0,0,0,0,0,0,0,0,0,0,0,0
SRR3505993,PRJNA316126,COPD_Stable,0.455155365,0,0,0,0.481614499,0,0,0,0,0,0,0,0,0,0,0,0,0,0,0,0,0,0,0,0,0,0,0,0,0,0,0,0,0,0,0,0,0,0,0,0,0.051476067,0,0,0,0,0,0,0,0,0,0,0,0,0,0,0,0,0,0,0,0,0,0,0,0,0,0,0,0,0,0,0,0,0,0,0,0,0,0,0,0,0,0,0,0,0,0,0,0,0,0,0,0,0,0,0,0,0,0,0,0,0,0,0,0,0,0,0,0,0,0,0,0,0,0,0,0,0,0,0,0,0,0,0,0,0,0,0,0,0,0,0,0,0,0,0,0,0,0,0,0,0,0,0,0,0,0,0,0,0,0,0,0,0,0,0,0,0,0,0,0,0,0,0,0,0,0,0,0,0,0,0,0,0,0,0,0,0,0,0,0,0,0,0,0,0,0,0,0,0,0,0,0,0,0,0,0,0,0,0,0,0,0,0,0,0,0,0,0,0,0,0,0,0,0,0,0,0,0,0,0,0,0,0,0,0,0,0,0,0,0,0,0,0,0,0,0,0,0,0,0,0,0,0,0,0,0,0,0,0,0,0,0,0,0,0,0,0,0,0,0,0,0,0,0,0,0,0,0,0,0
SRR3505994,PRJNA316126,COPD_Stable,0,0,0,0,0.664770625,0,0.202959122,0.015295805,0,0,0,0,0,0,0,0,0,0,0,0,0,0,0,0,0,0,0,0,0,0,0,0,0,0,0,0,0,0,0,0,0,0,0.053964513,0,0,0,0,0,0,0,0,0,0,0,0,0,0,0,0,0,0,0,0,0,0,0,0,0,0,0,0,0,0,0,0,0,0,0,0,0,0,0,0,0,0,0,0,0,0,0,0,0,0,0,0,0,0,0,0,0,0,0,0,0,0,0,0,0,0,0,0,0,0,0,0,0,0,0,0,0,0,0,0,0,0,0,0,0,0,0,0,0,0,0,0,0,0,0,0,0,0,0,0,0,0,0,0,0,0,0,0,0,0,0,0,0,0,0,0,0,0,0,0,0,0,0,0,0,0,0,0,0,0,0,0,0,0,0,0,0,0,0,0,0,0,0,0,0,0,0,0,0,0,0,0,0,0,0,0,0,0,0,0,0,0,0,0,0,0,0,0,0,0,0,0,0,0,0,0,0,0,0,0,0,0,0,0,0,0,0,0,0,0,0,0,0,0,0,0,0,0,0,0,0,0,0,0,0,0,0,0,0,0,0,0,0,0,0,0,0,0,0,0,0,0,0,0,0,0,0,0,0
SRR3505995,PRJNA316126,COPD_Stable,0.200418014,0,0,0,0.001278869,0,0.524043337,0.081220893,0,0,0,0,0,0,0,0,0,0.00332389,0,0.006430636,0,0,0.036951719,0.006581931,0,0,0,0,0.005340347,0,0,0,0,0,0,0,0,0,0,0,0,0,0.069504056,0,0.005995979,0,0,0,0,0,0,0,0,0,0,0,0,0,0,0,0,0,0,0,0,0,0,0,0,0,0,0,0,0,0,0,0,0,0,0,0,0,0,0,0,0,0,0,0,0,0,0,0,0,0,0,0,0,0,0,0,0,0,0,0,0,0,0,0,0,0,0,0,0,0,0,0,0,0,0,0,0,0,0,0,0,0,0,0,0,0,0,0,0,0,0,0,0,0,0,0,0,0,0,0,0,0,0,0,0,0,0,0,0,0,0,0,0,0,0,0,0,0,0,0,0,0,0,0,0,0,0,0,0,0,0,0,0,0,0,0,0,0,0,0,0,0,0,0,0,0,0,0,0,0,0,0,0,0,0,0,0,0,0,0,0,0,0,0,0,0,0,0,0,0,0,0,0,0,0,0,0,0,0,0,0,0,0,0,0,0,0,0,0,0,0,0,0,0,0,0,0,0,0,0,0,0,0,0,0,0,0,0,0,0,0,0,0,0,0,0,0,0,0,0,0,0,0,0,0,0,0
SRR3505996,PRJNA316126,COPD_Stable,0.277496483,0,0.352761747,0,0,0,0.190849536,0,0,0,0,0,0,0,0,0,0,0,0,0,0,0,0,0,0,0,0,0,0,0,0,0,0,0,0,0,0,0,0,0,0,0.10337228,0,0.031848405,0,0,0,0,0,0,0,0,0,0,0,0,0,0,0,0,0,0,0,0,0,0,0,0,0,0,0,0,0,0,0,0,0,0,0,0,0,0,0,0,0,0,0,0,0,0,0,0,0,0,0,0,0,0,0,0,0,0,0,0,0,0,0,0,0,0,0,0,0,0,0,0,0,0,0,0,0,0,0,0,0,0,0,0,0,0,0,0,0,0,0,0,0,0,0,0,0,0,0,0,0,0,0,0,0,0,0,0,0,0,0,0,0,0,0,0,0,0,0,0,0,0,0,0,0,0,0,0,0,0,0,0,0,0,0,0,0,0,0,0,0,0,0,0,0,0,0,0,0,0,0,0,0,0,0,0,0,0,0,0,0,0,0,0,0,0,0,0,0,0,0,0,0,0,0,0,0,0,0,0,0,0,0,0,0,0,0,0,0,0,0,0,0,0,0,0,0,0,0,0,0,0,0,0,0,0,0,0,0,0,0,0,0,0,0,0,0,0,0,0,0,0,0,0,0,0,0,0
SRR3505997,PRJNA316126,COPD_Stable,0.225951809,0,0,0,0.527682646,0,0.158270658,0.003675321,0,0,0.001661219,0,0,0,0,0,0,0,0,0,0,0,0,0,0,0,0,0,0,0,0,0,0,0,0,0,0,0,0,0,0,0.011576185,0.015015475,0,0,0,0,0,0,0,0,0,0,0,0,0,0,0,0,0,0,0,0,0,0,0,0,0,0,0,0,0,0,0,0,0,0,0,0,0,0,0,0,0,0,0,0,0,0,0,0,0,0,0,0,0,0,0,0,0,0,0,0,0,0,0,0,0,0,0,0,0,0,0,0,0,0,0,0,0,0,0,0,0,0,0,0,0,0,0,0,0,0,0,0,0,0,0,0,0,0,0,0,0,0,0,0,0,0,0,0,0,0,0,0,0,0,0,0,0,0,0,0,0,0,0,0,0,0,0,0,0,0,0,0,0,0,0,0,0,0,0,0,0,0,0,0,0,0,0,0,0,0,0,0,0,0,0,0,0,0,0,0,0,0,0,0,0,0,0,0,0,0,0,0,0,0,0,0,0,0,0,0,0,0,0,0,0,0,0,0,0,0,0,0,0,0,0,0,0,0,0,0,0,0,0,0,0,0,0,0,0,0,0,0,0,0,0,0,0,0,0,0,0,0,0,0,0,0,0,0,0
SRR3505998,PRJNA316126,COPD_Stable,0.710228494,0,0,0,0,0,0.163095976,0,0,0,0.019479277,0.004711785,0.019298527,0,0,0,0,0,0,0,0,0,0.002096817,0,0,0,0,0,0,0,0,0,0,0,0,0,0,0,0,0,0,0.013722546,0,0,0,0,0,0,0,0,0,0,0,0,0,0,0,0,0,0,0,0,0,0,0,0,0,0,0,0,0,0,0,0,0,0,0,0,0,0,0,0,0,0,0,0,0,0,0,0,0,0,0,0,0,0,0,0,0,0,0,0,0,0,0,0,0,0,0,0,0,0,0,0,0,0,0,0,0,0,0,0,0,0,0,0,0,0,0,0,0,0,0,0,0,0,0,0,0,0,0,0,0,0,0,0,0,0,0,0,0,0,0,0,0,0,0,0,0,0,0,0,0,0,0,0,0,0,0,0,0,0,0,0,0,0,0,0,0,0,0,0,0,0,0,0,0,0,0,0,0,0,0,0,0,0,0,0,0,0,0,0,0,0,0,0,0,0,0,0,0,0,0,0,0,0,0,0,0,0,0,0,0,0,0,0,0,0,0,0,0,0,0,0,0,0,0,0,0,0,0,0,0,0,0,0,0,0,0,0,0,0,0,0,0,0,0,0,0,0,0,0,0,0,0,0,0,0,0,0,0,0
SRR3506000,PRJNA316126,COPD_Stable,0.374132385,0,0,0,0,0,0.538972602,0.01525143,0,0,0.001571196,0,0,0,0,0,0,0,0,0,0.003132338,0,0,0,0,0,0,0,0,0,0,0,0,0,0,0,0,0,0,0,0,0.005989724,0.037026753,0,0,0.000362203,0,0,0,0,0,0,0,0,0,0,0,0,0,0,0,0,0,0,0,0,0,0,0,0,0,0,0,0,0,0,0,0,0,0,0,0,0,0,0,0,0,0,0,0,0,0,0,0,0,0,0,0,0,0,0,0,0,0,0,0,0,0,0,0,0,0,0,0,0,0,0,0,0,0,0,0,0,0,0,0,0,0,0,0,0,0,0,0,0,0,0,0,0,0,0,0,0,0,0,0,0,0,0,0,0,0,0,0,0,0,0,0,0,0,0,0,0,0,0,0,0,0,0,0,0,0,0,0,0,0,0,0,0,0,0,0,0,0,0,0,0,0,0,0,0,0,0,0,0,0,0,0,0,0,0,0,0,0,0,0,0,0,0,0,0,0,0,0,0,0,0,0,0,0,0,0,0,0,0,0,0,0,0,0,0,0,0,0,0,0,0,0,0,0,0,0,0,0,0,0,0,0,0,0,0,0,0,0,0,0,0,0,0,0,0,0,0,0,0,0,0,0,0,0,0,0
SRR3506001,PRJNA316126,COPD_Stable,0.192791911,0,0,0,0.009625382,0,0.633837858,0.043361029,0,0.005300487,0,0,0.003520377,0,0,0,0,0,0,0.005669021,0,0,0,0,0,0,0,0,0.003546795,0,0,0,0,0,0,0,0,0,0,0,0,0.011926689,0.012903466,0,0,0,0,0,0,0,0,0,0,0,0,0,0,0,0,0,0,0,0,0,0,0,0,0,0,0,0,0,0,0,0,0,0,0,0,0,0,0,0,0,0,0,0,0,0,0,0,0,0,0,0,0,0,0,0,0,0,0,0,0,0,0,0,0,0,0,0,0,0,0,0,0,0,0,0,0,0,0,0,0,0,0,0,0,0,0,0,0,0,0,0,0,0,0,0,0,0,0,0,0,0,0,0,0,0,0,0,0,0,0,0,0,0,0,0,0,0,0,0,0,0,0,0,0,0,0,0,0,0,0,0,0,0,0,0,0,0,0,0,0,0,0,0,0,0,0,0,0,0,0,0,0,0,0,0,0,0,0,0,0,0,0,0,0,0,0,0,0,0,0,0,0,0,0,0,0,0,0,0,0,0,0,0,0,0,0,0,0,0,0,0,0,0,0,0,0,0,0,0,0,0,0,0,0,0,0,0,0,0,0,0,0,0,0,0,0,0,0,0,0,0,0,0,0,0,0,0,0
SRR3506002,PRJNA316126,COPD_Stable,0,0,0.021262128,0,0.796395546,0,0,0,0,0,0,0,0,0,0,0,0,0,0,0,0,0,0,0,0,0,0,0,0,0,0,0,0,0,0,0,0,0,0,0,0,0.016507174,0,0,0,0,0,0,0,0,0,0,0,0,0,0,0,0,0,0,0,0,0,0,0,0,0,0,0,0,0,0,0,0,0,0,0,0,0,0,0,0,0,0,0,0,0,0,0,0,0,0,0,0,0,0,0,0,0,0,0,0,0,0,0,0,0,0,0,0,0,0,0,0,0,0,0,0,0,0,0,0,0,0,0,0,0,0,0,0,0,0,0,0,0,0,0,0,0,0,0,0,0,0,0,0,0,0,0,0,0,0,0,0,0,0,0,0,0,0,0,0,0,0,0,0,0,0,0,0,0,0,0,0,0,0,0,0,0,0,0,0,0,0,0,0,0,0,0,0,0,0,0,0,0,0,0,0,0,0,0,0,0,0,0,0,0,0,0,0,0,0,0,0,0,0,0,0,0,0,0,0,0,0,0,0,0,0,0,0,0,0,0,0,0,0,0,0,0,0,0,0,0,0,0,0,0,0,0,0,0,0,0,0,0,0,0,0,0,0,0,0,0,0,0,0,0,0,0,0,0,0
SRR3506003,PRJNA316126,COPD_Stable,0.711384232,0,0,0,0.007382768,0,0.170251151,0,0,0,0.0287684,0.018082794,0,0,0,0,0,0,0,0,0,0,0,0,0,0,0,0,0,0,0,0,0,0,0,0,0,0,0,0,0,0.032870752,0,0.006579831,0,0,0,0,0,0,0,0,0,0,0,0,0,0,0,0,0,0,0,0,0,0,0,0,0,0,0,0,0,0,0,0,0,0,0,0,0,0,0,0,0,0,0,0,0,0,0,0,0,0,0,0,0,0,0,0,0,0,0,0,0,0,0,0,0,0,0,0,0,0,0,0,0,0,0,0,0,0,0,0,0,0,0,0,0,0,0,0,0,0,0,0,0,0,0,0,0,0,0,0,0,0,0,0,0,0,0,0,0,0,0,0,0,0,0,0,0,0,0,0,0,0,0,0,0,0,0,0,0,0,0,0,0,0,0,0,0,0,0,0,0,0,0,0,0,0,0,0,0,0,0,0,0,0,0,0,0,0,0,0,0,0,0,0,0,0,0,0,0,0,0,0,0,0,0,0,0,0,0,0,0,0,0,0,0,0,0,0,0,0,0,0,0,0,0,0,0,0,0,0,0,0,0,0,0,0,0,0,0,0,0,0,0,0,0,0,0,0,0,0,0,0,0,0,0,0,0,0
SRR3506004,PRJNA316126,COPD_Stable,0.220259159,0,0,0,0,0,0.265088332,0.011200611,0,0,0,0,0,0,0,0,0,0,0,0,0,0,0,0,0,0,0.02091696,0,0,0,0,0,0,0,0,0,0,0,0,0,0,0.177426469,0,0,0,0,0,0,0,0,0,0,0,0,0,0,0,0,0,0,0,0,0,0,0,0,0,0,0,0,0,0,0,0,0,0,0,0,0,0,0,0,0,0,0,0,0,0,0,0,0,0,0,0,0,0,0,0,0,0,0,0,0,0,0,0,0,0,0,0,0,0,0,0,0,0,0,0,0,0,0,0,0,0,0,0,0,0,0,0,0,0,0,0,0,0,0,0,0,0,0,0,0,0,0,0,0,0,0,0,0,0,0,0,0,0,0,0,0,0,0,0,0,0,0,0,0,0,0,0,0,0,0,0,0,0,0,0,0,0,0,0,0,0,0,0,0,0,0,0,0,0,0,0,0,0,0,0,0,0,0,0,0,0,0,0,0,0,0,0,0,0,0,0,0,0,0,0,0,0,0,0,0,0,0,0,0,0,0,0,0,0,0,0,0,0,0,0,0,0,0,0,0,0,0,0,0,0,0,0,0,0,0,0,0,0,0,0,0,0,0,0,0,0,0,0,0,0,0,0,0,0
SRR3506005,PRJNA316126,COPD_Stable,0.258802518,0,0,0,0.008403797,0,0.488795374,0.041856372,0,0.013591771,0,0,0.003260192,0,0,0,0.002231193,0.001814853,0,0,0,0,0.039813176,0,0,0,0,0,0.010713052,0,0,0,0,0,0,0,0,0,0,0,0,0.002229785,0.075574581,0,0,0,0,0,0,0,0,0,0,0,0,0,0,0,0,0,0,0,0,0,0,0,0,0,0,0,0,0,0,0,0,0,0,0,0,0,0,0,0,0,0,0,0,0,0,0,0,0,0,0,0,0,0,0,0,0,0,0,0,0,0,0,0,0,0,0,0,0,0,0,0,0,0,0,0,0,0,0,0,0,0,0,0,0,0,0,0,0,0,0,0,0,0,0,0,0,0,0,0,0,0,0,0,0,0,0,0,0,0,0,0,0,0,0,0,0,0,0,0,0,0,0,0,0,0,0,0,0,0,0,0,0,0,0,0,0,0,0,0,0,0,0,0,0,0,0,0,0,0,0,0,0,0,0,0,0,0,0,0,0,0,0,0,0,0,0,0,0,0,0,0,0,0,0,0,0,0,0,0,0,0,0,0,0,0,0,0,0,0,0,0,0,0,0,0,0,0,0,0,0,0,0,0,0,0,0,0,0,0,0,0,0,0,0,0,0,0,0,0,0,0,0,0,0,0,0,0,0
SRR3506006,PRJNA316126,COPD_Stable,0.487891541,0,0.000360991,0,0.00698529,0,0.246053763,0.106582943,0,0,0.001139576,0.006712308,0.006317511,0,0,0,0,0,0,0.019363576,0,0,0.040112547,0,0,0,0,0,0.007815211,0,0,0,0,0,0,0,0,0,0,0,0,0.009971286,0.031001476,0,0,0.001508192,0,0,0,0,0,0,0,0,0,0,0,0,0,0,0,0,0,0,0,0,0,0,0,0,0,0,0,0,0,0,0,0,0,0,0,0,0,0,0,0,0,0,0,0,0,0,0,0,0,0,0,0,0,0,0,0,0,0,0,0,0,0,0,0,0,0,0,0,0,0,0,0,0,0,0,0,0,0,0,0,0,0,0,0,0,0,0,0,0,0,0,0,0,0,0,0,0,0,0,0,0,0,0,0,0,0,0,0,0,0,0,0,0,0,0,0,0,0,0,0,0,0,0,0,0,0,0,0,0,0,0,0,0,0,0,0,0,0,0,0,0,0,0,0,0,0,0,0,0,0,0,0,0,0,0,0,0,0,0,0,0,0,0,0,0,0,0,0,0,0,0,0,0,0,0,0,0,0,0,0,0,0,0,0,0,0,0,0,0,0,0,0,0,0,0,0,0,0,0,0,0,0,0,0,0,0,0,0,0,0,0,0,0,0,0,0,0,0,0,0,0,0,0,0,0,0
SRR3506007,PRJNA316126,COPD_Stable,0.137932199,0,0,0,0.002751818,0,0.226266409,0.374215945,0,0,0.01041163,0.00180235,0.008224015,0,0,0,0,0,0.001999678,0,0,0,0.022644522,0,0,0,0,0,0.003464222,0,0,0,0,0,0,0,0,0,0,0,0,0,0.111914248,0,0,0.000635618,0,0,0,0,0,0,0,0,0,0,0,0,0,0,0,0,0,0,0,0,0,0,0,0,0,0,0,0,0,0,0,0,0,0,0,0,0,0,0,0,0,0,0,0,0,0,0,0,0,0,0,0,0,0,0,0,0,0,0,0,0,0,0,0,0,0,0,0,0,0,0,0,0,0,0,0,0,0,0,0,0,0,0,0,0,0,0,0,0,0,0,0,0,0,0,0,0,0,0,0,0,0,0,0,0,0,0,0,0,0,0,0,0,0,0,0,0,0,0,0,0,0,0,0,0,0,0,0,0,0,0,0,0,0,0,0,0,0,0,0,0,0,0,0,0,0,0,0,0,0,0,0,0,0,0,0,0,0,0,0,0,0,0,0,0,0,0,0,0,0,0,0,0,0,0,0,0,0,0,0,0,0,0,0,0,0,0,0,0,0,0,0,0,0,0,0,0,0,0,0,0,0,0,0,0,0,0,0,0,0,0,0,0,0,0,0,0,0,0,0,0,0,0,0,0,0
SRR3506008,PRJNA316126,COPD_Stable,0.156207021,0,0.142266659,0,0,0,0,0,0,0,0,0,0,0,0,0,0,0,0,0,0,0,0,0,0,0,0,0,0,0,0,0,0,0,0,0,0,0,0,0,0,0.647363021,0,0,0,0,0,0,0,0,0,0,0,0,0,0,0,0,0,0,0,0,0,0,0,0,0,0,0,0,0,0,0,0,0,0,0,0,0,0,0,0,0,0,0,0,0,0,0,0,0,0,0,0,0,0,0,0,0,0,0,0,0,0,0,0,0,0,0,0,0,0,0,0,0,0,0,0,0,0,0,0,0,0,0,0,0,0,0,0,0,0,0,0,0,0,0,0,0,0,0,0,0,0,0,0,0,0,0,0,0,0,0,0,0,0,0,0,0,0,0,0,0,0,0,0,0,0,0,0,0,0,0,0,0,0,0,0,0,0,0,0,0,0,0,0,0,0,0,0,0,0,0,0,0,0,0,0,0,0,0,0,0,0,0,0,0,0,0,0,0,0,0,0,0,0,0,0,0,0,0,0,0,0,0,0,0,0,0,0,0,0,0,0,0,0,0,0,0,0,0,0,0,0,0,0,0,0,0,0,0,0,0,0,0,0,0,0,0,0,0,0,0,0,0,0,0,0,0,0,0,0
SRR3506009,PRJNA316126,COPD_Stable,0.223163744,0,0,0,0.014092401,0,0.299829598,0.161868086,0,0,0.01678443,0,0.089301527,0,0,0,0,0.003884115,0.000712351,0.002461143,0,0,0.001578536,0.016400056,0,0,0,0,0.005738276,0,0,0,0,0,0,0,0,0,0,0.000233514,0,0.008332105,0.033578858,0,0.017782007,0.000858324,0,0,0,0,0,0,0,0,0,0,0,0,0,0,0,0,0,0,0,0,0,0,0,0,0,0,0,0,0,0,0,0,0,0,0,0,0,0,0,0,0,0,0,0,0,0,0,0,0,0,0,0,0,0,0,0,0,0,0,0,0,0,0,0,0,0,0,0,0,0,0,0,0,0,0,0,0,0,0,0,0,0,0,0,0,0,0,0,0,0,0,0,0,0,0,0,0,0,0,0,0,0,0,0,0,0,0,0,0,0,0,0,0,0,0,0,0,0,0,0,0,0,0,0,0,0,0,0,0,0,0,0,0,0,0,0,0,0,0,0,0,0,0,0,0,0,0,0,0,0,0,0,0,0,0,0,0,0,0,0,0,0,0,0,0,0,0,0,0,0,0,0,0,0,0,0,0,0,0,0,0,0,0,0,0,0,0,0,0,0,0,0,0,0,0,0,0,0,0,0,0,0,0,0,0,0,0,0,0,0,0,0,0,0,0,0,0,0,0,0,0,0,0,0,0,0
SRR3506010,PRJNA316126,COPD_Stable,0.489022579,0,0,0,0,0,0.438666726,0.009849883,0,0,0,0,0.001964778,0,0,0,0,0,0,0,0,0,0,0,0,0,0,0,0,0,0,0,0,0,0,0,0,0,0,0,0,0,0.05032543,0,0,0,0,0,0,0,0,0,0,0,0,0,0,0,0,0,0,0,0,0,0,0,0,0,0,0,0,0,0,0,0,0,0,0,0,0,0,0,0,0,0,0,0,0,0,0,0,0,0,0,0,0,0,0,0,0,0,0,0,0,0,0,0,0,0,0,0,0,0,0,0,0,0,0,0,0,0,0,0,0,0,0,0,0,0,0,0,0,0,0,0,0,0,0,0,0,0,0,0,0,0,0,0,0,0,0,0,0,0,0,0,0,0,0,0,0,0,0,0,0,0,0,0,0,0,0,0,0,0,0,0,0,0,0,0,0,0,0,0,0,0,0,0,0,0,0,0,0,0,0,0,0,0,0,0,0,0,0,0,0,0,0,0,0,0,0,0,0,0,0,0,0,0,0,0,0,0,0,0,0,0,0,0,0,0,0,0,0,0,0,0,0,0,0,0,0,0,0,0,0,0,0,0,0,0,0,0,0,0,0,0,0,0,0,0,0,0,0,0,0,0,0,0,0,0,0,0,0
SRR3506014,PRJNA316126,COPD_Stable,0.356980066,0,0.016461819,0,0.307529387,0,0.07005594,0.007024642,0,0,0,0,0,0,0,0,0,0,0,0,0,0,0,0,0,0,0.001640569,0,0,0,0,0,0,0,0,0,0,0,0,0,0,0.029465768,0.027363018,0,0,0,0,0,0,0,0,0,0,0,0,0,0,0,0,0,0,0,0,0,0,0,0,0,0,0,0,0,0,0,0,0,0,0,0,0,0,0,0,0,0,0,0,0,0,0,0,0,0,0,0,0,0,0,0,0,0,0,0,0,0,0,0,0,0,0,0,0,0,0,0,0,0,0,0,0,0,0,0,0,0,0,0,0,0,0,0,0,0,0,0,0,0,0,0,0,0,0,0,0,0,0,0,0,0,0,0,0,0,0,0,0,0,0,0,0,0,0,0,0,0,0,0,0,0,0,0,0,0,0,0,0,0,0,0,0,0,0,0,0,0,0,0,0,0,0,0,0,0,0,0,0,0,0,0,0,0,0,0,0,0,0,0,0,0,0,0,0,0,0,0,0,0,0,0,0,0,0,0,0,0,0,0,0,0,0,0,0,0,0,0,0,0,0,0,0,0,0,0,0,0,0,0,0,0,0,0,0,0,0,0,0,0,0,0,0,0,0,0,0,0,0,0,0,0,0,0,0
SRR3506015,PRJNA316126,COPD_Stable,0.279752018,0,0,0,0.025316526,0,0.516915252,0.03534116,0,0,0,0,0,0,0,0,0,0,0,0,0,0,0.009274456,0,0,0,0,0,0,0,0,0,0,0,0,0,0,0,0,0,0,0,0.044599299,0.003019096,0,0,0,0,0,0,0,0,0,0,0,0,0,0,0,0,0,0,0,0,0,0,0,0,0,0,0,0,0,0,0,0,0,0,0,0,0,0,0,0,0,0,0,0,0,0,0,0,0,0,0,0,0,0,0,0,0,0,0,0,0,0,0,0,0,0,0,0,0,0,0,0,0,0,0,0,0,0,0,0,0,0,0,0,0,0,0,0,0,0,0,0,0,0,0,0,0,0,0,0,0,0,0,0,0,0,0,0,0,0,0,0,0,0,0,0,0,0,0,0,0,0,0,0,0,0,0,0,0,0,0,0,0,0,0,0,0,0,0,0,0,0,0,0,0,0,0,0,0,0,0,0,0,0,0,0,0,0,0,0,0,0,0,0,0,0,0,0,0,0,0,0,0,0,0,0,0,0,0,0,0,0,0,0,0,0,0,0,0,0,0,0,0,0,0,0,0,0,0,0,0,0,0,0,0,0,0,0,0,0,0,0,0,0,0,0,0,0,0,0,0,0,0,0,0,0,0,0
SRR3506016,PRJNA316126,COPD_Stable,0.185147264,0,0,0,0.014193395,0,0.223627126,0.266722714,0,0,0.032531138,0.018560206,0.014424508,0,0,0,0,0,0.002674705,0.171652187,0,0,0,0.003843866,0,0,0,0,0.001007627,0,0,0,0,0,0,0,0,0,0,0,0,0.012447712,0.018579363,0,0,0,0,0,0,0,0,0,0,0,0,0,0,0,0,0,0,0,0,0,0,0,0,0,0,0,0,0,0,0,0,0,0,0,0,0,0,0,0,0,0,0,0,0,0,0,0,0,0,0,0,0,0,0,0,0,0,0,0,0,0,0,0,0,0,0,0,0,0,0,0,0,0,0,0,0,0,0,0,0,0,0,0,0,0,0,0,0,0,0,0,0,0,0,0,0,0,0,0,0,0,0,0,0,0,0,0,0,0,0,0,0,0,0,0,0,0,0,0,0,0,0,0,0,0,0,0,0,0,0,0,0,0,0,0,0,0,0,0,0,0,0,0,0,0,0,0,0,0,0,0,0,0,0,0,0,0,0,0,0,0,0,0,0,0,0,0,0,0,0,0,0,0,0,0,0,0,0,0,0,0,0,0,0,0,0,0,0,0,0,0,0,0,0,0,0,0,0,0,0,0,0,0,0,0,0,0,0,0,0,0,0,0,0,0,0,0,0,0,0,0,0,0,0,0,0,0,0
SRR3506017,PRJNA316126,COPD_Stable,0,0,0,0,0,0,0.284173326,0.153683803,0,0,0,0,0,0,0,0,0,0,0,0,0,0,0,0,0,0,0,0,0,0,0,0,0,0,0,0,0,0,0,0,0,0.148609037,0,0,0,0,0,0,0,0,0,0,0,0,0,0,0,0,0,0,0,0,0,0,0,0,0,0,0,0,0,0,0,0,0,0,0,0,0,0,0,0,0,0,0,0,0,0,0,0,0,0,0,0,0,0,0,0,0,0,0,0,0,0,0,0,0,0,0,0,0,0,0,0,0,0,0,0,0,0,0,0,0,0,0,0,0,0,0,0,0,0,0,0,0,0,0,0,0,0,0,0,0,0,0,0,0,0,0,0,0,0,0,0,0,0,0,0,0,0,0,0,0,0,0,0,0,0,0,0,0,0,0,0,0,0,0,0,0,0,0,0,0,0,0,0,0,0,0,0,0,0,0,0,0,0,0,0,0,0,0,0,0,0,0,0,0,0,0,0,0,0,0,0,0,0,0,0,0,0,0,0,0,0,0,0,0,0,0,0,0,0,0,0,0,0,0,0,0,0,0,0,0,0,0,0,0,0,0,0,0,0,0,0,0,0,0,0,0,0,0,0,0,0,0,0,0,0,0,0,0,0
SRR3506018,PRJNA316126,COPD_Stable,0,0,0,0,0.365659537,0,0.430899932,0.046514728,0,0,0,0,0,0,0,0,0,0,0,0,0,0,0,0,0,0,0,0,0,0,0,0,0,0,0,0,0,0,0,0,0,0.062943941,0,0,0,0,0,0,0,0,0,0,0,0,0,0,0,0,0,0,0,0,0,0,0,0,0,0,0,0,0,0,0,0,0,0,0,0,0,0,0,0,0,0,0,0,0,0,0,0,0,0,0,0,0,0,0,0,0,0,0,0,0,0,0,0,0,0,0,0,0,0,0,0,0,0,0,0,0,0,0,0,0,0,0,0,0,0,0,0,0,0,0,0,0,0,0,0,0,0,0,0,0,0,0,0,0,0,0,0,0,0,0,0,0,0,0,0,0,0,0,0,0,0,0,0,0,0,0,0,0,0,0,0,0,0,0,0,0,0,0,0,0,0,0,0,0,0,0,0,0,0,0,0,0,0,0,0,0,0,0,0,0,0,0,0,0,0,0,0,0,0,0,0,0,0,0,0,0,0,0,0,0,0,0,0,0,0,0,0,0,0,0,0,0,0,0,0,0,0,0,0,0,0,0,0,0,0,0,0,0,0,0,0,0,0,0,0,0,0,0,0,0,0,0,0,0,0,0,0,0,0
SRR3506021,PRJNA316126,COPD_Stable,0.163873147,0,0,0,0,0,0.260330053,0.220200823,0,0,0.021236298,0,0.033026401,0,0,0,0,0,0,0.02672425,0,0,0,0,0,0,0,0,0,0,0,0,0,0,0,0,0,0,0,0,0,0.147896699,0,0,0,0,0,0,0,0,0,0,0,0,0,0,0,0,0,0,0,0,0,0,0,0,0,0,0,0,0,0,0,0,0,0,0,0,0,0,0,0,0,0,0,0,0,0,0,0,0,0,0,0,0,0,0,0,0,0,0,0,0,0,0,0,0,0,0,0,0,0,0,0,0,0,0,0,0,0,0,0,0,0,0,0,0,0,0,0,0,0,0,0,0,0,0,0,0,0,0,0,0,0,0,0,0,0,0,0,0,0,0,0,0,0,0,0,0,0,0,0,0,0,0,0,0,0,0,0,0,0,0,0,0,0,0,0,0,0,0,0,0,0,0,0,0,0,0,0,0,0,0,0,0,0,0,0,0,0,0,0,0,0,0,0,0,0,0,0,0,0,0,0,0,0,0,0,0,0,0,0,0,0,0,0,0,0,0,0,0,0,0,0,0,0,0,0,0,0,0,0,0,0,0,0,0,0,0,0,0,0,0,0,0,0,0,0,0,0,0,0,0,0,0,0,0,0,0,0,0,0
SRR3506025,PRJNA316126,COPD_Stable,0.13085943,0,0,0,0,0,0.478707807,0.097436376,0,0,0,0,0,0,0,0,0,0,0,0,0,0,0,0,0,0,0.00591289,0,0.002468349,0,0,0,0,0,0,0,0,0,0,0,0,0.097257813,0.033259756,0.01752839,0,0,0,0,0,0,0,0,0,0,0,0,0,0,0,0,0,0,0,0,0,0,0,0,0,0,0,0,0,0,0,0,0,0,0,0,0,0,0,0,0,0,0,0,0,0,0,0,0,0,0,0,0,0,0,0,0,0,0,0,0,0,0,0,0,0,0,0,0,0,0,0,0,0,0,0,0,0,0,0,0,0,0,0,0,0,0,0,0,0,0,0,0,0,0,0,0,0,0,0,0,0,0,0,0,0,0,0,0,0,0,0,0,0,0,0,0,0,0,0,0,0,0,0,0,0,0,0,0,0,0,0,0,0,0,0,0,0,0,0,0,0,0,0,0,0,0,0,0,0,0,0,0,0,0,0,0,0,0,0,0,0,0,0,0,0,0,0,0,0,0,0,0,0,0,0,0,0,0,0,0,0,0,0,0,0,0,0,0,0,0,0,0,0,0,0,0,0,0,0,0,0,0,0,0,0,0,0,0,0,0,0,0,0,0,0,0,0,0,0,0,0,0,0,0,0,0,0
SRR3506027,PRJNA316126,COPD_Stable,0,0,0,0,0,0,0,0,0,0,0,0,0,0,0,0,0,0,0,0,0,0,0,0,0,0,0,0,0,0,0,0,0,0,0,0,0,0,0,0,0,0.921875,0,0,0,0,0,0,0,0,0,0,0,0,0,0,0,0,0,0,0,0,0,0,0,0,0,0,0,0,0,0,0,0,0,0,0,0,0,0,0,0,0,0,0,0,0,0,0,0,0,0,0,0,0,0,0,0,0,0,0,0,0,0,0,0,0,0,0,0,0,0,0,0,0,0,0,0,0,0,0,0,0,0,0,0,0,0,0,0,0,0,0,0,0,0,0,0,0,0,0,0,0,0,0,0,0,0,0,0,0,0,0,0,0,0,0,0,0,0,0,0,0,0,0,0,0,0,0,0,0,0,0,0,0,0,0,0,0,0,0,0,0,0,0,0,0,0,0,0,0,0,0,0,0,0,0,0,0,0,0,0,0,0,0,0,0,0,0,0,0,0,0,0,0,0,0,0,0,0,0,0,0,0,0,0,0,0,0,0,0,0,0,0,0,0,0,0,0,0,0,0,0,0,0,0,0,0,0,0,0,0,0,0,0,0,0,0,0,0,0,0,0,0,0,0,0,0,0,0,0,0
SRR3506029,PRJNA316126,COPD_Stable,0.209301635,0,0,0,0,0,0.55804982,0.120409173,0,0,0.049276084,0.028806434,0,0,0,0,0,0,0.020075955,0,0,0,0,0,0,0,0,0,0.005259785,0,0,0,0,0,0,0,0,0,0,0,0,0.008821115,0,0,0,0,0,0,0,0,0,0,0,0,0,0,0,0,0,0,0,0,0,0,0,0,0,0,0,0,0,0,0,0,0,0,0,0,0,0,0,0,0,0,0,0,0,0,0,0,0,0,0,0,0,0,0,0,0,0,0,0,0,0,0,0,0,0,0,0,0,0,0,0,0,0,0,0,0,0,0,0,0,0,0,0,0,0,0,0,0,0,0,0,0,0,0,0,0,0,0,0,0,0,0,0,0,0,0,0,0,0,0,0,0,0,0,0,0,0,0,0,0,0,0,0,0,0,0,0,0,0,0,0,0,0,0,0,0,0,0,0,0,0,0,0,0,0,0,0,0,0,0,0,0,0,0,0,0,0,0,0,0,0,0,0,0,0,0,0,0,0,0,0,0,0,0,0,0,0,0,0,0,0,0,0,0,0,0,0,0,0,0,0,0,0,0,0,0,0,0,0,0,0,0,0,0,0,0,0,0,0,0,0,0,0,0,0,0,0,0,0,0,0,0,0,0,0,0,0,0,0
SRR3506030,PRJNA316126,COPD_Stable,0.19081027,0,0,0,0.005001365,0,0.194607817,0.233675827,0,0.062206379,0.030782302,0,0,0,0,0,0,0,0,0.194630124,0,0,0.031610395,0,0,0,0,0,0,0,0,0,0,0,0,0,0,0,0,0,0,0.053484708,0,0,0,0,0,0,0,0,0,0,0,0,0,0,0,0,0,0,0,0,0,0,0,0,0,0,0,0,0,0,0,0,0,0,0,0,0,0,0,0,0,0,0,0,0,0,0,0,0,0,0,0,0,0,0,0,0,0,0,0,0,0,0,0,0,0,0,0,0,0,0,0,0,0,0,0,0,0,0,0,0,0,0,0,0,0,0,0,0,0,0,0,0,0,0,0,0,0,0,0,0,0,0,0,0,0,0,0,0,0,0,0,0,0,0,0,0,0,0,0,0,0,0,0,0,0,0,0,0,0,0,0,0,0,0,0,0,0,0,0,0,0,0,0,0,0,0,0,0,0,0,0,0,0,0,0,0,0,0,0,0,0,0,0,0,0,0,0,0,0,0,0,0,0,0,0,0,0,0,0,0,0,0,0,0,0,0,0,0,0,0,0,0,0,0,0,0,0,0,0,0,0,0,0,0,0,0,0,0,0,0,0,0,0,0,0,0,0,0,0,0,0,0,0,0,0,0,0,0,0
SRR3506031,PRJNA316126,COPD_Stable,0.863587066,0,0,0,0,0,0.075428364,0,0,0,0,0,0,0,0,0,0,0,0,0,0,0,0,0,0,0,0,0,0,0,0,0,0,0,0,0,0,0,0,0,0,0,0,0,0,0,0,0,0,0,0,0,0,0,0,0,0,0,0,0,0,0,0,0,0,0,0,0,0,0,0,0,0,0,0,0,0,0,0,0,0,0,0,0,0,0,0,0,0,0,0,0,0,0,0,0,0,0,0,0,0,0,0,0,0,0,0,0,0,0,0,0,0,0,0,0,0,0,0,0,0,0,0,0,0,0,0,0,0,0,0,0,0,0,0,0,0,0,0,0,0,0,0,0,0,0,0,0,0,0,0,0,0,0,0,0,0,0,0,0,0,0,0,0,0,0,0,0,0,0,0,0,0,0,0,0,0,0,0,0,0,0,0,0,0,0,0,0,0,0,0,0,0,0,0,0,0,0,0,0,0,0,0,0,0,0,0,0,0,0,0,0,0,0,0,0,0,0,0,0,0,0,0,0,0,0,0,0,0,0,0,0,0,0,0,0,0,0,0,0,0,0,0,0,0,0,0,0,0,0,0,0,0,0,0,0,0,0,0,0,0,0,0,0,0,0,0,0,0,0,0,0
SRR3506033,PRJNA316126,COPD_Stable,0.024178157,0,0,0,0.007181022,0,0.505843841,0.254240627,0,0.013593401,0,0,0,0,0,0,0,0.017292874,0.006084246,0,0,0,0,0,0,0,0,0,0.004540139,0,0,0,0,0,0,0,0,0,0,0,0,0.017755139,0.109957397,0,0,0,0,0,0,0,0,0,0,0,0,0,0,0,0,0,0,0,0,0,0,0,0,0,0,0,0,0,0,0,0,0,0,0,0,0,0,0,0,0,0,0,0,0,0,0,0,0,0,0,0,0,0,0,0,0,0,0,0,0,0,0,0,0,0,0,0,0,0,0,0,0,0,0,0,0,0,0,0,0,0,0,0,0,0,0,0,0,0,0,0,0,0,0,0,0,0,0,0,0,0,0,0,0,0,0,0,0,0,0,0,0,0,0,0,0,0,0,0,0,0,0,0,0,0,0,0,0,0,0,0,0,0,0,0,0,0,0,0,0,0,0,0,0,0,0,0,0,0,0,0,0,0,0,0,0,0,0,0,0,0,0,0,0,0,0,0,0,0,0,0,0,0,0,0,0,0,0,0,0,0,0,0,0,0,0,0,0,0,0,0,0,0,0,0,0,0,0,0,0,0,0,0,0,0,0,0,0,0,0,0,0,0,0,0,0,0,0,0,0,0,0,0,0,0,0,0,0
SRR3506034,PRJNA316126,COPD_Stable,0.50333604,0,0,0,0.011397076,0,0.337372247,0.017848624,0,0.00762938,0.000930389,0,0.016189502,0,0,0,0,0,0,0,0.003089357,0,0,0,0,0,0,0,0.000264867,0,0,0,0,0,0,0,0,0,0,0,0,0.005135767,0.019603548,0,0,0,0,0,0,0,0,0,0,0,0,0,0,0,0,0,0,0,0,0,0,0,0,0,0,0,0,0,0,0,0,0,0,0,0,0,0,0,0,0,0,0,0,0,0,0,0,0,0,0,0,0,0,0,0,0,0,0,0,0,0,0,0,0,0,0,0,0,0,0,0,0,0,0,0,0,0,0,0,0,0,0,0,0,0,0,0,0,0,0,0,0,0,0,0,0,0,0,0,0,0,0,0,0,0,0,0,0,0,0,0,0,0,0,0,0,0,0,0,0,0,0,0,0,0,0,0,0,0,0,0,0,0,0,0,0,0,0,0,0,0,0,0,0,0,0,0,0,0,0,0,0,0,0,0,0,0,0,0,0,0,0,0,0,0,0,0,0,0,0,0,0,0,0,0,0,0,0,0,0,0,0,0,0,0,0,0,0,0,0,0,0,0,0,0,0,0,0,0,0,0,0,0,0,0,0,0,0,0,0,0,0,0,0,0,0,0,0,0,0,0,0,0,0,0,0,0,0
SRR3506041,PRJNA316126,COPD_Stable,0.476322407,0,0,0,0,0,0.27695331,0.016951407,0,0.061218,0,0,0,0,0,0,0,0,0,0,0,0,0,0,0,0,0,0,0,0,0,0,0,0,0,0,0,0,0,0,0,0.055145462,0,0,0,0,0,0,0,0,0,0,0,0,0,0,0,0,0,0,0,0,0,0,0,0,0,0,0,0,0,0,0,0,0,0,0,0,0,0,0,0,0,0,0,0,0,0,0,0,0,0,0,0,0,0,0,0,0,0,0,0,0,0,0,0,0,0,0,0,0,0,0,0,0,0,0,0,0,0,0,0,0,0,0,0,0,0,0,0,0,0,0,0,0,0,0,0,0,0,0,0,0,0,0,0,0,0,0,0,0,0,0,0,0,0,0,0,0,0,0,0,0,0,0,0,0,0,0,0,0,0,0,0,0,0,0,0,0,0,0,0,0,0,0,0,0,0,0,0,0,0,0,0,0,0,0,0,0,0,0,0,0,0,0,0,0,0,0,0,0,0,0,0,0,0,0,0,0,0,0,0,0,0,0,0,0,0,0,0,0,0,0,0,0,0,0,0,0,0,0,0,0,0,0,0,0,0,0,0,0,0,0,0,0,0,0,0,0,0,0,0,0,0,0,0,0,0,0,0,0,0
SRR3506046,PRJNA316126,COPD_Stable,0.456061726,0,0,0,0.035278912,0,0.348022454,0.009847471,0,0,0.012314321,0.033648227,0.019825792,0,0,0,0,0,0,0.012225606,0,0,0,0.009252696,0,0,0,0,0,0,0,0,0,0,0,0,0,0,0,0,0,0.009396548,0,0,0,0.000636545,0,0,0,0,0,0,0,0,0,0,0,0,0,0,0,0,0,0,0,0,0,0,0,0,0,0,0,0,0,0,0,0,0,0,0,0,0,0,0,0,0,0,0,0,0,0,0,0,0,0,0,0,0,0,0,0,0,0,0,0,0,0,0,0,0,0,0,0,0,0,0,0,0,0,0,0,0,0,0,0,0,0,0,0,0,0,0,0,0,0,0,0,0,0,0,0,0,0,0,0,0,0,0,0,0,0,0,0,0,0,0,0,0,0,0,0,0,0,0,0,0,0,0,0,0,0,0,0,0,0,0,0,0,0,0,0,0,0,0,0,0,0,0,0,0,0,0,0,0,0,0,0,0,0,0,0,0,0,0,0,0,0,0,0,0,0,0,0,0,0,0,0,0,0,0,0,0,0,0,0,0,0,0,0,0,0,0,0,0,0,0,0,0,0,0,0,0,0,0,0,0,0,0,0,0,0,0,0,0,0,0,0,0,0,0,0,0,0,0,0,0,0,0,0,0,0
SRR3506049,PRJNA316126,COPD_Stable,0,0,0,0,0.835679972,0,0.119591466,0,0,0,0,0,0,0,0,0,0,0,0,0,0,0,0,0,0,0,0,0,0,0,0,0,0,0,0,0,0,0,0,0,0,0.03047241,0,0,0,0,0,0,0,0,0,0,0,0,0,0,0,0,0,0,0,0,0,0,0,0,0,0,0,0,0,0,0,0,0,0,0,0,0,0,0,0,0,0,0,0,0,0,0,0,0,0,0,0,0,0,0,0,0,0,0,0,0,0,0,0,0,0,0,0,0,0,0,0,0,0,0,0,0,0,0,0,0,0,0,0,0,0,0,0,0,0,0,0,0,0,0,0,0,0,0,0,0,0,0,0,0,0,0,0,0,0,0,0,0,0,0,0,0,0,0,0,0,0,0,0,0,0,0,0,0,0,0,0,0,0,0,0,0,0,0,0,0,0,0,0,0,0,0,0,0,0,0,0,0,0,0,0,0,0,0,0,0,0,0,0,0,0,0,0,0,0,0,0,0,0,0,0,0,0,0,0,0,0,0,0,0,0,0,0,0,0,0,0,0,0,0,0,0,0,0,0,0,0,0,0,0,0,0,0,0,0,0,0,0,0,0,0,0,0,0,0,0,0,0,0,0,0,0,0,0,0
SRR3506050,PRJNA316126,COPD_Stable,0.673593021,0,0,0,0.006754261,0,0.113920601,0.028412669,0,0,0,0,0.139550479,0,0,0,0,0,0,0.00041651,0.001423455,0,0,0,0,0,0,0,0,0,0,0,0,0,0,0,0,0,0,0,0,0.007147158,0,0,0,0,0,0,0,0,0,0,0,0,0,0,0,0,0,0,0,0,0,0,0,0,0,0,0,0,0,0,0,0,0,0,0,0,0,0,0,0,0,0,0,0,0,0,0,0,0,0,0,0,0,0,0,0,0,0,0,0,0,0,0,0,0,0,0,0,0,0,0,0,0,0,0,0,0,0,0,0,0,0,0,0,0,0,0,0,0,0,0,0,0,0,0,0,0,0,0,0,0,0,0,0,0,0,0,0,0,0,0,0,0,0,0,0,0,0,0,0,0,0,0,0,0,0,0,0,0,0,0,0,0,0,0,0,0,0,0,0,0,0,0,0,0,0,0,0,0,0,0,0,0,0,0,0,0,0,0,0,0,0,0,0,0,0,0,0,0,0,0,0,0,0,0,0,0,0,0,0,0,0,0,0,0,0,0,0,0,0,0,0,0,0,0,0,0,0,0,0,0,0,0,0,0,0,0,0,0,0,0,0,0,0,0,0,0,0,0,0,0,0,0,0,0,0,0,0,0,0
SRR3506053,PRJNA316126,COPD_Stable,0,0,0,0,0.833530758,0,0,0,0,0,0,0,0,0,0,0,0,0,0,0,0,0,0,0,0,0,0,0,0,0,0,0,0,0,0,0,0,0,0,0,0,0.030669616,0,0.010881647,0,0,0,0,0,0,0,0,0,0,0,0,0,0,0,0,0,0,0,0,0,0,0,0,0,0,0,0,0,0,0,0,0,0,0,0,0,0,0,0,0,0,0,0,0,0,0,0,0,0,0,0,0,0,0,0,0,0,0,0,0,0,0,0,0,0,0,0,0,0,0,0,0,0,0,0,0,0,0,0,0,0,0,0,0,0,0,0,0,0,0,0,0,0,0,0,0,0,0,0,0,0,0,0,0,0,0,0,0,0,0,0,0,0,0,0,0,0,0,0,0,0,0,0,0,0,0,0,0,0,0,0,0,0,0,0,0,0,0,0,0,0,0,0,0,0,0,0,0,0,0,0,0,0,0,0,0,0,0,0,0,0,0,0,0,0,0,0,0,0,0,0,0,0,0,0,0,0,0,0,0,0,0,0,0,0,0,0,0,0,0,0,0,0,0,0,0,0,0,0,0,0,0,0,0,0,0,0,0,0,0,0,0,0,0,0,0,0,0,0,0,0,0,0,0,0,0,0
SRR3506056,PRJNA316126,COPD_Stable,0.754046257,0,0,0,0,0,0.175247887,0.012515875,0,0,0,0,0.001364679,0,0,0,0.001734927,0,0,0.000411696,0,0,0.000913788,0,0,0,0,0,0,0,0,0,0,0,0,0,0,0,0,0,0,0.009688612,0.013843103,0,0,0,0,0,0,0,0,0,0,0,0,0,0,0,0,0,0,0,0,0,0,0,0,0,0,0,0,0,0,0,0,0,0,0,0,0,0,0,0,0,0,0,0,0,0,0,0,0,0,0,0,0,0,0,0,0,0,0,0,0,0,0,0,0,0,0,0,0,0,0,0,0,0,0,0,0,0,0,0,0,0,0,0,0,0,0,0,0,0,0,0,0,0,0,0,0,0,0,0,0,0,0,0,0,0,0,0,0,0,0,0,0,0,0,0,0,0,0,0,0,0,0,0,0,0,0,0,0,0,0,0,0,0,0,0,0,0,0,0,0,0,0,0,0,0,0,0,0,0,0,0,0,0,0,0,0,0,0,0,0,0,0,0,0,0,0,0,0,0,0,0,0,0,0,0,0,0,0,0,0,0,0,0,0,0,0,0,0,0,0,0,0,0,0,0,0,0,0,0,0,0,0,0,0,0,0,0,0,0,0,0,0,0,0,0,0,0,0,0,0,0,0,0,0,0,0,0,0
SRR3506057,PRJNA316126,COPD_Stable,0.517071685,0,0,0,0.00616707,0,0.234954654,0.039507362,0,0.023749768,0.01864145,0.000876232,0.006468446,0,0,0,0,0,0.002411106,0.059534153,0,0,0,0.019825544,0,0,0,0,0.001767951,0,0,0,0,0,0,0,0,0,0,0,0,0.003554212,0,0,0,0,0,0,0,0,0,0,0,0,0,0,0,0,0,0,0,0,0,0,0,0,0,0,0,0,0,0,0,0,0,0,0,0,0,0,0,0,0,0,0,0,0,0,0,0,0,0,0,0,0,0,0,0,0,0,0,0,0,0,0,0,0,0,0,0,0,0,0,0,0,0,0,0,0,0,0,0,0,0,0,0,0,0,0,0,0,0,0,0,0,0,0,0,0,0,0,0,0,0,0,0,0,0,0,0,0,0,0,0,0,0,0,0,0,0,0,0,0,0,0,0,0,0,0,0,0,0,0,0,0,0,0,0,0,0,0,0,0,0,0,0,0,0,0,0,0,0,0,0,0,0,0,0,0,0,0,0,0,0,0,0,0,0,0,0,0,0,0,0,0,0,0,0,0,0,0,0,0,0,0,0,0,0,0,0,0,0,0,0,0,0,0,0,0,0,0,0,0,0,0,0,0,0,0,0,0,0,0,0,0,0,0,0,0,0,0,0,0,0,0,0,0,0,0,0,0,0
SRR3506058,PRJNA316126,COPD_Stable,0,0,0,0,0.872877149,0,0,0,0,0,0,0,0,0,0,0,0,0,0,0,0,0,0,0,0,0,0,0,0,0,0,0,0,0,0,0,0,0,0,0,0,0.043257275,0,0,0,0,0,0,0,0,0,0,0,0,0,0,0,0,0,0,0,0,0,0,0,0,0,0,0,0,0,0,0,0,0,0,0,0,0,0,0,0,0,0,0,0,0,0,0,0,0,0,0,0,0,0,0,0,0,0,0,0,0,0,0,0,0,0,0,0,0,0,0,0,0,0,0,0,0,0,0,0,0,0,0,0,0,0,0,0,0,0,0,0,0,0,0,0,0,0,0,0,0,0,0,0,0,0,0,0,0,0,0,0,0,0,0,0,0,0,0,0,0,0,0,0,0,0,0,0,0,0,0,0,0,0,0,0,0,0,0,0,0,0,0,0,0,0,0,0,0,0,0,0,0,0,0,0,0,0,0,0,0,0,0,0,0,0,0,0,0,0,0,0,0,0,0,0,0,0,0,0,0,0,0,0,0,0,0,0,0,0,0,0,0,0,0,0,0,0,0,0,0,0,0,0,0,0,0,0,0,0,0,0,0,0,0,0,0,0,0,0,0,0,0,0,0,0,0,0,0,0
SRR5383455,PRJNA377739,COPD_Stable,0.254670839,0.015278787,0,0,0,0,0.236257751,0.055614217,0,0.047823584,0.025163958,0.014598181,0.002886248,0,0,0.00138683,0.00037404,0.000208026,0.001562937,0,0,0,0.066798668,0.01156872,0,0.000422677,0,0,0.004801304,0,0,0,0,0,0,0,0,0,0.002613418,0,0,0,0,0,0,0,0.001667749,0,0,0,0,0,0,0,3.62E-05,0,0,0,0,0,0,0,0.002611586,0,0,0,0,0,0,0,0,0,0,0,0,0,0,0,0,0,0,0,0,0,0,0,0,0,0,0,0,0,0,0,0,0,0,0,0,0,0,0,0,0,0,0,0,0,0,0,0,0,0,0,0,0,0,0,0,0,0,0,0,0,0,0,0,0,0,0,0,0,0,0,0,0,0,0,0,0,0,0,0,0,0,0,0,0,0,0,0,0,0,0,0,0,0,0,0,0,0,0,0,0,0,0,0,0,0,0,0,0,0,0,0,0,0,0,0,0,0,0,0,0,0,0,0,0,0,0,0,0,0,0,0,0,0,0,0,0,0,0,0,0,0,0,0,0,0,0,0,0,0,0,0,0,0,0,0,0,0,0,0,0,0,0,0,0,0,0,0,0,0,0,0,0,0,0,0,0,0,0,0,0,0,0,0,0,0,0,0,0,0,0,0,0,0,0,0,0,0,0,0,0,0,0,0,0,0,0,0,0
SRR5383456,PRJNA377739,COPD_Stable,0.065468395,0.027929333,0,0,0,0,0.068753754,0.06756868,0,0.007687264,0.068251229,0.012382356,0.003222151,0,0,0,0.000605108,0.038804171,0.000289834,0,0,0,0.012395519,0.081551284,0,0.000686882,0,0,0.000593768,0.001341782,0,0,0.000603924,0,0,0,0,0,0.002137748,0.001101378,0,0,0,0,0,0.002729318,0.000925045,0.014809014,0,0,0.066693462,0,0.00046297,0,0,0.044675165,0,0,0,0,0,0,0,0,0,0.022181103,0,0,0,0,0,0,0,0,0,0,0,0,0,0,0,0,0,0,0,0,0,0,0,0,0,0,0,0,0,0,0,0,0,0,0,0,0,0,0,0,0,0,0,0,0,0,0,0,0,0,0,0,0,0,0,0,0,0,0,0,0,0,0,0,0,0,0,0,0,0,0,0,0,0,0,0,0,0,0,0,0,0,0,0,0,0,0,0,0,0,0,0,0,0,0,0,0,0,0,0,0,0,0,0,0,0,0,0,0,0,0,0,0,0,0,0,0,0,0,0,0,0,0,0,0,0,0,0,0,0,0,0,0,0,0,0,0,0,0,0,0,0,0,0,0,0,0,0,0,0,0,0,0,0,0,0,0,0,0,0,0,0,0,0,0,0,0,0,0,0,0,0,0,0,0,0,0,0,0,0,0,0,0,0,0,0,0,0,0,0,0,0,0,0,0,0,0,0,0,0,0,0,0,0,0,0
SRR5383457,PRJNA377739,COPD_Stable,0.23577558,0.00802361,0.002498266,0,0,0,0.507112672,0.002353444,0,0.018387264,0,0,0.010023495,0,0,0,0,0,0,0,0,0,0.000324746,0,0,0,0,0,0,0.00046783,0,0,0,0,0,0.000724538,0,0,0,0,0,0,0,0,0,0,0,0,0.000778879,0,0,0.000577175,0,0,0.001290223,0,0.0008799,0.034774627,0,0,0,0,0.000164488,0,0,0,0,0,0,0,0,0,0,0,0,0,0,0,0,0,0,0,0,0,0,0,0,0,0,0,0,0,0,0,0,0,0,0,0,0,0,0,0,0,0,0,0,0,0,0,0,0,0,0,0,0,0,0,0,0,0,0,0,0,0,0,0,0,0,0,0,0,0,0,0,0,0,0,0,0,0,0,0,0,0,0,0,0,0,0,0,0,0,0,0,0,0,0,0,0,0,0,0,0,0,0,0,0,0,0,0,0,0,0,0,0,0,0,0,0,0,0,0,0,0,0,0,0,0,0,0,0,0,0,0,0,0,0,0,0,0,0,0,0,0,0,0,0,0,0,0,0,0,0,0,0,0,0,0,0,0,0,0,0,0,0,0,0,0,0,0,0,0,0,0,0,0,0,0,0,0,0,0,0,0,0,0,0,0,0,0,0,0,0,0,0,0,0,0,0,0,0,0,0,0,0,0,0,0,0,0,0
SRR5383458,PRJNA377739,COPD_Stable,0.332917378,0.003858597,0.037184037,0,0,0,0.213329087,0.035799325,0.003302952,0.013039891,0.007869952,0.005808525,0.005200699,0,0,0.000342721,0.000793152,0.006061849,0,0.003727214,0,0.000881777,0.007356578,0.009921841,0,0.001582648,0,0,0.000201937,0.001926202,0,0,0.001477633,0,0,0,0,0,0.000782099,0,0,0,0,0,0,0,0.001963954,0.003133106,0.003589,0,0.004465057,0,0.000955776,0,0,0,0,0,0,0,0,0.000660785,0.001037753,0,0,0,0,0,0,0,0,0,0,0,0,0,0,0,0,0,0,0,0,0,0,0,0,0,0,0,0,0,0,0,0,0,0,0,0,0,0,0,0,0,0,0,0,0,0,0,0,0,0,0,0,0,0,0,0,0,0,0,0,0,0,0,0,0,0,0,0,0,0,0,0,0,0,0,0,0,0,0,0,0,0,0,0,0,0,0,0,0,0,0,0,0,0,0,0,0,0,0,0,0,0,0,0,0,0,0,0,0,0,0,0,0,0,0,0,0,0,0,0,0,0,0,0,0,0,0,0,0,0,0,0,0,0,0,0,0,0,0,0,0,0,0,0,0,0,0,0,0,0,0,0,0,0,0,0,0,0,0,0,0,0,0,0,0,0,0,0,0,0,0,0,0,0,0,0,0,0,0,0,0,0,0,0,0,0,0,0,0,0,0,0,0,0,0,0,0,0,0,0,0,0,0,0,0,0,0,0,0
SRR5383459,PRJNA377739,COPD_Stable,0.183995059,0.006384368,0,0,0,0,0.508700109,0.00021824,0,0.026469433,0.005677941,0,0.009517292,0,0,0,0.0111301,0.000710604,0,0,0,0.001336453,0.045943132,0,0,0,0,0,0,0.004099489,0,0,0,0,0,0,0,0,0,0,0,0,0,0,0,0,0,0.0003848,0.005668406,0,0.003681088,0.0011396,0,0.00065129,0.00046319,0,0,0,0,0,0,0,0,0,0,0,0,0,0,0,0,0,0,0,0,0,0,0,0,0,0,0,0,0,0,0,0,0,0,0,0,0,0,0,0,0,0,0,0,0,0,0,0,0,0,0,0,0,0,0,0,0,0,0,0,0,0,0,0,0,0,0,0,0,0,0,0,0,0,0,0,0,0,0,0,0,0,0,0,0,0,0,0,0,0,0,0,0,0,0,0,0,0,0,0,0,0,0,0,0,0,0,0,0,0,0,0,0,0,0,0,0,0,0,0,0,0,0,0,0,0,0,0,0,0,0,0,0,0,0,0,0,0,0,0,0,0,0,0,0,0,0,0,0,0,0,0,0,0,0,0,0,0,0,0,0,0,0,0,0,0,0,0,0,0,0,0,0,0,0,0,0,0,0,0,0,0,0,0,0,0,0,0,0,0,0,0,0,0,0,0,0,0,0,0,0,0,0,0,0,0,0,0,0,0,0,0,0,0,0,0,0
SRR5383460,PRJNA377739,COPD_Stable,0.148480254,0.044875274,0,0,0,0,0.363022769,0.218785036,0,0,0,0,0.001334517,0,0,0.001207708,0.002441887,0.000346529,0.001217555,0,0,0,0.00317395,0.007375765,0,0,0,0,0.002814325,0,0,0,0,0,0,0.000223485,0,0,0.001988685,0,0,0,0,0,0,0,0.003965564,0,0,0,0,0,0,0,0,0,0,0,0,0,0,0,0,0,0,0,0,0,0,0,0,0,0,0,0,0,0,0,0,0,0,0,0,0,0,0,0,0,0,0,0,0,0,0,0,0,0,0,0,0,0,0,0,0,0,0,0,0,0,0,0,0,0,0,0,0,0,0,0,0,0,0,0,0,0,0,0,0,0,0,0,0,0,0,0,0,0,0,0,0,0,0,0,0,0,0,0,0,0,0,0,0,0,0,0,0,0,0,0,0,0,0,0,0,0,0,0,0,0,0,0,0,0,0,0,0,0,0,0,0,0,0,0,0,0,0,0,0,0,0,0,0,0,0,0,0,0,0,0,0,0,0,0,0,0,0,0,0,0,0,0,0,0,0,0,0,0,0,0,0,0,0,0,0,0,0,0,0,0,0,0,0,0,0,0,0,0,0,0,0,0,0,0,0,0,0,0,0,0,0,0,0,0,0,0,0,0,0,0,0,0,0,0,0,0,0,0,0,0,0,0,0
SRR5383461,PRJNA377739,COPD_Stable,0.088264868,0.022160278,0,0,0,0,0.702125482,0.013592965,0,0.005965,0,0,0,0,0,0,0,0,0.004480447,0.003830317,0,0.00095464,0.042625464,0.009765337,0,0.001145657,0,0,0.000513908,0.000934833,0,0,0.000327043,0,0,0,0,0,0,0,0,0,0,0,0,0,0.002467943,0,0.001948461,0,0,0.000238722,0,0,0,0,0,0,0,0.000512115,0,0,0.000363409,0,0.000365572,0,0,0,0,0,0,0,0,0,0,0,0,0,0,0,0,0,0,0,0,0,0,0,0,0,0,0,0,0,0,0,0,0,0,0,0,0,0,0,0,0,0,0,0,0,0,0,0,0,0,0,0,0,0,0,0,0,0,0,0,0,0,0,0,0,0,0,0,0,0,0,0,0,0,0,0,0,0,0,0,0,0,0,0,0,0,0,0,0,0,0,0,0,0,0,0,0,0,0,0,0,0,0,0,0,0,0,0,0,0,0,0,0,0,0,0,0,0,0,0,0,0,0,0,0,0,0,0,0,0,0,0,0,0,0,0,0,0,0,0,0,0,0,0,0,0,0,0,0,0,0,0,0,0,0,0,0,0,0,0,0,0,0,0,0,0,0,0,0,0,0,0,0,0,0,0,0,0,0,0,0,0,0,0,0,0,0,0,0,0,0,0,0,0,0,0,0,0,0,0,0,0,0,0,0,0,0
SRR5383462,PRJNA377739,COPD_Stable,0.208830703,0.005288799,0.150641812,0,0,0,0.186944545,0.031694653,0.01166587,0.00775374,0.00431794,0.001346739,0.007422309,0,0,0,0.000838644,0.002995247,0.001614516,0.004862393,0,0.000486644,0.006376778,0.006623272,0,0.000840938,0.002986448,0,0,0.001306833,0.000822009,0,0,0,0,0,0,0,0,0,0,0,0,0,0,0,0.004243706,0.001361448,0.002140753,0,0.002243809,0.00036272,0.000295287,0.001138521,0,0.001051911,0.001539853,0.000430016,0,0.001977181,0,0,0.000200596,0.001006928,0.000729073,0,0,0,0,0,0,0,0,0,0,0,0,0,0,0,0,0,0,0,0,0,0,0,0,0,0,0,0,0,0,0,0,0,0,0,0,0,0,0,0,0,0,0,0,0,0,0,0,0,0,0,0,0,0,0,0,0,0,0,0,0,0,0,0,0,0,0,0,0,0,0,0,0,0,0,0,0,0,0,0,0,0,0,0,0,0,0,0,0,0,0,0,0,0,0,0,0,0,0,0,0,0,0,0,0,0,0,0,0,0,0,0,0,0,0,0,0,0,0,0,0,0,0,0,0,0,0,0,0,0,0,0,0,0,0,0,0,0,0,0,0,0,0,0,0,0,0,0,0,0,0,0,0,0,0,0,0,0,0,0,0,0,0,0,0,0,0,0,0,0,0,0,0,0,0,0,0,0,0,0,0,0,0,0,0,0,0,0,0,0,0,0,0,0,0,0,0,0,0,0,0,0,0,0,0,0,0
SRR5383463,PRJNA377739,COPD_Stable,0.574406169,0.019645785,0,0,0,0,0.166095608,0.080727861,0,0,0.000332637,0,0.000678789,0,0,0.001360587,0.000946785,0.00010212,0.000227917,0,0,0,0,0.002640547,0,0,0,0,0.000642448,0,0,0,0,0,0,0.00060414,0,0,0.002328207,0,0,0,0,0,0,0,0.003703703,0,0,0,0,0,0,0,0,0,0,0,0,0,0,0,0,0,0,0,0,0,0,0,0,0,0,0,0,0,0,0,0,0,0,0,0,0,0,0,0,0,0,0,0,0,0,0,0,0,0,0,0,0,0,0,0,0,0,0,0,0,0,0,0,0,0,0,0,0,0,0,0,0,0,0,0,0,0,0,0,0,0,0,0,0,0,0,0,0,0,0,0,0,0,0,0,0,0,0,0,0,0,0,0,0,0,0,0,0,0,0,0,0,0,0,0,0,0,0,0,0,0,0,0,0,0,0,0,0,0,0,0,0,0,0,0,0,0,0,0,0,0,0,0,0,0,0,0,0,0,0,0,0,0,0,0,0,0,0,0,0,0,0,0,0,0,0,0,0,0,0,0,0,0,0,0,0,0,0,0,0,0,0,0,0,0,0,0,0,0,0,0,0,0,0,0,0,0,0,0,0,0,0,0,0,0,0,0,0,0,0,0,0,0,0,0,0,0,0,0,0,0,0,0,0
SRR5383464,PRJNA377739,COPD_Stable,0.10195528,0.020454852,9.67E-05,0,0,0,0.28853909,0.069647829,0,0.01001811,0.05389474,0.030929708,0.001281223,0,0,0.001466945,0.00226068,0.062631102,0.001394344,0,0,0,0.003138414,0.022369838,0,0.000715916,0,0,0,0.000987391,0,0,0,0,0,0.007956692,0,0,0.001408896,0,0,0,0,0,0,0.000235851,0.00194752,0.037792334,0.00457635,0,0.007402879,0,0.016440359,0.000187411,6.20E-05,0.005315841,0,0.002119384,0,0,0,0,0,0,0,0.000308705,0,0,0,0.00145625,0,0,0,0,0,0,0,0,0,0,0,0,0,0,0,0,0,0,0,0,0,0,0,0,0,0,0,0,0,0,0,0,0,0,0,0,0,0,0,0,0,0,0,0,0,0,0,0,0,0,0,0,0,0,0,0,0,0,0,0,0,0,0,0,0,0,0,0,0,0,0,0,0,0,0,0,0,0,0,0,0,0,0,0,0,0,0,0,0,0,0,0,0,0,0,0,0,0,0,0,0,0,0,0,0,0,0,0,0,0,0,0,0,0,0,0,0,0,0,0,0,0,0,0,0,0,0,0,0,0,0,0,0,0,0,0,0,0,0,0,0,0,0,0,0,0,0,0,0,0,0,0,0,0,0,0,0,0,0,0,0,0,0,0,0,0,0,0,0,0,0,0,0,0,0,0,0,0,0,0,0,0,0,0,0,0,0,0,0,0,0,0,0,0,0,0,0,0,0,0,0,0
SRR5383465,PRJNA377739,COPD_Stable,0.039030494,0,0.000857928,0,0,0,0.009466683,0.001108765,0,0,0,0,0.001569026,0,0,0,0,0,0,0,0,0,0.000198096,0,0,0,0,0,0,0,0,0,0,0,0,0.0001311,0,0,0,0,0,0,0,0,0,0,0,0,0,0,0,0,0,0.000190326,0,0,0,0,0,0.0011729,0,0,0,0,0,0,0,0,0,0,0,0,0,0,0,0,0,0,0,0,0,0,0,0,0,0,0,0,0,0,0,0,0,0,0,0,0,0,0,0,0,0,0,0,0,0,0,0,0,0,0,0,0,0,0,0,0,0,0,0,0,0,0,0,0,0,0,0,0,0,0,0,0,0,0,0,0,0,0,0,0,0,0,0,0,0,0,0,0,0,0,0,0,0,0,0,0,0,0,0,0,0,0,0,0,0,0,0,0,0,0,0,0,0,0,0,0,0,0,0,0,0,0,0,0,0,0,0,0,0,0,0,0,0,0,0,0,0,0,0,0,0,0,0,0,0,0,0,0,0,0,0,0,0,0,0,0,0,0,0,0,0,0,0,0,0,0,0,0,0,0,0,0,0,0,0,0,0,0,0,0,0,0,0,0,0,0,0,0,0,0,0,0,0,0,0,0,0,0,0,0,0,0,0,0,0,0,0,0,0,0,0
SRR5383466,PRJNA377739,COPD_Stable,0.011462933,0,0,0,0,0,0.029563932,0.003120231,0,0.000604178,0.000253399,0,0.000770874,0,0,0,0,0,0,0.001661994,0,0,0.00465847,0.000937486,0,0,0,0,0,0,0,0,0,0,0,0,0,0,0,0,0,0,0,0,0,0,0,0,0,0,0,0.000171405,0,0.000513045,0,0,0.000160692,0,0,0,0,0,0,0,0,0,0,0,0,0,0,0,0,0,0,0,0,0,0,0,0,0,0,0,0,0,0,0,0,0,0,0,0,0,0,0,0,0,0,0,0,0,0,0,0,0,0,0,0,0,0,0,0,0,0,0,0,0,0,0,0,0,0,0,0,0,0,0,0,0,0,0,0,0,0,0,0,0,0,0,0,0,0,0,0,0,0,0,0,0,0,0,0,0,0,0,0,0,0,0,0,0,0,0,0,0,0,0,0,0,0,0,0,0,0,0,0,0,0,0,0,0,0,0,0,0,0,0,0,0,0,0,0,0,0,0,0,0,0,0,0,0,0,0,0,0,0,0,0,0,0,0,0,0,0,0,0,0,0,0,0,0,0,0,0,0,0,0,0,0,0,0,0,0,0,0,0,0,0,0,0,0,0,0,0,0,0,0,0,0,0,0,0,0,0,0,0,0,0,0,0,0,0,0,0,0,0,0,0,0,0,0
SRR5383467,PRJNA377739,COPD_Stable,0.30976558,0.011611283,0.000553008,0,0,0,0.129224913,0.0249228,0,0.026213618,0.010167025,0.063573693,0,0,0,0,0.000641084,0,0,0,0,0,0,0.003506133,0,0.00015061,0,0,0.005477321,0,0,0,0,0,0.000629545,0,0,0,0,0,0,0,0,0,0,0,0.000235036,0,0.000687705,0.197513684,0,0.002809248,0,0,0.000810617,0,0.000840907,0,0,0,0,0,0.001036044,0,0,0,0,0,0,0,0,0,0,0,0,0,0,0,0,0,0,0,0,0,0,0,0,0,0,0,0,0,0,0,0,0,0,0,0,0,0,0,0,0,0,0,0,0,0,0,0,0,0,0,0,0,0,0,0,0,0,0,0,0,0,0,0,0,0,0,0,0,0,0,0,0,0,0,0,0,0,0,0,0,0,0,0,0,0,0,0,0,0,0,0,0,0,0,0,0,0,0,0,0,0,0,0,0,0,0,0,0,0,0,0,0,0,0,0,0,0,0,0,0,0,0,0,0,0,0,0,0,0,0,0,0,0,0,0,0,0,0,0,0,0,0,0,0,0,0,0,0,0,0,0,0,0,0,0,0,0,0,0,0,0,0,0,0,0,0,0,0,0,0,0,0,0,0,0,0,0,0,0,0,0,0,0,0,0,0,0,0,0,0,0,0,0,0,0,0,0,0,0,0,0,0,0,0,0,0,0,0
SRR5383468,PRJNA377739,COPD_Stable,0.22449039,0.007897004,0.000527068,0,0,0,0.279726833,0.158100583,0,0.007651264,0.050074623,0,0,0,0,0.003973042,0,0,0,0,0,0,0.002111226,0,0,0,0,0,0.002320416,0.003215431,0,0,0,0,0,0,0,0,0.004257661,0,0,0,0,0,0,0.016452219,0.004353882,7.52E-05,0.025739797,0,0.002835492,0.001035026,0,0.000603857,0.000129342,0.005077028,0.000386124,0,0.000178384,0,0,0,0,0,0.001887272,0.000971584,0.00049365,0,0,0.001337127,0,0,0,0,0,0,0,0,0,0,0,0,0,0,0,0,0,0,0,0,0,0,0,0,0,0,0,0,0,0,0,0,0,0,0,0,0,0,0,0,0,0,0,0,0,0,0,0,0,0,0,0,0,0,0,0,0,0,0,0,0,0,0,0,0,0,0,0,0,0,0,0,0,0,0,0,0,0,0,0,0,0,0,0,0,0,0,0,0,0,0,0,0,0,0,0,0,0,0,0,0,0,0,0,0,0,0,0,0,0,0,0,0,0,0,0,0,0,0,0,0,0,0,0,0,0,0,0,0,0,0,0,0,0,0,0,0,0,0,0,0,0,0,0,0,0,0,0,0,0,0,0,0,0,0,0,0,0,0,0,0,0,0,0,0,0,0,0,0,0,0,0,0,0,0,0,0,0,0,0,0,0,0,0,0,0,0,0,0,0,0,0,0,0,0,0,0,0,0,0,0,0
SRR5383469,PRJNA377739,COPD_Stable,0.000908874,0,0,0,0,0,0.001519833,0.000451923,0,0,0,0,0,0,0,0,0,0,0,0,0,0,0,0,0,0,0,0,0,0,0,0,0,0,0,0,0,0,0,0,0,0,0,0,0,0,0,0,0,0,0,0.000297764,0,0,0,0,0.000196108,0,0,0,0,0,0,0,0,0,0,0,0,0,0,0,0,0,0,0,0,0,0,0,0,0,0,0,0,0,0,0,0,0,0,0,0,0,0,0,0,0,0,0,0,0,0,0,0,0,0,0,0,0,0,0,0,0,0,0,0,0,0,0,0,0,0,0,0,0,0,0,0,0,0,0,0,0,0,0,0,0,0,0,0,0,0,0,0,0,0,0,0,0,0,0,0,0,0,0,0,0,0,0,0,0,0,0,0,0,0,0,0,0,0,0,0,0,0,0,0,0,0,0,0,0,0,0,0,0,0,0,0,0,0,0,0,0,0,0,0,0,0,0,0,0,0,0,0,0,0,0,0,0,0,0,0,0,0,0,0,0,0,0,0,0,0,0,0,0,0,0,0,0,0,0,0,0,0,0,0,0,0,0,0,0,0,0,0,0,0,0,0,0,0,0,0,0,0,0,0,0,0,0,0,0,0,0,0,0,0,0,0,0,0,0
SRR5383470,PRJNA377739,COPD_Stable,0.159784558,0.022730956,0,0,0,0,0.21998568,0.265208236,0,0.02166312,0.00594033,0.000449557,0.017138887,0,0,0.000137169,0.006356147,0.000875072,0.003092296,0.001445299,0,0,0.002424656,0.070089358,0,0.000664795,0,0,0.004553671,0,0,0,0,0,0,0,0,0,0.00035298,0,0,0,0,0,0,0,0.014563065,0,0,0,9.80E-05,0,0,0,0,0.000428743,0,0,0,0,0.000363677,0,0.000702459,0,0,0,0,0,0,0,0,0,0,0,0,0,0,0,0,0,0,0,0,0,0,0,0,0,0,0,0,0,0,0,0,0,0,0,0,0,0,0,0,0,0,0,0,0,0,0,0,0,0,0,0,0,0,0,0,0,0,0,0,0,0,0,0,0,0,0,0,0,0,0,0,0,0,0,0,0,0,0,0,0,0,0,0,0,0,0,0,0,0,0,0,0,0,0,0,0,0,0,0,0,0,0,0,0,0,0,0,0,0,0,0,0,0,0,0,0,0,0,0,0,0,0,0,0,0,0,0,0,0,0,0,0,0,0,0,0,0,0,0,0,0,0,0,0,0,0,0,0,0,0,0,0,0,0,0,0,0,0,0,0,0,0,0,0,0,0,0,0,0,0,0,0,0,0,0,0,0,0,0,0,0,0,0,0,0,0,0,0,0,0,0,0,0,0,0,0,0,0,0,0,0,0,0,0,0,0,0,0
SRR5383471,PRJNA377739,COPD_Stable,0.047347814,0.001607616,0,0,0,0,0.213791475,0.021175761,0,0.009308081,0.001599581,0,0.005276316,0,0,0.000449652,0.001131283,0.000837594,0.000652477,0,0,0,0.008505248,0.010277826,0,0,0,0,0.00065262,0,0,0,0,0,0,0,0,0,0,0,0,0,0,0,0,0,0.00036554,0,0,0,0,0.000499721,0,0.000875359,0.000348473,0,0.000474916,0,0,0,0,0,0,0,0,0,0,0,0,0,0,0,0,0,0,0,0,0,0,0,0,0,0,0,0,0,0,0,0,0,0,0,0,0,0,0,0,0,0,0,0,0,0,0,0,0,0,0,0,0,0,0,0,0,0,0,0,0,0,0,0,0,0,0,0,0,0,0,0,0,0,0,0,0,0,0,0,0,0,0,0,0,0,0,0,0,0,0,0,0,0,0,0,0,0,0,0,0,0,0,0,0,0,0,0,0,0,0,0,0,0,0,0,0,0,0,0,0,0,0,0,0,0,0,0,0,0,0,0,0,0,0,0,0,0,0,0,0,0,0,0,0,0,0,0,0,0,0,0,0,0,0,0,0,0,0,0,0,0,0,0,0,0,0,0,0,0,0,0,0,0,0,0,0,0,0,0,0,0,0,0,0,0,0,0,0,0,0,0,0,0,0,0,0,0,0,0,0,0,0,0,0,0,0,0,0,0,0,0,0,0,0
SRR5383472,PRJNA377739,COPD_Stable,0.196226124,0.017102299,0,0,0,0,0.300786557,0,0,0.012070388,0.023651068,0.024990719,0.015664248,0,0,0.001047621,0.013225036,0,0.008608362,0,0,0.000884976,0.055159159,0.013841901,0,0.006072504,0,0,0.00530927,0.000301579,0,0,0,0,0,0,0,0,0,0,0,0,0,0,0,0.000116876,0,0.000150217,0,0,0.00036998,0.000129643,0,0.000104878,0.000331277,0,0.000116744,0,0,0,0.001538842,0,0.000819768,0,0,0,0,0,0,0,0,0,0,0,0,0,0,0,0,0,0,0,0,0,0,0,0,0,0,0,0,0,0,0,0,0,0,0,0,0,0,0,0,0,0,0,0,0,0,0,0,0,0,0,0,0,0,0,0,0,0,0,0,0,0,0,0,0,0,0,0,0,0,0,0,0,0,0,0,0,0,0,0,0,0,0,0,0,0,0,0,0,0,0,0,0,0,0,0,0,0,0,0,0,0,0,0,0,0,0,0,0,0,0,0,0,0,0,0,0,0,0,0,0,0,0,0,0,0,0,0,0,0,0,0,0,0,0,0,0,0,0,0,0,0,0,0,0,0,0,0,0,0,0,0,0,0,0,0,0,0,0,0,0,0,0,0,0,0,0,0,0,0,0,0,0,0,0,0,0,0,0,0,0,0,0,0,0,0,0,0,0,0,0,0,0,0,0,0,0,0,0,0,0,0,0,0,0,0,0,0,0
SRR5383473,PRJNA377739,COPD_Stable,0.871456969,0.000465601,0,0,0,0,0.094781426,0.000564781,0,0.010811094,0,0,0.004201352,0,0,0,0,0,0,0,0,0,0.000497045,0,0,0,0,0,0,0,0,0,0,0,0,0,0,0,0,0,0,0,0,0,0,0,0,0,0,0,0,0.000520626,0,0,0,0,0.001260405,0,0,0,0,0.000483435,0,0,0,0,0,0,0,0,0,0,0,0,0,0,0,0,0,0,0,0,0,0,0,0,0,0,0,0,0,0,0,0,0,0,0,0,0,0,0,0,0,0,0,0,0,0,0,0,0,0,0,0,0,0,0,0,0,0,0,0,0,0,0,0,0,0,0,0,0,0,0,0,0,0,0,0,0,0,0,0,0,0,0,0,0,0,0,0,0,0,0,0,0,0,0,0,0,0,0,0,0,0,0,0,0,0,0,0,0,0,0,0,0,0,0,0,0,0,0,0,0,0,0,0,0,0,0,0,0,0,0,0,0,0,0,0,0,0,0,0,0,0,0,0,0,0,0,0,0,0,0,0,0,0,0,0,0,0,0,0,0,0,0,0,0,0,0,0,0,0,0,0,0,0,0,0,0,0,0,0,0,0,0,0,0,0,0,0,0,0,0,0,0,0,0,0,0,0,0,0,0,0,0,0,0,0,0,0,0,0
SRR5383474,PRJNA377739,COPD_Stable,0.365649429,0.011866073,0,0,0,0,0.427681961,0.063482055,0,0.006328667,0.000741005,0,0.001842089,0,0,0.008370246,0.001824336,0,0,0,0,0,0,0.000157204,0,0.000527092,0,0,0.000275125,0,0.000271853,0,0,0,0,0,0,0,0,0,0,0,0,0,0,0,0,0,0,0.000154908,0.000486299,0.000905978,0,0,0.000727965,0.000876311,0,0,0,0,0,0,0.000191177,0,0,0,0.000121473,0,0,0,0,0,0,0,0,0,0,0,0,0,0,0,0,0,0,0,0,0,0,0,0,0,0,0,0,0,0,0,0,0,0,0,0,0,0,0,0,0,0,0,0,0,0,0,0,0,0,0,0,0,0,0,0,0,0,0,0,0,0,0,0,0,0,0,0,0,0,0,0,0,0,0,0,0,0,0,0,0,0,0,0,0,0,0,0,0,0,0,0,0,0,0,0,0,0,0,0,0,0,0,0,0,0,0,0,0,0,0,0,0,0,0,0,0,0,0,0,0,0,0,0,0,0,0,0,0,0,0,0,0,0,0,0,0,0,0,0,0,0,0,0,0,0,0,0,0,0,0,0,0,0,0,0,0,0,0,0,0,0,0,0,0,0,0,0,0,0,0,0,0,0,0,0,0,0,0,0,0,0,0,0,0,0,0,0,0,0,0,0,0,0,0,0,0,0,0,0,0,0,0,0,0
SRR5383475,PRJNA377739,COPD_Stable,0.455929034,0.006288774,0.000551977,0,0,0,0.289427154,0.028226583,0,0.180799796,0,0,0,0,0,0,0,0,0,0,0,0,0.000464928,0,0,0,0,0,0,0,0.000809054,0,0,0,0.001214085,0.000695178,0,0,0,0,0,0,0,0,0,0,0,4.32E-05,0,0,0.001917039,0.004213725,0,0.002516885,0.002795755,0,0,0,0,0,0,0,0,0,0,0,0,0,0,0,0,0,0,0,0,0,0,0,0,0,0,0,0,0,0,0,0,0,0,0,0,0,0,0,0,0,0,0,0,0,0,0,0,0,0,0,0,0,0,0,0,0,0,0,0,0,0,0,0,0,0,0,0,0,0,0,0,0,0,0,0,0,0,0,0,0,0,0,0,0,0,0,0,0,0,0,0,0,0,0,0,0,0,0,0,0,0,0,0,0,0,0,0,0,0,0,0,0,0,0,0,0,0,0,0,0,0,0,0,0,0,0,0,0,0,0,0,0,0,0,0,0,0,0,0,0,0,0,0,0,0,0,0,0,0,0,0,0,0,0,0,0,0,0,0,0,0,0,0,0,0,0,0,0,0,0,0,0,0,0,0,0,0,0,0,0,0,0,0,0,0,0,0,0,0,0,0,0,0,0,0,0,0,0,0,0,0,0,0,0,0,0,0,0,0,0,0,0,0,0,0,0
SRR5383476,PRJNA377739,COPD_Stable,0.25384291,0.012254447,0,0,0,0,0.445677356,0.01885904,0,0.021713239,0.004705906,0.004607588,0.015204858,0,0,0.000629642,0.000428968,0.000990329,0.003495545,0.027397858,0,0.003836021,0.035193869,0.006821714,0,0.004650086,0,0,0.001649224,0.004259538,0,0,0.000406721,0,0,0,0,0,0.000409342,0,0,0,0,0,0,0,0.008914635,0,0.00349,0.000571844,0.000708215,0.000289415,0,0,0.000114232,0.000312687,0,0,5.10E-05,0.005309356,0,0,0.000877659,0,0,0,0,0,0.000114232,0,0,0,0,0,0,0,0,0,0,0,0,0,0,0,0,0,0,0,0,0,0,0,0,0,0,0,0,0,0,0,0,0,0,0,0,0,0,0,0,0,0,0,0,0,0,0,0,0,0,0,0,0,0,0,0,0,0,0,0,0,0,0,0,0,0,0,0,0,0,0,0,0,0,0,0,0,0,0,0,0,0,0,0,0,0,0,0,0,0,0,0,0,0,0,0,0,0,0,0,0,0,0,0,0,0,0,0,0,0,0,0,0,0,0,0,0,0,0,0,0,0,0,0,0,0,0,0,0,0,0,0,0,0,0,0,0,0,0,0,0,0,0,0,0,0,0,0,0,0,0,0,0,0,0,0,0,0,0,0,0,0,0,0,0,0,0,0,0,0,0,0,0,0,0,0,0,0,0,0,0,0,0,0,0,0,0,0,0,0,0,0,0,0,0,0,0,0,0,0,0,0,0
SRR5383477,PRJNA377739,COPD_Stable,0.70246899,0.011767457,0,0,0,0,0.042683824,0.007182226,0,0.17476661,0.000355262,0,0.006848091,0,0,0,0,0,0,0,0,0,0,0.000351149,0,0,0,0,0.000216027,0,0.000172642,0,0.001318513,0,0,0.000743069,0,0,0,0,0,0,0,0,0,0,0,0,0,0,0,0.001317128,0,0.000185453,0.000655692,0.000162442,0.00026345,0,0,0,0,0,0,0,0,0,0,0,0,0.00011916,0,0,0,0,0,0,0,0,0,0,0,0,0,0,0,0,0,0,0,0,0,0,0,0,0,0,0,0,0,0,0,0,0,0,0,0,0,0,0,0,0,0,0,0,0,0,0,0,0,0,0,0,0,0,0,0,0,0,0,0,0,0,0,0,0,0,0,0,0,0,0,0,0,0,0,0,0,0,0,0,0,0,0,0,0,0,0,0,0,0,0,0,0,0,0,0,0,0,0,0,0,0,0,0,0,0,0,0,0,0,0,0,0,0,0,0,0,0,0,0,0,0,0,0,0,0,0,0,0,0,0,0,0,0,0,0,0,0,0,0,0,0,0,0,0,0,0,0,0,0,0,0,0,0,0,0,0,0,0,0,0,0,0,0,0,0,0,0,0,0,0,0,0,0,0,0,0,0,0,0,0,0,0,0,0,0,0,0,0,0,0,0,0,0,0,0,0,0,0,0,0,0
SRR5383478,PRJNA377739,COPD_Stable,0.166093123,0.001695852,0,0,0,0,0.12208977,0.019445692,0,0.111768029,0,0.005092086,0.019252017,0,0,0,0,0,0,0,0,0,0,7.83E-05,0,0,0,0,0.000525365,0,0,0,0,0,0.000344786,0,0,0,0,0,0,0,0,0,0,0,0,0,0,0.439017409,0,0.003476771,0,0.002045055,0.001885103,0,0,0,0,0,0,0,0,0,0,0,0,0,0.000571261,0,0,0,0,0,0,0,0,0,0,0,0,0,0,0,0,0,0,0,0,0,0,0,0,0,0,0,0,0,0,0,0,0,0,0,0,0,0,0,0,0,0,0,0,0,0,0,0,0,0,0,0,0,0,0,0,0,0,0,0,0,0,0,0,0,0,0,0,0,0,0,0,0,0,0,0,0,0,0,0,0,0,0,0,0,0,0,0,0,0,0,0,0,0,0,0,0,0,0,0,0,0,0,0,0,0,0,0,0,0,0,0,0,0,0,0,0,0,0,0,0,0,0,0,0,0,0,0,0,0,0,0,0,0,0,0,0,0,0,0,0,0,0,0,0,0,0,0,0,0,0,0,0,0,0,0,0,0,0,0,0,0,0,0,0,0,0,0,0,0,0,0,0,0,0,0,0,0,0,0,0,0,0,0,0,0,0,0,0,0,0,0,0,0,0,0,0,0,0,0,0,0,0
SRR5383479,PRJNA377739,COPD_Stable,0.239912203,0.023402371,0,0,0,0,0.343929136,0.011380154,0,0.016025031,0.017762934,0.00160295,0.03558591,0,0,0.000233457,0.004262231,0.00136325,0.001263727,0.015868225,0,0.000642907,0.021030912,0.003473761,0,0.019296496,0,0,0.00312929,0.002774453,0,0,0,0,0,0.000533299,0,0,0.003639207,0,0,0,0,0,0,0.001393614,0.001123148,0.000444921,0.023898628,0,0.002136419,0.001321469,0.002112024,0.000356873,0.001576676,0,0.000742042,0,0,0,0,0,0.000948706,0,0,0,0,0,0,0.000836996,0,0,0,0,0,0,0,0,0,0,0,0,0,0,0,0,0,0,0,0,0,0,0,0,0,0,0,0,0,0,0,0,0,0,0,0,0,0,0,0,0,0,0,0,0,0,0,0,0,0,0,0,0,0,0,0,0,0,0,0,0,0,0,0,0,0,0,0,0,0,0,0,0,0,0,0,0,0,0,0,0,0,0,0,0,0,0,0,0,0,0,0,0,0,0,0,0,0,0,0,0,0,0,0,0,0,0,0,0,0,0,0,0,0,0,0,0,0,0,0,0,0,0,0,0,0,0,0,0,0,0,0,0,0,0,0,0,0,0,0,0,0,0,0,0,0,0,0,0,0,0,0,0,0,0,0,0,0,0,0,0,0,0,0,0,0,0,0,0,0,0,0,0,0,0,0,0,0,0,0,0,0,0,0,0,0,0,0,0,0,0,0,0,0,0,0,0,0,0,0,0,0
SRR5383480,PRJNA377739,COPD_Stable,0.222402967,0.00919011,0,0,0,0,0.552407336,0.065761858,0,0.007385153,0,0,0.035843135,0,0,0,0.00030142,0,0,0,0,0,0.000751578,0,0,0.000767008,0,0,0.00816415,0.000138817,0,0,0.000364814,0,0,0.001139766,0,0,0,0,0,0,0,0,0,0,0,0,0,0,0,0.000459082,0,0,0.000117445,0,0.000117445,0,0,0,0,0,0.000139994,0,0,0,0,0,0,0,0,0,0,0,0,0,0,0,0,0,0,0,0,0,0,0,0,0,0,0,0,0,0,0,0,0,0,0,0,0,0,0,0,0,0,0,0,0,0,0,0,0,0,0,0,0,0,0,0,0,0,0,0,0,0,0,0,0,0,0,0,0,0,0,0,0,0,0,0,0,0,0,0,0,0,0,0,0,0,0,0,0,0,0,0,0,0,0,0,0,0,0,0,0,0,0,0,0,0,0,0,0,0,0,0,0,0,0,0,0,0,0,0,0,0,0,0,0,0,0,0,0,0,0,0,0,0,0,0,0,0,0,0,0,0,0,0,0,0,0,0,0,0,0,0,0,0,0,0,0,0,0,0,0,0,0,0,0,0,0,0,0,0,0,0,0,0,0,0,0,0,0,0,0,0,0,0,0,0,0,0,0,0,0,0,0,0,0,0,0,0,0,0,0,0,0,0,0,0,0,0,0
SRR5383481,PRJNA377739,COPD_Stable,0.048770961,0.030504148,0.04428431,0,0,0,0.415365761,0.284058839,0,0.011246071,0.005589478,0.001124761,0.014017606,0,0,0.002629045,0,0.001023033,0,0,0,0,0.013178945,0.000131377,0,0.00122979,0,0,0.003279865,0.000577077,0,0,0,0,0,0,0,0,0.001728456,0,0,0,0,0,0,0.001462024,0.000721894,0,0.004013606,0,0.007490198,0.000644754,0,0.000277813,0.000176353,0.001298156,0,0,0.000581983,0,0,0,0,0,0.000305541,0.000157924,0,0,0,0.00040067,0,0,0,0,0,0,0,0,0,0,0,0,0,0,0,0,0,0,0,0,0,0,0,0,0,0,0,0,0,0,0,0,0,0,0,0,0,0,0,0,0,0,0,0,0,0,0,0,0,0,0,0,0,0,0,0,0,0,0,0,0,0,0,0,0,0,0,0,0,0,0,0,0,0,0,0,0,0,0,0,0,0,0,0,0,0,0,0,0,0,0,0,0,0,0,0,0,0,0,0,0,0,0,0,0,0,0,0,0,0,0,0,0,0,0,0,0,0,0,0,0,0,0,0,0,0,0,0,0,0,0,0,0,0,0,0,0,0,0,0,0,0,0,0,0,0,0,0,0,0,0,0,0,0,0,0,0,0,0,0,0,0,0,0,0,0,0,0,0,0,0,0,0,0,0,0,0,0,0,0,0,0,0,0,0,0,0,0,0,0,0,0,0,0,0,0,0,0,0,0,0,0
SRR5383482,PRJNA377739,COPD_Stable,0.430087593,0.005237104,0.000179807,0,0,0,0.431314366,0.049669705,0,0.008170556,0.002948517,0.004930722,0.000947717,0,0,0.004382121,0.004808533,0.005892716,0,0,0,0,0.001669156,0.001063966,0,0,0,0,0.001017521,0.000602353,0,0,0,0,0,0,0,0,0.000606883,0,0,0,0,0,0,0.000576259,0.001877198,0.001645263,0.001680096,0,0.002388696,0.001669618,0.002354264,0.001076309,0,0.000334242,0,0,0,0,0,0,0,0.000285079,0,0,0,0.000164258,0,0.000898619,0,0,0,0,0,0,0,0,0,0,0,0,0,0,0,0,0,0,0,0,0,0,0,0,0,0,0,0,0,0,0,0,0,0,0,0,0,0,0,0,0,0,0,0,0,0,0,0,0,0,0,0,0,0,0,0,0,0,0,0,0,0,0,0,0,0,0,0,0,0,0,0,0,0,0,0,0,0,0,0,0,0,0,0,0,0,0,0,0,0,0,0,0,0,0,0,0,0,0,0,0,0,0,0,0,0,0,0,0,0,0,0,0,0,0,0,0,0,0,0,0,0,0,0,0,0,0,0,0,0,0,0,0,0,0,0,0,0,0,0,0,0,0,0,0,0,0,0,0,0,0,0,0,0,0,0,0,0,0,0,0,0,0,0,0,0,0,0,0,0,0,0,0,0,0,0,0,0,0,0,0,0,0,0,0,0,0,0,0,0,0,0,0,0,0,0,0,0,0,0,0,0
SRR5383483,PRJNA377739,COPD_Stable,0.269360748,0.009401633,0,0,0,0,0.318474237,0.076617675,0,0.03929122,0.002330279,0.016271591,0.066435758,0,0,0,0,0,0,0,0,0,0,0.002874356,0,0,0,0,0.004421984,0,0,0,0,0,0.000472682,0,0,0,0,0,0,0,0,0,0,0,0,0,0,0.074208657,0,0.000611576,0,0,0.000290048,0,0.000421087,0,0,0,0,0,0.000564583,0,0,0,0,0,0.000346208,0,0,0,0,0,0,0,0,0,0,0,0,0,0,0,0,0,0,0,0,0,0,0,0,0,0,0,0,0,0,0,0,0,0,0,0,0,0,0,0,0,0,0,0,0,0,0,0,0,0,0,0,0,0,0,0,0,0,0,0,0,0,0,0,0,0,0,0,0,0,0,0,0,0,0,0,0,0,0,0,0,0,0,0,0,0,0,0,0,0,0,0,0,0,0,0,0,0,0,0,0,0,0,0,0,0,0,0,0,0,0,0,0,0,0,0,0,0,0,0,0,0,0,0,0,0,0,0,0,0,0,0,0,0,0,0,0,0,0,0,0,0,0,0,0,0,0,0,0,0,0,0,0,0,0,0,0,0,0,0,0,0,0,0,0,0,0,0,0,0,0,0,0,0,0,0,0,0,0,0,0,0,0,0,0,0,0,0,0,0,0,0,0,0,0,0,0,0,0,0,0,0,0
SRR5383484,PRJNA377739,COPD_Stable,0.262950891,0.034495131,0.000777901,0,0,0,0.319301424,0.017345903,0,0.009617685,0.003409763,0.000641817,0.004696219,0,0,0,0.000684697,0,0.000512535,0.020098294,0,0.001312916,0.004783566,0.005027906,0,0.002428543,0.000883657,0,0.001752489,0.004608033,0,0,0,0,0.000389074,0,0,0,0.000937117,0,0,0,0,0,0,0,0.003135164,0.001932033,0.004890382,0.025472758,0.000175837,0.002141289,0.000268651,0,0.001212186,0.001198123,0.002834617,0,0,0,0,0,0,0,0,0,0,0.001084988,0,0,0,0,0,0,0,0,0,0,0,0,0,0,0,0,0,0,0,0,0,0,0,0,0,0,0,0,0,0,0,0,0,0,0,0,0,0,0,0,0,0,0,0,0,0,0,0,0,0,0,0,0,0,0,0,0,0,0,0,0,0,0,0,0,0,0,0,0,0,0,0,0,0,0,0,0,0,0,0,0,0,0,0,0,0,0,0,0,0,0,0,0,0,0,0,0,0,0,0,0,0,0,0,0,0,0,0,0,0,0,0,0,0,0,0,0,0,0,0,0,0,0,0,0,0,0,0,0,0,0,0,0,0,0,0,0,0,0,0,0,0,0,0,0,0,0,0,0,0,0,0,0,0,0,0,0,0,0,0,0,0,0,0,0,0,0,0,0,0,0,0,0,0,0,0,0,0,0,0,0,0,0,0,0,0,0,0,0,0,0,0,0,0,0,0,0,0,0,0,0,0,0,0
SRR5383485,PRJNA377739,COPD_Stable,0.063955731,0.040964605,0,0,0,0,0.54641443,0.051590774,0,0.018338513,0.001005418,0,0.011296751,0,0,0,0,0,0,0,0,0.001535972,0.015554982,0.043443225,0,0.020992835,0,0,0,0,0,0,0,0,0,0,0,0,0.002263885,0,0,0,0,0,0,0,0.00098147,0,0.000235878,0,0,0.001112489,0,0.00035695,0.000170973,0,0.000849485,0,0,0,0,0,0.000328404,0,0,0,0,0.001523169,0,0,0,0,0,0,0,0,0,0,0,0,0,0,0,0,0,0,0,0,0,0,0,0,0,0,0,0,0,0,0,0,0,0,0,0,0,0,0,0,0,0,0,0,0,0,0,0,0,0,0,0,0,0,0,0,0,0,0,0,0,0,0,0,0,0,0,0,0,0,0,0,0,0,0,0,0,0,0,0,0,0,0,0,0,0,0,0,0,0,0,0,0,0,0,0,0,0,0,0,0,0,0,0,0,0,0,0,0,0,0,0,0,0,0,0,0,0,0,0,0,0,0,0,0,0,0,0,0,0,0,0,0,0,0,0,0,0,0,0,0,0,0,0,0,0,0,0,0,0,0,0,0,0,0,0,0,0,0,0,0,0,0,0,0,0,0,0,0,0,0,0,0,0,0,0,0,0,0,0,0,0,0,0,0,0,0,0,0,0,0,0,0,0,0,0,0,0,0,0,0,0,0,0
SRR5383486,PRJNA377739,COPD_Stable,0.152052296,0.044045902,0.006851242,0,0,0,0.241259141,0.203010886,0,0.038793597,0.012219483,0.001792832,0.009925754,0,0,0.002878714,0.0027966,0,0.003492394,0.012847307,0,0,0.005731374,0.048501545,0,0.000777419,0,0,0.005524155,0,0,0,0,0,0,0,0,0,0,0,0,0,0,0,0,0,0.020104218,0,0.000784173,0,0.001726056,0,0,0,0,0.001260401,0,0,0,0,0.000826452,0,0.00048535,0,0,0,0,0,0,0,0,0,0,0,0,0,0,0,0,0,0,0,0,0,0,0,0,0,0,0,0,0,0,0,0,0,0,0,0,0,0,0,0,0,0,0,0,0,0,0,0,0,0,0,0,0,0,0,0,0,0,0,0,0,0,0,0,0,0,0,0,0,0,0,0,0,0,0,0,0,0,0,0,0,0,0,0,0,0,0,0,0,0,0,0,0,0,0,0,0,0,0,0,0,0,0,0,0,0,0,0,0,0,0,0,0,0,0,0,0,0,0,0,0,0,0,0,0,0,0,0,0,0,0,0,0,0,0,0,0,0,0,0,0,0,0,0,0,0,0,0,0,0,0,0,0,0,0,0,0,0,0,0,0,0,0,0,0,0,0,0,0,0,0,0,0,0,0,0,0,0,0,0,0,0,0,0,0,0,0,0,0,0,0,0,0,0,0,0,0,0,0,0,0,0,0,0,0,0,0,0,0
SRR5383487,PRJNA377739,COPD_Stable,0.196735831,0.019076472,0.000309933,0,0,0,0.26589597,0.023211447,0,0.146747622,0.009648408,0.002094065,0.006201737,0,0,0.000418558,0.000848565,0.000483204,0.002196125,0.01040631,0,0,0.00412571,0.011465309,0,0.000471566,0,0,0.002124184,0.002606381,0.000510659,0,0,0,0.00020615,0,0,0,0.001733889,0,0,0,0,0,0,0,0.008305598,0.004964575,0.009492851,0.040746483,0,0.001122305,0.001957366,0.000228277,0.000870623,0.002108294,0.000243909,0,0,0,0.000533317,0,0,0.000907674,0,0,0,0.002685732,0.000518096,0,0,0,0,0,0,0,0,0,0,0,0,0,0,0,0,0,0,0,0,0,0,0,0,0,0,0,0,0,0,0,0,0,0,0,0,0,0,0,0,0,0,0,0,0,0,0,0,0,0,0,0,0,0,0,0,0,0,0,0,0,0,0,0,0,0,0,0,0,0,0,0,0,0,0,0,0,0,0,0,0,0,0,0,0,0,0,0,0,0,0,0,0,0,0,0,0,0,0,0,0,0,0,0,0,0,0,0,0,0,0,0,0,0,0,0,0,0,0,0,0,0,0,0,0,0,0,0,0,0,0,0,0,0,0,0,0,0,0,0,0,0,0,0,0,0,0,0,0,0,0,0,0,0,0,0,0,0,0,0,0,0,0,0,0,0,0,0,0,0,0,0,0,0,0,0,0,0,0,0,0,0,0,0,0,0,0,0,0,0,0,0,0,0,0,0,0,0,0,0,0,0,0
SRR5383488,PRJNA377739,COPD_Stable,0.217785394,0.017396303,0,0,0,0,0.153654162,0.249233629,0,0.018686564,0.006083662,0,0.018956976,0,0,0.003723271,0.003078326,0.000932528,0.00222734,0,0,0.001088168,0.026063957,0.000487687,0,0.001301856,0,0,0.005805358,0.000299765,0,0,0,0,0,0.001698224,0,0,0.001791489,0,0,0,0,0,0,9.84E-05,0.010901346,0.0004383,0.001294156,0,0.000202264,0.000180761,0,0,0,0.00024631,0,0,0.005527657,0,0.000724507,0,0.000688984,0,0.002109891,0,0.000124787,0.000246263,0,0,0,0,0,0,0,0,0,0,0,0,0,0,0,0,0,0,0,0,0,0,0,0,0,0,0,0,0,0,0,0,0,0,0,0,0,0,0,0,0,0,0,0,0,0,0,0,0,0,0,0,0,0,0,0,0,0,0,0,0,0,0,0,0,0,0,0,0,0,0,0,0,0,0,0,0,0,0,0,0,0,0,0,0,0,0,0,0,0,0,0,0,0,0,0,0,0,0,0,0,0,0,0,0,0,0,0,0,0,0,0,0,0,0,0,0,0,0,0,0,0,0,0,0,0,0,0,0,0,0,0,0,0,0,0,0,0,0,0,0,0,0,0,0,0,0,0,0,0,0,0,0,0,0,0,0,0,0,0,0,0,0,0,0,0,0,0,0,0,0,0,0,0,0,0,0,0,0,0,0,0,0,0,0,0,0,0,0,0,0,0,0,0,0,0,0,0,0,0,0,0,0,0
SRR5383489,PRJNA377739,COPD_Stable,0.368249419,0.027987082,0.00492901,0,0,0,0.285533857,0.003763253,0.004025065,0.109866324,0,0,0.018692714,0,0,0,0,0,0,0,0,0,0.002882208,0,0,0.000478573,0,0,0,0.001031867,0,0,0.000207258,0,0,0,0,0,0,0,0,0,0,0,0,0,0,0,0,0,0,0.002255382,0,0.003585307,0.002756658,0,0.003001336,0,0.033237162,0,0,0,0,0,0.015388852,0,0,0,0.000554561,0,0,0,0,0,0,0,0,0,0,0,0,0,0,0,0,0,0,0,0,0,0,0,0,0,0,0,0,0,0,0,0,0,0,0,0,0,0,0,0,0,0,0,0,0,0,0,0,0,0,0,0,0,0,0,0,0,0,0,0,0,0,0,0,0,0,0,0,0,0,0,0,0,0,0,0,0,0,0,0,0,0,0,0,0,0,0,0,0,0,0,0,0,0,0,0,0,0,0,0,0,0,0,0,0,0,0,0,0,0,0,0,0,0,0,0,0,0,0,0,0,0,0,0,0,0,0,0,0,0,0,0,0,0,0,0,0,0,0,0,0,0,0,0,0,0,0,0,0,0,0,0,0,0,0,0,0,0,0,0,0,0,0,0,0,0,0,0,0,0,0,0,0,0,0,0,0,0,0,0,0,0,0,0,0,0,0,0,0,0,0,0,0,0,0,0,0,0,0,0,0,0,0
SRR5383490,PRJNA377739,COPD_Stable,0.475710415,0.004393005,0.000179618,0,0,0,0.224925005,0,0,0.245836501,0.000381818,0,0.013708354,0,0,0,0,0,0,0,0,0,0.0007982,0,0,0.000397459,0,0,0,0.001487859,0,0,0.006266594,0,0.000621326,0,0,0,0,0,0,0,0,0,0,0,0,0,0,0,0,0.000494628,0,0,0.000210205,0,0,0,0,0,0,0,0,0,0,0,0,0,0,0,0,0,0,0,0,0,0,0,0,0,0,0,0,0,0,0,0,0,0,0,0,0,0,0,0,0,0,0,0,0,0,0,0,0,0,0,0,0,0,0,0,0,0,0,0,0,0,0,0,0,0,0,0,0,0,0,0,0,0,0,0,0,0,0,0,0,0,0,0,0,0,0,0,0,0,0,0,0,0,0,0,0,0,0,0,0,0,0,0,0,0,0,0,0,0,0,0,0,0,0,0,0,0,0,0,0,0,0,0,0,0,0,0,0,0,0,0,0,0,0,0,0,0,0,0,0,0,0,0,0,0,0,0,0,0,0,0,0,0,0,0,0,0,0,0,0,0,0,0,0,0,0,0,0,0,0,0,0,0,0,0,0,0,0,0,0,0,0,0,0,0,0,0,0,0,0,0,0,0,0,0,0,0,0,0,0,0,0,0,0,0,0,0,0,0,0,0,0,0,0,0,0
SRR5383491,PRJNA377739,COPD_Stable,0.010584924,0,0.000318282,0,0,0,0.001238241,0.000646805,0,0,0.000210726,0,0,0,0,0,0,0,0,0,0,0,0,0,0,0,0,0,0,0,0,0,0.000138046,0,0,0,0,0,0,0,0,0,0,0,0,0,0,0,0,0,0.000106451,0.00034484,0,0,0.000102001,0,0.000208546,0,0,0,0,0,0,0,0,0,0,0,0,0,0,0,0,0,0,0,0,0,0,0,0,0,0,0,0,0,0,0,0,0,0,0,0,0,0,0,0,0,0,0,0,0,0,0,0,0,0,0,0,0,0,0,0,0,0,0,0,0,0,0,0,0,0,0,0,0,0,0,0,0,0,0,0,0,0,0,0,0,0,0,0,0,0,0,0,0,0,0,0,0,0,0,0,0,0,0,0,0,0,0,0,0,0,0,0,0,0,0,0,0,0,0,0,0,0,0,0,0,0,0,0,0,0,0,0,0,0,0,0,0,0,0,0,0,0,0,0,0,0,0,0,0,0,0,0,0,0,0,0,0,0,0,0,0,0,0,0,0,0,0,0,0,0,0,0,0,0,0,0,0,0,0,0,0,0,0,0,0,0,0,0,0,0,0,0,0,0,0,0,0,0,0,0,0,0,0,0,0,0,0,0,0,0,0,0,0,0,0,0,0,0,0
SRR5383492,PRJNA377739,COPD_Stable,0.052533704,0.017467978,0.000330865,0,0,0,0.332633355,0.145142201,0,0.000718029,0.013092161,0.004876875,0.007102448,0,0,0.002637842,0.002756909,0.023596712,0.001435106,0.001165892,0,0,0.019049576,0.064566122,0,0.001199897,0,0,0.001906913,0.000337735,0,0,0,0,0,0,0,0,0.001471105,0,0,0,0,0,0,0,0.01050294,0.002735498,0.00291857,0,0.001099742,0,0.001721655,0,0,0.001959644,0,0,0,0,0.000878544,0,0,0.000701598,0,0.000171909,0,0.001322582,7.98E-05,0,0,0,0,0,0,0,0,0,0,0,0,0,0,0,0,0,0,0,0,0,0,0,0,0,0,0,0,0,0,0,0,0,0,0,0,0,0,0,0,0,0,0,0,0,0,0,0,0,0,0,0,0,0,0,0,0,0,0,0,0,0,0,0,0,0,0,0,0,0,0,0,0,0,0,0,0,0,0,0,0,0,0,0,0,0,0,0,0,0,0,0,0,0,0,0,0,0,0,0,0,0,0,0,0,0,0,0,0,0,0,0,0,0,0,0,0,0,0,0,0,0,0,0,0,0,0,0,0,0,0,0,0,0,0,0,0,0,0,0,0,0,0,0,0,0,0,0,0,0,0,0,0,0,0,0,0,0,0,0,0,0,0,0,0,0,0,0,0,0,0,0,0,0,0,0,0,0,0,0,0,0,0,0,0,0,0,0,0,0,0,0,0,0,0,0,0,0,0,0,0,0,0
SRR5383493,PRJNA377739,COPD_Stable,0.200364349,0.04345242,0.014445062,0,0,0,0.246578298,0.147628367,0,0.008382881,0.006739955,0.001278744,0.007900656,0,0,0.002890357,0.005507773,0.003526931,0.004766672,0.00476371,0,0.000196357,0.031588186,0.00494357,0,0.004366144,0,0,0.008601936,0.000806919,0,0,0,0,0,0.003108721,0,0,0.002307943,0.00068717,0,0,0,0,0,0.000577865,0.025689253,0.002874722,0.002746666,0,0.001272365,0,0.000112807,0,0,0.000295317,0,0,0,0.000573278,0.000751967,0,0.000192305,0,0,0,0,5.94E-05,0,0.000519349,0,0,0,0,0,0,0,0,0,0,0,0,0,0,0,0,0,0,0,0,0,0,0,0,0,0,0,0,0,0,0,0,0,0,0,0,0,0,0,0,0,0,0,0,0,0,0,0,0,0,0,0,0,0,0,0,0,0,0,0,0,0,0,0,0,0,0,0,0,0,0,0,0,0,0,0,0,0,0,0,0,0,0,0,0,0,0,0,0,0,0,0,0,0,0,0,0,0,0,0,0,0,0,0,0,0,0,0,0,0,0,0,0,0,0,0,0,0,0,0,0,0,0,0,0,0,0,0,0,0,0,0,0,0,0,0,0,0,0,0,0,0,0,0,0,0,0,0,0,0,0,0,0,0,0,0,0,0,0,0,0,0,0,0,0,0,0,0,0,0,0,0,0,0,0,0,0,0,0,0,0,0,0,0,0,0,0,0,0,0,0,0,0,0,0,0,0,0,0,0,0,0
SRR5383494,PRJNA377739,COPD_Stable,0.284074226,0.011362696,0.08434196,0,0,0,0.28092868,0.0668626,0.00016287,0.081291024,0.00419141,0.008871539,0.033468402,0,0,0.000205501,0.000518565,0.001079961,0.001386425,0,0,0,0.011779525,0.007627263,0,0.000187036,0,0,0.002545275,0.000255932,0,0,0.0002109,0,0,0.000284345,0,0,0.001619395,0,0,0,0,0,0,0,0.000753527,0,0.001335204,0,0,0,3.47E-05,0,0,0,0,0,0.00017266,0,0,8.84E-05,0,0,0,0,0,0,0,0,0,0,0,0,0,0,0,0,0,0,0,0,0,0,0,0,0,0,0,0,0,0,0,0,0,0,0,0,0,0,0,0,0,0,0,0,0,0,0,0,0,0,0,0,0,0,0,0,0,0,0,0,0,0,0,0,0,0,0,0,0,0,0,0,0,0,0,0,0,0,0,0,0,0,0,0,0,0,0,0,0,0,0,0,0,0,0,0,0,0,0,0,0,0,0,0,0,0,0,0,0,0,0,0,0,0,0,0,0,0,0,0,0,0,0,0,0,0,0,0,0,0,0,0,0,0,0,0,0,0,0,0,0,0,0,0,0,0,0,0,0,0,0,0,0,0,0,0,0,0,0,0,0,0,0,0,0,0,0,0,0,0,0,0,0,0,0,0,0,0,0,0,0,0,0,0,0,0,0,0,0,0,0,0,0,0,0,0,0,0,0,0,0,0,0,0,0,0,0,0,0,0
SRR5383495,PRJNA377739,COPD_Stable,0.015430685,0,0,0,0,0,0.002700311,0.001926572,0,0.000521739,0.000518268,0,0,0,0,0,0,0,0,0,0,0,0,0,0,0,0.001004509,0,0,0,0.000727041,0,0.00022409,0,0,0,0,0,0,0,0,0,0,0,0,0,0,0,0,0,0.000190583,0.000168413,0,0,0,0,4.41E-05,0.000562063,0,0,0,0,0,0,0,0,0,0,0,0.000248554,0,0,0,0,0,0,0,0,0,0,0,0,0,0,0,0,0,0,0,0,0,0,0,0,0,0,0,0,0,0,0,0,0,0,0,0,0,0,0,0,0,0,0,0,0,0,0,0,0,0,0,0,0,0,0,0,0,0,0,0,0,0,0,0,0,0,0,0,0,0,0,0,0,0,0,0,0,0,0,0,0,0,0,0,0,0,0,0,0,0,0,0,0,0,0,0,0,0,0,0,0,0,0,0,0,0,0,0,0,0,0,0,0,0,0,0,0,0,0,0,0,0,0,0,0,0,0,0,0,0,0,0,0,0,0,0,0,0,0,0,0,0,0,0,0,0,0,0,0,0,0,0,0,0,0,0,0,0,0,0,0,0,0,0,0,0,0,0,0,0,0,0,0,0,0,0,0,0,0,0,0,0,0,0,0,0,0,0,0,0,0,0,0,0,0,0,0,0,0,0,0,0
SRR5383496,PRJNA377739,COPD_Stable,0.127132003,0.018315976,0,0,0,0,0.135738252,0,0,0.08040906,0.003277708,0,0.01305744,0,0,0.000747554,0,0,0,0,0,0,0.007616812,0,0,0,0,0,0.008396279,0,0,0,0,0,0,0,0,0,0,0,0,0,0,0,0,0,0.004349836,0,0.006692662,0,0,0.000787037,0,0.000471827,0.000523852,0,0.000195985,0,0,0,0.005490061,0,0,0,0,9.27E-05,0,0,0,0,0,0,0,0,0,0,0,0,0,0,0,0,0,0,0,0,0,0,0,0,0,0,0,0,0,0,0,0,0,0,0,0,0,0,0,0,0,0,0,0,0,0,0,0,0,0,0,0,0,0,0,0,0,0,0,0,0,0,0,0,0,0,0,0,0,0,0,0,0,0,0,0,0,0,0,0,0,0,0,0,0,0,0,0,0,0,0,0,0,0,0,0,0,0,0,0,0,0,0,0,0,0,0,0,0,0,0,0,0,0,0,0,0,0,0,0,0,0,0,0,0,0,0,0,0,0,0,0,0,0,0,0,0,0,0,0,0,0,0,0,0,0,0,0,0,0,0,0,0,0,0,0,0,0,0,0,0,0,0,0,0,0,0,0,0,0,0,0,0,0,0,0,0,0,0,0,0,0,0,0,0,0,0,0,0,0,0,0,0,0,0,0,0,0,0,0,0,0,0,0,0,0
SRR5383497,PRJNA377739,COPD_Stable,0.026869528,0.009954204,0.005235495,0,0,0,0.147165595,0.006739295,0,0.00438158,0.009023796,0.001098178,0.000907492,0,0,0.000794258,0.001671357,0.003082614,0.00148798,0,0,0,0.022048336,0.041102484,0,0.001758319,0,0,0.00599789,0,0,0,0,0,0,0,0,0,0.003140735,0,0,0,0,0,0,0.000813507,0.023626568,0,0,0.000198321,0.000370584,0,0,0,0,0,0,0,0,0,0.000868183,0,0.000263583,0,0,0,0,0.001533949,0,0.000347506,0,0,0,0,0,0,0,0,0,0,0,0,0,0,0,0,0,0,0,0,0,0,0,0,0,0,0,0,0,0,0,0,0,0,0,0,0,0,0,0,0,0,0,0,0,0,0,0,0,0,0,0,0,0,0,0,0,0,0,0,0,0,0,0,0,0,0,0,0,0,0,0,0,0,0,0,0,0,0,0,0,0,0,0,0,0,0,0,0,0,0,0,0,0,0,0,0,0,0,0,0,0,0,0,0,0,0,0,0,0,0,0,0,0,0,0,0,0,0,0,0,0,0,0,0,0,0,0,0,0,0,0,0,0,0,0,0,0,0,0,0,0,0,0,0,0,0,0,0,0,0,0,0,0,0,0,0,0,0,0,0,0,0,0,0,0,0,0,0,0,0,0,0,0,0,0,0,0,0,0,0,0,0,0,0,0,0,0,0,0,0,0,0,0,0,0,0,0,0,0,0,0
SRR5383498,PRJNA377739,COPD_Stable,0.045265678,0.000942331,0.000295762,0,0,0,0.051066785,0.004300365,0.841852597,0.002489963,0.000451228,0.002897379,0.005126485,0,0,0,0.000146128,0,0.000139419,0.003258383,0,0.000310664,0.003202545,0.003439418,0,0.000933741,0,0,0,0,0,0,0,0,0,0,0,0,0,0,0,0,0,0,0,0,0,0.000115129,0.00080449,0,0,0.000205553,0,0,0,0,0,0,0,0,0,0,0,0.000109537,0,0,0,0,5.73E-05,0,0,0,0,0,0,0,0,0,0,0,0,0,0,0,0,0,0,0,0,0,0,0,0,0,0,0,0,0,0,0,0,0,0,0,0,0,0,0,0,0,0,0,0,0,0,0,0,0,0,0,0,0,0,0,0,0,0,0,0,0,0,0,0,0,0,0,0,0,0,0,0,0,0,0,0,0,0,0,0,0,0,0,0,0,0,0,0,0,0,0,0,0,0,0,0,0,0,0,0,0,0,0,0,0,0,0,0,0,0,0,0,0,0,0,0,0,0,0,0,0,0,0,0,0,0,0,0,0,0,0,0,0,0,0,0,0,0,0,0,0,0,0,0,0,0,0,0,0,0,0,0,0,0,0,0,0,0,0,0,0,0,0,0,0,0,0,0,0,0,0,0,0,0,0,0,0,0,0,0,0,0,0,0,0,0,0,0,0,0,0,0,0,0,0,0,0,0,0,0,0,0,0
SRR5383499,PRJNA377739,COPD_Stable,0.194152176,0.016504978,0,0,0,0,0.134248652,0.039319326,0,0.008512301,0.022089042,0.02201802,0.055640563,0,0,0,0.00143483,0.000492846,0.000696383,0,0,0,0.073597391,0.0176655,0,0.062437135,0,0,0.00115193,0.002336622,0,0,0,0,0,0,0,0,0.00043352,0,0,0,0,0,0,0.003993944,0.010903092,0.01195163,0.115477763,0,0.002863453,0,0.002504609,0,0,0.000341559,0,0,0,0,0.001353476,0,0.000429782,0,0,0,0,0,0,0.001646438,0,0,0,0,0,0,0,0,0,0,0,0,0,0,0,0,0,0,0,0,0,0,0,0,0,0,0,0,0,0,0,0,0,0,0,0,0,0,0,0,0,0,0,0,0,0,0,0,0,0,0,0,0,0,0,0,0,0,0,0,0,0,0,0,0,0,0,0,0,0,0,0,0,0,0,0,0,0,0,0,0,0,0,0,0,0,0,0,0,0,0,0,0,0,0,0,0,0,0,0,0,0,0,0,0,0,0,0,0,0,0,0,0,0,0,0,0,0,0,0,0,0,0,0,0,0,0,0,0,0,0,0,0,0,0,0,0,0,0,0,0,0,0,0,0,0,0,0,0,0,0,0,0,0,0,0,0,0,0,0,0,0,0,0,0,0,0,0,0,0,0,0,0,0,0,0,0,0,0,0,0,0,0,0,0,0,0,0,0,0,0,0,0,0,0,0,0,0,0,0,0,0
SRR5383500,PRJNA377739,COPD_Stable,0.19263939,0.008786588,0.000423538,0,0,0,0.261995258,0.088750466,0,0.037057923,0.012753683,0.010569534,0.042158889,0,0,0.000313405,0,0.000328259,0,0,0,0.002640282,0.056941667,0.016597239,0,0.010344737,0,0,0,0.000803228,0,0,0,0,0,0,0,0,0.000908355,0,0,0,0,0,0,0,0.001804609,0.000155565,0.002455356,0,0.002565826,0.000458775,0,0.002458343,0.001628602,0,0.000520569,0,0,0,0,0,0.001419973,0,0,0,0,0,0,0,0,0,0,0,0,0,0,0,0,0,0,0,0,0,0,0,0,0,0,0,0,0,0,0,0,0,0,0,0,0,0,0,0,0,0,0,0,0,0,0,0,0,0,0,0,0,0,0,0,0,0,0,0,0,0,0,0,0,0,0,0,0,0,0,0,0,0,0,0,0,0,0,0,0,0,0,0,0,0,0,0,0,0,0,0,0,0,0,0,0,0,0,0,0,0,0,0,0,0,0,0,0,0,0,0,0,0,0,0,0,0,0,0,0,0,0,0,0,0,0,0,0,0,0,0,0,0,0,0,0,0,0,0,0,0,0,0,0,0,0,0,0,0,0,0,0,0,0,0,0,0,0,0,0,0,0,0,0,0,0,0,0,0,0,0,0,0,0,0,0,0,0,0,0,0,0,0,0,0,0,0,0,0,0,0,0,0,0,0,0,0,0,0,0,0,0,0,0,0,0,0,0
SRR5383501,PRJNA377739,COPD_Stable,0.172686955,0.04566131,0,0,0,0,0.431568034,0.005680141,0,0.030973324,0.003460328,0.013337932,0.024358505,0,0,0.002329373,0.003851943,0,0.001065914,0,0,0,0.014430913,0.01310856,0,0,0,0,0.005058837,0,0,0,0,0,0,0,0,0,0,0,0,0,0,0,0,0,0.005644585,0,0,0,0,0.000196972,7.92E-05,0.000249768,0.000151441,0,0,0,0,0,0.00091342,0,0.000807914,0,0.000214586,0,0,0,0.00010446,0,0,0,0,0,0,0,0,0,0,0,0,0,0,0,0,0,0,0,0,0,0,0,0,0,0,0,0,0,0,0,0,0,0,0,0,0,0,0,0,0,0,0,0,0,0,0,0,0,0,0,0,0,0,0,0,0,0,0,0,0,0,0,0,0,0,0,0,0,0,0,0,0,0,0,0,0,0,0,0,0,0,0,0,0,0,0,0,0,0,0,0,0,0,0,0,0,0,0,0,0,0,0,0,0,0,0,0,0,0,0,0,0,0,0,0,0,0,0,0,0,0,0,0,0,0,0,0,0,0,0,0,0,0,0,0,0,0,0,0,0,0,0,0,0,0,0,0,0,0,0,0,0,0,0,0,0,0,0,0,0,0,0,0,0,0,0,0,0,0,0,0,0,0,0,0,0,0,0,0,0,0,0,0,0,0,0,0,0,0,0,0,0,0,0,0,0,0,0,0,0,0,0
SRR5383502,PRJNA377739,COPD_Stable,0.292722727,0.040051841,0.000163211,0,0,0,0.288004971,0.091543662,0,0.006374984,0.008056932,0.012241083,0.013464735,0,0,0.002087488,0.003192841,0.002229595,0.001521427,0.003723411,0,0.000259601,0.017121162,0.031130826,0,0.000248706,0,0,0.001033332,0.00070879,0,0,0,0,0,0.000228408,0,0,0.001873256,0,0,0,0,0,0,0,0.003236968,0.001905173,0.001557246,0,0.000249261,0,0.000463271,0,0,0.000626863,0,0,0,0,0.000540145,0,0.000668309,0,0.000104068,0,0,0,0,0,0,0,0,0,0,0,0,0,0,0,0,0,0,0,0,0,0,0,0,0,0,0,0,0,0,0,0,0,0,0,0,0,0,0,0,0,0,0,0,0,0,0,0,0,0,0,0,0,0,0,0,0,0,0,0,0,0,0,0,0,0,0,0,0,0,0,0,0,0,0,0,0,0,0,0,0,0,0,0,0,0,0,0,0,0,0,0,0,0,0,0,0,0,0,0,0,0,0,0,0,0,0,0,0,0,0,0,0,0,0,0,0,0,0,0,0,0,0,0,0,0,0,0,0,0,0,0,0,0,0,0,0,0,0,0,0,0,0,0,0,0,0,0,0,0,0,0,0,0,0,0,0,0,0,0,0,0,0,0,0,0,0,0,0,0,0,0,0,0,0,0,0,0,0,0,0,0,0,0,0,0,0,0,0,0,0,0,0,0,0,0,0,0,0,0,0,0,0,0,0,0,0
SRR5383503,PRJNA377739,COPD_Stable,0.152464206,0.014671315,0.389625404,0,0,0,0.25657161,0.07465795,0,0.004996387,0.008833098,0,0.002156383,0,0,0,0.001248702,0,0.004267323,0,0,0,0.006264876,0.000846444,0,0.000784704,0,0,0.001723275,0.001676373,0,0,0,0,0,0,0,0,0,0,0,0,0,0,0,0,0.006118902,0,0.000423548,0,0,0,0.000201572,0,0.000207181,0.00070863,0,0,0,0,0,0,0.000218901,0,0,0,0,0,0,0.00021157,0,0,0,0,0,0,0,0,0,0,0,0,0,0,0,0,0,0,0,0,0,0,0,0,0,0,0,0,0,0,0,0,0,0,0,0,0,0,0,0,0,0,0,0,0,0,0,0,0,0,0,0,0,0,0,0,0,0,0,0,0,0,0,0,0,0,0,0,0,0,0,0,0,0,0,0,0,0,0,0,0,0,0,0,0,0,0,0,0,0,0,0,0,0,0,0,0,0,0,0,0,0,0,0,0,0,0,0,0,0,0,0,0,0,0,0,0,0,0,0,0,0,0,0,0,0,0,0,0,0,0,0,0,0,0,0,0,0,0,0,0,0,0,0,0,0,0,0,0,0,0,0,0,0,0,0,0,0,0,0,0,0,0,0,0,0,0,0,0,0,0,0,0,0,0,0,0,0,0,0,0,0,0,0,0,0,0,0,0,0,0,0,0,0,0,0,0,0,0,0,0,0
SRR5383504,PRJNA377739,COPD_Stable,0.635727184,0.001818163,0,0,0,0,0.213037096,0.001211859,0,0.012552514,0.003459259,0,0.004968959,0,0,0,0,0.000104674,0.002715286,0.027176033,0,0.001382722,0.000960933,0.000484375,0,0.001040035,0,0,0.002001362,0.000938304,0,0,0,0,0,0,0,0,0.000791226,0,0,0,0,0,0,0,0.001302202,0,0.002285942,0,0,0,0,0,0,0,0,0,7.91E-05,0,0.000407732,0,0.000502604,0,0,0,0,0,0,0,0,0,0,0,0,0,0,0,0,0,0,0,0,0,0,0,0,0,0,0,0,0,0,0,0,0,0,0,0,0,0,0,0,0,0,0,0,0,0,0,0,0,0,0,0,0,0,0,0,0,0,0,0,0,0,0,0,0,0,0,0,0,0,0,0,0,0,0,0,0,0,0,0,0,0,0,0,0,0,0,0,0,0,0,0,0,0,0,0,0,0,0,0,0,0,0,0,0,0,0,0,0,0,0,0,0,0,0,0,0,0,0,0,0,0,0,0,0,0,0,0,0,0,0,0,0,0,0,0,0,0,0,0,0,0,0,0,0,0,0,0,0,0,0,0,0,0,0,0,0,0,0,0,0,0,0,0,0,0,0,0,0,0,0,0,0,0,0,0,0,0,0,0,0,0,0,0,0,0,0,0,0,0,0,0,0,0,0,0,0,0,0,0,0,0,0,0,0,0,0,0,0
SRR5383505,PRJNA377739,COPD_Stable,0.009563371,0.001299819,0.496366194,0,0,0,0.029966218,0.001776109,0,0.000781832,0.000802238,0,0.000398726,0,0,0.000466759,0.000560757,0.000804676,0.000111763,0,0,0,0.005779663,0.008940167,0,8.58E-05,0,0,0.000875056,0,0,0,0,0,0,0.000148721,0,0,0.000473637,0,0,0,0,0,0,8.38E-05,0.00991272,0,0,0.002138344,0,0,0,0,0,0,0,0,0,0,0.000128733,0,0,0,0,0,0,0.000157756,0,0,0,0,0,0,0,0,0,0,0,0,0,0,0,0,0,0,0,0,0,0,0,0,0,0,0,0,0,0,0,0,0,0,0,0,0,0,0,0,0,0,0,0,0,0,0,0,0,0,0,0,0,0,0,0,0,0,0,0,0,0,0,0,0,0,0,0,0,0,0,0,0,0,0,0,0,0,0,0,0,0,0,0,0,0,0,0,0,0,0,0,0,0,0,0,0,0,0,0,0,0,0,0,0,0,0,0,0,0,0,0,0,0,0,0,0,0,0,0,0,0,0,0,0,0,0,0,0,0,0,0,0,0,0,0,0,0,0,0,0,0,0,0,0,0,0,0,0,0,0,0,0,0,0,0,0,0,0,0,0,0,0,0,0,0,0,0,0,0,0,0,0,0,0,0,0,0,0,0,0,0,0,0,0,0,0,0,0,0,0,0,0,0,0,0,0,0,0,0,0,0,0,0
SRR5383506,PRJNA377739,COPD_Stable,0.141713467,0.02386191,0,0,0,0,0.273917234,0.074321956,0,0.001886827,0.012843113,0.012428977,0.018127691,0,0,0.002773818,0.001626447,0.010053733,0.001224074,0.012857899,0,0,0.006034315,0.019616446,0,0.002008021,0,0,0.00181516,0.000323749,0,0,0,0,0,0.000652534,0,0,0.004591449,0,0,0,0,0,0,0,0.010977552,0.005298136,0.005671297,0,0.001739177,0,0,0,0,0.001465241,0,0,0,0,0,0,0,0,0,0,0,0.000387837,0,0.000641013,0,0,0,0,0,0,0,0,0,0,0,0,0,0,0,0,0,0,0,0,0,0,0,0,0,0,0,0,0,0,0,0,0,0,0,0,0,0,0,0,0,0,0,0,0,0,0,0,0,0,0,0,0,0,0,0,0,0,0,0,0,0,0,0,0,0,0,0,0,0,0,0,0,0,0,0,0,0,0,0,0,0,0,0,0,0,0,0,0,0,0,0,0,0,0,0,0,0,0,0,0,0,0,0,0,0,0,0,0,0,0,0,0,0,0,0,0,0,0,0,0,0,0,0,0,0,0,0,0,0,0,0,0,0,0,0,0,0,0,0,0,0,0,0,0,0,0,0,0,0,0,0,0,0,0,0,0,0,0,0,0,0,0,0,0,0,0,0,0,0,0,0,0,0,0,0,0,0,0,0,0,0,0,0,0,0,0,0,0,0,0,0,0,0,0,0,0,0,0,0,0,0
SRR5383507,PRJNA377739,COPD_Stable,0.950601163,0.000328225,0.000245145,0,0,0,0.007300668,0.002374194,0,0.002645593,0.000646478,0,0,0,0,0,0,0,0,0,0,0,0,0,0,0,0,0,0,0,0,0,0,0,0.000282746,0,0,0,0,0,0,0,0,0,0,0,0,0,0,0,0,0.000471696,0.000627146,0.000176428,0,0,7.79E-05,0.000654038,0,0,0,0,0,0,0,0,0,0,0,0,0,0,0,0,0,0,0,0,0,0,0,0,0,0,0,0,0,0,0,0,0,0,0,0,0,0,0,0,0,0,0,0,0,0,0,0,0,0,0,0,0,0,0,0,0,0,0,0,0,0,0,0,0,0,0,0,0,0,0,0,0,0,0,0,0,0,0,0,0,0,0,0,0,0,0,0,0,0,0,0,0,0,0,0,0,0,0,0,0,0,0,0,0,0,0,0,0,0,0,0,0,0,0,0,0,0,0,0,0,0,0,0,0,0,0,0,0,0,0,0,0,0,0,0,0,0,0,0,0,0,0,0,0,0,0,0,0,0,0,0,0,0,0,0,0,0,0,0,0,0,0,0,0,0,0,0,0,0,0,0,0,0,0,0,0,0,0,0,0,0,0,0,0,0,0,0,0,0,0,0,0,0,0,0,0,0,0,0,0,0,0,0,0,0,0,0,0,0,0,0,0,0
SRR5383508,PRJNA377739,COPD_Stable,0.100110492,0.041023291,0,0,0,0,0.471917923,0.089685793,0,0.001048551,0.003729269,0.00102651,0.001852203,0,0,0.002236527,0.003081343,0.021869189,0.000988141,0,0,0,0.007826251,0,0,0.00109797,0,0,0.001131802,0,0,0,0,0,0.003094034,0,0,0,0.000848028,0.000319435,0,0,0,0,0,0,0.068777137,0.006427929,0.000725901,0,0.001515079,0.000102366,8.20E-05,0,8.37E-05,0,0,0,0,0,0,0,0,0.000176843,0,0,0,0,0.000138323,0.000343662,0,0,0,0,0,0,0,0,0,0,0,0,0,0,0,0,0,0,0,0,0,0,0,0,0,0,0,0,0,0,0,0,0,0,0,0,0,0,0,0,0,0,0,0,0,0,0,0,0,0,0,0,0,0,0,0,0,0,0,0,0,0,0,0,0,0,0,0,0,0,0,0,0,0,0,0,0,0,0,0,0,0,0,0,0,0,0,0,0,0,0,0,0,0,0,0,0,0,0,0,0,0,0,0,0,0,0,0,0,0,0,0,0,0,0,0,0,0,0,0,0,0,0,0,0,0,0,0,0,0,0,0,0,0,0,0,0,0,0,0,0,0,0,0,0,0,0,0,0,0,0,0,0,0,0,0,0,0,0,0,0,0,0,0,0,0,0,0,0,0,0,0,0,0,0,0,0,0,0,0,0,0,0,0,0,0,0,0,0,0,0,0,0,0,0,0,0,0,0,0,0,0
SRR5383509,PRJNA377739,COPD_Stable,0.010962669,0.000462133,0.000321189,0,0,0,0.073834848,0.013281964,0,0.002953869,0,0,0,0,0,0,0,0,0,0,0,0,0,0.000149746,0,0,0.854503129,0,0,0,0,0,0.000412091,0,0,0,0,0,0,0,0,0,0,0,0,0,0,0,0,0,0,0.000471989,0.000126976,0,0,0,0.000193208,0,0,0,0,0,0,0,0,0,0,0,0,0,0,0,0,0,0,0,0,0,0,0,0,0,0,0,0,0,0,0,0,0,0,0,0,0,0,0,0,0,0,0,0,0,0,0,0,0,0,0,0,0,0,0,0,0,0,0,0,0,0,0,0,0,0,0,0,0,0,0,0,0,0,0,0,0,0,0,0,0,0,0,0,0,0,0,0,0,0,0,0,0,0,0,0,0,0,0,0,0,0,0,0,0,0,0,0,0,0,0,0,0,0,0,0,0,0,0,0,0,0,0,0,0,0,0,0,0,0,0,0,0,0,0,0,0,0,0,0,0,0,0,0,0,0,0,0,0,0,0,0,0,0,0,0,0,0,0,0,0,0,0,0,0,0,0,0,0,0,0,0,0,0,0,0,0,0,0,0,0,0,0,0,0,0,0,0,0,0,0,0,0,0,0,0,0,0,0,0,0,0,0,0,0,0,0,0,0,0,0,0,0,0,0
SRR5383510,PRJNA377739,COPD_Stable,0.379460389,0.004199173,0,0,0,0,0.370229088,0.015538076,0,0.009484112,0.009500902,0.000730394,0.01104425,0,0,0.000228528,0.00034552,0.019991194,0,0,0,0,0,0.002383955,0,0.000232029,0.000370556,0,0.00021041,0.000572121,0,0,0,0,0,0,0,0,0,0.000155187,0,0,0,0,0,0.000370926,0.001003138,0.003189014,0.0014987,0.000912347,0.001398859,0.000609076,0,0,0,0.001704373,0.000391812,0,0,0,0,0.002052783,8.04E-05,0,0,0.000337647,0.000316457,0,0,0,0,0,0,0,0,0,0,0,0,0,0,0,0,0,0,0,0,0,0,0,0,0,0,0,0,0,0,0,0,0,0,0,0,0,0,0,0,0,0,0,0,0,0,0,0,0,0,0,0,0,0,0,0,0,0,0,0,0,0,0,0,0,0,0,0,0,0,0,0,0,0,0,0,0,0,0,0,0,0,0,0,0,0,0,0,0,0,0,0,0,0,0,0,0,0,0,0,0,0,0,0,0,0,0,0,0,0,0,0,0,0,0,0,0,0,0,0,0,0,0,0,0,0,0,0,0,0,0,0,0,0,0,0,0,0,0,0,0,0,0,0,0,0,0,0,0,0,0,0,0,0,0,0,0,0,0,0,0,0,0,0,0,0,0,0,0,0,0,0,0,0,0,0,0,0,0,0,0,0,0,0,0,0,0,0,0,0,0,0,0,0,0,0,0,0,0,0,0,0,0,0,0
SRR5383511,PRJNA377739,COPD_Stable,0.502979975,0.008085079,0,0,0,0,0.238814728,0.002451091,0,0.030250273,0,0,0,0,0,0,0,0,0,0,0,0,0,0,0,0,0.000509709,0,0,0,0,0,0,0,0,0,0,0,0,0,0,0,0,0,0,0,0,0,0,0,0,0.001475494,0,0.00161443,0.000734868,0,0,0.004184604,0,0,0,0,0,0,0,0,0,0,0,0,0,0,0,0,0,0,0,0,0,0,0,0,0,0,0,0,0,0,0,0,0,0,0,0,0,0,0,0,0,0,0,0,0,0,0,0,0,0,0,0,0,0,0,0,0,0,0,0,0,0,0,0,0,0,0,0,0,0,0,0,0,0,0,0,0,0,0,0,0,0,0,0,0,0,0,0,0,0,0,0,0,0,0,0,0,0,0,0,0,0,0,0,0,0,0,0,0,0,0,0,0,0,0,0,0,0,0,0,0,0,0,0,0,0,0,0,0,0,0,0,0,0,0,0,0,0,0,0,0,0,0,0,0,0,0,0,0,0,0,0,0,0,0,0,0,0,0,0,0,0,0,0,0,0,0,0,0,0,0,0,0,0,0,0,0,0,0,0,0,0,0,0,0,0,0,0,0,0,0,0,0,0,0,0,0,0,0,0,0,0,0,0,0,0,0,0,0,0,0,0,0,0
SRR5383512,PRJNA377739,COPD_Stable,0.561454794,0.002640563,0,0,0,0,0.150560323,0.022426421,0,0.05853483,0,0,0.043131821,0,0,0,0,0,0.000386044,0,0,0,0.001129712,0.003570616,0,0.00040631,0,0,0.001664283,0,0,0,0.000392365,0,0,0,0,0,0.001552944,0,0,0,0,0,0,0,0.000263579,0.000565485,0,0,0,0.002090226,0,0,0,0,0.000402018,0,0,0,0,0,0,0,0.001576621,0,0,0,0,0,0,0,0,0,0,0,0,0,0,0,0,0,0,0,0,0,0,0,0,0,0,0,0,0,0,0,0,0,0,0,0,0,0,0,0,0,0,0,0,0,0,0,0,0,0,0,0,0,0,0,0,0,0,0,0,0,0,0,0,0,0,0,0,0,0,0,0,0,0,0,0,0,0,0,0,0,0,0,0,0,0,0,0,0,0,0,0,0,0,0,0,0,0,0,0,0,0,0,0,0,0,0,0,0,0,0,0,0,0,0,0,0,0,0,0,0,0,0,0,0,0,0,0,0,0,0,0,0,0,0,0,0,0,0,0,0,0,0,0,0,0,0,0,0,0,0,0,0,0,0,0,0,0,0,0,0,0,0,0,0,0,0,0,0,0,0,0,0,0,0,0,0,0,0,0,0,0,0,0,0,0,0,0,0,0,0,0,0,0,0,0,0,0,0,0,0,0,0,0,0,0,0
SRR5383513,PRJNA377739,COPD_Stable,0.319075348,0.008275893,0,0,0,0,0.58552701,0.015590038,0,0.015783799,0,0,0.002423209,0,0,0.001077684,0,0,0,0,0,0,0,0,0,0,0,0,0.002500719,0,0.001373824,0,0,0,0.00171801,0,0,0,0,0,0,0,0,0,0,0,0.001567116,0,0,0,0,0.001191517,0,0,0.000259617,0,0.000334231,0,0,0,0.000416538,0,0,0,0,0,0,0,0,0,0,0,0,0,0,0,0,0,0,0,0,0,0,0,0,0,0,0,0,0,0,0,0,0,0,0,0,0,0,0,0,0,0,0,0,0,0,0,0,0,0,0,0,0,0,0,0,0,0,0,0,0,0,0,0,0,0,0,0,0,0,0,0,0,0,0,0,0,0,0,0,0,0,0,0,0,0,0,0,0,0,0,0,0,0,0,0,0,0,0,0,0,0,0,0,0,0,0,0,0,0,0,0,0,0,0,0,0,0,0,0,0,0,0,0,0,0,0,0,0,0,0,0,0,0,0,0,0,0,0,0,0,0,0,0,0,0,0,0,0,0,0,0,0,0,0,0,0,0,0,0,0,0,0,0,0,0,0,0,0,0,0,0,0,0,0,0,0,0,0,0,0,0,0,0,0,0,0,0,0,0,0,0,0,0,0,0,0,0,0,0,0,0,0,0,0,0,0,0,0,0,0
SRR5383514,PRJNA377739,COPD_Stable,0.195042243,0.016349602,0.000560527,0,0,0,0.625604994,0.000833141,0,0.058036023,0.00060083,0,0,0,0,0,0,0,0,0.000989151,0,0,0,0,0,0,0,0,0.000938432,0,0,0,0.000694657,0,0.010049201,0.002181599,0,0,0,0,0,0,0,0,0,0,0,0,0,0,0.001285692,0,0,0.002577944,0.000223481,0.000123906,0.000711566,0.001611534,0,0,0,0,0.000325902,0,0,0,0,0,0,0,0,0,0,0,0,0,0,0,0,0,0,0,0,0,0,0,0,0,0,0,0,0,0,0,0,0,0,0,0,0,0,0,0,0,0,0,0,0,0,0,0,0,0,0,0,0,0,0,0,0,0,0,0,0,0,0,0,0,0,0,0,0,0,0,0,0,0,0,0,0,0,0,0,0,0,0,0,0,0,0,0,0,0,0,0,0,0,0,0,0,0,0,0,0,0,0,0,0,0,0,0,0,0,0,0,0,0,0,0,0,0,0,0,0,0,0,0,0,0,0,0,0,0,0,0,0,0,0,0,0,0,0,0,0,0,0,0,0,0,0,0,0,0,0,0,0,0,0,0,0,0,0,0,0,0,0,0,0,0,0,0,0,0,0,0,0,0,0,0,0,0,0,0,0,0,0,0,0,0,0,0,0,0,0,0,0,0,0,0,0,0,0,0,0,0,0,0,0,0,0,0,0
SRR5383515,PRJNA377739,COPD_Stable,0.035305339,0.008200849,0,0,0,0,0.111910851,0.046818687,0,0.002185089,0.001410747,0,0.00141864,0,0,0.000692731,0.001480799,0.000236371,0.000661832,0,0,0,0.004337618,0.004787321,0,0,0,0,0.00038333,0,0,0,0,0,0,0,0,0,0.000378316,0,0,0,0,0,0,0,0.003446131,0.000152568,0.000484595,0,0,0,0,0,8.59E-05,0,0,0,0,0,0,0,0,0,0,8.75E-05,5.20E-05,0,0,0,0,0,0,0,0,0,0,0,0,0,0,0,0,0,0,0,0,0,0,0,0,0,0,0,0,0,0,0,0,0,0,0,0,0,0,0,0,0,0,0,0,0,0,0,0,0,0,0,0,0,0,0,0,0,0,0,0,0,0,0,0,0,0,0,0,0,0,0,0,0,0,0,0,0,0,0,0,0,0,0,0,0,0,0,0,0,0,0,0,0,0,0,0,0,0,0,0,0,0,0,0,0,0,0,0,0,0,0,0,0,0,0,0,0,0,0,0,0,0,0,0,0,0,0,0,0,0,0,0,0,0,0,0,0,0,0,0,0,0,0,0,0,0,0,0,0,0,0,0,0,0,0,0,0,0,0,0,0,0,0,0,0,0,0,0,0,0,0,0,0,0,0,0,0,0,0,0,0,0,0,0,0,0,0,0,0,0,0,0,0,0,0,0,0,0,0,0,0,0,0,0,0
SRR5383516,PRJNA377739,COPD_Stable,0.179688142,0.006225016,0.051108528,0,0,0,0.128417541,0.024069802,0.005376851,0.002863312,0.014547885,0.002352408,0.007075068,0,0,0,0,0.010643307,0.000691407,0.007158983,0,0,0.012225118,0.00787437,0,0.005579558,0,0,0.003824702,0,0,0,0,0,0,0,0,0,0.000350279,0,0,0,0,0,0,0,0.005947576,0.002933821,0.001002863,0,0,0.000956982,0,0,0.000632934,0,0.000663392,0,0,0.000716702,0,0,0.000816624,0,0,0,0,0,0.000267431,0,0,0,0,0,0,0,0,0,0,0,0,0,0,0,0,0,0,0,0,0,0,0,0,0,0,0,0,0,0,0,0,0,0,0,0,0,0,0,0,0,0,0,0,0,0,0,0,0,0,0,0,0,0,0,0,0,0,0,0,0,0,0,0,0,0,0,0,0,0,0,0,0,0,0,0,0,0,0,0,0,0,0,0,0,0,0,0,0,0,0,0,0,0,0,0,0,0,0,0,0,0,0,0,0,0,0,0,0,0,0,0,0,0,0,0,0,0,0,0,0,0,0,0,0,0,0,0,0,0,0,0,0,0,0,0,0,0,0,0,0,0,0,0,0,0,0,0,0,0,0,0,0,0,0,0,0,0,0,0,0,0,0,0,0,0,0,0,0,0,0,0,0,0,0,0,0,0,0,0,0,0,0,0,0,0,0,0,0,0,0,0,0,0,0,0,0,0,0,0,0,0,0
SRR5383517,PRJNA377739,COPD_Stable,0.044135579,0.001543697,0,0,0,0,0.06111731,0.015395456,0,0.002393213,0,0,0.003109613,0,0,0,0,0,0,0.002198937,0,0,0,0,0,0.000953549,0,0,0.000561586,0,0,0,0,0,0,0,0,0,0.001699969,0,0,0,0,0,0,0,0,0,0,0,0,0.000327392,0,0,8.90E-05,0,0,0,0,0,0,0,0,0,0,0,0,0,0,0,0,0,0,0,0,0,0,0,0,0,0,0,0,0,0,0,0,0,0,0,0,0,0,0,0,0,0,0,0,0,0,0,0,0,0,0,0,0,0,0,0,0,0,0,0,0,0,0,0,0,0,0,0,0,0,0,0,0,0,0,0,0,0,0,0,0,0,0,0,0,0,0,0,0,0,0,0,0,0,0,0,0,0,0,0,0,0,0,0,0,0,0,0,0,0,0,0,0,0,0,0,0,0,0,0,0,0,0,0,0,0,0,0,0,0,0,0,0,0,0,0,0,0,0,0,0,0,0,0,0,0,0,0,0,0,0,0,0,0,0,0,0,0,0,0,0,0,0,0,0,0,0,0,0,0,0,0,0,0,0,0,0,0,0,0,0,0,0,0,0,0,0,0,0,0,0,0,0,0,0,0,0,0,0,0,0,0,0,0,0,0,0,0,0,0,0,0,0,0,0,0,0
SRR5383518,PRJNA377739,COPD_Stable,0.185998499,0.001566196,0,0,0,0,0.029649688,0.005877458,0,0.001589619,0.000392722,0,0.000538808,0,0,0.000127355,0.000214074,8.59E-05,0,0,0,0,0.001200135,0.001623091,0,0.000151882,0,0,9.57E-05,0,0,0,0,0,0,0,0,0,0,0,0,0,0,0,0,0,0,0,0.000290626,0,0,0,0,0,0,0,0,0,0,0,0,0,0,0,0,0,0,0,0,0,0,0,0,0,0,0,0,0,0,0,0,0,0,0,0,0,0,0,0,0,0,0,0,0,0,0,0,0,0,0,0,0,0,0,0,0,0,0,0,0,0,0,0,0,0,0,0,0,0,0,0,0,0,0,0,0,0,0,0,0,0,0,0,0,0,0,0,0,0,0,0,0,0,0,0,0,0,0,0,0,0,0,0,0,0,0,0,0,0,0,0,0,0,0,0,0,0,0,0,0,0,0,0,0,0,0,0,0,0,0,0,0,0,0,0,0,0,0,0,0,0,0,0,0,0,0,0,0,0,0,0,0,0,0,0,0,0,0,0,0,0,0,0,0,0,0,0,0,0,0,0,0,0,0,0,0,0,0,0,0,0,0,0,0,0,0,0,0,0,0,0,0,0,0,0,0,0,0,0,0,0,0,0,0,0,0,0,0,0,0,0,0,0,0,0,0,0,0,0,0,0,0
SRR5383519,PRJNA377739,COPD_Stable,0.241982796,0.015514026,0.000261621,0,0,0,0.452193495,0.06584424,0,0.030287726,0,0.000437487,0.015374991,0,0,0.00178026,0.002793932,0,0.010731429,0,0,0,0.006128639,0.000998094,0,0.000135798,0,0,0.008005083,0.000972649,0,0,0,0,0,0.002540434,0,0,0,0,0,0,0,0,0,0,0.009463859,0,0.008050998,0,0,0,0,0.000126963,0,0,0.000148076,0,0,0,0,0,0.001422512,0,0,0,0,0,7.92E-05,0,0,0,0,0,0,0,0,0,0,0,0,0,0,0,0,0,0,0,0,0,0,0,0,0,0,0,0,0,0,0,0,0,0,0,0,0,0,0,0,0,0,0,0,0,0,0,0,0,0,0,0,0,0,0,0,0,0,0,0,0,0,0,0,0,0,0,0,0,0,0,0,0,0,0,0,0,0,0,0,0,0,0,0,0,0,0,0,0,0,0,0,0,0,0,0,0,0,0,0,0,0,0,0,0,0,0,0,0,0,0,0,0,0,0,0,0,0,0,0,0,0,0,0,0,0,0,0,0,0,0,0,0,0,0,0,0,0,0,0,0,0,0,0,0,0,0,0,0,0,0,0,0,0,0,0,0,0,0,0,0,0,0,0,0,0,0,0,0,0,0,0,0,0,0,0,0,0,0,0,0,0,0,0,0,0,0,0,0,0,0,0,0,0,0,0,0,0,0,0,0,0,0
SRR5383520,PRJNA377739,COPD_Stable,0.182183454,0.042275845,0,0,0,0,0.37437704,0.156031911,0.000466389,0.029504004,0.007643572,0,0.016860015,0,0,0.006851133,0,0.001132739,0,0,0,0.000955656,0.011826885,0.009797838,0,0.007115004,0,0,0.00207165,0.008346335,0,0,0,0,0,0,0,0,0.000410101,0,0,0,0,0,0,0.004036646,0.000841007,0,0.010312472,0,0.009436423,0.001071226,0,0.000685595,0.000350209,0.003274283,0,0,0,0,0,0,0.000550713,0,0,0.000136241,0.000379553,0,0,0.003662436,0,0,0,0,0,0,0,0,0,0,0,0,0,0,0,0,0,0,0,0,0,0,0,0,0,0,0,0,0,0,0,0,0,0,0,0,0,0,0,0,0,0,0,0,0,0,0,0,0,0,0,0,0,0,0,0,0,0,0,0,0,0,0,0,0,0,0,0,0,0,0,0,0,0,0,0,0,0,0,0,0,0,0,0,0,0,0,0,0,0,0,0,0,0,0,0,0,0,0,0,0,0,0,0,0,0,0,0,0,0,0,0,0,0,0,0,0,0,0,0,0,0,0,0,0,0,0,0,0,0,0,0,0,0,0,0,0,0,0,0,0,0,0,0,0,0,0,0,0,0,0,0,0,0,0,0,0,0,0,0,0,0,0,0,0,0,0,0,0,0,0,0,0,0,0,0,0,0,0,0,0,0,0,0,0,0,0,0,0,0,0,0,0,0,0,0,0,0,0,0,0,0
SRR5383521,PRJNA377739,COPD_Stable,0.12212681,0.001985231,0.061332968,0,0,0,0.120180934,0.041923401,0.002518425,0.012111113,0.008328046,0.004266244,0.045080046,0,0,0,0,0.050975217,0,0.00481695,0,0.000956809,0.004235854,0.053693498,0,0,0.036598229,0,0,0.002761273,0.00205741,0,0,0,0,0,0,0,0,0,0,0,0,0,0,0.001728499,0.005847038,0,0.017863046,0,0.006224511,0.001545674,0.011511562,0,0,0.002733935,0,0,0.000555355,0,0,0,0,0,0.008003275,0,0,0,0,0.003919347,0,0,0,0,0,0,0,0,0,0,0,0,0,0,0,0,0,0,0,0,0,0,0,0,0,0,0,0,0,0,0,0,0,0,0,0,0,0,0,0,0,0,0,0,0,0,0,0,0,0,0,0,0,0,0,0,0,0,0,0,0,0,0,0,0,0,0,0,0,0,0,0,0,0,0,0,0,0,0,0,0,0,0,0,0,0,0,0,0,0,0,0,0,0,0,0,0,0,0,0,0,0,0,0,0,0,0,0,0,0,0,0,0,0,0,0,0,0,0,0,0,0,0,0,0,0,0,0,0,0,0,0,0,0,0,0,0,0,0,0,0,0,0,0,0,0,0,0,0,0,0,0,0,0,0,0,0,0,0,0,0,0,0,0,0,0,0,0,0,0,0,0,0,0,0,0,0,0,0,0,0,0,0,0,0,0,0,0,0,0,0,0,0,0,0,0,0,0,0,0,0,0
SRR5383522,PRJNA377739,COPD_Stable,0.218228631,0.017807856,0.000149034,0,0,0,0.27553741,0.192250671,0,0.016764426,0.009015344,0.000263753,0.012860073,0,0,0.00280712,0.002082636,0.004934117,0,0,0,0,0.000213588,0.006613077,0,0.000422319,0,0,0.000250582,0,0,0,0.000706348,0,0,0,0,0,0.003481897,0.000246762,0,0,0,0,0,0.000103395,0.000758325,0.005346936,0.000661131,0,0.000294675,0,0.000279548,0,0.000166276,0,0,0,0,0,0.000536646,0,0.000157214,0,0,0.000148789,0,0,0,0,0,0,0,0,0,0,0,0,0,0,0,0,0,0,0,0,0,0,0,0,0,0,0,0,0,0,0,0,0,0,0,0,0,0,0,0,0,0,0,0,0,0,0,0,0,0,0,0,0,0,0,0,0,0,0,0,0,0,0,0,0,0,0,0,0,0,0,0,0,0,0,0,0,0,0,0,0,0,0,0,0,0,0,0,0,0,0,0,0,0,0,0,0,0,0,0,0,0,0,0,0,0,0,0,0,0,0,0,0,0,0,0,0,0,0,0,0,0,0,0,0,0,0,0,0,0,0,0,0,0,0,0,0,0,0,0,0,0,0,0,0,0,0,0,0,0,0,0,0,0,0,0,0,0,0,0,0,0,0,0,0,0,0,0,0,0,0,0,0,0,0,0,0,0,0,0,0,0,0,0,0,0,0,0,0,0,0,0,0,0,0,0,0,0,0,0,0,0,0,0,0,0
SRR5383523,PRJNA377739,COPD_Stable,0.268960065,0.076482842,0,0,0,0,0.276776276,0.170182706,0,0.042267513,0.006811445,0,0.020144459,0,0,0.005432595,0,0.00063805,0,0,0,0.002489736,0.002088456,0,0,0.001336852,0,0,0.005978265,0,0,0,0,0,0,0,0,0,0.000960236,0,0,0,0,0,0,0.000768419,0.000373616,0,0.001216042,0,0.00325088,0.000133288,0,0,0.000102382,0.001801537,0,0,0,0,0,0,0.000223301,0,0,0.000458149,0,0,0,0.000370994,0,0,0,0,0,0,0,0,0,0,0,0,0,0,0,0,0,0,0,0,0,0,0,0,0,0,0,0,0,0,0,0,0,0,0,0,0,0,0,0,0,0,0,0,0,0,0,0,0,0,0,0,0,0,0,0,0,0,0,0,0,0,0,0,0,0,0,0,0,0,0,0,0,0,0,0,0,0,0,0,0,0,0,0,0,0,0,0,0,0,0,0,0,0,0,0,0,0,0,0,0,0,0,0,0,0,0,0,0,0,0,0,0,0,0,0,0,0,0,0,0,0,0,0,0,0,0,0,0,0,0,0,0,0,0,0,0,0,0,0,0,0,0,0,0,0,0,0,0,0,0,0,0,0,0,0,0,0,0,0,0,0,0,0,0,0,0,0,0,0,0,0,0,0,0,0,0,0,0,0,0,0,0,0,0,0,0,0,0,0,0,0,0,0,0,0,0,0,0,0,0,0
SRR5383524,PRJNA377739,COPD_Stable,0.000368449,0,0,0,0,0,0.112764106,0.035420301,0,0.002323393,0.000463187,0,0.004596242,0,0,0,0,0,0,0,0,0,0.003765615,0,0,0,0.830762633,0,0.000584262,0,0,0,0.000170842,0,0,0,0,0,0,0,0,0,0,0,0,0,0,0,0,0,0,0,7.46E-05,0,0,0,0,0,0,0,0,0,0,0,0,0,0,0,0,0,0,0,0,0,0,0,0,0,0,0,0,0,0,0,0,0,0,0,0,0,0,0,0,0,0,0,0,0,0,0,0,0,0,0,0,0,0,0,0,0,0,0,0,0,0,0,0,0,0,0,0,0,0,0,0,0,0,0,0,0,0,0,0,0,0,0,0,0,0,0,0,0,0,0,0,0,0,0,0,0,0,0,0,0,0,0,0,0,0,0,0,0,0,0,0,0,0,0,0,0,0,0,0,0,0,0,0,0,0,0,0,0,0,0,0,0,0,0,0,0,0,0,0,0,0,0,0,0,0,0,0,0,0,0,0,0,0,0,0,0,0,0,0,0,0,0,0,0,0,0,0,0,0,0,0,0,0,0,0,0,0,0,0,0,0,0,0,0,0,0,0,0,0,0,0,0,0,0,0,0,0,0,0,0,0,0,0,0,0,0,0,0,0,0,0,0,0,0,0,0,0,0
SRR5383525,PRJNA377739,COPD_Stable,0.256762302,0.001555374,0,0,0,0,0.062506139,0.029763698,0,0.003913909,0,0,0.001811139,0,0,0.000670777,0.000597359,0,0.000390362,0,0,0.000371098,0.003424045,0.004459886,0,0.000417924,0,0,0.001596457,0,0,0,0,0,0.000312485,0.000648646,0,0,0.000103161,0,0,0,0,0,0,0,0.002106748,0,0,0,0,0,0,0,0,0,0,0,0,0,0.000268622,0,0,0,0,0,0,0,0,0,0,0,0,0,0,0,0,0,0,0,0,0,0,0,0,0,0,0,0,0,0,0,0,0,0,0,0,0,0,0,0,0,0,0,0,0,0,0,0,0,0,0,0,0,0,0,0,0,0,0,0,0,0,0,0,0,0,0,0,0,0,0,0,0,0,0,0,0,0,0,0,0,0,0,0,0,0,0,0,0,0,0,0,0,0,0,0,0,0,0,0,0,0,0,0,0,0,0,0,0,0,0,0,0,0,0,0,0,0,0,0,0,0,0,0,0,0,0,0,0,0,0,0,0,0,0,0,0,0,0,0,0,0,0,0,0,0,0,0,0,0,0,0,0,0,0,0,0,0,0,0,0,0,0,0,0,0,0,0,0,0,0,0,0,0,0,0,0,0,0,0,0,0,0,0,0,0,0,0,0,0,0,0,0,0,0,0,0,0,0,0,0,0,0,0,0,0,0,0,0,0,0
SRR5383526,PRJNA377739,COPD_Stable,0.123495273,0.005047104,0,0,0,0,0.130370173,0.035221134,0,0.021529268,0,0.007952545,0.046127588,0,0,0.000286045,0.001095158,0,0.001152454,0,0,0,0.019364956,0.000832534,0,0.001312258,0,0,0.00159695,0,0,0,0,0,0,0,0,0,0.000403083,0,0,0,0,0,0,0,0.002413879,0,0.001733519,0,0,0,0,0,0,0,0,0,0,0,0,0,0.000790479,0,0,0,0,0,0,0,0,0,0,0,0,0,0,0,0,0,0,0,0,0,0,0,0,0,0,0,0,0,0,0,0,0,0,0,0,0,0,0,0,0,0,0,0,0,0,0,0,0,0,0,0,0,0,0,0,0,0,0,0,0,0,0,0,0,0,0,0,0,0,0,0,0,0,0,0,0,0,0,0,0,0,0,0,0,0,0,0,0,0,0,0,0,0,0,0,0,0,0,0,0,0,0,0,0,0,0,0,0,0,0,0,0,0,0,0,0,0,0,0,0,0,0,0,0,0,0,0,0,0,0,0,0,0,0,0,0,0,0,0,0,0,0,0,0,0,0,0,0,0,0,0,0,0,0,0,0,0,0,0,0,0,0,0,0,0,0,0,0,0,0,0,0,0,0,0,0,0,0,0,0,0,0,0,0,0,0,0,0,0,0,0,0,0,0,0,0,0,0,0,0,0,0,0,0,0,0,0,0
SRR5383527,PRJNA377739,COPD_Stable,0.146029554,0.031841882,0.000108017,0,0,0,0.4986345,0.074220405,0,0.039153051,0.012583188,0.001371363,0.017944385,0,0,0.00084928,0.001609537,0.067827512,0.001946414,0,0,0,0.005366881,0.002444547,0,0,0,0,0.00148318,0,0,0,0.001730797,0,0,0.000729804,0,0,0.002086059,0,0,0,0,0,0,0,0.001103696,0.000178257,0,0,0.013879656,0.000256788,0.005149265,0.000248457,0.000127487,0.006467525,0,0.001423856,0,0,0,0,0,0,0,0,0,0,0,0.001086962,0,0,0,0,0,0,0,0,0,0,0,0,0,0,0,0,0,0,0,0,0,0,0,0,0,0,0,0,0,0,0,0,0,0,0,0,0,0,0,0,0,0,0,0,0,0,0,0,0,0,0,0,0,0,0,0,0,0,0,0,0,0,0,0,0,0,0,0,0,0,0,0,0,0,0,0,0,0,0,0,0,0,0,0,0,0,0,0,0,0,0,0,0,0,0,0,0,0,0,0,0,0,0,0,0,0,0,0,0,0,0,0,0,0,0,0,0,0,0,0,0,0,0,0,0,0,0,0,0,0,0,0,0,0,0,0,0,0,0,0,0,0,0,0,0,0,0,0,0,0,0,0,0,0,0,0,0,0,0,0,0,0,0,0,0,0,0,0,0,0,0,0,0,0,0,0,0,0,0,0,0,0,0,0,0,0,0,0,0,0,0,0,0,0,0,0,0,0,0,0,0,0
SRR5383528,PRJNA377739,COPD_Stable,0.079478264,0,6.95E-05,0,0,0,0.003537938,0.00072746,0,0.001361128,0,0,0.005137111,0,0,0,0,0,0,0,0,0,0,0,0,0,0,0,0,0,0,0,0,0,0,0,0,0,0,0,0,0,0,0,0,0,0,0,0.000100306,0,0,0.000535792,0,0.0003899,0.000258371,0,0.000167746,0,0,0,0,0,0,0,0,0,0,0,8.72E-05,0,0,0,0,0,0,0,0,0,0,0,0,0,0,0,0,0,0,0,0,0,0,0,0,0,0,0,0,0,0,0,0,0,0,0,0,0,0,0,0,0,0,0,0,0,0,0,0,0,0,0,0,0,0,0,0,0,0,0,0,0,0,0,0,0,0,0,0,0,0,0,0,0,0,0,0,0,0,0,0,0,0,0,0,0,0,0,0,0,0,0,0,0,0,0,0,0,0,0,0,0,0,0,0,0,0,0,0,0,0,0,0,0,0,0,0,0,0,0,0,0,0,0,0,0,0,0,0,0,0,0,0,0,0,0,0,0,0,0,0,0,0,0,0,0,0,0,0,0,0,0,0,0,0,0,0,0,0,0,0,0,0,0,0,0,0,0,0,0,0,0,0,0,0,0,0,0,0,0,0,0,0,0,0,0,0,0,0,0,0,0,0,0,0,0,0,0,0,0,0,0,0,0
SRR5383529,PRJNA377739,COPD_Stable,0.19084989,0.047498993,0.049038587,0,0,0,0.195503736,0.08416826,0.004215396,0.009737049,0,0.001354101,0.0047261,0,0,0.006170175,0.011262778,0.009729469,0.004549771,0,0,0.003477685,0.015934444,0.003286599,0,0.005063342,0,0,0.00440647,0,0,0,0,0,0,0,0,0,0.001411109,0,0,0,0,0,0,0,0.001559414,0.000847525,0,0,0,0,0.000843935,0,0,0,0,0,0.001512193,0.008137908,0,0,0,0,0,0,0,0,0,0,0,0,0,0,0,0,0,0,0,0,0,0,0,0,0,0,0,0,0,0,0,0,0,0,0,0,0,0,0,0,0,0,0,0,0,0,0,0,0,0,0,0,0,0,0,0,0,0,0,0,0,0,0,0,0,0,0,0,0,0,0,0,0,0,0,0,0,0,0,0,0,0,0,0,0,0,0,0,0,0,0,0,0,0,0,0,0,0,0,0,0,0,0,0,0,0,0,0,0,0,0,0,0,0,0,0,0,0,0,0,0,0,0,0,0,0,0,0,0,0,0,0,0,0,0,0,0,0,0,0,0,0,0,0,0,0,0,0,0,0,0,0,0,0,0,0,0,0,0,0,0,0,0,0,0,0,0,0,0,0,0,0,0,0,0,0,0,0,0,0,0,0,0,0,0,0,0,0,0,0,0,0,0,0,0,0,0,0,0,0,0,0,0,0,0,0,0,0,0,0,0,0
SRR5383530,PRJNA377739,COPD_Stable,0.035980651,0.001455088,0,0,0,0,0.031181352,0.000881147,0,0.015455794,0.000262441,0,0,0,0,0,0,0,0,0,0,0,0,0,0,0,0,0,0,0,0,0,0,0,0.000540295,0.00013796,0,0,0,0,0,0,0,0,0,0,0,0,0.000167351,0,0,0.001260273,0,0,0.000911449,0,0.000587905,0,0,0,0,0,0.000117784,0,0,0,0.000476993,0,0,0,0,0,0,0,0,0,0,0,0,0,0,0,0,0,0,0,0,0,0,0,0,0,0,0,0,0,0,0,0,0,0,0,0,0,0,0,0,0,0,0,0,0,0,0,0,0,0,0,0,0,0,0,0,0,0,0,0,0,0,0,0,0,0,0,0,0,0,0,0,0,0,0,0,0,0,0,0,0,0,0,0,0,0,0,0,0,0,0,0,0,0,0,0,0,0,0,0,0,0,0,0,0,0,0,0,0,0,0,0,0,0,0,0,0,0,0,0,0,0,0,0,0,0,0,0,0,0,0,0,0,0,0,0,0,0,0,0,0,0,0,0,0,0,0,0,0,0,0,0,0,0,0,0,0,0,0,0,0,0,0,0,0,0,0,0,0,0,0,0,0,0,0,0,0,0,0,0,0,0,0,0,0,0,0,0,0,0,0,0,0,0,0,0,0,0,0,0,0,0,0,0,0
SRR5383531,PRJNA377739,COPD_Stable,0.070427187,0.014263541,0,0,0,0,0.163672177,0.051958041,0,0.00356207,0.001560504,0.000473316,0.001814712,0,0,0.000917675,0.001806192,0.001167725,0.000985607,0,0,0,0.004121534,0.012687777,0,0.000278481,0,0,0.00052479,0,0,0,0,0,0,0,0,0,0.000598931,0,0,0,0,0,0,0,0.00730558,0.000629289,0.000469617,0,0,0.000143762,0,0,0.000162967,5.67E-05,0,0,0,0,0.000169406,0,0,0,0,0,0,0,0,0,0,0,0,0,0,0,0,0,0,0,0,0,0,0,0,0,0,0,0,0,0,0,0,0,0,0,0,0,0,0,0,0,0,0,0,0,0,0,0,0,0,0,0,0,0,0,0,0,0,0,0,0,0,0,0,0,0,0,0,0,0,0,0,0,0,0,0,0,0,0,0,0,0,0,0,0,0,0,0,0,0,0,0,0,0,0,0,0,0,0,0,0,0,0,0,0,0,0,0,0,0,0,0,0,0,0,0,0,0,0,0,0,0,0,0,0,0,0,0,0,0,0,0,0,0,0,0,0,0,0,0,0,0,0,0,0,0,0,0,0,0,0,0,0,0,0,0,0,0,0,0,0,0,0,0,0,0,0,0,0,0,0,0,0,0,0,0,0,0,0,0,0,0,0,0,0,0,0,0,0,0,0,0,0,0,0,0,0,0,0,0,0,0,0,0,0,0,0,0,0,0,0
SRR5383532,PRJNA377739,COPD_Stable,0.261862529,0.015695495,0,0,0,0,0.377546143,0.120177503,0,0.008408177,0.007125243,0,0.009349732,0,0,0,0,0,0,0.035175242,0,0,0.007921435,0,0,0.005104196,0,0,0,0,0,0,0.000709237,0,0,0,0,0,0.001634695,0,0,0,0,0,0,0,0.003377407,0.002286649,0.008067404,0,0.001254495,0,0,0.001527252,0.00088166,0,0,0,0,0,0,0,0,0,0.003161876,0,0.000293784,0,0.001012435,0.002077075,0,0,0,0,0,0,0,0,0,0,0,0,0,0,0,0,0,0,0,0,0,0,0,0,0,0,0,0,0,0,0,0,0,0,0,0,0,0,0,0,0,0,0,0,0,0,0,0,0,0,0,0,0,0,0,0,0,0,0,0,0,0,0,0,0,0,0,0,0,0,0,0,0,0,0,0,0,0,0,0,0,0,0,0,0,0,0,0,0,0,0,0,0,0,0,0,0,0,0,0,0,0,0,0,0,0,0,0,0,0,0,0,0,0,0,0,0,0,0,0,0,0,0,0,0,0,0,0,0,0,0,0,0,0,0,0,0,0,0,0,0,0,0,0,0,0,0,0,0,0,0,0,0,0,0,0,0,0,0,0,0,0,0,0,0,0,0,0,0,0,0,0,0,0,0,0,0,0,0,0,0,0,0,0,0,0,0,0,0,0,0,0,0,0,0,0,0,0,0,0,0,0
SRR5383533,PRJNA377739,COPD_Stable,0.158992772,0.01538074,0.01587171,0,0,0,0.325054024,0.014587805,0,0.037042168,0.016658487,0.002381394,0.013243404,0,0,0.001224788,0.000467102,0.012946999,0.001237969,0.006826417,0,0,0.02910146,0.020262047,0,0.009286081,0.000935262,0,0.002836581,0.002762882,0,0,0,0,0,0.000558803,0,0,0.001546618,0.000448508,0,0,0,0,0,0,0.008836585,0.016524059,0.010158784,0,0.001508791,0.002251875,0.00454012,0.000796807,0.001002578,0.000217222,0.002643732,0,0,0,0.0011417,0,0.000460629,0.000389196,0,0,0.001137497,0.001195882,0.001022838,0,0,0,0,0,0,0,0,0,0,0,0,0,0,0,0,0,0,0,0,0,0,0,0,0,0,0,0,0,0,0,0,0,0,0,0,0,0,0,0,0,0,0,0,0,0,0,0,0,0,0,0,0,0,0,0,0,0,0,0,0,0,0,0,0,0,0,0,0,0,0,0,0,0,0,0,0,0,0,0,0,0,0,0,0,0,0,0,0,0,0,0,0,0,0,0,0,0,0,0,0,0,0,0,0,0,0,0,0,0,0,0,0,0,0,0,0,0,0,0,0,0,0,0,0,0,0,0,0,0,0,0,0,0,0,0,0,0,0,0,0,0,0,0,0,0,0,0,0,0,0,0,0,0,0,0,0,0,0,0,0,0,0,0,0,0,0,0,0,0,0,0,0,0,0,0,0,0,0,0,0,0,0,0,0,0,0,0,0,0,0,0,0,0,0,0,0,0,0,0,0,0,0
SRR5383534,PRJNA377739,COPD_Stable,0.001540885,0,9.44E-05,0,0,0,0.000388866,0.000394997,0,0,0,0,0,0,0,0,0,0,0,0,0,0,0,0,0,0,0,0,0,0,0,0,0,0,0,0,0,0,0,0,0,0,0,0,0,0,0,0,0.000119367,0,0,0.000228051,0,0.000108331,0.0001169,0,0,0,0,0,0,0,0,0,0,0,0,0,0,0,0,0,0,0,0,0,0,0,0,0,0,0,0,0,0,0,0,0,0,0,0,0,0,0,0,0,0,0,0,0,0,0,0,0,0,0,0,0,0,0,0,0,0,0,0,0,0,0,0,0,0,0,0,0,0,0,0,0,0,0,0,0,0,0,0,0,0,0,0,0,0,0,0,0,0,0,0,0,0,0,0,0,0,0,0,0,0,0,0,0,0,0,0,0,0,0,0,0,0,0,0,0,0,0,0,0,0,0,0,0,0,0,0,0,0,0,0,0,0,0,0,0,0,0,0,0,0,0,0,0,0,0,0,0,0,0,0,0,0,0,0,0,0,0,0,0,0,0,0,0,0,0,0,0,0,0,0,0,0,0,0,0,0,0,0,0,0,0,0,0,0,0,0,0,0,0,0,0,0,0,0,0,0,0,0,0,0,0,0,0,0,0,0,0,0,0,0,0,0,0,0,0
SRR5383535,PRJNA377739,COPD_Stable,0.047145598,0.004292934,0.019798514,0,0,0,0.12336302,0.007469631,0.000437184,0.013759082,0.003779337,0.003566192,0.001491131,0,0,0,0.000409912,0.001429383,0,0.001641229,0,0,0.00341686,0.002001516,0,0,0.02244732,0,0.000299285,0,0.00211609,0,0,0,0,0.000450899,0,0,0,0,0,0,0,0,0,0.000937596,0.000695412,0.000709435,0.001802884,0,0.001160045,0.002670734,0.00025054,0,0.00021575,0,0.000436657,0,0,0,0,0,0,0,0,0,0,0,0.000407203,0,0,0,0,0,0,0,0,0,0,0,0,0,0,0,0,0,0,0,0,0,0,0,0,0,0,0,0,0,0,0,0,0,0,0,0,0,0,0,0,0,0,0,0,0,0,0,0,0,0,0,0,0,0,0,0,0,0,0,0,0,0,0,0,0,0,0,0,0,0,0,0,0,0,0,0,0,0,0,0,0,0,0,0,0,0,0,0,0,0,0,0,0,0,0,0,0,0,0,0,0,0,0,0,0,0,0,0,0,0,0,0,0,0,0,0,0,0,0,0,0,0,0,0,0,0,0,0,0,0,0,0,0,0,0,0,0,0,0,0,0,0,0,0,0,0,0,0,0,0,0,0,0,0,0,0,0,0,0,0,0,0,0,0,0,0,0,0,0,0,0,0,0,0,0,0,0,0,0,0,0,0,0,0,0,0,0,0,0,0,0,0,0,0,0,0,0,0,0,0,0,0,0
SRR5383536,PRJNA377739,COPD_Stable,0.425864868,0.004132487,0.000776753,0,0,0,0.356823509,0.093131753,0,0.006589266,0.008824708,0.000169661,0,0,0,0.000913717,0,0,0,0,0,0,0.001783103,0,0,0,0,0,0.001248756,0.002619309,0,0,0.001088929,0,0,0,0,0,0.000305873,0,0,0,0,0,0,0.000793856,0,0,0.002309797,0.000229709,0.000807462,0.00166872,0,0,0.000578685,0.000554615,0.000275157,0,0,0,0,0,0,0,0,0,0,0,0.000218245,0,0,0,0,0,0,0,0,0,0,0,0,0,0,0,0,0,0,0,0,0,0,0,0,0,0,0,0,0,0,0,0,0,0,0,0,0,0,0,0,0,0,0,0,0,0,0,0,0,0,0,0,0,0,0,0,0,0,0,0,0,0,0,0,0,0,0,0,0,0,0,0,0,0,0,0,0,0,0,0,0,0,0,0,0,0,0,0,0,0,0,0,0,0,0,0,0,0,0,0,0,0,0,0,0,0,0,0,0,0,0,0,0,0,0,0,0,0,0,0,0,0,0,0,0,0,0,0,0,0,0,0,0,0,0,0,0,0,0,0,0,0,0,0,0,0,0,0,0,0,0,0,0,0,0,0,0,0,0,0,0,0,0,0,0,0,0,0,0,0,0,0,0,0,0,0,0,0,0,0,0,0,0,0,0,0,0,0,0,0,0,0,0,0,0,0,0,0,0,0,0,0,0
SRR5383537,PRJNA377739,COPD_Stable,0.195490349,0.004070612,0.000654008,0,0,0,0.508114312,0.121085981,0,0.002732305,0,0,0.022153797,0,0,0.004757733,0,0.001544157,0.000152085,0.013138787,0,0.001252994,0.023514408,0.001760303,0,0.001093528,0,0,0.002462382,0,0,0,0,0,0,0,0,0,0.002605456,0,0,0,0,0,0,0,0,0.000327592,0,0,0.000579105,0.000447033,0,0.000368872,0.000288285,0,0.000547351,0,0,0,0.000162478,0,0.000736156,0,0,0,0,0,0.000232772,0,0,0,0,0,0,0,0,0,0,0,0,0,0,0,0,0,0,0,0,0,0,0,0,0,0,0,0,0,0,0,0,0,0,0,0,0,0,0,0,0,0,0,0,0,0,0,0,0,0,0,0,0,0,0,0,0,0,0,0,0,0,0,0,0,0,0,0,0,0,0,0,0,0,0,0,0,0,0,0,0,0,0,0,0,0,0,0,0,0,0,0,0,0,0,0,0,0,0,0,0,0,0,0,0,0,0,0,0,0,0,0,0,0,0,0,0,0,0,0,0,0,0,0,0,0,0,0,0,0,0,0,0,0,0,0,0,0,0,0,0,0,0,0,0,0,0,0,0,0,0,0,0,0,0,0,0,0,0,0,0,0,0,0,0,0,0,0,0,0,0,0,0,0,0,0,0,0,0,0,0,0,0,0,0,0,0,0,0,0,0,0,0,0,0,0,0,0,0,0,0,0,0
SRR5383538,PRJNA377739,COPD_Stable,0.10171932,0.003414735,0,0,0,0,0.280795467,0.004435978,0,0.057914837,0.008658158,0.002808051,0.000576611,0,0,0,0,0.007372746,0,0,0,0,0,0.000622845,0,0.06329153,0,0,0,0,0,0,0.001173423,0,0.047061504,0,0,0,0,0.000616683,0,0,0,0,0,0.118044648,0,8.35E-05,0.017502969,0,0.003564252,0,0.000977975,0,0,0.016333085,0.000106115,0,0,0,0.028609479,0,7.10E-05,0,0,0.039324247,0,0,0,0.00010763,0,0,0,0,0,0,0,0,0,0,0,0,0,0,0,0,0,0,0,0,0,0,0,0,0,0,0,0,0,0,0,0,0,0,0,0,0,0,0,0,0,0,0,0,0,0,0,0,0,0,0,0,0,0,0,0,0,0,0,0,0,0,0,0,0,0,0,0,0,0,0,0,0,0,0,0,0,0,0,0,0,0,0,0,0,0,0,0,0,0,0,0,0,0,0,0,0,0,0,0,0,0,0,0,0,0,0,0,0,0,0,0,0,0,0,0,0,0,0,0,0,0,0,0,0,0,0,0,0,0,0,0,0,0,0,0,0,0,0,0,0,0,0,0,0,0,0,0,0,0,0,0,0,0,0,0,0,0,0,0,0,0,0,0,0,0,0,0,0,0,0,0,0,0,0,0,0,0,0,0,0,0,0,0,0,0,0,0,0,0,0,0,0,0,0,0,0,0,0,0,0,0
SRR5383539,PRJNA377739,COPD_Stable,0.254038449,0.017353651,0.08473846,0,0,0,0.169975326,0.067113491,0.004243817,0.014624386,0.002036426,0.00073559,0.008437377,0,0,0.001737302,0.002508862,0.003914158,0.001443803,0.00365036,0,0,0.007912617,0.014998462,0,0.004447876,0.000680411,0,0.000624968,0,0.000962896,0,0,0,0,0.001166903,0,0,0,0,0,0,0,0,0,0.00062136,0.007108779,0.002675108,0.004748709,0,0.00160036,0.000249824,0.000448204,0,0,0,0.000499317,0,0,0,0,0,0,0,0.000630418,0,0,0.000196108,0,0,0,0,0,0,0,0,0,0,0,0,0,0,0,0,0,0,0,0,0,0,0,0,0,0,0,0,0,0,0,0,0,0,0,0,0,0,0,0,0,0,0,0,0,0,0,0,0,0,0,0,0,0,0,0,0,0,0,0,0,0,0,0,0,0,0,0,0,0,0,0,0,0,0,0,0,0,0,0,0,0,0,0,0,0,0,0,0,0,0,0,0,0,0,0,0,0,0,0,0,0,0,0,0,0,0,0,0,0,0,0,0,0,0,0,0,0,0,0,0,0,0,0,0,0,0,0,0,0,0,0,0,0,0,0,0,0,0,0,0,0,0,0,0,0,0,0,0,0,0,0,0,0,0,0,0,0,0,0,0,0,0,0,0,0,0,0,0,0,0,0,0,0,0,0,0,0,0,0,0,0,0,0,0,0,0,0,0,0,0,0,0,0,0,0,0,0,0,0,0,0,0,0
SRR5383540,PRJNA377739,COPD_Stable,0.248174453,0.006946288,0.085131084,0,0,0,0.230751255,0.057242726,0.008018023,0.025359635,0,0.001699575,0.014164153,0,0,0.000358045,0,0.005821067,0,0.012540222,0,0,0.000365577,0.005075862,0,0.003697145,0,0,0.002723892,0.00139793,0,0,0,0,0,0,0,0,0.000933423,0,0,0,0,0,0,0,0.005095076,0.000855115,0.006218521,0,0.005622982,0,0.003953366,0,0,0,0,0,0,0,0,0,0,0,0,0,0,0,0,0,0,0,0,0,0,0,0,0,0,0,0,0,0,0,0,0,0,0,0,0,0,0,0,0,0,0,0,0,0,0,0,0,0,0,0,0,0,0,0,0,0,0,0,0,0,0,0,0,0,0,0,0,0,0,0,0,0,0,0,0,0,0,0,0,0,0,0,0,0,0,0,0,0,0,0,0,0,0,0,0,0,0,0,0,0,0,0,0,0,0,0,0,0,0,0,0,0,0,0,0,0,0,0,0,0,0,0,0,0,0,0,0,0,0,0,0,0,0,0,0,0,0,0,0,0,0,0,0,0,0,0,0,0,0,0,0,0,0,0,0,0,0,0,0,0,0,0,0,0,0,0,0,0,0,0,0,0,0,0,0,0,0,0,0,0,0,0,0,0,0,0,0,0,0,0,0,0,0,0,0,0,0,0,0,0,0,0,0,0,0,0,0,0,0,0,0,0,0,0,0,0,0
SRR5383541,PRJNA377739,COPD_Stable,0.236382836,0.011258428,0.000226161,0,0,0,0.377984049,0.036136695,0,0.049265464,0.003940792,0.01689923,0.054303701,0,0,0.001692043,0.001471457,0,0.001206949,0,0,0,0.041948746,0.006360578,0,0.001348395,0,0,0.003552018,0,0,0,0,0,0,0,0,0,0.001981239,0,0,0,0,0,0,0,0,0,0.001122447,0,0,0.000248506,0,0.000237999,0,0,0.000233976,0,0,0,0,0,0.000887715,0,0,0,0,0,0,0,0,0,0,0,0,0,0,0,0,0,0,0,0,0,0,0,0,0,0,0,0,0,0,0,0,0,0,0,0,0,0,0,0,0,0,0,0,0,0,0,0,0,0,0,0,0,0,0,0,0,0,0,0,0,0,0,0,0,0,0,0,0,0,0,0,0,0,0,0,0,0,0,0,0,0,0,0,0,0,0,0,0,0,0,0,0,0,0,0,0,0,0,0,0,0,0,0,0,0,0,0,0,0,0,0,0,0,0,0,0,0,0,0,0,0,0,0,0,0,0,0,0,0,0,0,0,0,0,0,0,0,0,0,0,0,0,0,0,0,0,0,0,0,0,0,0,0,0,0,0,0,0,0,0,0,0,0,0,0,0,0,0,0,0,0,0,0,0,0,0,0,0,0,0,0,0,0,0,0,0,0,0,0,0,0,0,0,0,0,0,0,0,0,0,0,0,0,0,0,0,0,0
SRR5383542,PRJNA377739,COPD_Stable,0.121277409,0.011165312,0,0,0,0,0.377800551,0.05392425,0,0.015011724,0.038192603,0.008108026,0.003759717,0,0,0.00254837,0.00229867,0.069820811,0.002123282,0,0,0,0.001296983,0.010598057,0,0.00120224,0,0,0.000564077,0.000603165,0,0,0.000340506,0,0,0.009446879,0,0,0.002081986,0.001155497,0,0,0,0,0,0.000143519,0.004800079,0.015387606,0.00342305,0,0.017648767,0,0.004044487,0,0,0.005321161,0,0,0,0,0,0,0,0.000194422,0,0.000427837,0.000137463,0.004036283,0,0.0030374,0,0,0,0,0,0,0,0,0,0,0,0,0,0,0,0,0,0,0,0,0,0,0,0,0,0,0,0,0,0,0,0,0,0,0,0,0,0,0,0,0,0,0,0,0,0,0,0,0,0,0,0,0,0,0,0,0,0,0,0,0,0,0,0,0,0,0,0,0,0,0,0,0,0,0,0,0,0,0,0,0,0,0,0,0,0,0,0,0,0,0,0,0,0,0,0,0,0,0,0,0,0,0,0,0,0,0,0,0,0,0,0,0,0,0,0,0,0,0,0,0,0,0,0,0,0,0,0,0,0,0,0,0,0,0,0,0,0,0,0,0,0,0,0,0,0,0,0,0,0,0,0,0,0,0,0,0,0,0,0,0,0,0,0,0,0,0,0,0,0,0,0,0,0,0,0,0,0,0,0,0,0,0,0,0,0,0,0,0,0,0,0,0,0,0,0,0,0,0,0,0,0
SRR5383543,PRJNA377739,COPD_Stable,0.115648677,0,0,0,0,0,0.199745431,0.000534579,0,0,0,0,0.00181601,0,0,0,0,0,0,0,0,0,0,0,0,0,0,0,7.55E-05,0,0,0,0,0,0,0,0,0,0,0,0,0,0,0,0,0,0,0,0,0,0,0.000129649,0,0,0.000165925,0,0,0,0,0,0,0,0,0,0,0,0,0,0,0,0,0,0,0,0,0,0,0,0,0,0,0,0,0,0,0,0,0,0,0,0,0,0,0,0,0,0,0,0,0,0,0,0,0,0,0,0,0,0,0,0,0,0,0,0,0,0,0,0,0,0,0,0,0,0,0,0,0,0,0,0,0,0,0,0,0,0,0,0,0,0,0,0,0,0,0,0,0,0,0,0,0,0,0,0,0,0,0,0,0,0,0,0,0,0,0,0,0,0,0,0,0,0,0,0,0,0,0,0,0,0,0,0,0,0,0,0,0,0,0,0,0,0,0,0,0,0,0,0,0,0,0,0,0,0,0,0,0,0,0,0,0,0,0,0,0,0,0,0,0,0,0,0,0,0,0,0,0,0,0,0,0,0,0,0,0,0,0,0,0,0,0,0,0,0,0,0,0,0,0,0,0,0,0,0,0,0,0,0,0,0,0,0,0,0,0,0,0,0,0,0,0
SRR5383544,PRJNA377739,COPD_Stable,0.156290938,0.010040719,0,0,0,0,0.204151297,0.086128269,0,0.011903676,0.003966316,0.000372864,0.004517728,0,0,0.001838871,0.003766935,0.000582444,0.017430291,0,0,0,0.04215195,0.018944297,0,0.000429315,0,0,0.008955724,0,0,0,0,0,0,0,0,0,0.004321423,0,0,0,0,0,0,0,0.057895238,0,0,0,0,0.003582031,0,0,0.001288099,0,0.000408534,0,0,0.170536292,0,0,0.000178168,0,0,0,0,0,0.001112186,0,0,0,0,0,0,0,0,0,0,0,0,0,0,0,0,0,0,0,0,0,0,0,0,0,0,0,0,0,0,0,0,0,0,0,0,0,0,0,0,0,0,0,0,0,0,0,0,0,0,0,0,0,0,0,0,0,0,0,0,0,0,0,0,0,0,0,0,0,0,0,0,0,0,0,0,0,0,0,0,0,0,0,0,0,0,0,0,0,0,0,0,0,0,0,0,0,0,0,0,0,0,0,0,0,0,0,0,0,0,0,0,0,0,0,0,0,0,0,0,0,0,0,0,0,0,0,0,0,0,0,0,0,0,0,0,0,0,0,0,0,0,0,0,0,0,0,0,0,0,0,0,0,0,0,0,0,0,0,0,0,0,0,0,0,0,0,0,0,0,0,0,0,0,0,0,0,0,0,0,0,0,0,0,0,0,0,0,0,0,0,0,0,0,0,0,0,0,0,0,0,0,0
SRR5383545,PRJNA377739,COPD_Stable,0.070539822,0.016908704,0,0,0,0,0.205938714,0.086907701,0,0.009166672,0.008923382,0.000850744,0.00379551,0,0,0.001524279,0.00267939,0.004355226,0.0012835,0.001511316,0,0,0.011018003,0.022328793,0,0,0,0,0.000774653,0.000452259,0,0,0,0,0,0,0,0,0.002068328,0,0,0,0,0,0,0.000217418,0.005227915,0.004401654,0.008288439,0,0.000788709,6.40E-05,0.003076216,0,7.72E-05,0.00167194,0,0,0,0,0.000698448,0,0,0,0,0.000205787,0,0,0,0,0,0,0,0,0,0,0,0,0,0,0,0,0,0,0,0,0,0,0,0,0,0,0,0,0,0,0,0,0,0,0,0,0,0,0,0,0,0,0,0,0,0,0,0,0,0,0,0,0,0,0,0,0,0,0,0,0,0,0,0,0,0,0,0,0,0,0,0,0,0,0,0,0,0,0,0,0,0,0,0,0,0,0,0,0,0,0,0,0,0,0,0,0,0,0,0,0,0,0,0,0,0,0,0,0,0,0,0,0,0,0,0,0,0,0,0,0,0,0,0,0,0,0,0,0,0,0,0,0,0,0,0,0,0,0,0,0,0,0,0,0,0,0,0,0,0,0,0,0,0,0,0,0,0,0,0,0,0,0,0,0,0,0,0,0,0,0,0,0,0,0,0,0,0,0,0,0,0,0,0,0,0,0,0,0,0,0,0,0,0,0,0,0,0,0,0,0,0,0,0,0,0
SRR5383546,PRJNA377739,COPD_Stable,0.107722678,0.017240052,0.020739509,0,0,0,0.410397455,0.107654319,0,0.004901977,0.011253293,0.00530552,0.008315728,0,0,0.003023656,0.003597765,0.018114656,0.000693999,0.005307103,0,0.000469206,0.007779101,0.036763106,0,0.002153604,0,0,0.001372665,0.000997248,0,0,0.000187159,0,0,0,0,0,0.001563633,0,0,0,0,0,0,0,0.004367086,0.00448881,0.004214619,0,0.000745234,0,0.00146736,0,0,0.00131631,0,0,0,0,0,0,0,0.001012314,0,0.000404678,0,0.00087851,0,0.000478787,0,0,0,0,0,0,0,0,0,0,0,0,0,0,0,0,0,0,0,0,0,0,0,0,0,0,0,0,0,0,0,0,0,0,0,0,0,0,0,0,0,0,0,0,0,0,0,0,0,0,0,0,0,0,0,0,0,0,0,0,0,0,0,0,0,0,0,0,0,0,0,0,0,0,0,0,0,0,0,0,0,0,0,0,0,0,0,0,0,0,0,0,0,0,0,0,0,0,0,0,0,0,0,0,0,0,0,0,0,0,0,0,0,0,0,0,0,0,0,0,0,0,0,0,0,0,0,0,0,0,0,0,0,0,0,0,0,0,0,0,0,0,0,0,0,0,0,0,0,0,0,0,0,0,0,0,0,0,0,0,0,0,0,0,0,0,0,0,0,0,0,0,0,0,0,0,0,0,0,0,0,0,0,0,0,0,0,0,0,0,0,0,0,0,0,0,0,0,0,0,0,0
SRR5383547,PRJNA377739,COPD_Stable,0.198295216,0,0,0,0,0,0.002933825,0,0,0.002296205,0.000158219,0,0.000370867,0,0,0,0,0.00015015,0,0.008223676,0,0,0,0.000477042,0,3.40E-05,0,0,0,0,0,0,0,0,0,0,0,0,0,0,0,0,0,0,0,0,0,0,0,0,0,0,0,0,0,0,0,0,0,0,0,0,0,0,0,0,0,0,0,0,0,0,0,0,0,0,0,0,0,0,0,0,0,0,0,0,0,0,0,0,0,0,0,0,0,0,0,0,0,0,0,0,0,0,0,0,0,0,0,0,0,0,0,0,0,0,0,0,0,0,0,0,0,0,0,0,0,0,0,0,0,0,0,0,0,0,0,0,0,0,0,0,0,0,0,0,0,0,0,0,0,0,0,0,0,0,0,0,0,0,0,0,0,0,0,0,0,0,0,0,0,0,0,0,0,0,0,0,0,0,0,0,0,0,0,0,0,0,0,0,0,0,0,0,0,0,0,0,0,0,0,0,0,0,0,0,0,0,0,0,0,0,0,0,0,0,0,0,0,0,0,0,0,0,0,0,0,0,0,0,0,0,0,0,0,0,0,0,0,0,0,0,0,0,0,0,0,0,0,0,0,0,0,0,0,0,0,0,0,0,0,0,0,0,0,0,0,0,0,0,0,0
SRR5383548,PRJNA377739,COPD_Stable,0.724176227,0.001449579,0,0,0,0,0.110156569,0.070132887,0,0.005951382,0.00698075,0,0.002011011,0,0,0.001463586,0,0,0,0,0,0,0,0,0,0,0,0,0,0,0,0,0.000434281,0,0,0,0,0,0,0,0,0,0,0,0,0,0,0,0.000527876,0,0,0,0.004289548,0,0,0.001154537,0,0.000360903,0,0,0,0,0.0001197,0,0,0,0,0,0,0,0,0,0,0,0,0,0,0,0,0,0,0,0,0,0,0,0,0,0,0,0,0,0,0,0,0,0,0,0,0,0,0,0,0,0,0,0,0,0,0,0,0,0,0,0,0,0,0,0,0,0,0,0,0,0,0,0,0,0,0,0,0,0,0,0,0,0,0,0,0,0,0,0,0,0,0,0,0,0,0,0,0,0,0,0,0,0,0,0,0,0,0,0,0,0,0,0,0,0,0,0,0,0,0,0,0,0,0,0,0,0,0,0,0,0,0,0,0,0,0,0,0,0,0,0,0,0,0,0,0,0,0,0,0,0,0,0,0,0,0,0,0,0,0,0,0,0,0,0,0,0,0,0,0,0,0,0,0,0,0,0,0,0,0,0,0,0,0,0,0,0,0,0,0,0,0,0,0,0,0,0,0,0,0,0,0,0,0,0,0,0,0,0,0,0,0,0,0,0,0,0,0
SRR5384365,PRJNA377739,COPD_Stable,0.095002122,8.58E-05,0.835763135,0,0,0,0.02425997,0.006592191,0,0.00137899,0,0,0.001549571,0,0,0,0.000327713,0,0.000133353,0,0,0,0.000313538,0,0,0,0,0,0.000276002,0,0,0,0,0,0,0,0,0,0,0,0,0,0,0,0,0,0,0,0,0,0,0,0,0.000141046,0,0,0,0,0,0,0,0,4.49E-05,0,0,0,0,0,0,0,0,0,0,0,0,0,0,0,0,0,0,0,0,0,0,0,0,0,0,0,0,0,0,0,0,0,0,0,0,0,0,0,0,0,0,0,0,0,0,0,0,0,0,0,0,0,0,0,0,0,0,0,0,0,0,0,0,0,0,0,0,0,0,0,0,0,0,0,0,0,0,0,0,0,0,0,0,0,0,0,0,0,0,0,0,0,0,0,0,0,0,0,0,0,0,0,0,0,0,0,0,0,0,0,0,0,0,0,0,0,0,0,0,0,0,0,0,0,0,0,0,0,0,0,0,0,0,0,0,0,0,0,0,0,0,0,0,0,0,0,0,0,0,0,0,0,0,0,0,0,0,0,0,0,0,0,0,0,0,0,0,0,0,0,0,0,0,0,0,0,0,0,0,0,0,0,0,0,0,0,0,0,0,0,0,0,0,0,0,0,0,0,0,0,0,0,0,0,0,0,0,0
SRR5384366,PRJNA377739,COPD_Stable,0.289998101,0.006426158,0.001294001,0,0,0,0.425001723,0.148422971,0,0.009684791,0,0,0,0,0,0,0.000634778,0,0,0,0,0,0.001413314,0,0,0.000823557,0,0,0,0,0,0,0.001381312,0,0.001645512,0,0,0,0,0,0,0,0,0,0,0,0,0,0,0,0,0.001591581,0,0.00198345,0.001577514,0,0,0.001873109,0.00092991,0,0.000823281,0,0,0,0,0,0,0,0,0,0,0,0,0,0,0,0,0,0,0,0,0,0,0,0,0,0,0,0,0,0,0,0,0,0,0,0,0,0,0,0,0,0,0,0,0,0,0,0,0,0,0,0,0,0,0,0,0,0,0,0,0,0,0,0,0,0,0,0,0,0,0,0,0,0,0,0,0,0,0,0,0,0,0,0,0,0,0,0,0,0,0,0,0,0,0,0,0,0,0,0,0,0,0,0,0,0,0,0,0,0,0,0,0,0,0,0,0,0,0,0,0,0,0,0,0,0,0,0,0,0,0,0,0,0,0,0,0,0,0,0,0,0,0,0,0,0,0,0,0,0,0,0,0,0,0,0,0,0,0,0,0,0,0,0,0,0,0,0,0,0,0,0,0,0,0,0,0,0,0,0,0,0,0,0,0,0,0,0,0,0,0,0,0,0,0,0,0,0,0,0,0,0,0,0,0,0,0,0,0,0,0
SRR5384367,PRJNA377739,COPD_Stable,0.072199965,0.008425704,0,0,0,0,0.134064618,0.002741593,0,0.03194109,0.003908769,0,0.011835011,0,0,0,0.000972652,0,0,0,0,0,0.010563788,0.006215268,0,0.000921135,0,0,0.000348161,0.001132014,0,0,0,0,0,0,0,0,0.000608856,0,0,0,0,0,0,0,0.00705441,0,0.013337546,0,0,0.000853027,0,0,0,0.000226276,0.000684593,0,0,0,0,0,0,0,0.023616193,0,0,0,0.000286342,0.000302637,0,0,0,0,0,0,0,0,0,0,0,0,0,0,0,0,0,0,0,0,0,0,0,0,0,0,0,0,0,0,0,0,0,0,0,0,0,0,0,0,0,0,0,0,0,0,0,0,0,0,0,0,0,0,0,0,0,0,0,0,0,0,0,0,0,0,0,0,0,0,0,0,0,0,0,0,0,0,0,0,0,0,0,0,0,0,0,0,0,0,0,0,0,0,0,0,0,0,0,0,0,0,0,0,0,0,0,0,0,0,0,0,0,0,0,0,0,0,0,0,0,0,0,0,0,0,0,0,0,0,0,0,0,0,0,0,0,0,0,0,0,0,0,0,0,0,0,0,0,0,0,0,0,0,0,0,0,0,0,0,0,0,0,0,0,0,0,0,0,0,0,0,0,0,0,0,0,0,0,0,0,0,0,0,0,0,0,0,0,0,0,0,0,0,0,0,0,0,0,0,0,0
SRR5384368,PRJNA377739,COPD_Stable,0.121688763,0.013280976,0,0,0,0,0.365777301,0.090655736,0,0.006681096,0.007211097,0.006590307,0.014275548,0,0,0.001147204,0.002336229,0.004214665,0.000800747,0.021386323,0,0.001163453,0.025432326,0.016949793,0,0.004862863,0,0,0.002317705,0,0,0,0,0,0,0,0,0,0.001152381,0,0,0,0,0,0,0,0.001336472,0.004730341,0.001451528,0,0.000213674,0.00013281,0.001273192,0,9.81E-05,0.000212806,0,0,0,0,0.00015432,0,0.000717021,0.000154503,0,0,0,0,0,0,0,0,0,0,0,0,0,0,0,0,0,0,0,0,0,0,0,0,0,0,0,0,0,0,0,0,0,0,0,0,0,0,0,0,0,0,0,0,0,0,0,0,0,0,0,0,0,0,0,0,0,0,0,0,0,0,0,0,0,0,0,0,0,0,0,0,0,0,0,0,0,0,0,0,0,0,0,0,0,0,0,0,0,0,0,0,0,0,0,0,0,0,0,0,0,0,0,0,0,0,0,0,0,0,0,0,0,0,0,0,0,0,0,0,0,0,0,0,0,0,0,0,0,0,0,0,0,0,0,0,0,0,0,0,0,0,0,0,0,0,0,0,0,0,0,0,0,0,0,0,0,0,0,0,0,0,0,0,0,0,0,0,0,0,0,0,0,0,0,0,0,0,0,0,0,0,0,0,0,0,0,0,0,0,0,0,0,0,0,0,0,0,0,0,0,0,0,0,0,0,0,0
SRR5384369,PRJNA377739,COPD_Stable,0.168632326,0.018309047,0,0,0,0,0.371822306,0.091534833,0,0.015174533,0.008736838,0.011044832,0.02493957,0,0,0.001837961,0.000737868,0.003035102,0.001786607,0,0,0,0.029514517,0.03698824,0,0.000411729,0,0,0.002359925,0.001064524,0,0,0,0,0,0,0,0,0.002686603,0.000312706,0,0,0,0,0,0,0.00548207,0.003499963,0.001664598,0,0,0,0.00184538,0,0,0.000849703,0,0,0,0,0.000385582,0,0.001206333,0,0,0,0,0,0,0,0,0,0,0,0,0,0,0,0,0,0,0,0,0,0,0,0,0,0,0,0,0,0,0,0,0,0,0,0,0,0,0,0,0,0,0,0,0,0,0,0,0,0,0,0,0,0,0,0,0,0,0,0,0,0,0,0,0,0,0,0,0,0,0,0,0,0,0,0,0,0,0,0,0,0,0,0,0,0,0,0,0,0,0,0,0,0,0,0,0,0,0,0,0,0,0,0,0,0,0,0,0,0,0,0,0,0,0,0,0,0,0,0,0,0,0,0,0,0,0,0,0,0,0,0,0,0,0,0,0,0,0,0,0,0,0,0,0,0,0,0,0,0,0,0,0,0,0,0,0,0,0,0,0,0,0,0,0,0,0,0,0,0,0,0,0,0,0,0,0,0,0,0,0,0,0,0,0,0,0,0,0,0,0,0,0,0,0,0,0,0,0,0,0,0,0,0,0,0,0,0,0
SRR5384370,PRJNA377739,COPD_Stable,0.150117829,0.005676954,0,0,0,0,0.353740268,0.042678767,0.034157425,0.00461392,0.004624992,0.003312157,0.00873578,0,0,0.001146681,0.000511118,0,0.001777328,0,0,0,0.000205153,0.024154373,0,0,0,0,0.000777346,0,0,0,0,0,0,0,0,0,0.000174522,0,0,0,0,0,0,0,0.005247982,0.004974346,0.000930351,0,0,0,0.000431143,0,0,0,0,0,0,0,0.000341746,0.000635245,0,0.000492374,0,6.32E-05,0,0,0,0,0,0,0,0,0,0,0,0,0,0,0,0,0,0,0,0,0,0,0,0,0,0,0,0,0,0,0,0,0,0,0,0,0,0,0,0,0,0,0,0,0,0,0,0,0,0,0,0,0,0,0,0,0,0,0,0,0,0,0,0,0,0,0,0,0,0,0,0,0,0,0,0,0,0,0,0,0,0,0,0,0,0,0,0,0,0,0,0,0,0,0,0,0,0,0,0,0,0,0,0,0,0,0,0,0,0,0,0,0,0,0,0,0,0,0,0,0,0,0,0,0,0,0,0,0,0,0,0,0,0,0,0,0,0,0,0,0,0,0,0,0,0,0,0,0,0,0,0,0,0,0,0,0,0,0,0,0,0,0,0,0,0,0,0,0,0,0,0,0,0,0,0,0,0,0,0,0,0,0,0,0,0,0,0,0,0,0,0,0,0,0,0,0,0,0,0,0,0,0,0,0,0
SRR5384371,PRJNA377739,COPD_Stable,0.05965401,0.005391035,0.000556845,0,0,0,0.475836918,0.096694088,0,0,0.007866107,0.000878874,0.00086248,0,0,0.001523837,0.002072744,0.030769963,0,0.001638358,0,0,0.002082248,0.075619885,0,0.000329968,0,0,0,0.000210033,0,0,0.000268274,0,0,0.000849806,0,0,0.001476098,0.00034891,0,0,0,0,0,0.000169827,0.005931935,0.009184234,0.005289624,0,0.006470642,0,0.000128016,0,0,0.001355568,0,0,0,0,0.000244627,0,0,0.000942671,0,0.000587597,0,0.000981939,0,0,0.00011094,0,0,0,0,0,0,0,0,0,0,0,0,0,0,0,0,0,0,0,0,0,0,0,0,0,0,0,0,0,0,0,0,0,0,0,0,0,0,0,0,0,0,0,0,0,0,0,0,0,0,0,0,0,0,0,0,0,0,0,0,0,0,0,0,0,0,0,0,0,0,0,0,0,0,0,0,0,0,0,0,0,0,0,0,0,0,0,0,0,0,0,0,0,0,0,0,0,0,0,0,0,0,0,0,0,0,0,0,0,0,0,0,0,0,0,0,0,0,0,0,0,0,0,0,0,0,0,0,0,0,0,0,0,0,0,0,0,0,0,0,0,0,0,0,0,0,0,0,0,0,0,0,0,0,0,0,0,0,0,0,0,0,0,0,0,0,0,0,0,0,0,0,0,0,0,0,0,0,0,0,0,0,0,0,0,0,0,0,0,0,0,0,0,0,0,0,0,0,0,0,0
SRR5384372,PRJNA377739,COPD_Stable,0.133396735,0.001405338,0,0,0,0,0.032935607,0.024156527,0,0.001299231,0.000526299,0,0.000851056,0,0,0.000287834,0.000619206,0.000473264,0,0.001766438,0,0.000925767,0.001027258,0.000100165,0,0.000133273,0,0,0.000300459,0,0,0,0,0,0.000188683,0.00060354,0,0,0.00034508,0,0,0,0,0,0,0,0,9.70E-05,0,0,0,0,0,9.06E-05,0,0,0,0,0,0,0,0,0.000122671,0,0,0,0,0,0,0,0,0,0,0,0,0,0,0,0,0,0,0,0,0,0,0,0,0,0,0,0,0,0,0,0,0,0,0,0,0,0,0,0,0,0,0,0,0,0,0,0,0,0,0,0,0,0,0,0,0,0,0,0,0,0,0,0,0,0,0,0,0,0,0,0,0,0,0,0,0,0,0,0,0,0,0,0,0,0,0,0,0,0,0,0,0,0,0,0,0,0,0,0,0,0,0,0,0,0,0,0,0,0,0,0,0,0,0,0,0,0,0,0,0,0,0,0,0,0,0,0,0,0,0,0,0,0,0,0,0,0,0,0,0,0,0,0,0,0,0,0,0,0,0,0,0,0,0,0,0,0,0,0,0,0,0,0,0,0,0,0,0,0,0,0,0,0,0,0,0,0,0,0,0,0,0,0,0,0,0,0,0,0,0,0,0,0,0,0,0,0,0,0,0,0,0,0,0,0,0,0,0
SRR5384373,PRJNA377739,COPD_Stable,0.011426419,0.000528011,0,0,0,0,0.023184622,0.003603453,0.146325357,0.000609691,0.000563638,0.000824135,0.001499389,0,0,0,0,0,0.000518586,0,0,0,0.000236383,0.002083209,0,0.000100209,0,0,0.000115386,0.00012771,0,0,0,0,0,0,0,0,0.000134012,0,0,0,0,0,0,0,0.000375468,0.001686465,0,0,0,0.000103942,0.000235042,0.000361993,0.000126168,0,0,0,0,0,0,0,0,0.000119342,0.000239282,0,0,0,0,0,0,0,0,0,0,0,0,0,0,0,0,0,0,0,0,0,0,0,0,0,0,0,0,0,0,0,0,0,0,0,0,0,0,0,0,0,0,0,0,0,0,0,0,0,0,0,0,0,0,0,0,0,0,0,0,0,0,0,0,0,0,0,0,0,0,0,0,0,0,0,0,0,0,0,0,0,0,0,0,0,0,0,0,0,0,0,0,0,0,0,0,0,0,0,0,0,0,0,0,0,0,0,0,0,0,0,0,0,0,0,0,0,0,0,0,0,0,0,0,0,0,0,0,0,0,0,0,0,0,0,0,0,0,0,0,0,0,0,0,0,0,0,0,0,0,0,0,0,0,0,0,0,0,0,0,0,0,0,0,0,0,0,0,0,0,0,0,0,0,0,0,0,0,0,0,0,0,0,0,0,0,0,0,0,0,0,0,0,0,0,0,0,0,0,0,0,0,0,0,0,0,0
SRR5384374,PRJNA377739,COPD_Stable,0.114455629,0.021348667,0.000870555,0,0,0,0.275282661,0.02823349,0,0.012116296,0.01705756,0.001918086,0.003374283,0,0,0,0.000740937,0.009368738,0.000631242,0.01177898,0,0,0.007542969,0.012701345,0,0.001383306,0,0,0.001293511,0.001803045,0,0,0,0,0,0,0,0,0.000818076,0.000146074,0,0,0,0,0,0,0.001600671,0.00778877,0.007837821,0,0.026310655,0.001220161,0.005128845,0,0,0.001854567,0,0,0,0,0.000642678,0,0.000606577,0,0,0,0,0,0.000650229,0.001092144,0,0,0,0,0,0,0,0,0,0,0,0,0,0,0,0,0,0,0,0,0,0,0,0,0,0,0,0,0,0,0,0,0,0,0,0,0,0,0,0,0,0,0,0,0,0,0,0,0,0,0,0,0,0,0,0,0,0,0,0,0,0,0,0,0,0,0,0,0,0,0,0,0,0,0,0,0,0,0,0,0,0,0,0,0,0,0,0,0,0,0,0,0,0,0,0,0,0,0,0,0,0,0,0,0,0,0,0,0,0,0,0,0,0,0,0,0,0,0,0,0,0,0,0,0,0,0,0,0,0,0,0,0,0,0,0,0,0,0,0,0,0,0,0,0,0,0,0,0,0,0,0,0,0,0,0,0,0,0,0,0,0,0,0,0,0,0,0,0,0,0,0,0,0,0,0,0,0,0,0,0,0,0,0,0,0,0,0,0,0,0,0,0,0,0,0,0,0,0,0,0,0
SRR5384375,PRJNA377739,COPD_Stable,0.227919252,0.012598348,0,0,0,0,0.215207702,0.015096525,0,0.103867034,0.02297783,0.003656061,0.023203118,0,0,0.00126487,0.000321463,0.007109948,0.001408437,0.006712045,0,0.000699684,0.025211725,0.012959188,0,0.016676714,0,0,0.002259844,0.006664354,0,0,0,0,0,0,0,0,0.001058924,0.001670023,0,0,0,0,0,0.000185719,0.005104683,0.018600139,0.008442773,0,0.001794362,0.000181896,0.005901253,0.000186857,0,0.001309512,0,0,0,0,0,0,0.001020203,0.00048637,0,0,0,0.000926876,0,0.000594737,0,0,0,0,0,0,0,0,0,0,0,0,0,0,0,0,0,0,0,0,0,0,0,0,0,0,0,0,0,0,0,0,0,0,0,0,0,0,0,0,0,0,0,0,0,0,0,0,0,0,0,0,0,0,0,0,0,0,0,0,0,0,0,0,0,0,0,0,0,0,0,0,0,0,0,0,0,0,0,0,0,0,0,0,0,0,0,0,0,0,0,0,0,0,0,0,0,0,0,0,0,0,0,0,0,0,0,0,0,0,0,0,0,0,0,0,0,0,0,0,0,0,0,0,0,0,0,0,0,0,0,0,0,0,0,0,0,0,0,0,0,0,0,0,0,0,0,0,0,0,0,0,0,0,0,0,0,0,0,0,0,0,0,0,0,0,0,0,0,0,0,0,0,0,0,0,0,0,0,0,0,0,0,0,0,0,0,0,0,0,0,0,0,0,0,0,0,0,0,0,0,0
SRR5384376,PRJNA377739,COPD_Stable,0.444853999,0.079618729,0.000273733,0,0,0,0.302079848,0.037682083,0,0.036414763,0,0,0.002145554,0,0,0.000384936,0,0,0,0.010163366,0,0,0.000758098,0,0,0.000236849,0,0,0.002408861,0,0,0,0,0,0.00031814,0.000600819,0,0,0,0,0,0,0,0,0,0,0,0,0,0,0,0.000254316,0,0,0,0,0,0.000192191,0,0,0,0,0,0,0,0,0,0,0,0,0,0,0,0,0,0,0,0,0,0,0,0,0,0,0,0,0,0,0,0,0,0,0,0,0,0,0,0,0,0,0,0,0,0,0,0,0,0,0,0,0,0,0,0,0,0,0,0,0,0,0,0,0,0,0,0,0,0,0,0,0,0,0,0,0,0,0,0,0,0,0,0,0,0,0,0,0,0,0,0,0,0,0,0,0,0,0,0,0,0,0,0,0,0,0,0,0,0,0,0,0,0,0,0,0,0,0,0,0,0,0,0,0,0,0,0,0,0,0,0,0,0,0,0,0,0,0,0,0,0,0,0,0,0,0,0,0,0,0,0,0,0,0,0,0,0,0,0,0,0,0,0,0,0,0,0,0,0,0,0,0,0,0,0,0,0,0,0,0,0,0,0,0,0,0,0,0,0,0,0,0,0,0,0,0,0,0,0,0,0,0,0,0,0,0,0,0,0,0,0,0,0
SRR5384377,PRJNA377739,COPD_Stable,0.222929007,0.009395111,0.080242244,0,0,0,0.272962511,0.062714567,0.001193785,0.010008072,0.006222249,0.003374075,0.005259845,0,0,0.001469186,0.00136957,0.007376,0.000963565,0.003426381,0,0.000828109,0.003978687,0.005005176,0,0.002826247,0,0,0,0.000672533,0,0,0,0,0.001022839,0.000289517,0,0,0,0,0,0,0,0,0,0,0.003250527,0.003043022,0.002141521,0,0.004239609,0.002682146,0.001415208,0.000187456,0.000964694,0.000869089,0.000453418,0,0.000127176,0,0,0.001005058,0,0.000870808,0,0,0,0,0,0,0,0,0,0,0,0,0,0,0,0,0,0,0,0,0,0,0,0,0,0,0,0,0,0,0,0,0,0,0,0,0,0,0,0,0,0,0,0,0,0,0,0,0,0,0,0,0,0,0,0,0,0,0,0,0,0,0,0,0,0,0,0,0,0,0,0,0,0,0,0,0,0,0,0,0,0,0,0,0,0,0,0,0,0,0,0,0,0,0,0,0,0,0,0,0,0,0,0,0,0,0,0,0,0,0,0,0,0,0,0,0,0,0,0,0,0,0,0,0,0,0,0,0,0,0,0,0,0,0,0,0,0,0,0,0,0,0,0,0,0,0,0,0,0,0,0,0,0,0,0,0,0,0,0,0,0,0,0,0,0,0,0,0,0,0,0,0,0,0,0,0,0,0,0,0,0,0,0,0,0,0,0,0,0,0,0,0,0,0,0,0,0,0,0,0,0,0,0,0,0,0,0
SRR5384378,PRJNA377739,COPD_Stable,0.115966798,0.005096528,0.092657504,0,0,0,0.098233873,0.020511658,0.001781501,0.01037456,0.005342568,0.003203488,0.005165723,0,0,0.000127784,0.001384212,0.001326934,0.001591687,0.001122094,0,0,0.001656974,0.005666616,0,0.001260234,0,0,0,0.000941962,0,0,0,0,0,0,0,0,0.001348999,0,0,0,0,0,0,0,0.003913585,0.002955184,0.001331012,0.000419894,0.002534412,0.00019522,0.001566885,0,0.000163607,0,0,0.000767906,0,0,0,0.000223281,0,0,0,0,0.000451433,0,0,0,0,0,0,0,0,0,0,0,0,0,0,0,0,0,0,0,0,0,0,0,0,0,0,0,0,0,0,0,0,0,0,0,0,0,0,0,0,0,0,0,0,0,0,0,0,0,0,0,0,0,0,0,0,0,0,0,0,0,0,0,0,0,0,0,0,0,0,0,0,0,0,0,0,0,0,0,0,0,0,0,0,0,0,0,0,0,0,0,0,0,0,0,0,0,0,0,0,0,0,0,0,0,0,0,0,0,0,0,0,0,0,0,0,0,0,0,0,0,0,0,0,0,0,0,0,0,0,0,0,0,0,0,0,0,0,0,0,0,0,0,0,0,0,0,0,0,0,0,0,0,0,0,0,0,0,0,0,0,0,0,0,0,0,0,0,0,0,0,0,0,0,0,0,0,0,0,0,0,0,0,0,0,0,0,0,0,0,0,0,0,0,0,0,0,0,0,0,0,0,0,0,0
SRR5384379,PRJNA377739,COPD_Stable,0.003660209,0.000186666,0,0,0,0,0.00714134,0,0,0.001175035,0.000248764,0,9.13E-05,0,0,0,0,0.005243306,0,0,0,0,0,0,0,0,0,0,0,0,0,0,0,0,0,0,0,0,0,0,0,0,0,0,0,0,0.000291898,0,0,0,0.001563125,0,0,0,0,0.000480959,9.45E-05,0,0,0,0,0,0,0,0,0.000321506,0,0,0,0,0,0,0,0,0,0,0,0,0,0,0,0,0,0,0,0,0,0,0,0,0,0,0,0,0,0,0,0,0,0,0,0,0,0,0,0,0,0,0,0,0,0,0,0,0,0,0,0,0,0,0,0,0,0,0,0,0,0,0,0,0,0,0,0,0,0,0,0,0,0,0,0,0,0,0,0,0,0,0,0,0,0,0,0,0,0,0,0,0,0,0,0,0,0,0,0,0,0,0,0,0,0,0,0,0,0,0,0,0,0,0,0,0,0,0,0,0,0,0,0,0,0,0,0,0,0,0,0,0,0,0,0,0,0,0,0,0,0,0,0,0,0,0,0,0,0,0,0,0,0,0,0,0,0,0,0,0,0,0,0,0,0,0,0,0,0,0,0,0,0,0,0,0,0,0,0,0,0,0,0,0,0,0,0,0,0,0,0,0,0,0,0,0,0,0,0,0,0,0,0,0,0
SRR5384380,PRJNA377739,COPD_Stable,0.174342475,0.011608438,0.095419385,0,0,0,0.241273924,0.066123658,0.006043978,0.015825889,0.008630284,0.007628781,0.009991816,0,0,0,0,0.019078007,0.001654829,0.001704667,0,0,0.005272604,0.010839366,0,0.001802298,0,0,0.001514092,0.000819182,0,0,0,0,0.003333241,0,0,0,0,0,0,0,0,0,0,0,0.006106519,0.005457688,0.004023172,0.001759367,0.004757929,0.000377262,0.003132693,0.002011246,0.004288828,0,0,0,0,0,0,0,0,0,0,0,0,0,0,0,0,0,0,0,0,0,0,0,0,0,0,0,0,0,0,0,0,0,0,0,0,0,0,0,0,0,0,0,0,0,0,0,0,0,0,0,0,0,0,0,0,0,0,0,0,0,0,0,0,0,0,0,0,0,0,0,0,0,0,0,0,0,0,0,0,0,0,0,0,0,0,0,0,0,0,0,0,0,0,0,0,0,0,0,0,0,0,0,0,0,0,0,0,0,0,0,0,0,0,0,0,0,0,0,0,0,0,0,0,0,0,0,0,0,0,0,0,0,0,0,0,0,0,0,0,0,0,0,0,0,0,0,0,0,0,0,0,0,0,0,0,0,0,0,0,0,0,0,0,0,0,0,0,0,0,0,0,0,0,0,0,0,0,0,0,0,0,0,0,0,0,0,0,0,0,0,0,0,0,0,0,0,0,0,0,0,0,0,0,0,0,0,0,0,0,0,0,0,0,0,0,0
SRR5384381,PRJNA377739,COPD_Stable,0.355687629,0.000312832,0,0,0,0,0.19821882,0.049477601,0,0.018714795,0,0,0.02677001,0,0,0.000205529,0.000897675,0,0.00016647,0,0,0,0.001686421,0,0,0,0,0,0.001486416,0,0,0,0,0,0,0,0,0,0.000222078,0,0,0,0,0,0,0,0,0,0,0,0,0.000215463,0,0,0.000248475,0,8.38E-05,0,0,0,0,0,0.000215185,0,0,0,0,0,0,0,0,0,0,0,0,0,0,0,0,0,0,0,0,0,0,0,0,0,0,0,0,0,0,0,0,0,0,0,0,0,0,0,0,0,0,0,0,0,0,0,0,0,0,0,0,0,0,0,0,0,0,0,0,0,0,0,0,0,0,0,0,0,0,0,0,0,0,0,0,0,0,0,0,0,0,0,0,0,0,0,0,0,0,0,0,0,0,0,0,0,0,0,0,0,0,0,0,0,0,0,0,0,0,0,0,0,0,0,0,0,0,0,0,0,0,0,0,0,0,0,0,0,0,0,0,0,0,0,0,0,0,0,0,0,0,0,0,0,0,0,0,0,0,0,0,0,0,0,0,0,0,0,0,0,0,0,0,0,0,0,0,0,0,0,0,0,0,0,0,0,0,0,0,0,0,0,0,0,0,0,0,0,0,0,0,0,0,0,0,0,0,0,0,0,0,0,0,0,0,0,0,0
SRR5384382,PRJNA377739,COPD_Stable,0.128782013,0.017744418,0,0,0,0,0.263403354,0.053170664,0,0.137645919,0.035933266,0.061440906,0.016371997,0,0,0.000951994,0.000820952,0,0.002050204,0,0,0,0.002622198,0.024288869,0,0.001543389,0,0,0.005439687,0.000819226,0,0,0,0,0,0,0,0,0.00103576,0,0,0,0,0,0,0,0.003901908,0,0.004835913,0,0,0,0.00347273,0,0,0.003437194,0,0,0,0,0.001769508,0,0.00147493,0,0,0,0,0.000283451,0,0,0,0,0,0,0,0,0,0,0,0,0,0,0,0,0,0,0,0,0,0,0,0,0,0,0,0,0,0,0,0,0,0,0,0,0,0,0,0,0,0,0,0,0,0,0,0,0,0,0,0,0,0,0,0,0,0,0,0,0,0,0,0,0,0,0,0,0,0,0,0,0,0,0,0,0,0,0,0,0,0,0,0,0,0,0,0,0,0,0,0,0,0,0,0,0,0,0,0,0,0,0,0,0,0,0,0,0,0,0,0,0,0,0,0,0,0,0,0,0,0,0,0,0,0,0,0,0,0,0,0,0,0,0,0,0,0,0,0,0,0,0,0,0,0,0,0,0,0,0,0,0,0,0,0,0,0,0,0,0,0,0,0,0,0,0,0,0,0,0,0,0,0,0,0,0,0,0,0,0,0,0,0,0,0,0,0,0,0,0,0,0,0,0,0,0,0,0,0,0,0,0,0
SRR5384383,PRJNA377739,COPD_Stable,0.904076329,0.002040701,0.000955767,0,0,0,0.021501428,0.002753054,0,0.010643857,0.003978977,0,0.001686977,0,0,0,0,0.005690441,0,0,0,0,0.000813693,0.000713421,0,0,0,0,0.000115099,0.000745543,0,0,0,0,0,0,0,0,0,0.000647999,0,0,0,0,0,0,0.001594887,0.002643296,0.002791816,0,0.000501916,0.001707922,0.00289475,0,0.002038408,0.0001682,0.000435625,0.00015552,0,0,0,0,0,0.000313267,0,7.44E-05,0,0,0,0,0.003532643,0,0,0,0,0,0,0,0,0,0,0,0,0,0,0,0,0,0,0,0,0,0,0,0,0,0,0,0,0,0,0,0,0,0,0,0,0,0,0,0,0,0,0,0,0,0,0,0,0,0,0,0,0,0,0,0,0,0,0,0,0,0,0,0,0,0,0,0,0,0,0,0,0,0,0,0,0,0,0,0,0,0,0,0,0,0,0,0,0,0,0,0,0,0,0,0,0,0,0,0,0,0,0,0,0,0,0,0,0,0,0,0,0,0,0,0,0,0,0,0,0,0,0,0,0,0,0,0,0,0,0,0,0,0,0,0,0,0,0,0,0,0,0,0,0,0,0,0,0,0,0,0,0,0,0,0,0,0,0,0,0,0,0,0,0,0,0,0,0,0,0,0,0,0,0,0,0,0,0,0,0,0,0,0,0,0,0,0,0,0,0,0,0,0,0,0,0,0,0,0,0
SRR5384384,PRJNA377739,COPD_Stable,0.260398355,0.017793158,0,0,0,0,0.268243587,0.096313108,0,0.015717365,0.034715553,0.002712786,0.013226435,0,0,0.000686785,0.00199418,0.045121411,0,0,0,0,0.00095856,0.00532246,0,0.000102776,0,0,0.000362669,0.001011499,0,0,0.001959802,0,0,0,0,0,0.00093024,0.000599004,0,0,0,0,0,0,0.007988982,0.003088572,0.000836054,0,0.008969287,0,0.012178043,0,4.32E-05,0.004686694,0,0.002726133,0,0,0.003098246,0,0,0.00209301,0,0,0,0,0,0.004724034,0,0,0,0,0,0,0,0,0,0,0,0,0,0,0,0,0,0,0,0,0,0,0,0,0,0,0,0,0,0,0,0,0,0,0,0,0,0,0,0,0,0,0,0,0,0,0,0,0,0,0,0,0,0,0,0,0,0,0,0,0,0,0,0,0,0,0,0,0,0,0,0,0,0,0,0,0,0,0,0,0,0,0,0,0,0,0,0,0,0,0,0,0,0,0,0,0,0,0,0,0,0,0,0,0,0,0,0,0,0,0,0,0,0,0,0,0,0,0,0,0,0,0,0,0,0,0,0,0,0,0,0,0,0,0,0,0,0,0,0,0,0,0,0,0,0,0,0,0,0,0,0,0,0,0,0,0,0,0,0,0,0,0,0,0,0,0,0,0,0,0,0,0,0,0,0,0,0,0,0,0,0,0,0,0,0,0,0,0,0,0,0,0,0,0,0,0,0,0,0,0,0
SRR5384385,PRJNA377739,COPD_Stable,0.514274063,0.000732571,0.005597934,0,0,0,0.068695876,0.006975136,0,0.000802072,0.013760008,0.003406231,0.001371868,0,0,0,7.83E-05,0.007447552,0,0.034619,0,0,0.000523018,0.012165712,0,0.000799775,0,0,0,0.000242839,0,0,0,0,0.051298618,0,0,0,0,0.000540569,0,0,0,0,0,0.000553079,0.000695619,0.012160857,0.000311217,0.00200374,0.001026767,0,0.004467321,0,0,0.00173441,0,0,0,0,0.00101039,0,0,0,0,0,0,0.001218096,0,0,0,0,0,0,0,0,0,0,0,0,0,0,0,0,0,0,0,0,0,0,0,0,0,0,0,0,0,0,0,0,0,0,0,0,0,0,0,0,0,0,0,0,0,0,0,0,0,0,0,0,0,0,0,0,0,0,0,0,0,0,0,0,0,0,0,0,0,0,0,0,0,0,0,0,0,0,0,0,0,0,0,0,0,0,0,0,0,0,0,0,0,0,0,0,0,0,0,0,0,0,0,0,0,0,0,0,0,0,0,0,0,0,0,0,0,0,0,0,0,0,0,0,0,0,0,0,0,0,0,0,0,0,0,0,0,0,0,0,0,0,0,0,0,0,0,0,0,0,0,0,0,0,0,0,0,0,0,0,0,0,0,0,0,0,0,0,0,0,0,0,0,0,0,0,0,0,0,0,0,0,0,0,0,0,0,0,0,0,0,0,0,0,0,0,0,0,0,0,0,0,0,0
SRR5384386,PRJNA377739,COPD_Stable,0.009608431,0,0,0,0,0,0.006249504,0.000687065,0,0,0,0,0,0,0,0,0,0,0,0,0,0,0,0,0,0,0,0,0,0,0,0,0,0,0,0,0,0,0,0,0,0,0,0,0,0,0,0,0,0,0,0.00026565,0,0.00027745,0,0,0,0,0,0,0,0,0,0,0,0,0,0,0,0,0,0,0,0,0,0,0,0,0,0,0,0,0,0,0,0,0,0,0,0,0,0,0,0,0,0,0,0,0,0,0,0,0,0,0,0,0,0,0,0,0,0,0,0,0,0,0,0,0,0,0,0,0,0,0,0,0,0,0,0,0,0,0,0,0,0,0,0,0,0,0,0,0,0,0,0,0,0,0,0,0,0,0,0,0,0,0,0,0,0,0,0,0,0,0,0,0,0,0,0,0,0,0,0,0,0,0,0,0,0,0,0,0,0,0,0,0,0,0,0,0,0,0,0,0,0,0,0,0,0,0,0,0,0,0,0,0,0,0,0,0,0,0,0,0,0,0,0,0,0,0,0,0,0,0,0,0,0,0,0,0,0,0,0,0,0,0,0,0,0,0,0,0,0,0,0,0,0,0,0,0,0,0,0,0,0,0,0,0,0,0,0,0,0,0,0,0,0,0,0,0,0
SRR5384387,PRJNA377739,COPD_Stable,0.171569522,0.006634608,0.103917795,0,0,0,0.243472015,0.077125071,0.002408131,0.013988631,0.011250241,0.005477982,0.005356356,0,0,0.002831605,0,0.009169814,0.001699939,0.00450853,0,0,0.006954047,0.008026976,0,0.000813552,0,0,0.000645599,0.000664605,0,0,0,0,0.001121106,0,0,0,0.00117808,0.001185044,0,0,0,0,0,0,0.0066344,0.001978278,0.001867875,0,0.000815163,0.00068293,0.0052445,0.000750374,0,0,0.000386775,0,0,0,0,0,0.000137339,0.000204548,0,0,0.000436485,0,0,0,0,0,0,0,0,0,0,0,0,0,0,0,0,0,0,0,0,0,0,0,0,0,0,0,0,0,0,0,0,0,0,0,0,0,0,0,0,0,0,0,0,0,0,0,0,0,0,0,0,0,0,0,0,0,0,0,0,0,0,0,0,0,0,0,0,0,0,0,0,0,0,0,0,0,0,0,0,0,0,0,0,0,0,0,0,0,0,0,0,0,0,0,0,0,0,0,0,0,0,0,0,0,0,0,0,0,0,0,0,0,0,0,0,0,0,0,0,0,0,0,0,0,0,0,0,0,0,0,0,0,0,0,0,0,0,0,0,0,0,0,0,0,0,0,0,0,0,0,0,0,0,0,0,0,0,0,0,0,0,0,0,0,0,0,0,0,0,0,0,0,0,0,0,0,0,0,0,0,0,0,0,0,0,0,0,0,0,0,0,0,0,0,0,0,0,0,0,0,0,0,0,0
SRR5384388,PRJNA377739,COPD_Stable,0.099505425,0.003632528,0.000203952,0,0,0,0.23264234,0.285040412,0,0.002901679,0,0,0.002239405,0,0,0.004222492,0.000203556,0,0.000195454,0,0,0.000672433,0.012919576,0,0,0.00273579,0,0,0.000755539,0,0,0,0,0,0.005204524,0.011584119,0,0,0,0,0,0,0,0,0,0,0.000290944,0,0.001573657,0,0,0,0,0.000135623,0,0,0,0,0,0,0,0,0.000215704,0,0,0,0,0,0,0,0,0,0,0,0,0,0,0,0,0,0,0,0,0,0,0,0,0,0,0,0,0,0,0,0,0,0,0,0,0,0,0,0,0,0,0,0,0,0,0,0,0,0,0,0,0,0,0,0,0,0,0,0,0,0,0,0,0,0,0,0,0,0,0,0,0,0,0,0,0,0,0,0,0,0,0,0,0,0,0,0,0,0,0,0,0,0,0,0,0,0,0,0,0,0,0,0,0,0,0,0,0,0,0,0,0,0,0,0,0,0,0,0,0,0,0,0,0,0,0,0,0,0,0,0,0,0,0,0,0,0,0,0,0,0,0,0,0,0,0,0,0,0,0,0,0,0,0,0,0,0,0,0,0,0,0,0,0,0,0,0,0,0,0,0,0,0,0,0,0,0,0,0,0,0,0,0,0,0,0,0,0,0,0,0,0,0,0,0,0,0,0,0,0,0,0,0,0,0,0,0,0
SRR5384389,PRJNA377739,COPD_Stable,0.228664949,0.011101396,0.116961406,0,0,0,0.192128627,0.049757624,0.002942013,0.019249127,0.00548801,0.008555112,0.006202686,0,0,0.001654291,0.000545891,0.00968935,0,0.000864889,0,0,0.00636917,0.002474624,0,0.000930478,0,0,0.004539468,0.000374505,0,0,0,0,0.000651712,0.003317797,0,0,0.00050642,0,0,0,0,0,0,0,0.003597924,0.003712307,0.001552512,0,0,0,0.000676688,0.001980849,0,0,0.00070277,0,0,0.001671612,0,0.009317266,0,0.00154639,0,0,0,0,0,0,0,0,0,0,0,0,0,0,0,0,0,0,0,0,0,0,0,0,0,0,0,0,0,0,0,0,0,0,0,0,0,0,0,0,0,0,0,0,0,0,0,0,0,0,0,0,0,0,0,0,0,0,0,0,0,0,0,0,0,0,0,0,0,0,0,0,0,0,0,0,0,0,0,0,0,0,0,0,0,0,0,0,0,0,0,0,0,0,0,0,0,0,0,0,0,0,0,0,0,0,0,0,0,0,0,0,0,0,0,0,0,0,0,0,0,0,0,0,0,0,0,0,0,0,0,0,0,0,0,0,0,0,0,0,0,0,0,0,0,0,0,0,0,0,0,0,0,0,0,0,0,0,0,0,0,0,0,0,0,0,0,0,0,0,0,0,0,0,0,0,0,0,0,0,0,0,0,0,0,0,0,0,0,0,0,0,0,0,0,0,0,0,0,0,0,0,0,0,0,0,0,0
SRR5384390,PRJNA377739,COPD_Stable,0.135475756,0.006005574,0.096874577,0,0,0,0.201584325,0.060109004,0.001965557,0.012497339,0.004311185,0,0.007054765,0,0,0.000760797,0.000594413,0.003188299,0.00104408,0.009523402,0,0,0.006652701,0.004703295,0,0.00118161,0,0,0,0.000388652,0,0,0.00059419,0,0,0,0,0,0,0.000289305,0,0,0,0,0,0,0.003319847,0.001431408,0.002835813,0.001170056,0.0023863,0.001067682,0.000466324,0.000441256,0.002213749,0.000578789,0.000880797,0,0,0.00057086,0,0,0.000634482,0,0,0,0.000428023,0.000117569,0.000265587,0.000267003,0,0,0,0,0,0,0,0,0,0,0,0,0,0,0,0,0,0,0,0,0,0,0,0,0,0,0,0,0,0,0,0,0,0,0,0,0,0,0,0,0,0,0,0,0,0,0,0,0,0,0,0,0,0,0,0,0,0,0,0,0,0,0,0,0,0,0,0,0,0,0,0,0,0,0,0,0,0,0,0,0,0,0,0,0,0,0,0,0,0,0,0,0,0,0,0,0,0,0,0,0,0,0,0,0,0,0,0,0,0,0,0,0,0,0,0,0,0,0,0,0,0,0,0,0,0,0,0,0,0,0,0,0,0,0,0,0,0,0,0,0,0,0,0,0,0,0,0,0,0,0,0,0,0,0,0,0,0,0,0,0,0,0,0,0,0,0,0,0,0,0,0,0,0,0,0,0,0,0,0,0,0,0,0,0,0,0,0,0,0,0,0,0,0,0,0,0,0,0,0,0,0
SRR5384391,PRJNA377739,COPD_Stable,0.119095456,0.001088031,0,0,0,0,0.030830124,0.01139791,0,0.00680714,0.006354854,0.001231426,0.005070389,0,0,0,0.000950219,0,0,0.004421278,0,0.000263855,0.018032562,0,0,0.003912009,0,0,0.000362684,0,0,0,0,0,0,0,0,0,0.000884308,0,0,0,0,0,0,0,0,0,0.000105282,0,0,0,0,0,0,0,0,0,0,0,0,0,0.000118885,0,0,0,0,0,0,0,0,0,0,0,0,0,0,0,0,0,0,0,0,0,0,0,0,0,0,0,0,0,0,0,0,0,0,0,0,0,0,0,0,0,0,0,0,0,0,0,0,0,0,0,0,0,0,0,0,0,0,0,0,0,0,0,0,0,0,0,0,0,0,0,0,0,0,0,0,0,0,0,0,0,0,0,0,0,0,0,0,0,0,0,0,0,0,0,0,0,0,0,0,0,0,0,0,0,0,0,0,0,0,0,0,0,0,0,0,0,0,0,0,0,0,0,0,0,0,0,0,0,0,0,0,0,0,0,0,0,0,0,0,0,0,0,0,0,0,0,0,0,0,0,0,0,0,0,0,0,0,0,0,0,0,0,0,0,0,0,0,0,0,0,0,0,0,0,0,0,0,0,0,0,0,0,0,0,0,0,0,0,0,0,0,0,0,0,0,0,0,0,0,0,0,0,0,0,0,0,0,0
SRR5384392,PRJNA377739,COPD_Stable,0.252655286,0.019962483,0.003106676,0,0,0,0.529516065,0.072191278,0,0.025935447,0.0015277,0,0.001171808,0,0,0.004798041,0,0,0,0.002340959,0,0,0.003449883,0,0,0,0,0,0,0.005683586,0,0,0,0,0.011419489,0,0,0,0,0,0,0,0,0,0,0,0.000906175,0,0.009930487,0,0,0.000197513,0,0,0,0,0,0,0,0,0,0,0,0,0,0,0,0,0.000142048,0,0,0,0,0,0,0,0,0,0,0,0,0,0,0,0,0,0,0,0,0,0,0,0,0,0,0,0,0,0,0,0,0,0,0,0,0,0,0,0,0,0,0,0,0,0,0,0,0,0,0,0,0,0,0,0,0,0,0,0,0,0,0,0,0,0,0,0,0,0,0,0,0,0,0,0,0,0,0,0,0,0,0,0,0,0,0,0,0,0,0,0,0,0,0,0,0,0,0,0,0,0,0,0,0,0,0,0,0,0,0,0,0,0,0,0,0,0,0,0,0,0,0,0,0,0,0,0,0,0,0,0,0,0,0,0,0,0,0,0,0,0,0,0,0,0,0,0,0,0,0,0,0,0,0,0,0,0,0,0,0,0,0,0,0,0,0,0,0,0,0,0,0,0,0,0,0,0,0,0,0,0,0,0,0,0,0,0,0,0,0,0,0,0,0,0,0,0,0,0,0,0,0
SRR5384393,PRJNA377739,COPD_Stable,0.42864359,0.035841735,0,0,0,0,0.227405712,0.132285701,0,0,0.000191477,0,0.000607342,0,0,0.001863485,0.001440559,0,0.000419353,0,0,0,0,0.003296392,0,0,0,0,0.000495097,0,0,0,0,0,0,0.001619073,0,0,0.002164715,0,0,0,0,0,0,0,0.002890969,0,0,0,0,0,0,0,0,0,0,0,0,0,0,0,0,0,0,0,0,0,0,0,0,0,0,0,0,0,0,0,0,0,0,0,0,0,0,0,0,0,0,0,0,0,0,0,0,0,0,0,0,0,0,0,0,0,0,0,0,0,0,0,0,0,0,0,0,0,0,0,0,0,0,0,0,0,0,0,0,0,0,0,0,0,0,0,0,0,0,0,0,0,0,0,0,0,0,0,0,0,0,0,0,0,0,0,0,0,0,0,0,0,0,0,0,0,0,0,0,0,0,0,0,0,0,0,0,0,0,0,0,0,0,0,0,0,0,0,0,0,0,0,0,0,0,0,0,0,0,0,0,0,0,0,0,0,0,0,0,0,0,0,0,0,0,0,0,0,0,0,0,0,0,0,0,0,0,0,0,0,0,0,0,0,0,0,0,0,0,0,0,0,0,0,0,0,0,0,0,0,0,0,0,0,0,0,0,0,0,0,0,0,0,0,0,0,0,0,0,0,0,0,0,0
SRR5384394,PRJNA377739,COPD_Stable,0.029176602,0.007157756,0,0,0,0,0.107848091,0.069545872,0,0.007327592,0.001438057,0.001383092,0.001373271,0,0,0.000714902,0.00055454,0.000427096,0.000464862,0,0,0,0.003803176,0.00563544,0,0.000245813,0,0,0.001155818,0,0,0,0,0,0,0,0,0,0.000200849,0,0,0,0,0,0,0,0.003718662,0.000491178,0,0,0,0,5.36E-05,0,0,0,0,0,0,0,0,0,0,0,0,0,0,0,0,0,0,0,0,0,0,0,0,0,0,0,0,0,0,0,0,0,0,0,0,0,0,0,0,0,0,0,0,0,0,0,0,0,0,0,0,0,0,0,0,0,0,0,0,0,0,0,0,0,0,0,0,0,0,0,0,0,0,0,0,0,0,0,0,0,0,0,0,0,0,0,0,0,0,0,0,0,0,0,0,0,0,0,0,0,0,0,0,0,0,0,0,0,0,0,0,0,0,0,0,0,0,0,0,0,0,0,0,0,0,0,0,0,0,0,0,0,0,0,0,0,0,0,0,0,0,0,0,0,0,0,0,0,0,0,0,0,0,0,0,0,0,0,0,0,0,0,0,0,0,0,0,0,0,0,0,0,0,0,0,0,0,0,0,0,0,0,0,0,0,0,0,0,0,0,0,0,0,0,0,0,0,0,0,0,0,0,0,0,0,0,0,0,0,0,0,0,0,0,0,0,0,0
SRR5384395,PRJNA377739,COPD_Stable,0.195168148,0.019340045,0.038498328,0,0,0,0.164628455,0.062040774,0,0.005653195,0.008005384,0.004524683,0.010352137,0,0,0.004271237,0.001827623,0.002201262,0.001858598,0,0,0,0.00373412,0.041419375,0,0.000602893,0,0,0.001166175,0.000202015,0,0,0,0,0,0,0,0,0.001834068,0,0,0,0,0,0,0,0.007040034,0,0.001339204,0,0,0,0.000448795,0,0,0,0,0,0,0,0.000562617,0,0.000472626,0,0,0,0,0.002238418,0,0.00032743,0,0,0,0,0,0,0,0,0,0,0,0,0,0,0,0,0,0,0,0,0,0,0,0,0,0,0,0,0,0,0,0,0,0,0,0,0,0,0,0,0,0,0,0,0,0,0,0,0,0,0,0,0,0,0,0,0,0,0,0,0,0,0,0,0,0,0,0,0,0,0,0,0,0,0,0,0,0,0,0,0,0,0,0,0,0,0,0,0,0,0,0,0,0,0,0,0,0,0,0,0,0,0,0,0,0,0,0,0,0,0,0,0,0,0,0,0,0,0,0,0,0,0,0,0,0,0,0,0,0,0,0,0,0,0,0,0,0,0,0,0,0,0,0,0,0,0,0,0,0,0,0,0,0,0,0,0,0,0,0,0,0,0,0,0,0,0,0,0,0,0,0,0,0,0,0,0,0,0,0,0,0,0,0,0,0,0,0,0,0,0,0,0,0,0,0,0,0,0,0,0,0
SRR5384396,PRJNA377739,COPD_Stable,0.056491725,0.001842571,0.090125617,0,0,0,0.019887391,0.005891988,0,0.004802507,0.000664003,0.001976644,0.003542954,0,0,0,0,0.000515952,0,0.773713347,0,0,0.001964353,0.001598159,0,0.000332171,0,0,0.000125031,0.00067252,0,0,0,0,0,0,0,0,0,0,0,0,0,0,0,0.000121727,0.000640315,0.00250638,0.001115691,0,0.000406555,0,0.000591662,0,0,0,0,0,0,0,0,0,0,0.00024854,0,0,5.89E-05,0,0,0.000170557,0,0,0,0,0,0,0,0,0,0,0,0,0,0,0,0,0,0,0,0,0,0,0,0,0,0,0,0,0,0,0,0,0,0,0,0,0,0,0,0,0,0,0,0,0,0,0,0,0,0,0,0,0,0,0,0,0,0,0,0,0,0,0,0,0,0,0,0,0,0,0,0,0,0,0,0,0,0,0,0,0,0,0,0,0,0,0,0,0,0,0,0,0,0,0,0,0,0,0,0,0,0,0,0,0,0,0,0,0,0,0,0,0,0,0,0,0,0,0,0,0,0,0,0,0,0,0,0,0,0,0,0,0,0,0,0,0,0,0,0,0,0,0,0,0,0,0,0,0,0,0,0,0,0,0,0,0,0,0,0,0,0,0,0,0,0,0,0,0,0,0,0,0,0,0,0,0,0,0,0,0,0,0,0,0,0,0,0,0,0,0,0,0,0,0,0,0,0,0,0,0,0
SRR5384397,PRJNA377739,COPD_Stable,0.138154854,0.022638097,0,0,0,0,0.381766938,0.063368397,0,0.040722628,0.005088398,0.002527679,0.018283397,0,0,0,0.009708679,0,0.002058448,0.020383102,0,0,0.006688921,0.003836338,0,0.004626204,0,0,0.00210546,0.012786815,0,0,0.001559533,0,0,0.005635016,0,0,0,0,0,0,0,0,0,0,0.011411779,0,0.020891396,0,0,0.000392027,0.000261809,0,0.000343783,0.0002468,0,0,0,0,0,0,0.000717429,0,0,0,0,0,0,0,0,0,0,0,0,0,0,0,0,0,0,0,0,0,0,0,0,0,0,0,0,0,0,0,0,0,0,0,0,0,0,0,0,0,0,0,0,0,0,0,0,0,0,0,0,0,0,0,0,0,0,0,0,0,0,0,0,0,0,0,0,0,0,0,0,0,0,0,0,0,0,0,0,0,0,0,0,0,0,0,0,0,0,0,0,0,0,0,0,0,0,0,0,0,0,0,0,0,0,0,0,0,0,0,0,0,0,0,0,0,0,0,0,0,0,0,0,0,0,0,0,0,0,0,0,0,0,0,0,0,0,0,0,0,0,0,0,0,0,0,0,0,0,0,0,0,0,0,0,0,0,0,0,0,0,0,0,0,0,0,0,0,0,0,0,0,0,0,0,0,0,0,0,0,0,0,0,0,0,0,0,0,0,0,0,0,0,0,0,0,0,0,0,0,0,0,0,0,0,0,0,0
SRR5384398,PRJNA377739,COPD_Stable,0.157760709,0.011053216,0.213354644,0,0,0,0.155962156,0.039907924,0.001043573,0.012696634,0.01024551,0.001013728,0.004861305,0,0,0.000139102,0.002444578,0.019089974,0.000747038,0.001856695,0,0.000275159,0.007263642,0.006651338,0,0.000250944,0,0,0.001294092,0,0,0,0.000766128,0,0.000481982,0.003368587,0,0,0.00030343,0,0,0,0,0,0,0,0.003276329,0.003908407,0.003424904,0.000160027,0.002823472,0,0.000185778,0,0,0.001924203,0,0,0,0.001713686,0,0,0,0,0.003140597,0.000368675,0,0.001684814,0,0.00095636,0,0,0,0,0,0,0,0,0,0,0,0,0,0,0,0,0,0,0,0,0,0,0,0,0,0,0,0,0,0,0,0,0,0,0,0,0,0,0,0,0,0,0,0,0,0,0,0,0,0,0,0,0,0,0,0,0,0,0,0,0,0,0,0,0,0,0,0,0,0,0,0,0,0,0,0,0,0,0,0,0,0,0,0,0,0,0,0,0,0,0,0,0,0,0,0,0,0,0,0,0,0,0,0,0,0,0,0,0,0,0,0,0,0,0,0,0,0,0,0,0,0,0,0,0,0,0,0,0,0,0,0,0,0,0,0,0,0,0,0,0,0,0,0,0,0,0,0,0,0,0,0,0,0,0,0,0,0,0,0,0,0,0,0,0,0,0,0,0,0,0,0,0,0,0,0,0,0,0,0,0,0,0,0,0,0,0,0,0,0,0,0,0,0,0,0,0,0,0,0,0,0
SRR5384399,PRJNA377739,COPD_Stable,0.146785273,0.015380522,0,0,0,0,0.122504669,0.483044278,0,0.003125997,0,0,0,0,0,0.006981058,0.01584363,0,0,0,0,0.001273224,0.001624832,0.000755895,0,0,0,0,0.001318231,0,0,0,0,0,0,0.000447073,0,0,0,0,0,0,0,0,0,0,0.022792273,0,0,0,0,0,0,0,0,0,0,0,0,0,0,0,0,0,0,0,0,0,0,0,0,0,0,0,0,0,0,0,0,0,0,0,0,0,0,0,0,0,0,0,0,0,0,0,0,0,0,0,0,0,0,0,0,0,0,0,0,0,0,0,0,0,0,0,0,0,0,0,0,0,0,0,0,0,0,0,0,0,0,0,0,0,0,0,0,0,0,0,0,0,0,0,0,0,0,0,0,0,0,0,0,0,0,0,0,0,0,0,0,0,0,0,0,0,0,0,0,0,0,0,0,0,0,0,0,0,0,0,0,0,0,0,0,0,0,0,0,0,0,0,0,0,0,0,0,0,0,0,0,0,0,0,0,0,0,0,0,0,0,0,0,0,0,0,0,0,0,0,0,0,0,0,0,0,0,0,0,0,0,0,0,0,0,0,0,0,0,0,0,0,0,0,0,0,0,0,0,0,0,0,0,0,0,0,0,0,0,0,0,0,0,0,0,0,0,0,0,0,0,0,0,0
SRR5384400,PRJNA377739,COPD_Stable,0.135418221,0.039885688,0.000793473,0,0,0,0.103261259,0.050161842,0,0.002494766,0.006630204,0.001278518,0.008443179,0,0,0.002426929,0.003351004,0.00117249,0.001825574,0,0,0,0.010884234,0.005443511,0,0.00061666,0,0,0.001101888,0.000601484,0,0,0,0,0,0.001921389,0,0,0.001728095,0,0,0,0,0,0,0,0.000181244,0.001672912,0.003313061,0,0.001321697,0.000124342,0.000219207,0.000334594,0,0,0,0,0,0,0.001455803,0,8.00E-05,0.000606628,0,0,0,0,0,0.00037725,0,0,0,0,0,0,0,0,0,0,0,0,0,0,0,0,0,0,0,0,0,0,0,0,0,0,0,0,0,0,0,0,0,0,0,0,0,0,0,0,0,0,0,0,0,0,0,0,0,0,0,0,0,0,0,0,0,0,0,0,0,0,0,0,0,0,0,0,0,0,0,0,0,0,0,0,0,0,0,0,0,0,0,0,0,0,0,0,0,0,0,0,0,0,0,0,0,0,0,0,0,0,0,0,0,0,0,0,0,0,0,0,0,0,0,0,0,0,0,0,0,0,0,0,0,0,0,0,0,0,0,0,0,0,0,0,0,0,0,0,0,0,0,0,0,0,0,0,0,0,0,0,0,0,0,0,0,0,0,0,0,0,0,0,0,0,0,0,0,0,0,0,0,0,0,0,0,0,0,0,0,0,0,0,0,0,0,0,0,0,0,0,0,0,0,0,0,0,0,0,0,0
SRR5384401,PRJNA377739,COPD_Stable,0.707908206,0.002139833,0,0,0,0,0.127095551,0.04346259,0,0.001346996,0.002197874,0,0.001610502,0,0,0.000398855,0.000914228,0.000249733,0.000379855,0.002305923,0,0.00031455,0.004040472,0.012543518,0,0.000772406,0.001985328,0,0.002159723,0.000210109,0,0,0,0,0,0,0,0,0.000139367,0,0,0,0,0,0,0.000128219,0.008923019,0,0.001823054,0,0.000203525,0.000247645,0,0,7.86E-05,0,0,0,0,0,0.001198916,0,0,0,0,0,0,0,0,0,0,0,0,0,0,0,0,0,0,0,0,0,0,0,0,0,0,0,0,0,0,0,0,0,0,0,0,0,0,0,0,0,0,0,0,0,0,0,0,0,0,0,0,0,0,0,0,0,0,0,0,0,0,0,0,0,0,0,0,0,0,0,0,0,0,0,0,0,0,0,0,0,0,0,0,0,0,0,0,0,0,0,0,0,0,0,0,0,0,0,0,0,0,0,0,0,0,0,0,0,0,0,0,0,0,0,0,0,0,0,0,0,0,0,0,0,0,0,0,0,0,0,0,0,0,0,0,0,0,0,0,0,0,0,0,0,0,0,0,0,0,0,0,0,0,0,0,0,0,0,0,0,0,0,0,0,0,0,0,0,0,0,0,0,0,0,0,0,0,0,0,0,0,0,0,0,0,0,0,0,0,0,0,0,0,0,0,0,0,0,0,0,0,0,0,0,0,0,0,0,0,0
SRR5384402,PRJNA377739,COPD_Stable,0.380734107,0.004013407,0.155613667,0,0,0,0.09418448,0.015345817,0,0.039665624,0.010887358,0,0.005691843,0,0,0,0.000184503,0.022118682,0,0,0,0,0.003792392,0.011298016,0,0.000250238,0,0,0,0.000631236,0,0,0,0,0,0,0,0,0,0.004302249,0,0,0,0,0,0.002745503,0.009906327,0.069864786,0.004267276,0,0.011112446,0.000334631,0.022680225,8.40E-05,0.000717086,0.001289804,0,0,0.00024142,0,0,0,0.000178342,0.005411691,0,0.005102596,0.000358049,0.002056928,0,0.000509157,0.020228792,0,0,0,0,0,0,0,0,0,0,0,0,0,0,0,0,0,0,0,0,0,0,0,0,0,0,0,0,0,0,0,0,0,0,0,0,0,0,0,0,0,0,0,0,0,0,0,0,0,0,0,0,0,0,0,0,0,0,0,0,0,0,0,0,0,0,0,0,0,0,0,0,0,0,0,0,0,0,0,0,0,0,0,0,0,0,0,0,0,0,0,0,0,0,0,0,0,0,0,0,0,0,0,0,0,0,0,0,0,0,0,0,0,0,0,0,0,0,0,0,0,0,0,0,0,0,0,0,0,0,0,0,0,0,0,0,0,0,0,0,0,0,0,0,0,0,0,0,0,0,0,0,0,0,0,0,0,0,0,0,0,0,0,0,0,0,0,0,0,0,0,0,0,0,0,0,0,0,0,0,0,0,0,0,0,0,0,0,0,0,0,0,0,0,0,0,0,0,0,0,0
SRR5384403,PRJNA377739,COPD_Stable,0.24890181,0.01006429,0.087766213,0,0,0,0.18078027,0.062756664,0.003056924,0.010573236,0.010159693,0,0.004889878,0,0,0.002463469,0,0.004020015,0,0.010867068,0,0,0.006652957,0.011297495,0,0.002783009,0,0,0.002614191,0.000645242,0.010934025,0,0,0,0.002488485,0.005580247,0,0,0.000357152,0,0,0,0,0,0,0,0.004822201,0.002619845,0.000488698,0,0.002525924,0.00118144,0.002675044,0.00142324,0,0.002588871,0,0.000686257,0,0,0,0.000203139,0,0,0.005159833,0,0.00182928,0,0,0,0,0,0,0,0,0,0,0,0,0,0,0,0,0,0,0,0,0,0,0,0,0,0,0,0,0,0,0,0,0,0,0,0,0,0,0,0,0,0,0,0,0,0,0,0,0,0,0,0,0,0,0,0,0,0,0,0,0,0,0,0,0,0,0,0,0,0,0,0,0,0,0,0,0,0,0,0,0,0,0,0,0,0,0,0,0,0,0,0,0,0,0,0,0,0,0,0,0,0,0,0,0,0,0,0,0,0,0,0,0,0,0,0,0,0,0,0,0,0,0,0,0,0,0,0,0,0,0,0,0,0,0,0,0,0,0,0,0,0,0,0,0,0,0,0,0,0,0,0,0,0,0,0,0,0,0,0,0,0,0,0,0,0,0,0,0,0,0,0,0,0,0,0,0,0,0,0,0,0,0,0,0,0,0,0,0,0,0,0,0,0,0,0,0,0,0,0,0,0,0,0,0
SRR5384404,PRJNA377739,COPD_Stable,0.141185513,0,0.84404846,0,0,0,0.00326527,0.002681362,0,0.00122612,0,0,0.000916912,0,0,0,0,0,0,0,0,0,6.41E-05,0,0,0,0,0,0,0,0,0,3.38E-05,0,0,0,0,0,0,0,0,0,0,0,0,0.000149953,0,0,0,0,0,5.09E-05,0,0,0,4.64E-05,7.24E-05,0,0,0,0,0,0,0,0,4.66E-05,0,0,0,0,0,0,0,0,0,0,0,0,0,0,0,0,0,0,0,0,0,0,0,0,0,0,0,0,0,0,0,0,0,0,0,0,0,0,0,0,0,0,0,0,0,0,0,0,0,0,0,0,0,0,0,0,0,0,0,0,0,0,0,0,0,0,0,0,0,0,0,0,0,0,0,0,0,0,0,0,0,0,0,0,0,0,0,0,0,0,0,0,0,0,0,0,0,0,0,0,0,0,0,0,0,0,0,0,0,0,0,0,0,0,0,0,0,0,0,0,0,0,0,0,0,0,0,0,0,0,0,0,0,0,0,0,0,0,0,0,0,0,0,0,0,0,0,0,0,0,0,0,0,0,0,0,0,0,0,0,0,0,0,0,0,0,0,0,0,0,0,0,0,0,0,0,0,0,0,0,0,0,0,0,0,0,0,0,0,0,0,0,0,0,0,0,0,0,0,0,0,0,0,0,0,0
SRR5384405,PRJNA377739,COPD_Stable,0.186172354,0.011402565,0.07928112,0,0,0,0.194413552,0.064650222,0.002853565,0.014622854,0.003094723,0.005877295,0.011518158,0,0,0.000753324,0.000489451,0.010222712,0.000864092,0.065887675,0,0,0.004790896,0.016653537,0,0.001175225,0,0,0.002244035,0.000472169,0.003459643,0,0.000760562,0,0.000834915,0.002817766,0,0,0,0,0,0,0,0,0,0,0.002903781,0.002974469,0.002518987,0,0.003907674,0.000682359,0.001076442,0,0,0.000378337,0,0.001299667,0,0,0.00065636,0.001695511,0.000321765,0.000152223,0,0,0.000121872,0.000494302,0.000425886,0,0,0,0,0,0,0,0,0,0,0,0,0,0,0,0,0,0,0,0,0,0,0,0,0,0,0,0,0,0,0,0,0,0,0,0,0,0,0,0,0,0,0,0,0,0,0,0,0,0,0,0,0,0,0,0,0,0,0,0,0,0,0,0,0,0,0,0,0,0,0,0,0,0,0,0,0,0,0,0,0,0,0,0,0,0,0,0,0,0,0,0,0,0,0,0,0,0,0,0,0,0,0,0,0,0,0,0,0,0,0,0,0,0,0,0,0,0,0,0,0,0,0,0,0,0,0,0,0,0,0,0,0,0,0,0,0,0,0,0,0,0,0,0,0,0,0,0,0,0,0,0,0,0,0,0,0,0,0,0,0,0,0,0,0,0,0,0,0,0,0,0,0,0,0,0,0,0,0,0,0,0,0,0,0,0,0,0,0,0,0,0,0,0,0,0,0,0,0,0,0,0,0
SRR5384406,PRJNA377739,COPD_Stable,0.22439071,0.008677859,0.068799398,0,0,0,0.175977102,0.056136256,0.003640318,0.014738272,0.008479914,0.004677124,0.007470341,0,0,0.001027012,0.00064468,0.007424779,0.001053398,0.007588527,0,0,0.012695929,0.014493947,0,0.002578961,0,0,0.004071626,0.002593793,0,0,0.001146906,0,0,0.000573281,0,0,0.001225046,0,0,0,0,0,0,5.28E-05,0.002557891,0.004123759,0.001872759,0.000207611,0.001882302,0.000649277,0.000449148,0,0.000481102,0.000247718,0.000292103,0,0,0.005296105,0,0.004607602,0,0.000364065,0,0,0.001299947,0.000177548,0,0.000857605,0,0,0,0,0,0,0,0,0,0,0,0,0,0,0,0,0,0,0,0,0,0,0,0,0,0,0,0,0,0,0,0,0,0,0,0,0,0,0,0,0,0,0,0,0,0,0,0,0,0,0,0,0,0,0,0,0,0,0,0,0,0,0,0,0,0,0,0,0,0,0,0,0,0,0,0,0,0,0,0,0,0,0,0,0,0,0,0,0,0,0,0,0,0,0,0,0,0,0,0,0,0,0,0,0,0,0,0,0,0,0,0,0,0,0,0,0,0,0,0,0,0,0,0,0,0,0,0,0,0,0,0,0,0,0,0,0,0,0,0,0,0,0,0,0,0,0,0,0,0,0,0,0,0,0,0,0,0,0,0,0,0,0,0,0,0,0,0,0,0,0,0,0,0,0,0,0,0,0,0,0,0,0,0,0,0,0,0,0,0,0,0,0,0,0,0,0,0,0,0,0,0
SRR5384407,PRJNA377739,COPD_Stable,0.389780229,0.007052503,0.001158893,0,0,0,0.167092955,0.000373299,0,0.096890308,0.000732899,0,0.023888922,0,0,0,0.001446061,0,0.000970421,0.003457978,0,0.001583629,0.001882842,0.005140776,0,0.003321409,0,0,0.003968936,0.002541749,0,0,0,0,0,0.000373763,0,0,0.000457869,0,0,0,0,0,0,0,0.015067925,0.000435079,0.002711554,0,0.000407242,0.000149643,0.000158276,0.000640628,0,0,0,0,0,0,0,0,0,0,0,0,0,0,0.000103255,0,0,0,0,0,0,0,0,0,0,0,0,0,0,0,0,0,0,0,0,0,0,0,0,0,0,0,0,0,0,0,0,0,0,0,0,0,0,0,0,0,0,0,0,0,0,0,0,0,0,0,0,0,0,0,0,0,0,0,0,0,0,0,0,0,0,0,0,0,0,0,0,0,0,0,0,0,0,0,0,0,0,0,0,0,0,0,0,0,0,0,0,0,0,0,0,0,0,0,0,0,0,0,0,0,0,0,0,0,0,0,0,0,0,0,0,0,0,0,0,0,0,0,0,0,0,0,0,0,0,0,0,0,0,0,0,0,0,0,0,0,0,0,0,0,0,0,0,0,0,0,0,0,0,0,0,0,0,0,0,0,0,0,0,0,0,0,0,0,0,0,0,0,0,0,0,0,0,0,0,0,0,0,0,0,0,0,0,0,0,0,0,0,0,0,0,0,0,0,0,0,0,0
SRR5384408,PRJNA377739,COPD_Stable,0.191410197,0.009113627,0.001945511,0,0,0,0.424874356,0.09113629,0,0.028813568,0.001013397,0.00027434,0.005340419,0,0,0.001308078,0.000460317,0.000218153,0.000867786,0.003861637,0,0,0.003221886,0.002006436,0,0.000590632,0,0,0.00097406,0.004011927,0,0,0.00049638,0,0,0.000502071,0,0,0.001092255,0,0,0,0,0,0,0,0.009404854,0,0.003111354,0,0.000234444,0.00117,0,0,0.000284404,0,0,0,0,0,0,9.48E-05,0,0,0,0,0,0,0.001000607,0.000361201,0,0,0,0,0,0,0,0,0,0,0,0,0,0,0,0,0,0,0,0,0,0,0,0,0,0,0,0,0,0,0,0,0,0,0,0,0,0,0,0,0,0,0,0,0,0,0,0,0,0,0,0,0,0,0,0,0,0,0,0,0,0,0,0,0,0,0,0,0,0,0,0,0,0,0,0,0,0,0,0,0,0,0,0,0,0,0,0,0,0,0,0,0,0,0,0,0,0,0,0,0,0,0,0,0,0,0,0,0,0,0,0,0,0,0,0,0,0,0,0,0,0,0,0,0,0,0,0,0,0,0,0,0,0,0,0,0,0,0,0,0,0,0,0,0,0,0,0,0,0,0,0,0,0,0,0,0,0,0,0,0,0,0,0,0,0,0,0,0,0,0,0,0,0,0,0,0,0,0,0,0,0,0,0,0,0,0,0,0,0,0,0,0,0,0,0,0,0,0,0,0,0
SRR5384409,PRJNA377739,COPD_Stable,0.024129852,0,0,0,0,0,0.014250805,0.000100332,0,0.002268127,9.75E-05,0,0.000336299,0,0,0,0,0,0,0,0,0,0,0,0,0,0,0,0,0,0,0,0,0,0.000212728,0,0,0,0,0,0,0,0,0,0,0,0,0,0,0,0,0.000155987,0,0.000145681,0,0,0,0,0,0,0,0,0,0,0,0,0,0,0,0,0,0,0,0,0,0,0,0,0,0,0,0,0,0,0,0,0,0,0,0,0,0,0,0,0,0,0,0,0,0,0,0,0,0,0,0,0,0,0,0,0,0,0,0,0,0,0,0,0,0,0,0,0,0,0,0,0,0,0,0,0,0,0,0,0,0,0,0,0,0,0,0,0,0,0,0,0,0,0,0,0,0,0,0,0,0,0,0,0,0,0,0,0,0,0,0,0,0,0,0,0,0,0,0,0,0,0,0,0,0,0,0,0,0,0,0,0,0,0,0,0,0,0,0,0,0,0,0,0,0,0,0,0,0,0,0,0,0,0,0,0,0,0,0,0,0,0,0,0,0,0,0,0,0,0,0,0,0,0,0,0,0,0,0,0,0,0,0,0,0,0,0,0,0,0,0,0,0,0,0,0,0,0,0,0,0,0,0,0,0,0,0,0,0,0,0,0,0,0,0,0,0
SRR5384410,PRJNA377739,COPD_Stable,0.415681062,0.006562146,0,0,0,0,0.140314994,0.02032008,0,0.086602416,0.006238953,0.011356019,0.05003043,0,0,0,0,0.000166411,0.001018134,0.011282402,0,0.001763334,0.019540659,0.002680422,0,0.007316118,0,0,0.000979896,0,0,0,0,0,0,0,0,0,0.001563521,0,0,0,0,0,0,0,0,0,0.032665133,0,0,0.000521251,0,0.000238015,0.000481448,0.000266231,0.000330688,0,0,0,0,0,0.000898362,0,0,0,0,0,0,0,0,0,0,0,0,0,0,0,0,0,0,0,0,0,0,0,0,0,0,0,0,0,0,0,0,0,0,0,0,0,0,0,0,0,0,0,0,0,0,0,0,0,0,0,0,0,0,0,0,0,0,0,0,0,0,0,0,0,0,0,0,0,0,0,0,0,0,0,0,0,0,0,0,0,0,0,0,0,0,0,0,0,0,0,0,0,0,0,0,0,0,0,0,0,0,0,0,0,0,0,0,0,0,0,0,0,0,0,0,0,0,0,0,0,0,0,0,0,0,0,0,0,0,0,0,0,0,0,0,0,0,0,0,0,0,0,0,0,0,0,0,0,0,0,0,0,0,0,0,0,0,0,0,0,0,0,0,0,0,0,0,0,0,0,0,0,0,0,0,0,0,0,0,0,0,0,0,0,0,0,0,0,0,0,0,0,0,0,0,0,0,0,0,0,0,0,0,0,0,0,0,0
SRR5384411,PRJNA377739,COPD_Stable,0.316800017,0.00397225,0.069901015,0,0,0,0.265690145,0.034583078,0.002061862,0.04304854,0.00687471,0,0.014295105,0,0,0,0,0.005088074,0,0,0,0,0.003527216,0.007412344,0,0.002553998,0.000940326,0,0.004362471,0.002344854,0,0,0,0,0.001538237,0,0,0,0,0.001787352,0,0,0,0,0,0,0.001661679,0.003941466,0.001460493,0,0.000917169,0.001469742,0.000573471,0,0.000627629,0,0.000577465,0.001145486,0,0,0,0,0,0,0,0,0.001103745,0,0,0,0,0,0,0,0,0,0,0,0,0,0,0,0,0,0,0,0,0,0,0,0,0,0,0,0,0,0,0,0,0,0,0,0,0,0,0,0,0,0,0,0,0,0,0,0,0,0,0,0,0,0,0,0,0,0,0,0,0,0,0,0,0,0,0,0,0,0,0,0,0,0,0,0,0,0,0,0,0,0,0,0,0,0,0,0,0,0,0,0,0,0,0,0,0,0,0,0,0,0,0,0,0,0,0,0,0,0,0,0,0,0,0,0,0,0,0,0,0,0,0,0,0,0,0,0,0,0,0,0,0,0,0,0,0,0,0,0,0,0,0,0,0,0,0,0,0,0,0,0,0,0,0,0,0,0,0,0,0,0,0,0,0,0,0,0,0,0,0,0,0,0,0,0,0,0,0,0,0,0,0,0,0,0,0,0,0,0,0,0,0,0,0,0,0,0,0,0,0,0,0,0,0
SRR5384412,PRJNA377739,COPD_Stable,0.170892905,0.006471845,0,0,0,0,0.240867317,0.048414613,0,0.002589275,0.000181491,0,0,0,0,0.001307376,0,0,0.006066365,0,0,0,0.009871341,0,0,0,0,0,0.003592385,0,0,0,0,0,0,0.00108227,0,0,0,0,0,0,0,0,0,0,0,0,0.000131459,0,0,0.000217188,0,0,0,0,9.12E-05,0,0,0,0,0,0,0,0,0,0,0,0,0,0,0,0,0,0,0,0,0,0,0,0,0,0,0,0,0,0,0,0,0,0,0,0,0,0,0,0,0,0,0,0,0,0,0,0,0,0,0,0,0,0,0,0,0,0,0,0,0,0,0,0,0,0,0,0,0,0,0,0,0,0,0,0,0,0,0,0,0,0,0,0,0,0,0,0,0,0,0,0,0,0,0,0,0,0,0,0,0,0,0,0,0,0,0,0,0,0,0,0,0,0,0,0,0,0,0,0,0,0,0,0,0,0,0,0,0,0,0,0,0,0,0,0,0,0,0,0,0,0,0,0,0,0,0,0,0,0,0,0,0,0,0,0,0,0,0,0,0,0,0,0,0,0,0,0,0,0,0,0,0,0,0,0,0,0,0,0,0,0,0,0,0,0,0,0,0,0,0,0,0,0,0,0,0,0,0,0,0,0,0,0,0,0,0,0,0,0,0,0,0,0,0
SRR5384413,PRJNA377739,COPD_Stable,0.112345534,0.012284745,0.0003007,0,0,0,0.286087503,0.482126605,0,0.006933864,0.000909836,0,0,0,0,0.005813038,0,0,0,0.0158803,0,0,0,0,0,0,0,0,0,0,0,0,0,0,0.000199605,0,0,0,0,0,0,0,0,0,0,0,0,0,0,0,0,0,0.000155812,0,0.000215886,0,0,0.000211005,0,0,0,0,0,0,0,0,0,0,0,0,0,0,0,0,0,0,0,0,0,0,0,0,0,0,0,0,0,0,0,0,0,0,0,0,0,0,0,0,0,0,0,0,0,0,0,0,0,0,0,0,0,0,0,0,0,0,0,0,0,0,0,0,0,0,0,0,0,0,0,0,0,0,0,0,0,0,0,0,0,0,0,0,0,0,0,0,0,0,0,0,0,0,0,0,0,0,0,0,0,0,0,0,0,0,0,0,0,0,0,0,0,0,0,0,0,0,0,0,0,0,0,0,0,0,0,0,0,0,0,0,0,0,0,0,0,0,0,0,0,0,0,0,0,0,0,0,0,0,0,0,0,0,0,0,0,0,0,0,0,0,0,0,0,0,0,0,0,0,0,0,0,0,0,0,0,0,0,0,0,0,0,0,0,0,0,0,0,0,0,0,0,0,0,0,0,0,0,0,0,0,0,0,0,0,0,0,0,0,0,0,0,0
SRR5384414,PRJNA377739,COPD_Stable,0.194572876,0.043521076,0,0,0,0,0.266974028,0.15993412,0,0.005173347,0.014354493,0.008760018,0.010210004,0,0,0.004206743,0.003062955,0.005166287,0.001605778,0.001428022,0,0.000523594,0.008750537,0.024429085,0,0.000962871,0,0,0.000834096,0.002466429,0,0,0,0,0.000270182,0,0,0,0.002432226,0.000628168,0,0,0,0,0,9.40E-05,0.004266704,0.002841938,0.003792301,0,0.0003402,0,0.004117788,0,0,0.000573043,0,0.000658749,0,0,0.00106464,0,0,0.001180862,0,0,0,0.000946808,0,0.0006893,0.000275823,0,0,0,0,0,0,0,0,0,0,0,0,0,0,0,0,0,0,0,0,0,0,0,0,0,0,0,0,0,0,0,0,0,0,0,0,0,0,0,0,0,0,0,0,0,0,0,0,0,0,0,0,0,0,0,0,0,0,0,0,0,0,0,0,0,0,0,0,0,0,0,0,0,0,0,0,0,0,0,0,0,0,0,0,0,0,0,0,0,0,0,0,0,0,0,0,0,0,0,0,0,0,0,0,0,0,0,0,0,0,0,0,0,0,0,0,0,0,0,0,0,0,0,0,0,0,0,0,0,0,0,0,0,0,0,0,0,0,0,0,0,0,0,0,0,0,0,0,0,0,0,0,0,0,0,0,0,0,0,0,0,0,0,0,0,0,0,0,0,0,0,0,0,0,0,0,0,0,0,0,0,0,0,0,0,0,0,0,0,0,0,0,0,0,0,0,0,0,0,0,0
SRR5384415,PRJNA377739,COPD_Stable,0.755298493,0.003728372,0,0,0,0,0.062407423,0.000376882,0,0.006965574,0.006219791,0,0.007463622,0,0,0.000475322,0.001834507,0.00227829,0.000638151,0,0,0,0.00985282,0,0,0.010728199,0,0,0.000339466,0.001459367,0,0,0,0,0,0,0,0,0,0,0,0,0,0,0,0,0.011571469,0.001029456,0.010709989,0,0.000231018,0,0.000339181,0,0.000108045,0.000124864,9.79E-05,0,0,0,0.000289424,0,0.000317312,0,0,0,0,0,0,0,0,0,0,0,0,0,0,0,0,0,0,0,0,0,0,0,0,0,0,0,0,0,0,0,0,0,0,0,0,0,0,0,0,0,0,0,0,0,0,0,0,0,0,0,0,0,0,0,0,0,0,0,0,0,0,0,0,0,0,0,0,0,0,0,0,0,0,0,0,0,0,0,0,0,0,0,0,0,0,0,0,0,0,0,0,0,0,0,0,0,0,0,0,0,0,0,0,0,0,0,0,0,0,0,0,0,0,0,0,0,0,0,0,0,0,0,0,0,0,0,0,0,0,0,0,0,0,0,0,0,0,0,0,0,0,0,0,0,0,0,0,0,0,0,0,0,0,0,0,0,0,0,0,0,0,0,0,0,0,0,0,0,0,0,0,0,0,0,0,0,0,0,0,0,0,0,0,0,0,0,0,0,0,0,0,0,0,0,0,0,0,0,0,0,0,0,0,0,0,0,0,0
SRR5384416,PRJNA377739,COPD_Stable,0.302528987,0.007597429,0.070189324,0,0,0,0.116527809,0.036867021,0.080115817,0.024171693,0.002701782,0.000976468,0.02338238,0,0,0,0.002320716,0.002266251,0,0.004318439,0,0,0.004780572,0.001774568,0,0.000699633,0,0,0.000152378,0,0,0,0,0,0.000771556,0.000501044,0,0,0.001405163,0,0,0,0,0,0,0,0.003488094,0.001866365,0.001312433,0,0.000295599,0.002346452,0.000409391,0.00109917,0.001389605,0.001041287,0,0,0,0.002478544,0.000221449,0.000423988,0.000201827,0,0,0,0,0,0.00040734,0.000622316,0,0,0,0,0,0,0,0,0,0,0,0,0,0,0,0,0,0,0,0,0,0,0,0,0,0,0,0,0,0,0,0,0,0,0,0,0,0,0,0,0,0,0,0,0,0,0,0,0,0,0,0,0,0,0,0,0,0,0,0,0,0,0,0,0,0,0,0,0,0,0,0,0,0,0,0,0,0,0,0,0,0,0,0,0,0,0,0,0,0,0,0,0,0,0,0,0,0,0,0,0,0,0,0,0,0,0,0,0,0,0,0,0,0,0,0,0,0,0,0,0,0,0,0,0,0,0,0,0,0,0,0,0,0,0,0,0,0,0,0,0,0,0,0,0,0,0,0,0,0,0,0,0,0,0,0,0,0,0,0,0,0,0,0,0,0,0,0,0,0,0,0,0,0,0,0,0,0,0,0,0,0,0,0,0,0,0,0,0,0,0,0,0,0,0,0,0,0,0,0,0,0
SRR5384417,PRJNA377739,COPD_Stable,0.387042789,0.005303305,0.00016201,0,0,0,0.356567257,0,0,0.011905561,0.006927938,0.026133056,0.021925144,0,0,0.00590289,0.02086045,0,0.003687388,0,0,0.001949926,0.027436405,0,0,0.006180163,0,0,0,0,0,0,0,0,0,0,0,0,0.002334495,0,0,0,0,0,0,0,0,0,0,0,0.000259732,0,0.000155495,0,0,0,0,0,0,0,0,0,0.002544923,0,0,0,0.000157451,0,0,0,0,0,0,0,0,0,0,0,0,0,0,0,0,0,0,0,0,0,0,0,0,0,0,0,0,0,0,0,0,0,0,0,0,0,0,0,0,0,0,0,0,0,0,0,0,0,0,0,0,0,0,0,0,0,0,0,0,0,0,0,0,0,0,0,0,0,0,0,0,0,0,0,0,0,0,0,0,0,0,0,0,0,0,0,0,0,0,0,0,0,0,0,0,0,0,0,0,0,0,0,0,0,0,0,0,0,0,0,0,0,0,0,0,0,0,0,0,0,0,0,0,0,0,0,0,0,0,0,0,0,0,0,0,0,0,0,0,0,0,0,0,0,0,0,0,0,0,0,0,0,0,0,0,0,0,0,0,0,0,0,0,0,0,0,0,0,0,0,0,0,0,0,0,0,0,0,0,0,0,0,0,0,0,0,0,0,0,0,0,0,0,0,0,0,0,0,0,0,0,0,0,0
SRR5384418,PRJNA377739,COPD_Stable,0.059032386,0.000550633,0,0,0,0,0.09809544,0.047146898,0,0.00645477,0.000507299,0.00116496,0.007633586,0,0,0.000661246,0.001615755,0.000547915,0.000164192,0.00234811,0,0.000393714,0.005077399,0.001189431,0,0.00035603,0,0,0.000221779,0.000187876,0,0,0,0,0,0,0,0,0.001061736,0,0,0,0,0,0,0,0.002296841,0,0.000450503,0,0.000291028,0.001362837,0,0.000327176,0.000733318,0,0.000349428,0,0,0,0,0,7.29E-05,0,0,0,0,0,0,0,0,0,0,0,0,0,0,0,0,0,0,0,0,0,0,0,0,0,0,0,0,0,0,0,0,0,0,0,0,0,0,0,0,0,0,0,0,0,0,0,0,0,0,0,0,0,0,0,0,0,0,0,0,0,0,0,0,0,0,0,0,0,0,0,0,0,0,0,0,0,0,0,0,0,0,0,0,0,0,0,0,0,0,0,0,0,0,0,0,0,0,0,0,0,0,0,0,0,0,0,0,0,0,0,0,0,0,0,0,0,0,0,0,0,0,0,0,0,0,0,0,0,0,0,0,0,0,0,0,0,0,0,0,0,0,0,0,0,0,0,0,0,0,0,0,0,0,0,0,0,0,0,0,0,0,0,0,0,0,0,0,0,0,0,0,0,0,0,0,0,0,0,0,0,0,0,0,0,0,0,0,0,0,0,0,0,0,0,0,0,0,0,0,0,0,0,0,0,0,0,0,0
SRR5384419,PRJNA377739,COPD_Stable,0.003106233,0,0,0,0,0,0.000945219,0,0,0,0,0,0,0,0,0,0,0,0,0,0,0,0,6.60E-05,0,0,0,0,0,0,0,0,0,0,0,0,0,0,0,0,0,0,0,0,0,0,0,0,0,0,0,0,0,0,0,0,0,0,0,0,0,0,0,0,0,0,0,0,0,0,0,0,0,0,0,0,0,0,0,0,0,0,0,0,0,0,0,0,0,0,0,0,0,0,0,0,0,0,0,0,0,0,0,0,0,0,0,0,0,0,0,0,0,0,0,0,0,0,0,0,0,0,0,0,0,0,0,0,0,0,0,0,0,0,0,0,0,0,0,0,0,0,0,0,0,0,0,0,0,0,0,0,0,0,0,0,0,0,0,0,0,0,0,0,0,0,0,0,0,0,0,0,0,0,0,0,0,0,0,0,0,0,0,0,0,0,0,0,0,0,0,0,0,0,0,0,0,0,0,0,0,0,0,0,0,0,0,0,0,0,0,0,0,0,0,0,0,0,0,0,0,0,0,0,0,0,0,0,0,0,0,0,0,0,0,0,0,0,0,0,0,0,0,0,0,0,0,0,0,0,0,0,0,0,0,0,0,0,0,0,0,0,0,0,0,0,0,0,0,0,0,0
SRR5384420,PRJNA377739,COPD_Stable,0.116164186,0.016307798,0.001023536,0,0,0,0.285079344,0.067728523,0,0.009880597,0.001260444,0.001136561,0.005408535,0,0,0.001702987,0.002329592,0.001294048,0.000523378,0,0,0,0.0073077,0.013591866,0,0.000209158,0,0,0.001168119,0,0,0,0,0,0,0,0,0,0.002376247,0,0,0,0,0,0,0,0.007069666,0.000329887,0.001069416,0,0,0,0,0,0,0.000133415,0,0,0,0,0.000215814,0,0,0,0,0,0,0,0,0,0,0,0,0,0,0,0,0,0,0,0,0,0,0,0,0,0,0,0,0,0,0,0,0,0,0,0,0,0,0,0,0,0,0,0,0,0,0,0,0,0,0,0,0,0,0,0,0,0,0,0,0,0,0,0,0,0,0,0,0,0,0,0,0,0,0,0,0,0,0,0,0,0,0,0,0,0,0,0,0,0,0,0,0,0,0,0,0,0,0,0,0,0,0,0,0,0,0,0,0,0,0,0,0,0,0,0,0,0,0,0,0,0,0,0,0,0,0,0,0,0,0,0,0,0,0,0,0,0,0,0,0,0,0,0,0,0,0,0,0,0,0,0,0,0,0,0,0,0,0,0,0,0,0,0,0,0,0,0,0,0,0,0,0,0,0,0,0,0,0,0,0,0,0,0,0,0,0,0,0,0,0,0,0,0,0,0,0,0,0,0,0,0,0,0,0,0,0,0,0,0,0
SRR5384421,PRJNA377739,COPD_Stable,0.025791682,0.002257946,0,0,0,0,0.038311622,0,0,0.01021695,0.000444854,0,0.000161771,0,0,0.000193283,0,0.004150148,0,0,0,0,0,0,0,0.000267085,0,0,0.000116671,0,0,0,0,0,0.001054509,0.000189271,0,0,0,0,0,0,0,0,0,0,0,0,0,0,0.001370537,0,0.000105013,0.000140829,0,0.000878142,0.000166038,0,0,0,0,0,0,0,0,0.000271746,0,0,0,0,0,0,0,0,0,0,0,0,0,0,0,0,0,0,0,0,0,0,0,0,0,0,0,0,0,0,0,0,0,0,0,0,0,0,0,0,0,0,0,0,0,0,0,0,0,0,0,0,0,0,0,0,0,0,0,0,0,0,0,0,0,0,0,0,0,0,0,0,0,0,0,0,0,0,0,0,0,0,0,0,0,0,0,0,0,0,0,0,0,0,0,0,0,0,0,0,0,0,0,0,0,0,0,0,0,0,0,0,0,0,0,0,0,0,0,0,0,0,0,0,0,0,0,0,0,0,0,0,0,0,0,0,0,0,0,0,0,0,0,0,0,0,0,0,0,0,0,0,0,0,0,0,0,0,0,0,0,0,0,0,0,0,0,0,0,0,0,0,0,0,0,0,0,0,0,0,0,0,0,0,0,0,0,0,0,0,0,0,0,0,0,0,0,0,0,0,0,0,0,0,0,0
SRR5384422,PRJNA377739,COPD_Stable,0.260850917,0.014276006,0,0,0,0,0.363318401,0.135193104,0,0.007909413,0,0,0,0,0,0.003868182,0,0,0.006291999,0,0,0,0.021776514,0,0,0,0,0,0.00829971,0,0,0,0,0,0,0.000208248,0,0,0,0,0,0,0,0,0,0,0,0,0,0,0,0,0,0,0,0,0,0,0,0,0,0,0,0,0,0,0,0,0,0,0,0,0,0,0,0,0,0,0,0,0,0,0,0,0,0,0,0,0,0,0,0,0,0,0,0,0,0,0,0,0,0,0,0,0,0,0,0,0,0,0,0,0,0,0,0,0,0,0,0,0,0,0,0,0,0,0,0,0,0,0,0,0,0,0,0,0,0,0,0,0,0,0,0,0,0,0,0,0,0,0,0,0,0,0,0,0,0,0,0,0,0,0,0,0,0,0,0,0,0,0,0,0,0,0,0,0,0,0,0,0,0,0,0,0,0,0,0,0,0,0,0,0,0,0,0,0,0,0,0,0,0,0,0,0,0,0,0,0,0,0,0,0,0,0,0,0,0,0,0,0,0,0,0,0,0,0,0,0,0,0,0,0,0,0,0,0,0,0,0,0,0,0,0,0,0,0,0,0,0,0,0,0,0,0,0,0,0,0,0,0,0,0,0,0,0,0,0,0,0,0,0
SRR5384423,PRJNA377739,COPD_Stable,0.18380538,0.007808384,0.001660325,0,0,0,0.366298538,0.019500511,0,0.005159712,0.003271011,0.001398002,0.003843478,0,0,0.002032084,0.003076463,0.0042011,0.001904258,0.016646093,0,0,0.003149968,0.025855043,0,0.004556646,0,0,0.008128899,0.001229358,0,0,0,0,0,0,0,0,0.005838632,0.000257297,0,0,0,0,0,0.000344077,0.00784989,0,0.003735206,0,0,0,0.000500359,0,0.000126369,0.00069213,0,0,0,0,0.000449721,0,0.00034847,0.000279841,0,8.93E-05,0,0,0,0,0,0,0,0,0,0,0,0,0,0,0,0,0,0,0,0,0,0,0,0,0,0,0,0,0,0,0,0,0,0,0,0,0,0,0,0,0,0,0,0,0,0,0,0,0,0,0,0,0,0,0,0,0,0,0,0,0,0,0,0,0,0,0,0,0,0,0,0,0,0,0,0,0,0,0,0,0,0,0,0,0,0,0,0,0,0,0,0,0,0,0,0,0,0,0,0,0,0,0,0,0,0,0,0,0,0,0,0,0,0,0,0,0,0,0,0,0,0,0,0,0,0,0,0,0,0,0,0,0,0,0,0,0,0,0,0,0,0,0,0,0,0,0,0,0,0,0,0,0,0,0,0,0,0,0,0,0,0,0,0,0,0,0,0,0,0,0,0,0,0,0,0,0,0,0,0,0,0,0,0,0,0,0,0,0,0,0,0,0,0,0,0,0,0,0,0,0,0,0,0,0,0
SRR5384424,PRJNA377739,COPD_Stable,0.059771676,0.00372662,0,0,0,0,0.16776972,0.040166163,0.28446511,0.003477103,0.004429274,0.005406139,0.005992855,0,0,0.00057729,0.001296279,0,0.002468559,0,0,0,0.002139042,0.01599891,0,0.000207035,0,0,0.001341107,0.000427677,0,0,0,0,0,0,0,0,0.000405159,0,0,0,0,0,0,0,0.006074058,0.005874211,0.000315049,0,0,0,0.001530558,0,0,0,0,0,0,0,0.000476422,0.000469728,0,0.00030131,0,0,0,0,0,0,0,0,0,0,0,0,0,0,0,0,0,0,0,0,0,0,0,0,0,0,0,0,0,0,0,0,0,0,0,0,0,0,0,0,0,0,0,0,0,0,0,0,0,0,0,0,0,0,0,0,0,0,0,0,0,0,0,0,0,0,0,0,0,0,0,0,0,0,0,0,0,0,0,0,0,0,0,0,0,0,0,0,0,0,0,0,0,0,0,0,0,0,0,0,0,0,0,0,0,0,0,0,0,0,0,0,0,0,0,0,0,0,0,0,0,0,0,0,0,0,0,0,0,0,0,0,0,0,0,0,0,0,0,0,0,0,0,0,0,0,0,0,0,0,0,0,0,0,0,0,0,0,0,0,0,0,0,0,0,0,0,0,0,0,0,0,0,0,0,0,0,0,0,0,0,0,0,0,0,0,0,0,0,0,0,0,0,0,0,0,0,0,0,0,0,0,0,0,0,0,0,0
SRR5384425,PRJNA377739,COPD_Stable,0.001924601,0,0,0,0,0,0.000297935,9.29E-05,0,0,0,0,0,0,0,0,0,0,0,0,0,0,0,0,0,0,0,0,0,0,0,0,0,0,0,0,0,0,0,0,0,0,0,0,0,0,0,0,0,0,0,0.00015015,0,0,0,0,5.97E-05,0,0,0,0,0,0,0,0,0,0,0,0,0,0,0,0,0,0,0,0,0,0,0,0,0,0,0,0,0,0,0,0,0,0,0,0,0,0,0,0,0,0,0,0,0,0,0,0,0,0,0,0,0,0,0,0,0,0,0,0,0,0,0,0,0,0,0,0,0,0,0,0,0,0,0,0,0,0,0,0,0,0,0,0,0,0,0,0,0,0,0,0,0,0,0,0,0,0,0,0,0,0,0,0,0,0,0,0,0,0,0,0,0,0,0,0,0,0,0,0,0,0,0,0,0,0,0,0,0,0,0,0,0,0,0,0,0,0,0,0,0,0,0,0,0,0,0,0,0,0,0,0,0,0,0,0,0,0,0,0,0,0,0,0,0,0,0,0,0,0,0,0,0,0,0,0,0,0,0,0,0,0,0,0,0,0,0,0,0,0,0,0,0,0,0,0,0,0,0,0,0,0,0,0,0,0,0,0,0,0,0,0,0,0,0
SRR5384426,PRJNA377739,COPD_Stable,0.146733483,0.000584437,0,0,0,0,0.701871501,0,0,0.006146484,0,0,0,0,0,0,0,0,0,0,0,0,0,0,0,0,0.008087632,0,0.007823789,0,0,0,0,0,0,0.000293931,0,0,0,0,0,0,0,0,0,0,0,0,0,0,0,0.003609955,0,0.001688342,0.000397502,0,0.000301158,0,0,0,0,0,0,0,0,0,0,0,0,0,0,0,0,0,0,0,0,0,0,0,0,0,0,0,0,0,0,0,0,0,0,0,0,0,0,0,0,0,0,0,0,0,0,0,0,0,0,0,0,0,0,0,0,0,0,0,0,0,0,0,0,0,0,0,0,0,0,0,0,0,0,0,0,0,0,0,0,0,0,0,0,0,0,0,0,0,0,0,0,0,0,0,0,0,0,0,0,0,0,0,0,0,0,0,0,0,0,0,0,0,0,0,0,0,0,0,0,0,0,0,0,0,0,0,0,0,0,0,0,0,0,0,0,0,0,0,0,0,0,0,0,0,0,0,0,0,0,0,0,0,0,0,0,0,0,0,0,0,0,0,0,0,0,0,0,0,0,0,0,0,0,0,0,0,0,0,0,0,0,0,0,0,0,0,0,0,0,0,0,0,0,0,0,0,0,0,0,0,0,0,0,0,0,0,0,0,0,0,0,0,0,0
SRR5384427,PRJNA377739,COPD_Stable,0.210058452,0.011468523,0,0,0,0,0.515564528,0.040769034,0,0.022087782,0,0,0,0,0,0.002997246,0,0,0.001858443,0,0,0,0.00499624,0,0,7.22E-05,0,0,0.005046031,0,0,0,0,0,0,0.001392892,0,0,0,0,0,0,0,0,0,0,0,0,0,0,0,0,0,0,0,0,0,0,0,0,0,0,0,0,0,0,0,0,0,0,0,0,0,0,0,0,0,0,0,0,0,0,0,0,0,0,0,0,0,0,0,0,0,0,0,0,0,0,0,0,0,0,0,0,0,0,0,0,0,0,0,0,0,0,0,0,0,0,0,0,0,0,0,0,0,0,0,0,0,0,0,0,0,0,0,0,0,0,0,0,0,0,0,0,0,0,0,0,0,0,0,0,0,0,0,0,0,0,0,0,0,0,0,0,0,0,0,0,0,0,0,0,0,0,0,0,0,0,0,0,0,0,0,0,0,0,0,0,0,0,0,0,0,0,0,0,0,0,0,0,0,0,0,0,0,0,0,0,0,0,0,0,0,0,0,0,0,0,0,0,0,0,0,0,0,0,0,0,0,0,0,0,0,0,0,0,0,0,0,0,0,0,0,0,0,0,0,0,0,0,0,0,0,0,0,0,0,0,0,0,0,0,0,0,0,0,0,0,0,0,0,0
SRR5384428,PRJNA377739,COPD_Stable,0.034053091,0,0,0,0,0,0.337100751,0.390711603,0,0.001722534,0,0,0.001890121,0,0,0.001415224,0.003623726,0,0,0.091917353,0,0,0.010995026,0,0,0,0,0,0.005640857,0,0,0,0,0,0,0.004881601,0,0,0,0,0,0,0,0,0,0.001995141,0.002893583,0,0.000433377,0,0.004038184,0.000129681,4.91E-05,0,0,0,0,0,0,0,0,0,0.000460407,0,0,0.000965401,0,0,0,0.000252937,0,0,0,0,0,0,0,0,0,0,0,0,0,0,0,0,0,0,0,0,0,0,0,0,0,0,0,0,0,0,0,0,0,0,0,0,0,0,0,0,0,0,0,0,0,0,0,0,0,0,0,0,0,0,0,0,0,0,0,0,0,0,0,0,0,0,0,0,0,0,0,0,0,0,0,0,0,0,0,0,0,0,0,0,0,0,0,0,0,0,0,0,0,0,0,0,0,0,0,0,0,0,0,0,0,0,0,0,0,0,0,0,0,0,0,0,0,0,0,0,0,0,0,0,0,0,0,0,0,0,0,0,0,0,0,0,0,0,0,0,0,0,0,0,0,0,0,0,0,0,0,0,0,0,0,0,0,0,0,0,0,0,0,0,0,0,0,0,0,0,0,0,0,0,0,0,0,0,0,0,0,0,0,0,0,0,0,0,0,0,0,0,0,0,0,0,0,0,0,0,0,0
SRR5384429,PRJNA377739,COPD_Stable,0.083538582,0.011503908,0.333951135,0,0,0,0.254610182,0.009359307,0,0.03597546,0.01784176,0.016035111,0.030137199,0,0,0.000519436,0.001445913,0.000346596,0.002346008,0.002235855,0,0.000424352,0.013726995,0.003914918,0,0.006823868,0,0,0.002517564,0.003167775,0,0,0,0,0,0,0,0,0,0,0,0,0,0,0,0.000319057,0.000581567,0.011949203,0.009866732,0,0.003002094,0,0.002313373,8.64E-05,0,0.000330554,0,0,0,0,0,0,0.000562795,0,0,0,0,0,0,0.000433156,0,0,0,0,0,0,0,0,0,0,0,0,0,0,0,0,0,0,0,0,0,0,0,0,0,0,0,0,0,0,0,0,0,0,0,0,0,0,0,0,0,0,0,0,0,0,0,0,0,0,0,0,0,0,0,0,0,0,0,0,0,0,0,0,0,0,0,0,0,0,0,0,0,0,0,0,0,0,0,0,0,0,0,0,0,0,0,0,0,0,0,0,0,0,0,0,0,0,0,0,0,0,0,0,0,0,0,0,0,0,0,0,0,0,0,0,0,0,0,0,0,0,0,0,0,0,0,0,0,0,0,0,0,0,0,0,0,0,0,0,0,0,0,0,0,0,0,0,0,0,0,0,0,0,0,0,0,0,0,0,0,0,0,0,0,0,0,0,0,0,0,0,0,0,0,0,0,0,0,0,0,0,0,0,0,0,0,0,0,0,0,0,0,0,0,0,0,0,0,0,0,0
SRR5384430,PRJNA377739,COPD_Stable,0.772836698,0.000191712,0,0,0,0,0.075857865,0.000443124,0,0.081009887,0.000395736,0.000199042,0.003679237,0,0,0,0,0,0,0,0,0,0,0,0,0,0,0,0,0,0,0,0,0,0.000199904,9.12E-05,0,0,0,0,0,0,0,0,0,0,0,0,0,0,8.57E-05,0.00060247,0,0,0.000134136,0,0,0,0,0,0,0,0,0,0,0,0,0,9.95E-05,0,0,0,0,0,0,0,0,0,0,0,0,0,0,0,0,0,0,0,0,0,0,0,0,0,0,0,0,0,0,0,0,0,0,0,0,0,0,0,0,0,0,0,0,0,0,0,0,0,0,0,0,0,0,0,0,0,0,0,0,0,0,0,0,0,0,0,0,0,0,0,0,0,0,0,0,0,0,0,0,0,0,0,0,0,0,0,0,0,0,0,0,0,0,0,0,0,0,0,0,0,0,0,0,0,0,0,0,0,0,0,0,0,0,0,0,0,0,0,0,0,0,0,0,0,0,0,0,0,0,0,0,0,0,0,0,0,0,0,0,0,0,0,0,0,0,0,0,0,0,0,0,0,0,0,0,0,0,0,0,0,0,0,0,0,0,0,0,0,0,0,0,0,0,0,0,0,0,0,0,0,0,0,0,0,0,0,0,0,0,0,0,0,0,0,0,0,0,0,0,0,0,0
SRR5384431,PRJNA377739,COPD_Stable,0.275922945,0.003115113,0,0,0,0,0.561276898,0.00393609,0,0.03578628,0.004489078,0,0,0,0,0,0,0.000546762,0,0,0,0,0.003891011,0.001813516,0,0.005877944,0,0,0,0,0,0,0.000296123,0,0,0,0,0,0,7.78E-05,0,0,0,0,0,0.000194675,0.002577918,0,0.000272503,0,0.000712349,0,0,0,0,0.00027852,0,0,0,0,0,0,0,0,0,0,0,0,0,0.000271622,0,0,0,0,0,0,0,0,0,0,0,0,0,0,0,0,0,0,0,0,0,0,0,0,0,0,0,0,0,0,0,0,0,0,0,0,0,0,0,0,0,0,0,0,0,0,0,0,0,0,0,0,0,0,0,0,0,0,0,0,0,0,0,0,0,0,0,0,0,0,0,0,0,0,0,0,0,0,0,0,0,0,0,0,0,0,0,0,0,0,0,0,0,0,0,0,0,0,0,0,0,0,0,0,0,0,0,0,0,0,0,0,0,0,0,0,0,0,0,0,0,0,0,0,0,0,0,0,0,0,0,0,0,0,0,0,0,0,0,0,0,0,0,0,0,0,0,0,0,0,0,0,0,0,0,0,0,0,0,0,0,0,0,0,0,0,0,0,0,0,0,0,0,0,0,0,0,0,0,0,0,0,0,0,0,0,0,0,0,0,0,0,0,0,0,0,0,0,0,0,0,0
SRR5384432,PRJNA377739,COPD_Stable,0.139290192,0.010853977,0.000631854,0,0,0,0.430258772,0.082987876,0,0.009735409,0.01908384,0.011378557,0.022462519,0,0,0.000716643,0.003119996,0.041019057,0.00542823,0.004939594,0,0,0.006844286,0.015568888,0,0.002379881,0,0,0.003831133,0.00567628,0,0,0.000864387,0,0,0,0,0,0.000734677,0.00036972,0,0,0,0,0,0.000362523,0.011810231,0.000271646,0.01236066,0,0.012337879,0.000547273,0,0.000103141,0,0.004834902,0.000757537,0.001838293,0,0.001613952,0,0,0.00025257,0.001206725,0,0.000530309,0,0.005476704,0,0.001369543,0,0,0,0,0,0,0,0,0,0,0,0,0,0,0,0,0,0,0,0,0,0,0,0,0,0,0,0,0,0,0,0,0,0,0,0,0,0,0,0,0,0,0,0,0,0,0,0,0,0,0,0,0,0,0,0,0,0,0,0,0,0,0,0,0,0,0,0,0,0,0,0,0,0,0,0,0,0,0,0,0,0,0,0,0,0,0,0,0,0,0,0,0,0,0,0,0,0,0,0,0,0,0,0,0,0,0,0,0,0,0,0,0,0,0,0,0,0,0,0,0,0,0,0,0,0,0,0,0,0,0,0,0,0,0,0,0,0,0,0,0,0,0,0,0,0,0,0,0,0,0,0,0,0,0,0,0,0,0,0,0,0,0,0,0,0,0,0,0,0,0,0,0,0,0,0,0,0,0,0,0,0,0,0,0,0,0,0,0,0,0,0,0,0,0,0,0,0,0,0,0,0
SRR5384433,PRJNA377739,COPD_Stable,0.030657173,0.000363182,0.000165673,0,0,0,0.002602831,0.002428151,0,0.001015392,0.000418278,0.004184433,0.001419728,0,0,0,0,0.000117391,4.92E-05,0.933416253,0,0.000120707,0.000474594,0.000885144,0,0.000339775,0,0,0,0.000172775,0,0,0,0,0,0,0,0,0,0.00011358,0,0,0,0,0,0,0,0.001658756,0.000561004,0,0,0,0.000308509,0.000200644,0,0,0,0,0,0,0,0,5.36E-05,0.000189596,0,0,6.74E-05,0,0,0,0,0,0,0,0,0,0,0,0,0,0,0,0,0,0,0,0,0,0,0,0,0,0,0,0,0,0,0,0,0,0,0,0,0,0,0,0,0,0,0,0,0,0,0,0,0,0,0,0,0,0,0,0,0,0,0,0,0,0,0,0,0,0,0,0,0,0,0,0,0,0,0,0,0,0,0,0,0,0,0,0,0,0,0,0,0,0,0,0,0,0,0,0,0,0,0,0,0,0,0,0,0,0,0,0,0,0,0,0,0,0,0,0,0,0,0,0,0,0,0,0,0,0,0,0,0,0,0,0,0,0,0,0,0,0,0,0,0,0,0,0,0,0,0,0,0,0,0,0,0,0,0,0,0,0,0,0,0,0,0,0,0,0,0,0,0,0,0,0,0,0,0,0,0,0,0,0,0,0,0,0,0,0,0,0,0,0,0,0,0,0,0,0,0,0,0,0,0,0,0,0,0
SRR5384434,PRJNA377739,COPD_Stable,0.57182819,0.009301166,0,0,0,0,0.158331713,0.062675997,0,0.000772484,0.005212268,0.002162609,0.015214468,0,0,0.004548292,0.005533631,0.001947489,0,0,0,0.000346097,0.027679493,0.003785442,0,0.000687477,0.000930313,0,0.003077128,0.000483373,0,0,0,0,0,0.000275568,0,0,0.003959466,0,0,0,0,0,0,0.000210698,0.001651195,0,0.000213302,0,0,6.06E-05,0,0,0,0.000323379,0,0,0,0,0,0,0.00100315,0,0,0.000105628,0,0,0,0.000198637,0,0,0,0,0,0,0,0,0,0,0,0,0,0,0,0,0,0,0,0,0,0,0,0,0,0,0,0,0,0,0,0,0,0,0,0,0,0,0,0,0,0,0,0,0,0,0,0,0,0,0,0,0,0,0,0,0,0,0,0,0,0,0,0,0,0,0,0,0,0,0,0,0,0,0,0,0,0,0,0,0,0,0,0,0,0,0,0,0,0,0,0,0,0,0,0,0,0,0,0,0,0,0,0,0,0,0,0,0,0,0,0,0,0,0,0,0,0,0,0,0,0,0,0,0,0,0,0,0,0,0,0,0,0,0,0,0,0,0,0,0,0,0,0,0,0,0,0,0,0,0,0,0,0,0,0,0,0,0,0,0,0,0,0,0,0,0,0,0,0,0,0,0,0,0,0,0,0,0,0,0,0,0,0,0,0,0,0,0,0,0,0,0,0,0,0,0,0,0,0,0,0
SRR5384435,PRJNA377739,COPD_Stable,0.217307399,0.012146093,0.00225225,0,0,0,0.072099111,0.019253682,0,0.007472631,0.025783769,0.038154297,0.043326449,0,0,0,0,0.035417325,0.001282604,0.04970469,0,0.006527058,0.057859151,0.024617709,0,0.022356215,0,0,0.000253149,0.006943798,0,0,0,0,0,0.000599414,0,0,0,0.002692451,0,0,0,0,0,0.001521257,0.002861433,0.04878138,0.037284434,0,0.008361943,0.000677074,0.020621942,0,0.002757217,0.002860119,0.001941099,0,0,0,0,0,0.002570719,0.002731985,0,0,0,0.000743584,0,0.002558823,0,0,0,0,0,0,0,0,0,0,0,0,0,0,0,0,0,0,0,0,0,0,0,0,0,0,0,0,0,0,0,0,0,0,0,0,0,0,0,0,0,0,0,0,0,0,0,0,0,0,0,0,0,0,0,0,0,0,0,0,0,0,0,0,0,0,0,0,0,0,0,0,0,0,0,0,0,0,0,0,0,0,0,0,0,0,0,0,0,0,0,0,0,0,0,0,0,0,0,0,0,0,0,0,0,0,0,0,0,0,0,0,0,0,0,0,0,0,0,0,0,0,0,0,0,0,0,0,0,0,0,0,0,0,0,0,0,0,0,0,0,0,0,0,0,0,0,0,0,0,0,0,0,0,0,0,0,0,0,0,0,0,0,0,0,0,0,0,0,0,0,0,0,0,0,0,0,0,0,0,0,0,0,0,0,0,0,0,0,0,0,0,0,0,0,0,0,0,0,0,0,0
SRR5384436,PRJNA377739,COPD_Stable,0.667256768,0.009726223,0,0,0,0,0.104409141,0.042834353,0,0.002151565,0.003990749,0.001618379,0.002433257,0,0,0.001226703,0.001812308,0.002010206,0.002628386,0.001837985,0,0,0.014411292,0.007924089,0,0,0,0,0.002306362,0.000756558,0,0,0,0,0.000662931,0,0,0,0.001010229,0.000341302,0,0,0,0,0,0.000138835,0.015007806,0.002812985,0.001638343,0,0.002212426,0,0.000165219,0,0,0.000260499,8.24E-05,0,0,0,0.001140781,0,7.37E-05,0.000406269,0,0,0,0,0,0.000802624,0,0,0,0,0,0,0,0,0,0,0,0,0,0,0,0,0,0,0,0,0,0,0,0,0,0,0,0,0,0,0,0,0,0,0,0,0,0,0,0,0,0,0,0,0,0,0,0,0,0,0,0,0,0,0,0,0,0,0,0,0,0,0,0,0,0,0,0,0,0,0,0,0,0,0,0,0,0,0,0,0,0,0,0,0,0,0,0,0,0,0,0,0,0,0,0,0,0,0,0,0,0,0,0,0,0,0,0,0,0,0,0,0,0,0,0,0,0,0,0,0,0,0,0,0,0,0,0,0,0,0,0,0,0,0,0,0,0,0,0,0,0,0,0,0,0,0,0,0,0,0,0,0,0,0,0,0,0,0,0,0,0,0,0,0,0,0,0,0,0,0,0,0,0,0,0,0,0,0,0,0,0,0,0,0,0,0,0,0,0,0,0,0,0,0,0,0,0,0,0,0,0
SRR5384437,PRJNA377739,COPD_Stable,0.283673773,0.00964945,0.094487877,0,0,0,0.190710536,0.061613391,0.000813439,0.020300904,0.00367031,0.007075569,0.010762881,0,0,0,0.002359931,0.007073048,0.000371022,0.00405665,0,0,0.002755915,0.013237657,0,0.00283958,0,0,0,0,0,0,0,0,0.000840828,0,0,0,0.002609303,0,0,0,0,0,0,0,0.003784695,0.001270658,0.001619318,0,0.001547673,0,0.001702635,0,0,0.000949717,0,0.000226123,0,0.004374957,0,0.001358173,0,0,0,0,0,0.000844687,0,0,0,0,0,0,0,0,0,0,0,0,0,0,0,0,0,0,0,0,0,0,0,0,0,0,0,0,0,0,0,0,0,0,0,0,0,0,0,0,0,0,0,0,0,0,0,0,0,0,0,0,0,0,0,0,0,0,0,0,0,0,0,0,0,0,0,0,0,0,0,0,0,0,0,0,0,0,0,0,0,0,0,0,0,0,0,0,0,0,0,0,0,0,0,0,0,0,0,0,0,0,0,0,0,0,0,0,0,0,0,0,0,0,0,0,0,0,0,0,0,0,0,0,0,0,0,0,0,0,0,0,0,0,0,0,0,0,0,0,0,0,0,0,0,0,0,0,0,0,0,0,0,0,0,0,0,0,0,0,0,0,0,0,0,0,0,0,0,0,0,0,0,0,0,0,0,0,0,0,0,0,0,0,0,0,0,0,0,0,0,0,0,0,0,0,0,0,0,0,0,0,0,0
SRR5384438,PRJNA377739,COPD_Stable,0.4370245,0.00334438,0.079629921,0,0,0,0.12447844,0.039163181,0.002662354,0.011622513,0.001909123,0.001552711,0.007910968,0,0,0,0.000361027,0.00144484,0.000537395,0.006883265,0,0,0.004463722,0.006338474,0,0.00185296,0,0,0.003045289,0.000989219,0,0,0,0,0.000877567,0.000823129,0,0,0.00038082,0,0,0,0,0,0,0,0.003347666,0.001688637,0.002845043,0,0.001004262,0.000537789,0.001400334,0.000135812,0.000245477,0,0.000273439,0.00014297,0,0.003126139,0,0,0.00107573,0,0,0,0.00098461,0,0,0,0,0,0,0,0,0,0,0,0,0,0,0,0,0,0,0,0,0,0,0,0,0,0,0,0,0,0,0,0,0,0,0,0,0,0,0,0,0,0,0,0,0,0,0,0,0,0,0,0,0,0,0,0,0,0,0,0,0,0,0,0,0,0,0,0,0,0,0,0,0,0,0,0,0,0,0,0,0,0,0,0,0,0,0,0,0,0,0,0,0,0,0,0,0,0,0,0,0,0,0,0,0,0,0,0,0,0,0,0,0,0,0,0,0,0,0,0,0,0,0,0,0,0,0,0,0,0,0,0,0,0,0,0,0,0,0,0,0,0,0,0,0,0,0,0,0,0,0,0,0,0,0,0,0,0,0,0,0,0,0,0,0,0,0,0,0,0,0,0,0,0,0,0,0,0,0,0,0,0,0,0,0,0,0,0,0,0,0,0,0,0,0,0,0,0,0,0,0,0,0,0,0
SRR5384439,PRJNA377739,COPD_Stable,0.573292674,0.013680108,0.000140817,0,0,0,0.163488495,0.073450617,0,0.00216814,0.000845882,0.003711346,0.007190871,0,0,0.002863718,0.002521827,0.000323394,0,0.001351557,0,0.000222929,0.003048257,0.001430179,0,0.000614007,0.017053575,0,0.001319705,0.000247254,0,0,0,0,0,0.000284437,0,0,0.001062554,0,0,0,0,0,0,0.000118551,0.002457006,0,0.000353658,0,0,4.42E-05,0,0,0,0,0,0,0,0,0,0,0.000853361,0,0,5.70E-05,0,0,0,0,0,0,0,0,0,0,0,0,0,0,0,0,0,0,0,0,0,0,0,0,0,0,0,0,0,0,0,0,0,0,0,0,0,0,0,0,0,0,0,0,0,0,0,0,0,0,0,0,0,0,0,0,0,0,0,0,0,0,0,0,0,0,0,0,0,0,0,0,0,0,0,0,0,0,0,0,0,0,0,0,0,0,0,0,0,0,0,0,0,0,0,0,0,0,0,0,0,0,0,0,0,0,0,0,0,0,0,0,0,0,0,0,0,0,0,0,0,0,0,0,0,0,0,0,0,0,0,0,0,0,0,0,0,0,0,0,0,0,0,0,0,0,0,0,0,0,0,0,0,0,0,0,0,0,0,0,0,0,0,0,0,0,0,0,0,0,0,0,0,0,0,0,0,0,0,0,0,0,0,0,0,0,0,0,0,0,0,0,0,0,0,0,0,0,0,0,0,0,0,0,0,0
SRR5384440,PRJNA377739,COPD_Stable,0.224628005,0.00470458,0.081274526,0,0,0,0.18532072,0.05275856,0.00632812,0.028708189,0.014504477,0.002233786,0.009121255,0,0,0.001648801,0.00054524,0.010640915,0,0.008748164,0,0.000174115,0.002842921,0.028994346,0,0.003540999,0,0,0.001833612,0.000294146,0,0,0,0,0,0.000840394,0,0,0,0,0,0,0,0,0,5.44E-05,0.006770542,0.010766467,0.002748969,0.010846105,0.000322742,0,0.001899932,0,0.000450075,0.001182349,0.000875215,0,0,0,0,0.000286559,0.0002165,0,0,0,0,0.000240851,0,0.001533989,0,0,0,0,0,0,0,0,0,0,0,0,0,0,0,0,0,0,0,0,0,0,0,0,0,0,0,0,0,0,0,0,0,0,0,0,0,0,0,0,0,0,0,0,0,0,0,0,0,0,0,0,0,0,0,0,0,0,0,0,0,0,0,0,0,0,0,0,0,0,0,0,0,0,0,0,0,0,0,0,0,0,0,0,0,0,0,0,0,0,0,0,0,0,0,0,0,0,0,0,0,0,0,0,0,0,0,0,0,0,0,0,0,0,0,0,0,0,0,0,0,0,0,0,0,0,0,0,0,0,0,0,0,0,0,0,0,0,0,0,0,0,0,0,0,0,0,0,0,0,0,0,0,0,0,0,0,0,0,0,0,0,0,0,0,0,0,0,0,0,0,0,0,0,0,0,0,0,0,0,0,0,0,0,0,0,0,0,0,0,0,0,0,0,0,0,0,0,0,0,0,0
SRR5384441,PRJNA377739,COPD_Stable,0.220118052,0.019924596,0.046755652,0,0,0,0.196843036,0.059378742,0.002827649,0.011179556,0.006200042,0.00394332,0.014837122,0,0,0.003701513,0,0.003232638,0.000343885,0.01784312,0,0.001819487,0.016983903,0.009156508,0,0.008359076,0,0,0.00222184,0.000533252,0,0,0,0,0.000520235,0,0,0,0.004984086,0,0,0,0,0,0,0,0.003626685,0.004708106,0.001438396,0.000356368,0.000797626,0.000293158,0.000587188,0.000474043,0,0,0,0,0,0.004025118,0,0,0.002362709,0.000358865,0,0.000200447,0.000121272,0,0.000298676,0,0,0,0,0,0,0,0,0,0,0,0,0,0,0,0,0,0,0,0,0,0,0,0,0,0,0,0,0,0,0,0,0,0,0,0,0,0,0,0,0,0,0,0,0,0,0,0,0,0,0,0,0,0,0,0,0,0,0,0,0,0,0,0,0,0,0,0,0,0,0,0,0,0,0,0,0,0,0,0,0,0,0,0,0,0,0,0,0,0,0,0,0,0,0,0,0,0,0,0,0,0,0,0,0,0,0,0,0,0,0,0,0,0,0,0,0,0,0,0,0,0,0,0,0,0,0,0,0,0,0,0,0,0,0,0,0,0,0,0,0,0,0,0,0,0,0,0,0,0,0,0,0,0,0,0,0,0,0,0,0,0,0,0,0,0,0,0,0,0,0,0,0,0,0,0,0,0,0,0,0,0,0,0,0,0,0,0,0,0,0,0,0,0,0,0,0,0,0,0,0,0,0
SRR5384442,PRJNA377739,COPD_Stable,0.211617935,0.035042174,0.00031032,0,0,0,0.355827139,0.117829783,0,0.00088804,0.001930969,0,0.001568923,0,0,0.005059931,0.004730479,0,0,0.006891231,0,0,0,0.001422596,0,0.000578181,0,0,0.001337496,0.001240089,0,0,0,0,0,0,0,0,0.003705573,0,0,0,0,0,0,0.000538786,0.001001786,0,0.000793136,0,0.000155013,0,0,0,0.000608178,0.000220868,0,0,0,0,0,0,0,0,0,0,0,0,0,0.000333989,0,0,0,0,0,0,0,0,0,0,0,0,0,0,0,0,0,0,0,0,0,0,0,0,0,0,0,0,0,0,0,0,0,0,0,0,0,0,0,0,0,0,0,0,0,0,0,0,0,0,0,0,0,0,0,0,0,0,0,0,0,0,0,0,0,0,0,0,0,0,0,0,0,0,0,0,0,0,0,0,0,0,0,0,0,0,0,0,0,0,0,0,0,0,0,0,0,0,0,0,0,0,0,0,0,0,0,0,0,0,0,0,0,0,0,0,0,0,0,0,0,0,0,0,0,0,0,0,0,0,0,0,0,0,0,0,0,0,0,0,0,0,0,0,0,0,0,0,0,0,0,0,0,0,0,0,0,0,0,0,0,0,0,0,0,0,0,0,0,0,0,0,0,0,0,0,0,0,0,0,0,0,0,0,0,0,0,0,0,0,0,0,0,0,0,0,0,0,0,0,0,0
SRR5384443,PRJNA377739,COPD_Stable,0.564132472,0.005753538,0,0,0,0,0.086100649,0.000192258,0,0.015318799,0.004718852,0,0.021032943,0,0,0.002802694,0.005621361,0.000561831,0.004113438,0,0,0,0.023550091,0,0,0.008562508,0,0,0.002315919,0.002478842,0,0,0,0,0,0,0,0,0.00098598,0,0,0,0,0,0,9.25E-05,0.030626519,0.000282411,0.007007786,0,6.25E-05,0,0.000158542,0,0,0.000344167,0,0,5.38E-05,0,0.001992802,0,0.000487313,0,0,0,0,0,0,0.000207679,0,0,0,0,0,0,0,0,0,0,0,0,0,0,0,0,0,0,0,0,0,0,0,0,0,0,0,0,0,0,0,0,0,0,0,0,0,0,0,0,0,0,0,0,0,0,0,0,0,0,0,0,0,0,0,0,0,0,0,0,0,0,0,0,0,0,0,0,0,0,0,0,0,0,0,0,0,0,0,0,0,0,0,0,0,0,0,0,0,0,0,0,0,0,0,0,0,0,0,0,0,0,0,0,0,0,0,0,0,0,0,0,0,0,0,0,0,0,0,0,0,0,0,0,0,0,0,0,0,0,0,0,0,0,0,0,0,0,0,0,0,0,0,0,0,0,0,0,0,0,0,0,0,0,0,0,0,0,0,0,0,0,0,0,0,0,0,0,0,0,0,0,0,0,0,0,0,0,0,0,0,0,0,0,0,0,0,0,0,0,0,0,0,0,0,0,0,0,0,0,0,0
SRR5384444,PRJNA377739,COPD_Stable,0.241916019,0.013030296,0.086256081,0,0,0,0.168046565,0.062566663,0.00472298,0.007561861,0.008813181,0.000865435,0.00530137,0,0,0,0.001023616,0.007086008,0.004210636,0.00241791,0,0,0.009104215,0.01431179,0,0.000176814,0,0,0.004276578,0,0,0,0,0,0.014665112,0,0,0,0.002172682,0,0,0,0,0,0,0,0.009168375,0.007229668,0.00296581,0,0.000981006,0.000115699,0.00449437,0.000761286,0,0.002624035,0,0.001056557,0,0,0,0,0,0,0,0.001764339,0,0,0.001067632,0,0,0,0,0,0,0,0,0,0,0,0,0,0,0,0,0,0,0,0,0,0,0,0,0,0,0,0,0,0,0,0,0,0,0,0,0,0,0,0,0,0,0,0,0,0,0,0,0,0,0,0,0,0,0,0,0,0,0,0,0,0,0,0,0,0,0,0,0,0,0,0,0,0,0,0,0,0,0,0,0,0,0,0,0,0,0,0,0,0,0,0,0,0,0,0,0,0,0,0,0,0,0,0,0,0,0,0,0,0,0,0,0,0,0,0,0,0,0,0,0,0,0,0,0,0,0,0,0,0,0,0,0,0,0,0,0,0,0,0,0,0,0,0,0,0,0,0,0,0,0,0,0,0,0,0,0,0,0,0,0,0,0,0,0,0,0,0,0,0,0,0,0,0,0,0,0,0,0,0,0,0,0,0,0,0,0,0,0,0,0,0,0,0,0,0,0,0,0,0,0,0,0
SRR5384445,PRJNA377739,COPD_Stable,0.003153338,0.000632587,0,0,0,0,0.010115799,0.004939323,0,0,0.000151656,0,0,0,0,0,0,0,0,0.000920012,0,0,0,0.000160279,0,0,0,0,0.00024549,0,0,0,0,0,0,0,0,0,0.000117854,0,0,0,0,0,0,0,0,0,0,0,0,0.000195583,0,0.000104464,0.00011692,0,0,0,0,0,0,0,0,0,0,0,0,0,0,0,0,0,0,0,0,0,0,0,0,0,0,0,0,0,0,0,0,0,0,0,0,0,0,0,0,0,0,0,0,0,0,0,0,0,0,0,0,0,0,0,0,0,0,0,0,0,0,0,0,0,0,0,0,0,0,0,0,0,0,0,0,0,0,0,0,0,0,0,0,0,0,0,0,0,0,0,0,0,0,0,0,0,0,0,0,0,0,0,0,0,0,0,0,0,0,0,0,0,0,0,0,0,0,0,0,0,0,0,0,0,0,0,0,0,0,0,0,0,0,0,0,0,0,0,0,0,0,0,0,0,0,0,0,0,0,0,0,0,0,0,0,0,0,0,0,0,0,0,0,0,0,0,0,0,0,0,0,0,0,0,0,0,0,0,0,0,0,0,0,0,0,0,0,0,0,0,0,0,0,0,0,0,0,0,0,0,0,0,0,0,0,0,0,0,0,0,0,0,0,0,0,0
SRR5384446,PRJNA377739,COPD_Stable,0.264684218,0.01785275,0,0,0,0,0.38963437,0.012024741,0,0.009813477,0.004201307,0.002643914,0.019511184,0,0,0.002319675,0.001711359,0.006207054,0.004613296,0.006323744,0,0,0.012472576,0.014195339,0,0.008159319,0,0,0.004194062,0.001940286,0,0,0,0,0,0.000484925,0,0,0.002933813,0.00032432,0,0,0,0,0,0.000447028,0.008048294,0,0.003158886,0,0.000422915,0.000124603,0.000163282,0,5.31E-05,0.001697054,0,0,0,0,0.0014603,0,0.000450094,0.000357174,0,0.00018125,0,0,0,0,0,0,0,0,0,0,0,0,0,0,0,0,0,0,0,0,0,0,0,0,0,0,0,0,0,0,0,0,0,0,0,0,0,0,0,0,0,0,0,0,0,0,0,0,0,0,0,0,0,0,0,0,0,0,0,0,0,0,0,0,0,0,0,0,0,0,0,0,0,0,0,0,0,0,0,0,0,0,0,0,0,0,0,0,0,0,0,0,0,0,0,0,0,0,0,0,0,0,0,0,0,0,0,0,0,0,0,0,0,0,0,0,0,0,0,0,0,0,0,0,0,0,0,0,0,0,0,0,0,0,0,0,0,0,0,0,0,0,0,0,0,0,0,0,0,0,0,0,0,0,0,0,0,0,0,0,0,0,0,0,0,0,0,0,0,0,0,0,0,0,0,0,0,0,0,0,0,0,0,0,0,0,0,0,0,0,0,0,0,0,0,0,0,0,0,0,0,0,0,0,0,0
SRR5384447,PRJNA377739,COPD_Stable,0.294787366,0.037480808,0.007304051,0,0,0,0.175358778,0.055283018,0.00078135,0.013533012,0.012177749,0.004811323,0.044510321,0,0,0.003014977,0.002993243,0.006898457,0.001557872,0.013857935,0,0.00255993,0.043826696,0.018774131,0,0.00240913,0,0,0.000786649,0.001986608,0,0,0.000172134,0,0.000203245,0.000437491,0,0,0.000443548,0.000295241,0,0,0,0,0,0,0.024817843,0.000375491,0.013816194,0,0.00779493,0.000245295,0.000113987,0,0,0.001032651,0,0,0,0.000101561,0.000450934,0.000264296,0.000164444,0,0,0.000324363,0,0,0,0.002552291,0,0,0,0,0,0,0,0,0,0,0,0,0,0,0,0,0,0,0,0,0,0,0,0,0,0,0,0,0,0,0,0,0,0,0,0,0,0,0,0,0,0,0,0,0,0,0,0,0,0,0,0,0,0,0,0,0,0,0,0,0,0,0,0,0,0,0,0,0,0,0,0,0,0,0,0,0,0,0,0,0,0,0,0,0,0,0,0,0,0,0,0,0,0,0,0,0,0,0,0,0,0,0,0,0,0,0,0,0,0,0,0,0,0,0,0,0,0,0,0,0,0,0,0,0,0,0,0,0,0,0,0,0,0,0,0,0,0,0,0,0,0,0,0,0,0,0,0,0,0,0,0,0,0,0,0,0,0,0,0,0,0,0,0,0,0,0,0,0,0,0,0,0,0,0,0,0,0,0,0,0,0,0,0,0,0,0,0,0,0,0,0,0,0,0,0,0,0,0,0,0,0
SRR5384448,PRJNA377739,COPD_Stable,0.004794171,0.002634397,0,0,0,0,0.017592148,0.006165024,0,0.0007246,0,0.000194266,0.000484239,0,0,0,0.000218965,0.000162819,0.00130834,0,0,0,0.002516439,0.001447348,0,0.000119089,0,0,0.000271534,0,0,0,0,0,0,0,0,0,0.000108666,0,0,0,0,0,0,0,0.002049638,0.000112516,0.000420271,0,0.000127157,0,0,0,0,0,0.000120562,0,0,0,0,0,0,0,0,0,0,0,9.29E-05,0,0,0,0,0,0,0,0,0,0,0,0,0,0,0,0,0,0,0,0,0,0,0,0,0,0,0,0,0,0,0,0,0,0,0,0,0,0,0,0,0,0,0,0,0,0,0,0,0,0,0,0,0,0,0,0,0,0,0,0,0,0,0,0,0,0,0,0,0,0,0,0,0,0,0,0,0,0,0,0,0,0,0,0,0,0,0,0,0,0,0,0,0,0,0,0,0,0,0,0,0,0,0,0,0,0,0,0,0,0,0,0,0,0,0,0,0,0,0,0,0,0,0,0,0,0,0,0,0,0,0,0,0,0,0,0,0,0,0,0,0,0,0,0,0,0,0,0,0,0,0,0,0,0,0,0,0,0,0,0,0,0,0,0,0,0,0,0,0,0,0,0,0,0,0,0,0,0,0,0,0,0,0,0,0,0,0,0,0,0,0,0,0,0,0,0,0,0,0,0,0,0,0
SRR5384449,PRJNA377739,COPD_Stable,0.126793697,0.005219833,0,0,0,0,0.378090784,0.231014718,0,0.004709193,0.000607336,0,0.0008814,0,0,0.001050494,0,0.00019695,0.000480793,0,0,0,0,0.000808396,0,0,0,0,0.006960621,0,0,0,0,0,0,0,0,0,0,0,0,0,0,0,0,0,0.03472738,0.000193838,0,0,0,0.000356849,0,0,0,0,0.000186639,0,0,0,0,0,0,0,0,0,0,0,0,0.000119181,0,0,0,0,0,0,0,0,0,0,0,0,0,0,0,0,0,0,0,0,0,0,0,0,0,0,0,0,0,0,0,0,0,0,0,0,0,0,0,0,0,0,0,0,0,0,0,0,0,0,0,0,0,0,0,0,0,0,0,0,0,0,0,0,0,0,0,0,0,0,0,0,0,0,0,0,0,0,0,0,0,0,0,0,0,0,0,0,0,0,0,0,0,0,0,0,0,0,0,0,0,0,0,0,0,0,0,0,0,0,0,0,0,0,0,0,0,0,0,0,0,0,0,0,0,0,0,0,0,0,0,0,0,0,0,0,0,0,0,0,0,0,0,0,0,0,0,0,0,0,0,0,0,0,0,0,0,0,0,0,0,0,0,0,0,0,0,0,0,0,0,0,0,0,0,0,0,0,0,0,0,0,0,0,0,0,0,0,0,0,0,0,0,0,0,0,0,0,0,0,0,0
SRR5384450,PRJNA377739,COPD_Stable,0.03022467,0.001091128,0,0,0,0,0.018668412,0.048988293,0,0.003928096,0.109199828,0.016101481,0.003001588,0,0,0.000166238,0,0.144629375,0,0.001173498,0,0,0.007290739,0.09798038,0,0.006501445,0,0,0,0.000540069,0.000628996,0,0.000286052,0,0.006599345,0,0,0,0,0.000509976,0,0,0,0,0,0,0.001880286,0.061573791,0.010444852,0,0.010896641,0.000553021,0.033347197,0,0,0.003227092,0,0,0,0,0.00776292,0,0,0.005288331,0,0,0,0,0,0,0,0,0,0,0,0,0,0,0,0,0,0,0,0,0,0,0,0,0,0,0,0,0,0,0,0,0,0,0,0,0,0,0,0,0,0,0,0,0,0,0,0,0,0,0,0,0,0,0,0,0,0,0,0,0,0,0,0,0,0,0,0,0,0,0,0,0,0,0,0,0,0,0,0,0,0,0,0,0,0,0,0,0,0,0,0,0,0,0,0,0,0,0,0,0,0,0,0,0,0,0,0,0,0,0,0,0,0,0,0,0,0,0,0,0,0,0,0,0,0,0,0,0,0,0,0,0,0,0,0,0,0,0,0,0,0,0,0,0,0,0,0,0,0,0,0,0,0,0,0,0,0,0,0,0,0,0,0,0,0,0,0,0,0,0,0,0,0,0,0,0,0,0,0,0,0,0,0,0,0,0,0,0,0,0,0,0,0,0,0,0,0,0,0,0,0,0,0,0,0,0,0
SRR5384451,PRJNA377739,COPD_Stable,0.261739941,0.0271195,0.00024278,0,0,0,0.316947254,0.009072093,0,0.009369474,0.009705958,0.012967182,0.02856058,0,0,0.00112812,0.004383963,0.007948275,0.004115567,0.012778504,0,0,0.053108478,0.019123879,0,0.010105882,0,0,0.0024871,0.002866396,0,0,0,0,0,0.000376174,0,0,0.003579325,0,0,0,0,0,0,0.000118531,0.010187258,0,0.012074543,0,0.000115086,0.001009256,0.000233874,0.000161594,0.000145434,0.000650981,0,0,0,0,0.00183113,0,0.000571791,0.000209821,0,0,0,0,0.000349594,0,0,0,0,0,0,0,0,0,0,0,0,0,0,0,0,0,0,0,0,0,0,0,0,0,0,0,0,0,0,0,0,0,0,0,0,0,0,0,0,0,0,0,0,0,0,0,0,0,0,0,0,0,0,0,0,0,0,0,0,0,0,0,0,0,0,0,0,0,0,0,0,0,0,0,0,0,0,0,0,0,0,0,0,0,0,0,0,0,0,0,0,0,0,0,0,0,0,0,0,0,0,0,0,0,0,0,0,0,0,0,0,0,0,0,0,0,0,0,0,0,0,0,0,0,0,0,0,0,0,0,0,0,0,0,0,0,0,0,0,0,0,0,0,0,0,0,0,0,0,0,0,0,0,0,0,0,0,0,0,0,0,0,0,0,0,0,0,0,0,0,0,0,0,0,0,0,0,0,0,0,0,0,0,0,0,0,0,0,0,0,0,0,0,0,0,0,0,0,0,0,0,0
SRR5384452,PRJNA377739,COPD_Stable,0.171536015,0.021902095,0,0,0,0,0.262414982,0.358555923,0,0.004840926,0.000923759,0,7.38E-05,0,0,0.004222388,0,0,0,0.010759338,0,0.000361853,0,0,0,0,0,0,0,0.000111458,0,0,0,0,0,0,0,0,0,0,0,0,0,0,0,0,0,0,0,0,0,0.00011141,0.0003886,0,0,0,0,0,0,0,0,0,0.00025546,0,0,0,0,0,0,0,0,0,0,0,0,0,0,0,0,0,0,0,0,0,0,0,0,0,0,0,0,0,0,0,0,0,0,0,0,0,0,0,0,0,0,0,0,0,0,0,0,0,0,0,0,0,0,0,0,0,0,0,0,0,0,0,0,0,0,0,0,0,0,0,0,0,0,0,0,0,0,0,0,0,0,0,0,0,0,0,0,0,0,0,0,0,0,0,0,0,0,0,0,0,0,0,0,0,0,0,0,0,0,0,0,0,0,0,0,0,0,0,0,0,0,0,0,0,0,0,0,0,0,0,0,0,0,0,0,0,0,0,0,0,0,0,0,0,0,0,0,0,0,0,0,0,0,0,0,0,0,0,0,0,0,0,0,0,0,0,0,0,0,0,0,0,0,0,0,0,0,0,0,0,0,0,0,0,0,0,0,0,0,0,0,0,0,0,0,0,0,0,0,0,0,0,0,0,0,0,0,0
SRR5384453,PRJNA377739,COPD_Stable,0.171023739,0.040299972,0,0,0,0,0.251766256,0.048154496,0,0.010135069,0.018291862,0.005549855,0.008416171,0,0,0.00325019,0.001942883,0.028870568,0.003557565,0.001767743,0,0,0.003699825,0.032272878,0,0.002858541,0,0,0.004370283,0.001526548,0,0,0,0,0,0.002649894,0,0,0.001319226,0.001068926,0,0,0,0,0,0.00070704,0.05660913,0.039659185,0.004814565,0,0.002691848,0.000120708,0.014293013,0,0.000195221,0.006396879,0,0,0,0,0.002801351,0,0.000856738,0.0044805,0,0.000496774,0,0.000466007,0,0.000195588,0,0,0,0,0,0,0,0,0,0,0,0,0,0,0,0,0,0,0,0,0,0,0,0,0,0,0,0,0,0,0,0,0,0,0,0,0,0,0,0,0,0,0,0,0,0,0,0,0,0,0,0,0,0,0,0,0,0,0,0,0,0,0,0,0,0,0,0,0,0,0,0,0,0,0,0,0,0,0,0,0,0,0,0,0,0,0,0,0,0,0,0,0,0,0,0,0,0,0,0,0,0,0,0,0,0,0,0,0,0,0,0,0,0,0,0,0,0,0,0,0,0,0,0,0,0,0,0,0,0,0,0,0,0,0,0,0,0,0,0,0,0,0,0,0,0,0,0,0,0,0,0,0,0,0,0,0,0,0,0,0,0,0,0,0,0,0,0,0,0,0,0,0,0,0,0,0,0,0,0,0,0,0,0,0,0,0,0,0,0,0,0,0,0,0,0,0,0,0,0,0,0
SRR5384454,PRJNA377739,COPD_Stable,0.00320733,0.000966278,0.648822763,0,0,0,0.013898831,0,0,0.00044814,0.000257578,0,0.000189556,0,0,0,0,0,0,0,0,0,0.000810563,0.001499666,0,6.03E-05,0,0,7.47E-05,0,0,0,0,0,0,0,0,0,5.05E-05,0,0,0,0,0,0,0,0.000259759,0,0,0.000159186,0,6.46E-05,0,0,0,0,0,0,0,0,0,0,0,0,0,0,0,0,0,0,0,0,0,0,0,0,0,0,0,0,0,0,0,0,0,0,0,0,0,0,0,0,0,0,0,0,0,0,0,0,0,0,0,0,0,0,0,0,0,0,0,0,0,0,0,0,0,0,0,0,0,0,0,0,0,0,0,0,0,0,0,0,0,0,0,0,0,0,0,0,0,0,0,0,0,0,0,0,0,0,0,0,0,0,0,0,0,0,0,0,0,0,0,0,0,0,0,0,0,0,0,0,0,0,0,0,0,0,0,0,0,0,0,0,0,0,0,0,0,0,0,0,0,0,0,0,0,0,0,0,0,0,0,0,0,0,0,0,0,0,0,0,0,0,0,0,0,0,0,0,0,0,0,0,0,0,0,0,0,0,0,0,0,0,0,0,0,0,0,0,0,0,0,0,0,0,0,0,0,0,0,0,0,0,0,0,0,0,0,0,0,0,0,0,0,0,0,0,0,0,0,0
SRR5384455,PRJNA377739,COPD_Stable,0.307617945,0.004255282,0.046069091,0,0,0,0.183145829,0.048066603,0.002454282,0.023665064,0.00755193,0.000749077,0.008483682,0,0,0.000868573,0.002023807,0.007424878,0,0.002761363,0,0,0.01227595,0.00705266,0,0.001032268,0.006119828,0,0.001883655,0,0,0,0.000646496,0,0.001353037,0.000681268,0,0,0.000507906,0,0,0,0,0,0,0,0.011962062,0.002502757,0.004109094,0,0.002321742,0,0,0,0,0.00065961,0.000288061,0.000488483,0,0,0,0.00017936,0,0.000373362,0,0,0,0,0,0,0,0,0,0,0,0,0,0,0,0,0,0,0,0,0,0,0,0,0,0,0,0,0,0,0,0,0,0,0,0,0,0,0,0,0,0,0,0,0,0,0,0,0,0,0,0,0,0,0,0,0,0,0,0,0,0,0,0,0,0,0,0,0,0,0,0,0,0,0,0,0,0,0,0,0,0,0,0,0,0,0,0,0,0,0,0,0,0,0,0,0,0,0,0,0,0,0,0,0,0,0,0,0,0,0,0,0,0,0,0,0,0,0,0,0,0,0,0,0,0,0,0,0,0,0,0,0,0,0,0,0,0,0,0,0,0,0,0,0,0,0,0,0,0,0,0,0,0,0,0,0,0,0,0,0,0,0,0,0,0,0,0,0,0,0,0,0,0,0,0,0,0,0,0,0,0,0,0,0,0,0,0,0,0,0,0,0,0,0,0,0,0,0,0,0,0,0,0,0,0,0,0
SRR5384456,PRJNA377739,COPD_Stable,0.023876719,0.001500935,0,0,0,0,0.050413023,0.017285838,0,0.002698863,0.121090145,0.000742705,0.002223404,0,0,0,0.00013623,0,0.000638734,0.001519102,0,0,0.001558605,0.085940818,0,0.00040529,0,0,0.000583514,0,0,0,0,0,0.003365993,0,0,0,0.000341464,0.010706604,0,0,0,0,0,0.006368533,0.000940592,0.31337081,0.000279058,6.43E-05,0.045805111,0,0,0.000115119,0.000113359,0.054384912,0,0,0,0,0,0,0.000119691,0,0,0.014975876,0,0,0,0.001544575,0,0,0,0,0,0,0,0,0,0,0,0,0,0,0,0,0,0,0,0,0,0,0,0,0,0,0,0,0,0,0,0,0,0,0,0,0,0,0,0,0,0,0,0,0,0,0,0,0,0,0,0,0,0,0,0,0,0,0,0,0,0,0,0,0,0,0,0,0,0,0,0,0,0,0,0,0,0,0,0,0,0,0,0,0,0,0,0,0,0,0,0,0,0,0,0,0,0,0,0,0,0,0,0,0,0,0,0,0,0,0,0,0,0,0,0,0,0,0,0,0,0,0,0,0,0,0,0,0,0,0,0,0,0,0,0,0,0,0,0,0,0,0,0,0,0,0,0,0,0,0,0,0,0,0,0,0,0,0,0,0,0,0,0,0,0,0,0,0,0,0,0,0,0,0,0,0,0,0,0,0,0,0,0,0,0,0,0,0,0,0,0,0,0,0,0,0,0,0,0,0,0
SRR5384457,PRJNA377739,COPD_Stable,0.576372098,0.006183054,0,0,0,0,0.127354631,0,0,0.004249564,0.005108444,0,0.017435507,0,0,0.001374255,0.004893596,0.004506833,0.001904003,0,0,0,0.00971646,0,0,0.015019526,0,0,0.002354997,0.000407681,0,0,0,0,0,0,0,0,0,0,0,0,0,0,0,0,0.029366236,0.00101739,0.008399243,0,0.000381404,0,0.000446271,0,0.00015053,0.000601835,0,0,0,0,0.000596796,0,0.000640497,0,0,0,0,0,0,0,0,0,0,0,0,0,0,0,0,0,0,0,0,0,0,0,0,0,0,0,0,0,0,0,0,0,0,0,0,0,0,0,0,0,0,0,0,0,0,0,0,0,0,0,0,0,0,0,0,0,0,0,0,0,0,0,0,0,0,0,0,0,0,0,0,0,0,0,0,0,0,0,0,0,0,0,0,0,0,0,0,0,0,0,0,0,0,0,0,0,0,0,0,0,0,0,0,0,0,0,0,0,0,0,0,0,0,0,0,0,0,0,0,0,0,0,0,0,0,0,0,0,0,0,0,0,0,0,0,0,0,0,0,0,0,0,0,0,0,0,0,0,0,0,0,0,0,0,0,0,0,0,0,0,0,0,0,0,0,0,0,0,0,0,0,0,0,0,0,0,0,0,0,0,0,0,0,0,0,0,0,0,0,0,0,0,0,0,0,0,0,0,0,0,0,0,0,0,0,0,0,0
SRR5384458,PRJNA377739,COPD_Stable,0.655432258,0.010104723,0,0,0,0,0.136247964,0.029061917,0,0.00505865,0.004037003,0.006936689,0.011498032,0,0,0.000281583,0.000411678,0.002074207,0.000290325,0.002521297,0,0.000210714,0.008400567,0.009146628,0,0.000392724,0,0,0.000657846,0.000890797,0,0,0,0,0,0,0,0,0.002001889,0,0,0,0,0,0,6.93E-05,0.001163577,0.001178137,0.001530903,0,0.000214176,0.000131016,0.00038859,0.000110638,0,0.000648148,0,0,0,0,0,0,0.000210359,0,0,0,0,0,0,0,0,0,0,0,0,0,0,0,0,0,0,0,0,0,0,0,0,0,0,0,0,0,0,0,0,0,0,0,0,0,0,0,0,0,0,0,0,0,0,0,0,0,0,0,0,0,0,0,0,0,0,0,0,0,0,0,0,0,0,0,0,0,0,0,0,0,0,0,0,0,0,0,0,0,0,0,0,0,0,0,0,0,0,0,0,0,0,0,0,0,0,0,0,0,0,0,0,0,0,0,0,0,0,0,0,0,0,0,0,0,0,0,0,0,0,0,0,0,0,0,0,0,0,0,0,0,0,0,0,0,0,0,0,0,0,0,0,0,0,0,0,0,0,0,0,0,0,0,0,0,0,0,0,0,0,0,0,0,0,0,0,0,0,0,0,0,0,0,0,0,0,0,0,0,0,0,0,0,0,0,0,0,0,0,0,0,0,0,0,0,0,0,0,0,0,0,0,0,0,0,0,0
SRR5384459,PRJNA377739,COPD_Stable,0.809006815,0.003243071,0,0,0,0,0.026162526,0.012481897,0,0.00171497,0.004817449,0.003274875,0.00171708,0,0,9.92E-05,0.000139586,0.001079432,0,0.002310723,0,0.000342063,0.025314557,0.003175512,0,0.00147444,0,0,0,0.026615285,0,0,0,0,0,0,0,0,0.000430209,0,0,0,0,0,0,0,0,0.001394286,0.004150857,0,8.68E-05,0,0.000272936,0.000104413,0,0.000434822,0,0,0,0,0,0,0,0,0,0,0,0,0,0,0,0,0,0,0,0,0,0,0,0,0,0,0,0,0,0,0,0,0,0,0,0,0,0,0,0,0,0,0,0,0,0,0,0,0,0,0,0,0,0,0,0,0,0,0,0,0,0,0,0,0,0,0,0,0,0,0,0,0,0,0,0,0,0,0,0,0,0,0,0,0,0,0,0,0,0,0,0,0,0,0,0,0,0,0,0,0,0,0,0,0,0,0,0,0,0,0,0,0,0,0,0,0,0,0,0,0,0,0,0,0,0,0,0,0,0,0,0,0,0,0,0,0,0,0,0,0,0,0,0,0,0,0,0,0,0,0,0,0,0,0,0,0,0,0,0,0,0,0,0,0,0,0,0,0,0,0,0,0,0,0,0,0,0,0,0,0,0,0,0,0,0,0,0,0,0,0,0,0,0,0,0,0,0,0,0,0,0,0,0,0,0,0,0,0,0,0,0,0,0,0,0
SRR5384460,PRJNA377739,COPD_Stable,0.104038582,0,0,0,0,0,0.056624443,0.072176041,0,0.009542215,0.001921992,0,0.001343848,0,0,0,0,0,0,0,0,0,0,0,0,0,0,0,0,0,0.080560374,0,0.005588768,0,0,0,0,0,0,0,0,0,0,0,0,0,0.001854517,0,0,0,0.02352274,0.004211221,0,0,0,0,0.005003967,0,0,0,0,0,0,0,0.019826118,0,0.003186158,0,0,0.006533601,0,0,0,0,0,0,0,0,0,0,0,0,0,0,0,0,0,0,0,0,0,0,0,0,0,0,0,0,0,0,0,0,0,0,0,0,0,0,0,0,0,0,0,0,0,0,0,0,0,0,0,0,0,0,0,0,0,0,0,0,0,0,0,0,0,0,0,0,0,0,0,0,0,0,0,0,0,0,0,0,0,0,0,0,0,0,0,0,0,0,0,0,0,0,0,0,0,0,0,0,0,0,0,0,0,0,0,0,0,0,0,0,0,0,0,0,0,0,0,0,0,0,0,0,0,0,0,0,0,0,0,0,0,0,0,0,0,0,0,0,0,0,0,0,0,0,0,0,0,0,0,0,0,0,0,0,0,0,0,0,0,0,0,0,0,0,0,0,0,0,0,0,0,0,0,0,0,0,0,0,0,0,0,0,0,0,0,0,0,0,0,0,0,0,0,0,0,0,0,0,0,0
SRR5384461,PRJNA377739,COPD_Stable,0.070464115,0.025146294,0,0,0,0,0.348331573,0.07772191,0,0.008056102,0.04061807,0.024543254,0.003152413,0,0,0.003637762,0.001731023,0.110874367,0,0.000283916,0,0,0.001577215,0.034265769,0,0.000323143,0,0,0.000436115,0,0,0,0,0,0,0.000177635,0,0,0.000737204,0.001273389,0,0,0,0,0,0.001640079,0.006154203,0.041148242,0.006779908,0,0.002113398,7.94E-05,0.007233836,0,0,0.005526959,0,0,0,0,0.000193904,0,0,0.001700404,0,0.000256662,0,0.002344305,0,0,0.00011978,0,0,0,0,0,0,0,0,0,0,0,0,0,0,0,0,0,0,0,0,0,0,0,0,0,0,0,0,0,0,0,0,0,0,0,0,0,0,0,0,0,0,0,0,0,0,0,0,0,0,0,0,0,0,0,0,0,0,0,0,0,0,0,0,0,0,0,0,0,0,0,0,0,0,0,0,0,0,0,0,0,0,0,0,0,0,0,0,0,0,0,0,0,0,0,0,0,0,0,0,0,0,0,0,0,0,0,0,0,0,0,0,0,0,0,0,0,0,0,0,0,0,0,0,0,0,0,0,0,0,0,0,0,0,0,0,0,0,0,0,0,0,0,0,0,0,0,0,0,0,0,0,0,0,0,0,0,0,0,0,0,0,0,0,0,0,0,0,0,0,0,0,0,0,0,0,0,0,0,0,0,0,0,0,0,0,0,0,0,0,0,0,0,0,0,0,0,0,0,0,0
SRR5384462,PRJNA377739,COPD_Stable,0.15004181,0.021134853,0.001063632,0,0,0,0.397339373,0.15543542,0,0.047411267,0.001304969,0,0.007069592,0,0,0.000439678,0.002590666,0,0.000466522,0,0,0,0.000688414,0.076161261,0,0,0,0,0.001705173,0,0,0,0,0,0.000233558,0,0,0,0,0,0,0,0,0,0,0,0.010613764,0,0,0,0,0.000316289,0,0,0,0,0.000320528,0,0.001328019,0,0,0,0.00024498,0,0,0,0,0,0,0,0,0,0,0,0,0,0,0,0,0,0,0,0,0,0,0,0,0,0,0,0,0,0,0,0,0,0,0,0,0,0,0,0,0,0,0,0,0,0,0,0,0,0,0,0,0,0,0,0,0,0,0,0,0,0,0,0,0,0,0,0,0,0,0,0,0,0,0,0,0,0,0,0,0,0,0,0,0,0,0,0,0,0,0,0,0,0,0,0,0,0,0,0,0,0,0,0,0,0,0,0,0,0,0,0,0,0,0,0,0,0,0,0,0,0,0,0,0,0,0,0,0,0,0,0,0,0,0,0,0,0,0,0,0,0,0,0,0,0,0,0,0,0,0,0,0,0,0,0,0,0,0,0,0,0,0,0,0,0,0,0,0,0,0,0,0,0,0,0,0,0,0,0,0,0,0,0,0,0,0,0,0,0,0,0,0,0,0,0,0,0,0,0,0,0,0,0,0,0,0,0,0
SRR5384463,PRJNA377739,COPD_Stable,0.513895921,0.011034024,0,0,0,0,0.20544565,0.005572065,0,0.011762495,0.010524693,0,0.048046243,0,0,0.000447413,0.001148909,0.016853821,0.001006714,0.007657382,0,0,0.005033644,0.002831641,0,0.003541189,0,0,0,0.003940811,0,0,0,0,0,0,0,0,0.000375106,0.000250949,0,0,0,0,0,0.001353487,0.003062659,0,0.001746095,0,0.000815979,0.000416231,0.000536218,0.000566887,4.73E-05,0.005887778,0.000255734,0,0,0,0.000251262,0,0.000394606,0.000361563,0,0.000554059,0.000717725,0,0,0.000617226,0,0,0,0,0,0,0,0,0,0,0,0,0,0,0,0,0,0,0,0,0,0,0,0,0,0,0,0,0,0,0,0,0,0,0,0,0,0,0,0,0,0,0,0,0,0,0,0,0,0,0,0,0,0,0,0,0,0,0,0,0,0,0,0,0,0,0,0,0,0,0,0,0,0,0,0,0,0,0,0,0,0,0,0,0,0,0,0,0,0,0,0,0,0,0,0,0,0,0,0,0,0,0,0,0,0,0,0,0,0,0,0,0,0,0,0,0,0,0,0,0,0,0,0,0,0,0,0,0,0,0,0,0,0,0,0,0,0,0,0,0,0,0,0,0,0,0,0,0,0,0,0,0,0,0,0,0,0,0,0,0,0,0,0,0,0,0,0,0,0,0,0,0,0,0,0,0,0,0,0,0,0,0,0,0,0,0,0,0,0,0,0,0,0,0,0,0,0,0,0,0,0
SRR5384464,PRJNA377739,COPD_Stable,0.361919093,0.002356119,0,0,0,0,0.439937416,0.036306366,0,0.006886981,0,0,0.00983635,0,0,0.000715652,0,0.000479365,0.004554446,0.071264739,0,0.001838392,0.001803468,0.016268837,0,0.00461783,0,0,0.012081427,0,0,0,0,0,0,0,0,0,0.002290489,0,0,0,0,0,0,0,0,0,0.000139266,0,0,0,0,0,0,0,0,0,0,0,0,0,0.000316819,0,0,0,0,0,0,0,0,0,0,0,0,0,0,0,0,0,0,0,0,0,0,0,0,0,0,0,0,0,0,0,0,0,0,0,0,0,0,0,0,0,0,0,0,0,0,0,0,0,0,0,0,0,0,0,0,0,0,0,0,0,0,0,0,0,0,0,0,0,0,0,0,0,0,0,0,0,0,0,0,0,0,0,0,0,0,0,0,0,0,0,0,0,0,0,0,0,0,0,0,0,0,0,0,0,0,0,0,0,0,0,0,0,0,0,0,0,0,0,0,0,0,0,0,0,0,0,0,0,0,0,0,0,0,0,0,0,0,0,0,0,0,0,0,0,0,0,0,0,0,0,0,0,0,0,0,0,0,0,0,0,0,0,0,0,0,0,0,0,0,0,0,0,0,0,0,0,0,0,0,0,0,0,0,0,0,0,0,0,0,0,0,0,0,0,0,0,0,0,0,0,0,0,0,0,0,0,0,0
SRR5384465,PRJNA377739,COPD_Stable,0.052701084,0.002506071,0,0,0,0,0.195603699,0.082463347,0.461279557,0.005864446,0,0,0.008296662,0,0,0,0.001975586,0,0.008665532,0.012294044,0,0,0.0138184,0.023656006,0,0.000292856,0,0,0.002506524,0,0,0,0,0,0,0,0,0,0.000675587,0,0,0,0,0,0,0,0.008645942,0.000599869,0.000856549,0,0,0,0,0,0,0,5.80E-05,0,0,0,0,0,0,0.000410214,0,0,0,0.000300858,0,0,0,0,0,0,0,0,0,0,0,0,0,0,0,0,0,0,0,0,0,0,0,0,0,0,0,0,0,0,0,0,0,0,0,0,0,0,0,0,0,0,0,0,0,0,0,0,0,0,0,0,0,0,0,0,0,0,0,0,0,0,0,0,0,0,0,0,0,0,0,0,0,0,0,0,0,0,0,0,0,0,0,0,0,0,0,0,0,0,0,0,0,0,0,0,0,0,0,0,0,0,0,0,0,0,0,0,0,0,0,0,0,0,0,0,0,0,0,0,0,0,0,0,0,0,0,0,0,0,0,0,0,0,0,0,0,0,0,0,0,0,0,0,0,0,0,0,0,0,0,0,0,0,0,0,0,0,0,0,0,0,0,0,0,0,0,0,0,0,0,0,0,0,0,0,0,0,0,0,0,0,0,0,0,0,0,0,0,0,0,0,0,0,0,0,0,0,0,0,0,0,0,0
SRR5384466,PRJNA377739,COPD_Stable,0.096190209,0.023809177,0.00052051,0,0,0,0.654826393,0.108072947,0,0.015135058,0,0,0.00035165,0,0,0.009681039,0.00012466,0,0,0,0,0,0,0,0,0,0,0,0,0,0,0,0,0,0,0.005250515,0,0,0,0,0,0,0,0,0,0,0,0,0,0,0,0.001412119,0,0,0,0,0.000285792,0.003039163,0,0,0,0,0,0,0,0,0,0,0.00010954,0,0,0,0,0,0,0,0,0,0,0,0,0,0,0,0,0,0,0,0,0,0,0,0,0,0,0,0,0,0,0,0,0,0,0,0,0,0,0,0,0,0,0,0,0,0,0,0,0,0,0,0,0,0,0,0,0,0,0,0,0,0,0,0,0,0,0,0,0,0,0,0,0,0,0,0,0,0,0,0,0,0,0,0,0,0,0,0,0,0,0,0,0,0,0,0,0,0,0,0,0,0,0,0,0,0,0,0,0,0,0,0,0,0,0,0,0,0,0,0,0,0,0,0,0,0,0,0,0,0,0,0,0,0,0,0,0,0,0,0,0,0,0,0,0,0,0,0,0,0,0,0,0,0,0,0,0,0,0,0,0,0,0,0,0,0,0,0,0,0,0,0,0,0,0,0,0,0,0,0,0,0,0,0,0,0,0,0,0,0,0,0,0,0,0,0,0,0,0,0,0,0,0
SRR5384467,PRJNA377739,COPD_Stable,0.693311856,0.015819616,0.000384833,0,0,0,0.157367396,0.002435128,0,0.014185121,0.004320236,0.001898348,0.001231941,0,0,0.0006001,0.000250308,0.000208322,0,0,0,0,0.011827251,0.006761536,0,0.001058497,0,0,0.001982092,0.000326311,0.00040453,0,0,0,0,0,0,0,0.001992037,0,0,0,0,0,0,0,0.001662183,0,0.001906255,0,0,0.000171601,0,0,0,0,0.000255354,0,0,0,0.000104572,0,0,0,0,0,0.000216753,0,0,0,0,0,0,0,0,0,0,0,0,0,0,0,0,0,0,0,0,0,0,0,0,0,0,0,0,0,0,0,0,0,0,0,0,0,0,0,0,0,0,0,0,0,0,0,0,0,0,0,0,0,0,0,0,0,0,0,0,0,0,0,0,0,0,0,0,0,0,0,0,0,0,0,0,0,0,0,0,0,0,0,0,0,0,0,0,0,0,0,0,0,0,0,0,0,0,0,0,0,0,0,0,0,0,0,0,0,0,0,0,0,0,0,0,0,0,0,0,0,0,0,0,0,0,0,0,0,0,0,0,0,0,0,0,0,0,0,0,0,0,0,0,0,0,0,0,0,0,0,0,0,0,0,0,0,0,0,0,0,0,0,0,0,0,0,0,0,0,0,0,0,0,0,0,0,0,0,0,0,0,0,0,0,0,0,0,0,0,0,0,0,0,0,0,0,0,0,0,0,0,0,0,0
SRR5384468,PRJNA377739,COPD_Stable,0.108322921,0.010494167,0,0,0,0,0.393710738,0.22153099,0,0.004618017,0.008500827,0,0.002517148,0,0,0.000455322,0,0,0,0.017356396,0,0,0.016161387,0,0,0.00612469,0,0,0.0028705,0.002710684,0,0,0.000350818,0,0,0,0,0,0.000921807,0,0,0,0,0,0,0,0.002610976,0.002021817,0.006002215,0,0.003051097,0.000416459,0.001285149,0.00046746,0.000337938,0,0.000200091,0,0,0,0,0,0.000247851,0,0,0,0,0,0,0.000498342,0,0,0,0,0,0,0,0,0,0,0,0,0,0,0,0,0,0,0,0,0,0,0,0,0,0,0,0,0,0,0,0,0,0,0,0,0,0,0,0,0,0,0,0,0,0,0,0,0,0,0,0,0,0,0,0,0,0,0,0,0,0,0,0,0,0,0,0,0,0,0,0,0,0,0,0,0,0,0,0,0,0,0,0,0,0,0,0,0,0,0,0,0,0,0,0,0,0,0,0,0,0,0,0,0,0,0,0,0,0,0,0,0,0,0,0,0,0,0,0,0,0,0,0,0,0,0,0,0,0,0,0,0,0,0,0,0,0,0,0,0,0,0,0,0,0,0,0,0,0,0,0,0,0,0,0,0,0,0,0,0,0,0,0,0,0,0,0,0,0,0,0,0,0,0,0,0,0,0,0,0,0,0,0,0,0,0,0,0,0,0,0,0,0,0,0,0,0,0,0,0,0
SRR5384469,PRJNA377739,COPD_Stable,0.201395805,0.005219537,0.040959456,0,0,0,0.216736991,0.062287748,0.004109703,0.020576967,0.001752589,0.009528023,0,0,0,0,0.001668125,0.008316465,0,0.001663705,0,0,0.013995667,0.01523308,0,0.001668721,0,0,0.003805052,0,0,0,0,0,0,0.001565111,0,0,0,0.004990751,0,0,0,0,0,0,0.005447142,0.003766107,0.002293039,0,0.000856154,0.00126561,0.002030473,0.000713287,0,0.001332662,0,0.000741355,0,0,0.000967144,0,0,0,0.002716775,0,0,0,0,0,0,0,0,0,0,0,0,0,0,0,0,0,0,0,0,0,0,0,0,0,0,0,0,0,0,0,0,0,0,0,0,0,0,0,0,0,0,0,0,0,0,0,0,0,0,0,0,0,0,0,0,0,0,0,0,0,0,0,0,0,0,0,0,0,0,0,0,0,0,0,0,0,0,0,0,0,0,0,0,0,0,0,0,0,0,0,0,0,0,0,0,0,0,0,0,0,0,0,0,0,0,0,0,0,0,0,0,0,0,0,0,0,0,0,0,0,0,0,0,0,0,0,0,0,0,0,0,0,0,0,0,0,0,0,0,0,0,0,0,0,0,0,0,0,0,0,0,0,0,0,0,0,0,0,0,0,0,0,0,0,0,0,0,0,0,0,0,0,0,0,0,0,0,0,0,0,0,0,0,0,0,0,0,0,0,0,0,0,0,0,0,0,0,0,0,0,0,0,0,0,0,0
SRR5384470,PRJNA377739,COPD_Stable,0.186475102,0.009513067,0,0,0,0,0.414021304,0.013036917,0,0.002583524,0.007330245,0.003219423,0.010844719,0,0,0.002129332,0.001752978,0.010839891,0.003318025,0.006011512,0,0,0.016760826,0.027772634,0,0.003025093,0,0,0.004945881,0.001756566,0,0,0,0,0,0,0,0,0.002415903,0,0,0,0,0,0,0.000191338,0.018378693,0,0.002479444,0,0.000735703,0,0.000131417,0,0,0.001043617,0,0,0,0,0.000973868,0,0.000770896,0.000122894,0,0,0,0,0,0,0,0,0,0,0,0,0,0,0,0,0,0,0,0,0,0,0,0,0,0,0,0,0,0,0,0,0,0,0,0,0,0,0,0,0,0,0,0,0,0,0,0,0,0,0,0,0,0,0,0,0,0,0,0,0,0,0,0,0,0,0,0,0,0,0,0,0,0,0,0,0,0,0,0,0,0,0,0,0,0,0,0,0,0,0,0,0,0,0,0,0,0,0,0,0,0,0,0,0,0,0,0,0,0,0,0,0,0,0,0,0,0,0,0,0,0,0,0,0,0,0,0,0,0,0,0,0,0,0,0,0,0,0,0,0,0,0,0,0,0,0,0,0,0,0,0,0,0,0,0,0,0,0,0,0,0,0,0,0,0,0,0,0,0,0,0,0,0,0,0,0,0,0,0,0,0,0,0,0,0,0,0,0,0,0,0,0,0,0,0,0,0,0,0,0,0,0,0,0,0,0,0
SRR5384471,PRJNA377739,COPD_Stable,0.243426614,0.001969356,0.338082011,0,0,0,0.168319338,0.104457409,0,0.000924281,0,0,0.002566913,0,0,0.000217498,0.002013709,0,0.000969268,0,0,0,0.001392369,0,0,0,0,0,0.000587948,0,0,0,0,0,0,0.000179369,0,0,0.000350388,0,0,0,0,0,0,0,0,0,0,0,0,0,0,0,0,0,0,0,0,0,0,0,0,0,0,0,0,0,0,0,0,0,0,0,0,0,0,0,0,0,0,0,0,0,0,0,0,0,0,0,0,0,0,0,0,0,0,0,0,0,0,0,0,0,0,0,0,0,0,0,0,0,0,0,0,0,0,0,0,0,0,0,0,0,0,0,0,0,0,0,0,0,0,0,0,0,0,0,0,0,0,0,0,0,0,0,0,0,0,0,0,0,0,0,0,0,0,0,0,0,0,0,0,0,0,0,0,0,0,0,0,0,0,0,0,0,0,0,0,0,0,0,0,0,0,0,0,0,0,0,0,0,0,0,0,0,0,0,0,0,0,0,0,0,0,0,0,0,0,0,0,0,0,0,0,0,0,0,0,0,0,0,0,0,0,0,0,0,0,0,0,0,0,0,0,0,0,0,0,0,0,0,0,0,0,0,0,0,0,0,0,0,0,0,0,0,0,0,0,0,0,0,0,0,0,0,0,0,0,0,0,0
SRR5384472,PRJNA377739,COPD_Stable,0.431961873,0.005262805,0.000873043,0,0,0,0.327765308,0.133360434,0,0.007250611,0.00182624,0,0,0,0,0.003399728,0,0,0,0.001729719,0,0,0,0,0,0,0,0,0,0,0,0,0.000514826,0,0.00030135,0,0,0,0,0,0,0,0,0,0,0,0,0,0,0,0,0.004262394,0.001239829,0,0,0.000168594,0.000693434,0,0,0,0,0,8.40E-05,0,0,0,0,0,0,0.00018467,0,0,0,0,0,0,0,0,0,0,0,0,0,0,0,0,0,0,0,0,0,0,0,0,0,0,0,0,0,0,0,0,0,0,0,0,0,0,0,0,0,0,0,0,0,0,0,0,0,0,0,0,0,0,0,0,0,0,0,0,0,0,0,0,0,0,0,0,0,0,0,0,0,0,0,0,0,0,0,0,0,0,0,0,0,0,0,0,0,0,0,0,0,0,0,0,0,0,0,0,0,0,0,0,0,0,0,0,0,0,0,0,0,0,0,0,0,0,0,0,0,0,0,0,0,0,0,0,0,0,0,0,0,0,0,0,0,0,0,0,0,0,0,0,0,0,0,0,0,0,0,0,0,0,0,0,0,0,0,0,0,0,0,0,0,0,0,0,0,0,0,0,0,0,0,0,0,0,0,0,0,0,0,0,0,0,0,0,0,0,0,0,0,0,0,0,0,0,0,0,0,0
SRR5384473,PRJNA377739,COPD_Stable,0.218169066,0.008022273,0.001062277,0,0,0,0.183216699,0.01365958,0,0.096315892,0.013421947,0,0.016432477,0,0,0,0.000786825,0.021012173,0,0,0,0,0.015749713,0.004502486,0,0.004653798,0,0,0.000803624,0.000974511,0,0,0,0,0.000122411,0,0,0,0.000383328,0.004595218,0,0,0,0,0,0.001096445,0.010846072,0.008997909,0.007484472,0,0.004167839,0.006931005,0.013397057,0.000741823,0.001075873,0.001045843,0.005079182,0,0,0,0,0,0.00140685,0.002078817,0.032968701,0,0.002917188,0.002103439,0,0,0.011459611,0,0,0,0,0,0,0,0,0,0,0,0,0,0,0,0,0,0,0,0,0,0,0,0,0,0,0,0,0,0,0,0,0,0,0,0,0,0,0,0,0,0,0,0,0,0,0,0,0,0,0,0,0,0,0,0,0,0,0,0,0,0,0,0,0,0,0,0,0,0,0,0,0,0,0,0,0,0,0,0,0,0,0,0,0,0,0,0,0,0,0,0,0,0,0,0,0,0,0,0,0,0,0,0,0,0,0,0,0,0,0,0,0,0,0,0,0,0,0,0,0,0,0,0,0,0,0,0,0,0,0,0,0,0,0,0,0,0,0,0,0,0,0,0,0,0,0,0,0,0,0,0,0,0,0,0,0,0,0,0,0,0,0,0,0,0,0,0,0,0,0,0,0,0,0,0,0,0,0,0,0,0,0,0,0,0,0,0,0,0,0,0,0,0,0,0,0,0,0,0,0
SRR5384474,PRJNA377739,COPD_Stable,0.381871207,0.004096216,0,0,0,0,0.229993456,0.061162181,0,0.046576795,0,0.004491221,0.027182122,0,0,0,0.001084649,0.00029026,0.001127511,0.010063894,0,0.000841001,0.007575268,0.017365586,0,0.000911098,0,0,0.002044721,0.00160559,0,0,0.000217602,0,0,0,0,0,0.000262544,0,0,0,0,0,0,0,0.008847299,0,0.000622101,0,0,0,0,0,0,0,0,0,0,0,0,0,0.001104423,0,0,0,0,0,0,0.000339273,0,0,0,0,0,0,0,0,0,0,0,0,0,0,0,0,0,0,0,0,0,0,0,0,0,0,0,0,0,0,0,0,0,0,0,0,0,0,0,0,0,0,0,0,0,0,0,0,0,0,0,0,0,0,0,0,0,0,0,0,0,0,0,0,0,0,0,0,0,0,0,0,0,0,0,0,0,0,0,0,0,0,0,0,0,0,0,0,0,0,0,0,0,0,0,0,0,0,0,0,0,0,0,0,0,0,0,0,0,0,0,0,0,0,0,0,0,0,0,0,0,0,0,0,0,0,0,0,0,0,0,0,0,0,0,0,0,0,0,0,0,0,0,0,0,0,0,0,0,0,0,0,0,0,0,0,0,0,0,0,0,0,0,0,0,0,0,0,0,0,0,0,0,0,0,0,0,0,0,0,0,0,0,0,0,0,0,0,0,0,0,0,0,0,0,0,0,0,0,0,0,0
SRR5384475,PRJNA377739,COPD_Stable,0.037673654,0.000901741,0.853108314,0,0,0,0.007059852,0.002814376,0,0.003153762,0.002073384,0.001555205,0.00558681,0,0,0,0,0.001234561,0,0.0137815,0,0.002135998,0.005423346,0.003025306,0,0.002144392,0,0,0,0.000255309,0,0,0,0,0,0,0,0,0,0,0,0,0,0,0,0,0.000329675,0.004723061,0.002937705,0,0.000563082,0,0.001452321,0,0,0.000540703,0,0,0,0,0,0,0.000417676,0.000175502,0,0,0,7.25E-05,0,0,0,0,0,0,0,0,0,0,0,0,0,0,0,0,0,0,0,0,0,0,0,0,0,0,0,0,0,0,0,0,0,0,0,0,0,0,0,0,0,0,0,0,0,0,0,0,0,0,0,0,0,0,0,0,0,0,0,0,0,0,0,0,0,0,0,0,0,0,0,0,0,0,0,0,0,0,0,0,0,0,0,0,0,0,0,0,0,0,0,0,0,0,0,0,0,0,0,0,0,0,0,0,0,0,0,0,0,0,0,0,0,0,0,0,0,0,0,0,0,0,0,0,0,0,0,0,0,0,0,0,0,0,0,0,0,0,0,0,0,0,0,0,0,0,0,0,0,0,0,0,0,0,0,0,0,0,0,0,0,0,0,0,0,0,0,0,0,0,0,0,0,0,0,0,0,0,0,0,0,0,0,0,0,0,0,0,0,0,0,0,0,0,0,0,0,0,0,0,0,0,0,0
SRR5384476,PRJNA377739,COPD_Stable,0.330852089,0.001788855,0,0,0,0,0.58356154,0.040912888,0,0,0,0,0.000883308,0,0,0.000959493,0,0,0,0,0,0,0,0,0,0,0,0,0.005529894,0,0,0,0,0,0,0,0,0,0,0,0,0,0,0,0,0,0,0,0,0,0,0,0,0,0,0,0,0,0,0,0,0,0,0,0,0,0,0,0,0,0,0,0,0,0,0,0,0,0,0,0,0,0,0,0,0,0,0,0,0,0,0,0,0,0,0,0,0,0,0,0,0,0,0,0,0,0,0,0,0,0,0,0,0,0,0,0,0,0,0,0,0,0,0,0,0,0,0,0,0,0,0,0,0,0,0,0,0,0,0,0,0,0,0,0,0,0,0,0,0,0,0,0,0,0,0,0,0,0,0,0,0,0,0,0,0,0,0,0,0,0,0,0,0,0,0,0,0,0,0,0,0,0,0,0,0,0,0,0,0,0,0,0,0,0,0,0,0,0,0,0,0,0,0,0,0,0,0,0,0,0,0,0,0,0,0,0,0,0,0,0,0,0,0,0,0,0,0,0,0,0,0,0,0,0,0,0,0,0,0,0,0,0,0,0,0,0,0,0,0,0,0,0,0,0,0,0,0,0,0,0,0,0,0,0,0,0,0,0,0,0,0
SRR5384477,PRJNA377739,COPD_Stable,0.247363024,0.025002402,0.001322578,0,0,0,0.271896794,0.145538975,0,0.009779203,0.004379675,0.00194922,0.00780872,0,0,0.002051406,0.000189084,0.002447751,0,0.014367432,0,0,0.02194276,0.01874555,0,0.013741162,0,0,0.002771023,0,0,0,0,0,0,0,0,0,0.000940217,0,0,0,0,0,0,0,0.009982406,0.001472597,0.001642816,0,0.002767114,0,0,0,0,0,0,0,0,0,0.000551264,0,0.000167169,0.000215278,0,0,0,0,0,0,0,0,0,0,0,0,0,0,0,0,0,0,0,0,0,0,0,0,0,0,0,0,0,0,0,0,0,0,0,0,0,0,0,0,0,0,0,0,0,0,0,0,0,0,0,0,0,0,0,0,0,0,0,0,0,0,0,0,0,0,0,0,0,0,0,0,0,0,0,0,0,0,0,0,0,0,0,0,0,0,0,0,0,0,0,0,0,0,0,0,0,0,0,0,0,0,0,0,0,0,0,0,0,0,0,0,0,0,0,0,0,0,0,0,0,0,0,0,0,0,0,0,0,0,0,0,0,0,0,0,0,0,0,0,0,0,0,0,0,0,0,0,0,0,0,0,0,0,0,0,0,0,0,0,0,0,0,0,0,0,0,0,0,0,0,0,0,0,0,0,0,0,0,0,0,0,0,0,0,0,0,0,0,0,0,0,0,0,0,0,0,0,0,0,0,0,0,0,0,0,0,0
SRR5384478,PRJNA377739,COPD_Stable,0.119948196,0.033174333,0,0,0,0,0.161885678,0.340093723,0,0.0085452,0.005307743,0.000819297,0.005872643,0,0,0.003491992,0.003937025,0.009675104,0.002072825,0.001691751,0,0,0.009565071,0.003184048,0,0.005899732,0,0,0.00455191,0.002096257,0,0,0,0,0,0,0,0,0.004726314,0.000509822,0,0,0,0,0,0.000676476,0.016254924,0.001554066,0.005133598,0,0.001208626,0,0.002134203,0,0,0.00019158,0,0,0,0,0.000154808,0,0.00015987,0,0,0,0.000473465,0,0,0.002280822,7.61E-05,0,0,0,0,0,0,0,0,0,0,0,0,0,0,0,0,0,0,0,0,0,0,0,0,0,0,0,0,0,0,0,0,0,0,0,0,0,0,0,0,0,0,0,0,0,0,0,0,0,0,0,0,0,0,0,0,0,0,0,0,0,0,0,0,0,0,0,0,0,0,0,0,0,0,0,0,0,0,0,0,0,0,0,0,0,0,0,0,0,0,0,0,0,0,0,0,0,0,0,0,0,0,0,0,0,0,0,0,0,0,0,0,0,0,0,0,0,0,0,0,0,0,0,0,0,0,0,0,0,0,0,0,0,0,0,0,0,0,0,0,0,0,0,0,0,0,0,0,0,0,0,0,0,0,0,0,0,0,0,0,0,0,0,0,0,0,0,0,0,0,0,0,0,0,0,0,0,0,0,0,0,0,0,0,0,0,0,0,0,0,0,0,0,0,0,0,0,0,0,0,0
SRR5384479,PRJNA377739,COPD_Stable,0.145976401,0.027899919,0,0,0,0,0.233833301,0.264399679,0,0.034244136,0.003967544,0.011243863,0.007457001,0,0,0.002213982,0.002853763,0,0.000980727,0,0,0,0.002664755,0.092749493,0,0,0,0,0.004048606,0,0,0,0,0,0,0,0,0,0.000572474,0,0,0,0,0,0,0,0.006575743,0,0.000323479,0,0,0,0,0,0,0.001935837,0,0,0,0,0.000185583,0,0.000364389,0,0,0,0,0,0,0,0,0,0,0,0,0,0,0,0,0,0,0,0,0,0,0,0,0,0,0,0,0,0,0,0,0,0,0,0,0,0,0,0,0,0,0,0,0,0,0,0,0,0,0,0,0,0,0,0,0,0,0,0,0,0,0,0,0,0,0,0,0,0,0,0,0,0,0,0,0,0,0,0,0,0,0,0,0,0,0,0,0,0,0,0,0,0,0,0,0,0,0,0,0,0,0,0,0,0,0,0,0,0,0,0,0,0,0,0,0,0,0,0,0,0,0,0,0,0,0,0,0,0,0,0,0,0,0,0,0,0,0,0,0,0,0,0,0,0,0,0,0,0,0,0,0,0,0,0,0,0,0,0,0,0,0,0,0,0,0,0,0,0,0,0,0,0,0,0,0,0,0,0,0,0,0,0,0,0,0,0,0,0,0,0,0,0,0,0,0,0,0,0,0,0,0,0,0,0,0,0,0
SRR5384480,PRJNA377739,COPD_Stable,0.010851467,0.001106146,0.9414725,0,0,0,0.009201467,0.009155882,0,0.000222086,0.000570785,0,0.000572543,0,0,0,0.000149392,0.000539872,0,0.000596421,0,0,0.000863358,0.001311489,0,0.000450723,0,0,0,0,0,0,0,0,0,0,0,0,0,0,0,0,0,0,0,0,0.000895228,0.001144362,0.002183678,0,0,0.00017444,0.000325489,7.35E-05,0,8.11E-05,0.00018548,0,0.000134634,0,0.000269802,0,0,0,0,0,0.000159764,0,0,0,0,0,0,0,0,0,0,0,0,0,0,0,0,0,0,0,0,0,0,0,0,0,0,0,0,0,0,0,0,0,0,0,0,0,0,0,0,0,0,0,0,0,0,0,0,0,0,0,0,0,0,0,0,0,0,0,0,0,0,0,0,0,0,0,0,0,0,0,0,0,0,0,0,0,0,0,0,0,0,0,0,0,0,0,0,0,0,0,0,0,0,0,0,0,0,0,0,0,0,0,0,0,0,0,0,0,0,0,0,0,0,0,0,0,0,0,0,0,0,0,0,0,0,0,0,0,0,0,0,0,0,0,0,0,0,0,0,0,0,0,0,0,0,0,0,0,0,0,0,0,0,0,0,0,0,0,0,0,0,0,0,0,0,0,0,0,0,0,0,0,0,0,0,0,0,0,0,0,0,0,0,0,0,0,0,0,0,0,0,0,0,0,0,0,0,0,0,0,0,0,0,0
SRR5384481,PRJNA377739,COPD_Stable,0.147819026,0.02797405,0,0,0,0,0.204756434,0.023876206,0,0.189462566,0.014055758,0.000860518,0.012565054,0,0,0,0.00073263,0.015006298,0.0025447,0.004582606,0,0.000305293,0.022602112,0.020687667,0,0.008539006,0,0,0.000424392,0.002071355,0,0,0,0,0,0,0,0,0.000781812,0.000533342,0,0,0,0,0,0.000164092,0.012484844,0.013100816,0.009476585,0,0.001116586,0,0.002174172,0,0,0.000486432,0,8.01E-05,0,0,0.001335691,0,0.000598659,0.000407622,0,0,0,0.000803405,0,0.000675127,0,0,0,0,0,0,0,0,0,0,0,0,0,0,0,0,0,0,0,0,0,0,0,0,0,0,0,0,0,0,0,0,0,0,0,0,0,0,0,0,0,0,0,0,0,0,0,0,0,0,0,0,0,0,0,0,0,0,0,0,0,0,0,0,0,0,0,0,0,0,0,0,0,0,0,0,0,0,0,0,0,0,0,0,0,0,0,0,0,0,0,0,0,0,0,0,0,0,0,0,0,0,0,0,0,0,0,0,0,0,0,0,0,0,0,0,0,0,0,0,0,0,0,0,0,0,0,0,0,0,0,0,0,0,0,0,0,0,0,0,0,0,0,0,0,0,0,0,0,0,0,0,0,0,0,0,0,0,0,0,0,0,0,0,0,0,0,0,0,0,0,0,0,0,0,0,0,0,0,0,0,0,0,0,0,0,0,0,0,0,0,0,0,0,0,0,0,0,0,0,0,0
SRR5384482,PRJNA377739,COPD_Stable,0.096914353,0.077049247,0.000477977,0,0,0,0.183834668,0.061700016,0,0.001397635,0.005627237,0.004318263,0.004892755,0,0,0.000728088,0.029927443,0.000882564,0.001533304,0.001666746,0,0,0.072049731,0.033520732,0,0.005550616,0,0,0.004289242,0.000298237,0,0,0,0,0,0,0,0,0.012735329,0,0,0,0,0,0,0,0.046412681,0.000595319,0.005387584,0,0,0,0.000214746,0,0,0.000259628,0,0,0,0,0,0,0.000459132,0,0,0,0,0,0,0,0,0,0,0,0,0,0,0,0,0,0,0,0,0,0,0,0,0,0,0,0,0,0,0,0,0,0,0,0,0,0,0,0,0,0,0,0,0,0,0,0,0,0,0,0,0,0,0,0,0,0,0,0,0,0,0,0,0,0,0,0,0,0,0,0,0,0,0,0,0,0,0,0,0,0,0,0,0,0,0,0,0,0,0,0,0,0,0,0,0,0,0,0,0,0,0,0,0,0,0,0,0,0,0,0,0,0,0,0,0,0,0,0,0,0,0,0,0,0,0,0,0,0,0,0,0,0,0,0,0,0,0,0,0,0,0,0,0,0,0,0,0,0,0,0,0,0,0,0,0,0,0,0,0,0,0,0,0,0,0,0,0,0,0,0,0,0,0,0,0,0,0,0,0,0,0,0,0,0,0,0,0,0,0,0,0,0,0,0,0,0,0,0,0,0,0,0,0,0,0,0,0
SRR5384483,PRJNA377739,COPD_Stable,0.27415676,0.035261009,0,0,0,0,0.21455197,0.256163631,0,0,0.003448995,0,0.001887344,0,0,0.00248374,0.00531726,0.000205954,0.00058709,0,0,0,0.001726062,0.01690189,0,0,0,0,0.001104138,0,0,0,0,0,0,0.002362388,0,0,0.003629056,0,0,0,0,0,0,0,0.013805274,0,0,0,0,0,0,0,0,0.00020764,0,0,0,0,0,0,0,0,0,0,0,0,0,0,0,0,0,0,0,0,0,0,0,0,0,0,0,0,0,0,0,0,0,0,0,0,0,0,0,0,0,0,0,0,0,0,0,0,0,0,0,0,0,0,0,0,0,0,0,0,0,0,0,0,0,0,0,0,0,0,0,0,0,0,0,0,0,0,0,0,0,0,0,0,0,0,0,0,0,0,0,0,0,0,0,0,0,0,0,0,0,0,0,0,0,0,0,0,0,0,0,0,0,0,0,0,0,0,0,0,0,0,0,0,0,0,0,0,0,0,0,0,0,0,0,0,0,0,0,0,0,0,0,0,0,0,0,0,0,0,0,0,0,0,0,0,0,0,0,0,0,0,0,0,0,0,0,0,0,0,0,0,0,0,0,0,0,0,0,0,0,0,0,0,0,0,0,0,0,0,0,0,0,0,0,0,0,0,0,0,0,0,0,0,0,0,0,0,0,0,0,0,0,0,0,0
SRR5384484,PRJNA377739,COPD_Stable,0.31840714,0.001861312,0.000152572,0,0,0,0.195522734,0.024428129,0,0.178794142,0.003173823,0.009348759,0.052635286,0,0,0.001283834,0.000239942,0,0.00026157,0,0,0.000122949,0.001494818,0.002484906,0,0,0,0,0.000999154,0,0,0,0,0,0,0,0,0,0,0.000202641,0,0,0,0,0,0,0,0.002280897,0,0,0.000727073,0,0.001060596,0,0,0.000560056,0,0,0,0,0,0,0,0,0,0,0,0,0,0,0,0,0,0,0,0,0,0,0,0,0,0,0,0,0,0,0,0,0,0,0,0,0,0,0,0,0,0,0,0,0,0,0,0,0,0,0,0,0,0,0,0,0,0,0,0,0,0,0,0,0,0,0,0,0,0,0,0,0,0,0,0,0,0,0,0,0,0,0,0,0,0,0,0,0,0,0,0,0,0,0,0,0,0,0,0,0,0,0,0,0,0,0,0,0,0,0,0,0,0,0,0,0,0,0,0,0,0,0,0,0,0,0,0,0,0,0,0,0,0,0,0,0,0,0,0,0,0,0,0,0,0,0,0,0,0,0,0,0,0,0,0,0,0,0,0,0,0,0,0,0,0,0,0,0,0,0,0,0,0,0,0,0,0,0,0,0,0,0,0,0,0,0,0,0,0,0,0,0,0,0,0,0,0,0,0,0,0,0,0,0,0,0,0,0,0,0,0,0,0,0,0
SRR5384485,PRJNA377739,COPD_Stable,0.003113497,0.000556761,0,0,0,0,0.044292995,0.012676083,0,0,0,0,9.23E-05,0,0,0,0,0,0.000139021,0,0,0,0,0,0,0,0,0,0,0,0,0,0,0,0,0,0,0,0,0,0,0,0,0,0,9.90E-05,0,0,0,0,0,0,0,0,0,0,0,0,0,0,0,0,0,0,0,0,0,0,0,0,0,0,0,0,0,0,0,0,0,0,0,0,0,0,0,0,0,0,0,0,0,0,0,0,0,0,0,0,0,0,0,0,0,0,0,0,0,0,0,0,0,0,0,0,0,0,0,0,0,0,0,0,0,0,0,0,0,0,0,0,0,0,0,0,0,0,0,0,0,0,0,0,0,0,0,0,0,0,0,0,0,0,0,0,0,0,0,0,0,0,0,0,0,0,0,0,0,0,0,0,0,0,0,0,0,0,0,0,0,0,0,0,0,0,0,0,0,0,0,0,0,0,0,0,0,0,0,0,0,0,0,0,0,0,0,0,0,0,0,0,0,0,0,0,0,0,0,0,0,0,0,0,0,0,0,0,0,0,0,0,0,0,0,0,0,0,0,0,0,0,0,0,0,0,0,0,0,0,0,0,0,0,0,0,0,0,0,0,0,0,0,0,0,0,0,0,0,0,0,0,0,0
SRR5384486,PRJNA377739,COPD_Stable,0.046265338,0.008881109,0,0,0,0,0.098527571,0.02859413,0,0.001029194,0.002119742,0.000347294,0.002387372,0,0,0.000191811,0.000575505,0.000309982,0.000198323,0,0,0,0.007922276,0.005846992,0,0,0,0,0.000469127,0.000454167,0,0,0,0,0,0,0,0,0.000255607,0,0,0,0,0,0,0,0.001203938,0.000951606,0.001190365,0,0,0,0,0,0,0,0,0,0,0,0,0,0,0,0,0,0,0,0,0,0,0,0,0,0,0,0,0,0,0,0,0,0,0,0,0,0,0,0,0,0,0,0,0,0,0,0,0,0,0,0,0,0,0,0,0,0,0,0,0,0,0,0,0,0,0,0,0,0,0,0,0,0,0,0,0,0,0,0,0,0,0,0,0,0,0,0,0,0,0,0,0,0,0,0,0,0,0,0,0,0,0,0,0,0,0,0,0,0,0,0,0,0,0,0,0,0,0,0,0,0,0,0,0,0,0,0,0,0,0,0,0,0,0,0,0,0,0,0,0,0,0,0,0,0,0,0,0,0,0,0,0,0,0,0,0,0,0,0,0,0,0,0,0,0,0,0,0,0,0,0,0,0,0,0,0,0,0,0,0,0,0,0,0,0,0,0,0,0,0,0,0,0,0,0,0,0,0,0,0,0,0,0,0,0,0,0,0,0,0,0,0,0,0,0,0,0,0,0,0,0,0
SRR5384487,PRJNA377739,COPD_Stable,0.162829904,0.008095454,0,0,0,0,0.379723317,0.06740569,0,0.039011032,0.000640205,0,0.000905585,0,0,0.001224332,0.002979419,0,0,0.023641268,0,0,0.004820597,0.016843922,0,0.00069707,0,0,0.006565392,0,0,0,0,0,0,0,0,0,0.001214536,0,0,0,0,0,0,0,0.014648779,0,0.00274343,0,0,0,0,0,0,0,0,0,0,0,0.000340551,0,0,0,0,0,0,0,0,0,0,0,0,0,0,0,0,0,0,0,0,0,0,0,0,0,0,0,0,0,0,0,0,0,0,0,0,0,0,0,0,0,0,0,0,0,0,0,0,0,0,0,0,0,0,0,0,0,0,0,0,0,0,0,0,0,0,0,0,0,0,0,0,0,0,0,0,0,0,0,0,0,0,0,0,0,0,0,0,0,0,0,0,0,0,0,0,0,0,0,0,0,0,0,0,0,0,0,0,0,0,0,0,0,0,0,0,0,0,0,0,0,0,0,0,0,0,0,0,0,0,0,0,0,0,0,0,0,0,0,0,0,0,0,0,0,0,0,0,0,0,0,0,0,0,0,0,0,0,0,0,0,0,0,0,0,0,0,0,0,0,0,0,0,0,0,0,0,0,0,0,0,0,0,0,0,0,0,0,0,0,0,0,0,0,0,0,0,0,0,0,0,0,0,0,0,0,0,0,0,0,0
SRR5384488,PRJNA377739,COPD_Stable,0.026288675,0,0,0,0,0,0.003373506,0.000475327,0,0,0,0,0,0,0,0,0,0,0,0,0,0,0,0,0,0,0,0,0,0,0,0,0,0,0.000657379,0,0,0,0,0,0,0,0,0,0,0,0,0,0,0,0,0,0,0,0,0,0,0,7.34E-05,0,0,0,0,0,0,0,0,0,0,0,0,0,0,0,0,0,0,0,0,0,0,0,0,0,0,0,0,0,0,0,0,0,0,0,0,0,0,0,0,0,0,0,0,0,0,0,0,0,0,0,0,0,0,0,0,0,0,0,0,0,0,0,0,0,0,0,0,0,0,0,0,0,0,0,0,0,0,0,0,0,0,0,0,0,0,0,0,0,0,0,0,0,0,0,0,0,0,0,0,0,0,0,0,0,0,0,0,0,0,0,0,0,0,0,0,0,0,0,0,0,0,0,0,0,0,0,0,0,0,0,0,0,0,0,0,0,0,0,0,0,0,0,0,0,0,0,0,0,0,0,0,0,0,0,0,0,0,0,0,0,0,0,0,0,0,0,0,0,0,0,0,0,0,0,0,0,0,0,0,0,0,0,0,0,0,0,0,0,0,0,0,0,0,0,0,0,0,0,0,0,0,0,0,0,0,0,0,0,0,0,0,0
SRR5384489,PRJNA377739,COPD_Stable,0.204193843,0.003078469,0,0,0,0,0.13789363,0.068556324,0,0.007126111,0.001216549,0,0.007874688,0,0,0.000243554,0,0,0,0.006156604,0,0,0.002802172,0,0,0.000227532,0,0,0.001005355,0.00066773,0,0,0.002864709,0,0,0.000339523,0,0,0.000299277,0,0,0,0,0,0,0,0.000701204,0.000569978,0.003608055,0,0.000206996,0.00877508,0.000425675,0.005679386,0.000874249,0,0.011113528,0,0,0,0,0,0,0,0,0,0.017213078,0,0.00031799,0,0,0,0,0,0,0,0,0,0,0,0,0,0,0,0,0,0,0,0,0,0,0,0,0,0,0,0,0,0,0,0,0,0,0,0,0,0,0,0,0,0,0,0,0,0,0,0,0,0,0,0,0,0,0,0,0,0,0,0,0,0,0,0,0,0,0,0,0,0,0,0,0,0,0,0,0,0,0,0,0,0,0,0,0,0,0,0,0,0,0,0,0,0,0,0,0,0,0,0,0,0,0,0,0,0,0,0,0,0,0,0,0,0,0,0,0,0,0,0,0,0,0,0,0,0,0,0,0,0,0,0,0,0,0,0,0,0,0,0,0,0,0,0,0,0,0,0,0,0,0,0,0,0,0,0,0,0,0,0,0,0,0,0,0,0,0,0,0,0,0,0,0,0,0,0,0,0,0,0,0,0,0,0,0,0,0,0,0,0,0,0,0,0,0,0,0,0,0,0,0,0,0
SRR5384490,PRJNA377739,COPD_Stable,0.379063251,0.014677523,0,0,0,0,0.167768519,0,0,0.0127913,0.015128783,0,0.021910882,0,0,0.002781937,0.0060259,0.007377009,0.00431876,0,0,0,0.051565812,0,0,0.037984164,0,0,0.002903946,0.002600454,0,0,0,0,0,0,0,0,0.001297469,0.000135616,0,0,0,0,0,0.000234028,0.02363355,0.001413278,0.010444543,0,0.000247372,0,0.000529196,0,0,0.000284757,0,0,0,0,0.002456406,0,0.000735786,0,0,0,0,0,0,0,0,0,0,0,0,0,0,0,0,0,0,0,0,0,0,0,0,0,0,0,0,0,0,0,0,0,0,0,0,0,0,0,0,0,0,0,0,0,0,0,0,0,0,0,0,0,0,0,0,0,0,0,0,0,0,0,0,0,0,0,0,0,0,0,0,0,0,0,0,0,0,0,0,0,0,0,0,0,0,0,0,0,0,0,0,0,0,0,0,0,0,0,0,0,0,0,0,0,0,0,0,0,0,0,0,0,0,0,0,0,0,0,0,0,0,0,0,0,0,0,0,0,0,0,0,0,0,0,0,0,0,0,0,0,0,0,0,0,0,0,0,0,0,0,0,0,0,0,0,0,0,0,0,0,0,0,0,0,0,0,0,0,0,0,0,0,0,0,0,0,0,0,0,0,0,0,0,0,0,0,0,0,0,0,0,0,0,0,0,0,0,0,0,0,0,0,0,0,0,0,0,0
SRR5384491,PRJNA377739,COPD_Stable,0.049003943,0,0.000568557,0,0,0,0.036524945,0.00065338,0,0,0,0,0.001736455,0,0,0,0,0,0,0,0,0,0,0,0,0,0,0,0,0,0,0,0,0,0,0,0,0,0,0,0,0,0,0,0,0,0,0,0,0,0,0,0,0,0,0,0,0,0,0,0,0,0,0,0,0,0,0,0,0,0,0,0,0,0,0,0,0,0,0,0,0,0,0,0,0,0,0,0,0,0,0,0,0,0,0,0,0,0,0,0,0,0,0,0,0,0,0,0,0,0,0,0,0,0,0,0,0,0,0,0,0,0,0,0,0,0,0,0,0,0,0,0,0,0,0,0,0,0,0,0,0,0,0,0,0,0,0,0,0,0,0,0,0,0,0,0,0,0,0,0,0,0,0,0,0,0,0,0,0,0,0,0,0,0,0,0,0,0,0,0,0,0,0,0,0,0,0,0,0,0,0,0,0,0,0,0,0,0,0,0,0,0,0,0,0,0,0,0,0,0,0,0,0,0,0,0,0,0,0,0,0,0,0,0,0,0,0,0,0,0,0,0,0,0,0,0,0,0,0,0,0,0,0,0,0,0,0,0,0,0,0,0,0,0,0,0,0,0,0,0,0,0,0,0,0,0,0,0,0,0,0
SRR5384492,PRJNA377739,COPD_Stable,0.281657708,0.023210997,0.000620754,0,0,0,0.353421452,0.041890293,0,0.015923743,0.005610436,0.001016222,0.012679456,0,0,0.000708417,0.000630154,0.00180358,0.006742604,0.00138941,0,0,0.033542797,0.030529096,0,0.003569192,0,0,0.004120153,0.001472579,0.000213375,0,0,0,0.000148114,0,0,0,0.000443603,0,0,0,0,0,0,0,0.011252259,0.000470417,0.019566868,0,0.002067948,0,0.000183177,0,0,0,0,0,0,0,0.003258383,0,0.000508044,0,0,0.000118438,0,0,0,0.0001989,0,0,0,0,0,0,0,0,0,0,0,0,0,0,0,0,0,0,0,0,0,0,0,0,0,0,0,0,0,0,0,0,0,0,0,0,0,0,0,0,0,0,0,0,0,0,0,0,0,0,0,0,0,0,0,0,0,0,0,0,0,0,0,0,0,0,0,0,0,0,0,0,0,0,0,0,0,0,0,0,0,0,0,0,0,0,0,0,0,0,0,0,0,0,0,0,0,0,0,0,0,0,0,0,0,0,0,0,0,0,0,0,0,0,0,0,0,0,0,0,0,0,0,0,0,0,0,0,0,0,0,0,0,0,0,0,0,0,0,0,0,0,0,0,0,0,0,0,0,0,0,0,0,0,0,0,0,0,0,0,0,0,0,0,0,0,0,0,0,0,0,0,0,0,0,0,0,0,0,0,0,0,0,0,0,0,0,0,0,0,0,0,0,0,0,0,0,0,0,0,0,0
SRR5384493,PRJNA377739,COPD_Stable,0.051689653,0.000138288,0.001253956,0,0,0,0.050587362,0.016219409,0,0.013563831,0,0,0,0,0,0,0,0,0,0,0,0,0.0005667,0,0,0,0,0,0.000317703,0,0,0,0,0,0,0,0,0,0.000142607,0,0,0,0,0,0,0.000148219,0.001168922,0,0,0,0.020673021,0,0.0002935,0.000344502,0,0,0,0,0.051605221,0,0,0,0,0,0.016552743,0,0.001432741,0,0,0.000222258,0,0,0,0,0,0,0,0,0,0,0,0,0,0,0,0,0,0,0,0,0,0,0,0,0,0,0,0,0,0,0,0,0,0,0,0,0,0,0,0,0,0,0,0,0,0,0,0,0,0,0,0,0,0,0,0,0,0,0,0,0,0,0,0,0,0,0,0,0,0,0,0,0,0,0,0,0,0,0,0,0,0,0,0,0,0,0,0,0,0,0,0,0,0,0,0,0,0,0,0,0,0,0,0,0,0,0,0,0,0,0,0,0,0,0,0,0,0,0,0,0,0,0,0,0,0,0,0,0,0,0,0,0,0,0,0,0,0,0,0,0,0,0,0,0,0,0,0,0,0,0,0,0,0,0,0,0,0,0,0,0,0,0,0,0,0,0,0,0,0,0,0,0,0,0,0,0,0,0,0,0,0,0,0,0,0,0,0,0,0,0,0,0,0,0,0,0,0,0,0,0,0
SRR5384494,PRJNA377739,COPD_Stable,0.740303975,0.001202749,0,0,0,0,0.012613225,0,0,0.015971757,0,0,0.007909592,0,0,0,0,0,0,0,0,0,0,0,0,0,0,0,0,0,0,0,0,0,0.000147279,0,0,0,0,0,0,0,0,0,0,0,0,0,0,0,0,0,0,0,0,0,0,0,0.054241885,0,0,0,0,0,0.011455896,0,0,0,0,0,0,0,0,0,0,0,0,0,0,0,0,0,0,0,0,0,0,0,0,0,0,0,0,0,0,0,0,0,0,0,0,0,0,0,0,0,0,0,0,0,0,0,0,0,0,0,0,0,0,0,0,0,0,0,0,0,0,0,0,0,0,0,0,0,0,0,0,0,0,0,0,0,0,0,0,0,0,0,0,0,0,0,0,0,0,0,0,0,0,0,0,0,0,0,0,0,0,0,0,0,0,0,0,0,0,0,0,0,0,0,0,0,0,0,0,0,0,0,0,0,0,0,0,0,0,0,0,0,0,0,0,0,0,0,0,0,0,0,0,0,0,0,0,0,0,0,0,0,0,0,0,0,0,0,0,0,0,0,0,0,0,0,0,0,0,0,0,0,0,0,0,0,0,0,0,0,0,0,0,0,0,0,0,0,0,0,0,0,0,0,0,0,0,0,0,0,0,0,0,0,0,0
SRR5384495,PRJNA377739,COPD_Stable,0.67241811,0.001090776,0,0,0,0,0.156450391,0.001566027,0,0.023884684,0.005719341,0,0.008979036,0,0,0,0.000694523,0,0.002556272,0.010854134,0,0,0.000387304,0.004121039,0,0.000123827,0,0,0.002523017,0,0,0,0,0,0,0,0,0,0.000470002,0,0,0,0,0,0,0,0.00961493,0,0.005467849,0,0.000114542,0,0.000138533,0,0,0,0,0.001084514,0.00018724,0,0,0,0,0,0,0,0,0,0,0,0,0,0,0,0,0,0,0,0,0,0,0,0,0,0,0,0,0,0,0,0,0,0,0,0,0,0,0,0,0,0,0,0,0,0,0,0,0,0,0,0,0,0,0,0,0,0,0,0,0,0,0,0,0,0,0,0,0,0,0,0,0,0,0,0,0,0,0,0,0,0,0,0,0,0,0,0,0,0,0,0,0,0,0,0,0,0,0,0,0,0,0,0,0,0,0,0,0,0,0,0,0,0,0,0,0,0,0,0,0,0,0,0,0,0,0,0,0,0,0,0,0,0,0,0,0,0,0,0,0,0,0,0,0,0,0,0,0,0,0,0,0,0,0,0,0,0,0,0,0,0,0,0,0,0,0,0,0,0,0,0,0,0,0,0,0,0,0,0,0,0,0,0,0,0,0,0,0,0,0,0,0,0,0,0,0,0,0,0,0,0,0,0,0,0,0,0,0,0,0,0,0
SRR5384496,PRJNA377739,COPD_Stable,0.320436614,0.010436387,0,0,0,0,0.193008207,7.99E-05,0,0.02266959,0.014583197,0,0.017239398,0,0,0.002081303,0.004851975,0.017924614,0.00198669,0,0,0.000642124,0.052902986,0,0,0.021981512,0,0,0.002103053,0.004732847,0,0,0,0,0,0,0,0,0.000889789,0,0,0,0,0,0,0,0.018679469,0.005735022,0.009922659,0,0.000941776,0,0.001187839,0,0,0.001152914,0,0,0,0,0.000732191,0,0.001533431,0,0,0,0,0,0,0,0,0,0,0,0,0,0,0,0,0,0,0,0,0,0,0,0,0,0,0,0,0,0,0,0,0,0,0,0,0,0,0,0,0,0,0,0,0,0,0,0,0,0,0,0,0,0,0,0,0,0,0,0,0,0,0,0,0,0,0,0,0,0,0,0,0,0,0,0,0,0,0,0,0,0,0,0,0,0,0,0,0,0,0,0,0,0,0,0,0,0,0,0,0,0,0,0,0,0,0,0,0,0,0,0,0,0,0,0,0,0,0,0,0,0,0,0,0,0,0,0,0,0,0,0,0,0,0,0,0,0,0,0,0,0,0,0,0,0,0,0,0,0,0,0,0,0,0,0,0,0,0,0,0,0,0,0,0,0,0,0,0,0,0,0,0,0,0,0,0,0,0,0,0,0,0,0,0,0,0,0,0,0,0,0,0,0,0,0,0,0,0,0,0,0,0,0,0,0,0,0,0
SRR5384497,PRJNA377739,COPD_Stable,0.136653084,0.009469537,0,0,0,0,0.217468836,0.027008373,0,0.044306795,0.10074679,0.025214474,0.005660008,0,0,0,0.000186212,0,0.004308314,0.009624556,0,0.004764151,0.001883271,0.037078692,0,0.002720087,0,0,0.001232462,0.000172332,0,0,0,0,0,0,0,0,0,0.000438041,0,0,0,0,0,0.000602569,0.006158589,0.041180105,0.018397572,0.020253036,0.000775098,0,0.042731321,0,0,0.005902234,0,0,0,0,0,0,0.000221548,0.005670308,0,0.000217249,0,0.001402254,0,0,0,0,0,0,0,0,0,0,0,0,0,0,0,0,0,0,0,0,0,0,0,0,0,0,0,0,0,0,0,0,0,0,0,0,0,0,0,0,0,0,0,0,0,0,0,0,0,0,0,0,0,0,0,0,0,0,0,0,0,0,0,0,0,0,0,0,0,0,0,0,0,0,0,0,0,0,0,0,0,0,0,0,0,0,0,0,0,0,0,0,0,0,0,0,0,0,0,0,0,0,0,0,0,0,0,0,0,0,0,0,0,0,0,0,0,0,0,0,0,0,0,0,0,0,0,0,0,0,0,0,0,0,0,0,0,0,0,0,0,0,0,0,0,0,0,0,0,0,0,0,0,0,0,0,0,0,0,0,0,0,0,0,0,0,0,0,0,0,0,0,0,0,0,0,0,0,0,0,0,0,0,0,0,0,0,0,0,0,0,0,0,0,0,0,0,0,0,0,0,0,0,0
SRR5384498,PRJNA377739,COPD_Stable,0.076604412,0.013493386,0.085512318,0,0,0,0.25934886,0.050600192,0,0.012811204,0.00384688,0.003483968,0.003738309,0,0,0.00179389,0.001368704,0.000890416,0.001002846,0,0,0,0.011942185,0.018754281,0,0,0,0,0.00087741,0.000778447,0,0,0,0,0,0,0,0,0.001577631,0,0,0,0,0,0,0,0.006201048,0.000858256,0.001864927,0,0,0,0,0,0,0.000306033,0,0,0,0,0,0,0,0,0,6.03E-05,0,0,0,0,0,0,0,0,0,0,0,0,0,0,0,0,0,0,0,0,0,0,0,0,0,0,0,0,0,0,0,0,0,0,0,0,0,0,0,0,0,0,0,0,0,0,0,0,0,0,0,0,0,0,0,0,0,0,0,0,0,0,0,0,0,0,0,0,0,0,0,0,0,0,0,0,0,0,0,0,0,0,0,0,0,0,0,0,0,0,0,0,0,0,0,0,0,0,0,0,0,0,0,0,0,0,0,0,0,0,0,0,0,0,0,0,0,0,0,0,0,0,0,0,0,0,0,0,0,0,0,0,0,0,0,0,0,0,0,0,0,0,0,0,0,0,0,0,0,0,0,0,0,0,0,0,0,0,0,0,0,0,0,0,0,0,0,0,0,0,0,0,0,0,0,0,0,0,0,0,0,0,0,0,0,0,0,0,0,0,0,0,0,0,0,0,0,0,0,0,0,0,0,0,0,0
SRR5384499,PRJNA377739,COPD_Stable,0.374422859,0.023001836,0,0,0,0,0.137547175,0.00281523,0,0.18754449,0.006229029,0.000940288,0.01299192,0,0,0.000451766,0,0.004224978,0.000356765,0,0,0,0.009485797,0.006688441,0,0.002371494,0,0,0,0.002993194,0.000351198,0,0,0,0,0,0,0,0.000524342,0,0,0,0,0,0,0.000261365,0.001154975,0.002377971,0.001918118,0,9.73E-05,0,0.000681927,0,0,0.000371148,0,0,0,0,0,0,0.000469987,0,0,0,0,0,0,0,0,0,0,0,0,0,0,0,0,0,0,0,0,0,0,0,0,0,0,0,0,0,0,0,0,0,0,0,0,0,0,0,0,0,0,0,0,0,0,0,0,0,0,0,0,0,0,0,0,0,0,0,0,0,0,0,0,0,0,0,0,0,0,0,0,0,0,0,0,0,0,0,0,0,0,0,0,0,0,0,0,0,0,0,0,0,0,0,0,0,0,0,0,0,0,0,0,0,0,0,0,0,0,0,0,0,0,0,0,0,0,0,0,0,0,0,0,0,0,0,0,0,0,0,0,0,0,0,0,0,0,0,0,0,0,0,0,0,0,0,0,0,0,0,0,0,0,0,0,0,0,0,0,0,0,0,0,0,0,0,0,0,0,0,0,0,0,0,0,0,0,0,0,0,0,0,0,0,0,0,0,0,0,0,0,0,0,0,0,0,0,0,0,0,0,0,0,0,0,0,0,0
SRR5384500,PRJNA377739,COPD_Stable,0.822397569,0.007567104,9.24E-05,0,0,0,0.088668307,0.002672452,0.000116698,0.016818663,0.002840416,0.000881378,0.002406054,0,0,0.000291575,0.000211131,0.000147995,0.00038896,0,0,0,0.004669661,0.004229859,0,0.000543183,0,0,0.000586192,0.000376917,0,0,0,0,0,0,0,0,0.000156653,0,0,0,0,0,0,0,0.000561241,0,0.001458735,0,0,0,0,0,0,0.000101074,0,0,0,0,0.000144043,0,0,0,8.14E-05,0,0,0,0,9.47E-05,0,0,0,0,0,0,0,0,0,0,0,0,0,0,0,0,0,0,0,0,0,0,0,0,0,0,0,0,0,0,0,0,0,0,0,0,0,0,0,0,0,0,0,0,0,0,0,0,0,0,0,0,0,0,0,0,0,0,0,0,0,0,0,0,0,0,0,0,0,0,0,0,0,0,0,0,0,0,0,0,0,0,0,0,0,0,0,0,0,0,0,0,0,0,0,0,0,0,0,0,0,0,0,0,0,0,0,0,0,0,0,0,0,0,0,0,0,0,0,0,0,0,0,0,0,0,0,0,0,0,0,0,0,0,0,0,0,0,0,0,0,0,0,0,0,0,0,0,0,0,0,0,0,0,0,0,0,0,0,0,0,0,0,0,0,0,0,0,0,0,0,0,0,0,0,0,0,0,0,0,0,0,0,0,0,0,0,0,0,0,0,0,0,0,0,0,0,0,0,0,0,0
SRR5384501,PRJNA377739,COPD_Stable,0.513636523,0.005918137,0.000445891,0,0,0,0.238585484,0.027046813,0,0.060097113,0.00308407,0,0.053671798,0,0,0.000494516,0.000255619,0,0,0.009203877,0,0,0.003899708,0,0,0.001994667,0,0,0,0.005263254,0,0,0.000342187,0,0,0,0,0,0,0,0,0,0,0,0,0,0.007658144,0,0.004956946,0,0.000775788,0,0.000170476,0,0,0,0,0.000686377,0,0,0,0,0,0,0,0,0,0,0,0.000487301,0,0,0,0,0,0,0,0,0,0,0,0,0,0,0,0,0,0,0,0,0,0,0,0,0,0,0,0,0,0,0,0,0,0,0,0,0,0,0,0,0,0,0,0,0,0,0,0,0,0,0,0,0,0,0,0,0,0,0,0,0,0,0,0,0,0,0,0,0,0,0,0,0,0,0,0,0,0,0,0,0,0,0,0,0,0,0,0,0,0,0,0,0,0,0,0,0,0,0,0,0,0,0,0,0,0,0,0,0,0,0,0,0,0,0,0,0,0,0,0,0,0,0,0,0,0,0,0,0,0,0,0,0,0,0,0,0,0,0,0,0,0,0,0,0,0,0,0,0,0,0,0,0,0,0,0,0,0,0,0,0,0,0,0,0,0,0,0,0,0,0,0,0,0,0,0,0,0,0,0,0,0,0,0,0,0,0,0,0,0,0,0,0,0,0,0,0,0,0,0,0,0
SRR5384502,PRJNA377739,COPD_Stable,0.05589062,0.003405708,0.000135674,0,0,0,0.088049839,0,0,0.019615249,0.002061099,0,0,0,0,0,7.79E-05,0.000112536,0.000385228,0,0,0,0.001680383,0.000903704,0,0.000366255,0,0,0.000629284,0.000651501,0,0,0.000285709,0,0,0,0,0,0,0,0,0,0,0,0,0,0.000776084,0,0.000836727,0,0.000559073,0,0,0,0,0,0,0,0,0,0,0,0.000267479,0,0,0,0,0,0,0,0,0,0,0,0,0,0,0,0,0,0,0,0,0,0,0,0,0,0,0,0,0,0,0,0,0,0,0,0,0,0,0,0,0,0,0,0,0,0,0,0,0,0,0,0,0,0,0,0,0,0,0,0,0,0,0,0,0,0,0,0,0,0,0,0,0,0,0,0,0,0,0,0,0,0,0,0,0,0,0,0,0,0,0,0,0,0,0,0,0,0,0,0,0,0,0,0,0,0,0,0,0,0,0,0,0,0,0,0,0,0,0,0,0,0,0,0,0,0,0,0,0,0,0,0,0,0,0,0,0,0,0,0,0,0,0,0,0,0,0,0,0,0,0,0,0,0,0,0,0,0,0,0,0,0,0,0,0,0,0,0,0,0,0,0,0,0,0,0,0,0,0,0,0,0,0,0,0,0,0,0,0,0,0,0,0,0,0,0,0,0,0,0,0,0,0,0,0,0,0,0,0
SRR5384503,PRJNA377739,COPD_Stable,0.26002447,0.003568623,0,0,0,0,0.205141066,0.003611204,0,0.003382604,0.000195503,0,0.037565982,0,0,0,0.001896602,0.002686853,0.000784622,0.022478851,0,0,0.000287965,0.001961837,0,0,0,0,0.005320956,0,0,0,0.000938935,0,0,0,0,0,0.00043435,0,0,0,0,0,0,0,0.00758483,0,0,0,0.009184465,0.001004544,0,0,0,0.000278941,0,0,0,0,0,0,0.000842471,0,0,0,0.020097643,0,0.00027689,0.000189013,0,0,0,0,0,0,0,0,0,0,0,0,0,0,0,0,0,0,0,0,0,0,0,0,0,0,0,0,0,0,0,0,0,0,0,0,0,0,0,0,0,0,0,0,0,0,0,0,0,0,0,0,0,0,0,0,0,0,0,0,0,0,0,0,0,0,0,0,0,0,0,0,0,0,0,0,0,0,0,0,0,0,0,0,0,0,0,0,0,0,0,0,0,0,0,0,0,0,0,0,0,0,0,0,0,0,0,0,0,0,0,0,0,0,0,0,0,0,0,0,0,0,0,0,0,0,0,0,0,0,0,0,0,0,0,0,0,0,0,0,0,0,0,0,0,0,0,0,0,0,0,0,0,0,0,0,0,0,0,0,0,0,0,0,0,0,0,0,0,0,0,0,0,0,0,0,0,0,0,0,0,0,0,0,0,0,0,0,0,0,0,0,0,0,0,0,0,0,0,0,0,0
SRR5384504,PRJNA377739,COPD_Stable,0.088916588,0.036758802,0,0,0,0,0.329445605,0.202128087,0,0.006056906,0.011843057,0.005380362,0.005000958,0,0,0.003127278,0.003187853,0.04313051,0.002443771,0.001240709,0,0,0.002233436,0.011548686,0,0.000211253,0,0,0.001791333,0.000573171,0,0,0.000148169,0,0,0.003299349,0,0,0.002818226,0.000346699,0,0,0,0,0,0,0.056961071,0.007937162,0.002013908,0,0.002979612,0,0,0,0,0.002654721,0,0,0,0,0,0,0,0.001402595,0,0.00055569,0,0.002967684,0,0.00036991,0,0,0,0,0,0,0,0,0,0,0,0,0,0,0,0,0,0,0,0,0,0,0,0,0,0,0,0,0,0,0,0,0,0,0,0,0,0,0,0,0,0,0,0,0,0,0,0,0,0,0,0,0,0,0,0,0,0,0,0,0,0,0,0,0,0,0,0,0,0,0,0,0,0,0,0,0,0,0,0,0,0,0,0,0,0,0,0,0,0,0,0,0,0,0,0,0,0,0,0,0,0,0,0,0,0,0,0,0,0,0,0,0,0,0,0,0,0,0,0,0,0,0,0,0,0,0,0,0,0,0,0,0,0,0,0,0,0,0,0,0,0,0,0,0,0,0,0,0,0,0,0,0,0,0,0,0,0,0,0,0,0,0,0,0,0,0,0,0,0,0,0,0,0,0,0,0,0,0,0,0,0,0,0,0,0,0,0,0,0,0,0,0,0,0,0,0,0,0,0,0,0
SRR5384505,PRJNA377739,COPD_Stable,0.041049017,0,0,0,0,0,0.035266681,0,0,0,0,0,0.000584574,0,0,0,0,0,0,0,0,0,0,0,0,0,0,0,0,0,0,0,0,0,0,0,0,0,0,0,0,0,0,0,0,0,0,0,0,0,0,0,0,0,0,0,0,0,0,0,0,0,0,0,0,0,0,0,0,0,0,0,0,0,0,0,0,0,0,0,0,0,0,0,0,0,0,0,0,0,0,0,0,0,0,0,0,0,0,0,0,0,0,0,0,0,0,0,0,0,0,0,0,0,0,0,0,0,0,0,0,0,0,0,0,0,0,0,0,0,0,0,0,0,0,0,0,0,0,0,0,0,0,0,0,0,0,0,0,0,0,0,0,0,0,0,0,0,0,0,0,0,0,0,0,0,0,0,0,0,0,0,0,0,0,0,0,0,0,0,0,0,0,0,0,0,0,0,0,0,0,0,0,0,0,0,0,0,0,0,0,0,0,0,0,0,0,0,0,0,0,0,0,0,0,0,0,0,0,0,0,0,0,0,0,0,0,0,0,0,0,0,0,0,0,0,0,0,0,0,0,0,0,0,0,0,0,0,0,0,0,0,0,0,0,0,0,0,0,0,0,0,0,0,0,0,0,0,0,0,0,0
SRR5384506,PRJNA377739,COPD_Stable,0.342544241,0.007074763,0.000447403,0,0,0,0.36698727,0.000523777,0,0.020962058,0,0,0,0,0,0,0,0.000258367,0,0,0,0,0.000535554,0,0,0,0,0,0.01136518,0,0,0,0,0,0.001060655,0.002876165,0,0,0,0,0,0,0,0,0,0,0,0,0,0,0,0,0,0,0,0,0,0,0,0.000249765,0,0,0,0,0,0,0,0,0,0,0,0,0,0,0,0,0,0,0,0,0,0,0,0,0,0,0,0,0,0,0,0,0,0,0,0,0,0,0,0,0,0,0,0,0,0,0,0,0,0,0,0,0,0,0,0,0,0,0,0,0,0,0,0,0,0,0,0,0,0,0,0,0,0,0,0,0,0,0,0,0,0,0,0,0,0,0,0,0,0,0,0,0,0,0,0,0,0,0,0,0,0,0,0,0,0,0,0,0,0,0,0,0,0,0,0,0,0,0,0,0,0,0,0,0,0,0,0,0,0,0,0,0,0,0,0,0,0,0,0,0,0,0,0,0,0,0,0,0,0,0,0,0,0,0,0,0,0,0,0,0,0,0,0,0,0,0,0,0,0,0,0,0,0,0,0,0,0,0,0,0,0,0,0,0,0,0,0,0,0,0,0,0,0,0,0,0,0,0,0,0,0,0,0,0,0,0,0,0,0,0,0
SRR5384507,PRJNA377739,COPD_Stable,0.430334373,0.001805471,0.000991822,0,0,0,0.20229009,0.141162277,0,0.002155944,0,0,0.00373018,0,0,0.00054069,0.001003999,0,0.000545514,0,0,0,0.003746343,0,0,0,0,0,0.000840809,0,0,0,0,0,0,0.000438904,0,0,0.001361765,0,0,0,0,0,0,0,0,0,0,0,0,0,0,0,0,0,0,0,0,0,0,0,0.000175686,0,0,0,0,0,0,0,0,0,0,0,0,0,0,0,0,0,0,0,0,0,0,0,0,0,0,0,0,0,0,0,0,0,0,0,0,0,0,0,0,0,0,0,0,0,0,0,0,0,0,0,0,0,0,0,0,0,0,0,0,0,0,0,0,0,0,0,0,0,0,0,0,0,0,0,0,0,0,0,0,0,0,0,0,0,0,0,0,0,0,0,0,0,0,0,0,0,0,0,0,0,0,0,0,0,0,0,0,0,0,0,0,0,0,0,0,0,0,0,0,0,0,0,0,0,0,0,0,0,0,0,0,0,0,0,0,0,0,0,0,0,0,0,0,0,0,0,0,0,0,0,0,0,0,0,0,0,0,0,0,0,0,0,0,0,0,0,0,0,0,0,0,0,0,0,0,0,0,0,0,0,0,0,0,0,0,0,0,0,0,0,0,0,0,0,0,0,0,0,0,0,0,0,0,0,0,0,0,0
SRR5384508,PRJNA377739,COPD_Stable,0.35334001,0.028087097,0,0,0,0,0.239006516,0.118542123,0,0.017997853,0.008409954,0,0,0,0,0.002384183,0,0,0,0.000404991,0,0,0.002581553,0,0,0,0,0,0.0024709,0.01104033,0,0,0,0,0,0,0,0,0.00132799,0,0,0,0,0,0,0.001374647,0.000919252,0,0.02221847,0,0.001121063,0,0,0,0,0.000447688,0,0,0,0,0,0,0,0,0,0,0,0,0,0.000171635,0,0,0,0,0,0,0,0,0,0,0,0,0,0,0,0,0,0,0,0,0,0,0,0,0,0,0,0,0,0,0,0,0,0,0,0,0,0,0,0,0,0,0,0,0,0,0,0,0,0,0,0,0,0,0,0,0,0,0,0,0,0,0,0,0,0,0,0,0,0,0,0,0,0,0,0,0,0,0,0,0,0,0,0,0,0,0,0,0,0,0,0,0,0,0,0,0,0,0,0,0,0,0,0,0,0,0,0,0,0,0,0,0,0,0,0,0,0,0,0,0,0,0,0,0,0,0,0,0,0,0,0,0,0,0,0,0,0,0,0,0,0,0,0,0,0,0,0,0,0,0,0,0,0,0,0,0,0,0,0,0,0,0,0,0,0,0,0,0,0,0,0,0,0,0,0,0,0,0,0,0,0,0,0,0,0,0,0,0,0,0,0,0,0,0,0,0,0,0,0,0,0
SRR5384509,PRJNA377739,COPD_Stable,0.130166851,0.006173051,0.000199301,0,0,0,0.552997259,0.033810982,0,0.012645621,0.007646161,0.010850884,0.014621196,0,0,0.002083277,0.002436434,0.001263807,0.00193767,0.018321494,0,0.000866707,0.009653673,0.007513779,0,0.002713266,0,0,0.000696672,0.001414423,0,0,0.000399539,0,0,0,0,0,0.000237113,0.000790269,0,0,0,0,0,0,0.006502113,0.009379131,0.00570582,0.002549059,0.000783424,0.000550676,0.004290927,0,0,0.000935637,0.000522888,0,0,0.009399595,0,0,0.000282149,0.000489888,0.00083242,0,0,0,0,0,0,0,0,0,0,0,0,0,0,0,0,0,0,0,0,0,0,0,0,0,0,0,0,0,0,0,0,0,0,0,0,0,0,0,0,0,0,0,0,0,0,0,0,0,0,0,0,0,0,0,0,0,0,0,0,0,0,0,0,0,0,0,0,0,0,0,0,0,0,0,0,0,0,0,0,0,0,0,0,0,0,0,0,0,0,0,0,0,0,0,0,0,0,0,0,0,0,0,0,0,0,0,0,0,0,0,0,0,0,0,0,0,0,0,0,0,0,0,0,0,0,0,0,0,0,0,0,0,0,0,0,0,0,0,0,0,0,0,0,0,0,0,0,0,0,0,0,0,0,0,0,0,0,0,0,0,0,0,0,0,0,0,0,0,0,0,0,0,0,0,0,0,0,0,0,0,0,0,0,0,0,0,0,0,0,0,0,0,0,0,0,0,0,0,0,0,0,0,0,0,0,0
SRR5384510,PRJNA377739,COPD_Stable,0.020477586,0,0,0,0,0,0.003926343,0.010332567,0,0.001460478,0.001532967,0,0,0,0,0,0,0,0,0,0,0,0,0,0,5.25E-05,0,0,0,0,0,0,0.000251795,0,0,0,0,0,0,0,0,0,0,0,0,0.000180426,0,0,0,0,0.000315739,0,0,0,0,0.000191883,0,0,0,0,0,0.000403995,0,0,0,0.000210584,0,0,0,0,0,0,0,0,0,0,0,0,0,0,0,0,0,0,0,0,0,0,0,0,0,0,0,0,0,0,0,0,0,0,0,0,0,0,0,0,0,0,0,0,0,0,0,0,0,0,0,0,0,0,0,0,0,0,0,0,0,0,0,0,0,0,0,0,0,0,0,0,0,0,0,0,0,0,0,0,0,0,0,0,0,0,0,0,0,0,0,0,0,0,0,0,0,0,0,0,0,0,0,0,0,0,0,0,0,0,0,0,0,0,0,0,0,0,0,0,0,0,0,0,0,0,0,0,0,0,0,0,0,0,0,0,0,0,0,0,0,0,0,0,0,0,0,0,0,0,0,0,0,0,0,0,0,0,0,0,0,0,0,0,0,0,0,0,0,0,0,0,0,0,0,0,0,0,0,0,0,0,0,0,0,0,0,0,0,0,0,0,0,0,0,0,0,0,0,0,0,0,0,0,0,0
SRR5384511,PRJNA377739,COPD_Stable,0.186333659,0.045436052,0.001438056,0,0,0,0.235876848,0.186892744,0,0.045374905,0.005018039,0.019954038,0.015082841,0,0,0.00386089,0.004179385,0.000166798,0.000970193,0,0,0,0.006228604,0.045404027,0,0.000506555,0,0,0.002905466,0,0,0,0,0,0,0,0,0,0.006533215,0,0,0,0,0,0,0,0.013013888,0,0,0,0.000502457,0,0,0,0,0.000366917,0,0,0,0,0.000466419,0.000144419,0.000267252,0,0,0,5.32E-05,0,0,0,0,0,0,0,0,0,0,0,0,0,0,0,0,0,0,0,0,0,0,0,0,0,0,0,0,0,0,0,0,0,0,0,0,0,0,0,0,0,0,0,0,0,0,0,0,0,0,0,0,0,0,0,0,0,0,0,0,0,0,0,0,0,0,0,0,0,0,0,0,0,0,0,0,0,0,0,0,0,0,0,0,0,0,0,0,0,0,0,0,0,0,0,0,0,0,0,0,0,0,0,0,0,0,0,0,0,0,0,0,0,0,0,0,0,0,0,0,0,0,0,0,0,0,0,0,0,0,0,0,0,0,0,0,0,0,0,0,0,0,0,0,0,0,0,0,0,0,0,0,0,0,0,0,0,0,0,0,0,0,0,0,0,0,0,0,0,0,0,0,0,0,0,0,0,0,0,0,0,0,0,0,0,0,0,0,0,0,0,0,0,0,0,0,0,0,0,0,0,0,0,0,0
SRR5384512,PRJNA377739,COPD_Stable,0.014197366,0,0,0,0,0,0.00095158,0.000669103,0.056893754,0.000495131,0,0,0,0,0,0,0,0,0,0,0,0,0,4.59E-05,0,0,0,0,0,0,0,0,0,0,0,0,0,0,0,5.71E-05,0,0,0,0,0,0,0,0,0,0,0,0,0,0,0,0,0,0,0,0,0,0,0,0,0,0,0,0,0,0,0,0,0,0,0,0,0,0,0,0,0,0,0,0,0,0,0,0,0,0,0,0,0,0,0,0,0,0,0,0,0,0,0,0,0,0,0,0,0,0,0,0,0,0,0,0,0,0,0,0,0,0,0,0,0,0,0,0,0,0,0,0,0,0,0,0,0,0,0,0,0,0,0,0,0,0,0,0,0,0,0,0,0,0,0,0,0,0,0,0,0,0,0,0,0,0,0,0,0,0,0,0,0,0,0,0,0,0,0,0,0,0,0,0,0,0,0,0,0,0,0,0,0,0,0,0,0,0,0,0,0,0,0,0,0,0,0,0,0,0,0,0,0,0,0,0,0,0,0,0,0,0,0,0,0,0,0,0,0,0,0,0,0,0,0,0,0,0,0,0,0,0,0,0,0,0,0,0,0,0,0,0,0,0,0,0,0,0,0,0,0,0,0,0,0,0,0,0,0,0,0,0
SRR5384513,PRJNA377739,COPD_Stable,0.069682226,0.007429603,0.000597286,0,0,0,0.117287979,0.12988235,0,0.003102365,0,0,0.010963605,0,0,0,0.000145756,0,0,0,0,0,7.60E-05,0,0,0,0,0,0,0,0,0,0.000335502,0,0,0,0,0,0,0,0,0,0,0,0,0,0,0,0,0,0.004433595,0,0,0,0,0,0,0,0,0,0,0,0,0,0,6.85E-05,0,0,0,0,0,0,0,0,0,0,0,0,0,0,0,0,0,0,0,0,0,0,0,0,0,0,0,0,0,0,0,0,0,0,0,0,0,0,0,0,0,0,0,0,0,0,0,0,0,0,0,0,0,0,0,0,0,0,0,0,0,0,0,0,0,0,0,0,0,0,0,0,0,0,0,0,0,0,0,0,0,0,0,0,0,0,0,0,0,0,0,0,0,0,0,0,0,0,0,0,0,0,0,0,0,0,0,0,0,0,0,0,0,0,0,0,0,0,0,0,0,0,0,0,0,0,0,0,0,0,0,0,0,0,0,0,0,0,0,0,0,0,0,0,0,0,0,0,0,0,0,0,0,0,0,0,0,0,0,0,0,0,0,0,0,0,0,0,0,0,0,0,0,0,0,0,0,0,0,0,0,0,0,0,0,0,0,0,0,0,0,0,0,0,0,0,0,0,0,0,0,0,0,0,0,0
SRR5384514,PRJNA377739,COPD_Stable,0.887176882,0.00079836,0,0,0,0,0.041245955,0.043284672,0,0.005543489,0,0,0.001857557,0,0,0,0,0,0,0,0,0,0,4.07E-05,0,0,0,0,0,0,0,0,0.000363343,0,0,0,0,0,0,0,0,0,0,0,0,0,0,0,0,0,0,0,0,0,0,0,0,0,0,0,0,0,0,0,0.000232813,0,0,0,0,0,0,0,0,0,0,0,0,0,0,0,0,0,0,0,0,0,0,0,0,0,0,0,0,0,0,0,0,0,0,0,0,0,0,0,0,0,0,0,0,0,0,0,0,0,0,0,0,0,0,0,0,0,0,0,0,0,0,0,0,0,0,0,0,0,0,0,0,0,0,0,0,0,0,0,0,0,0,0,0,0,0,0,0,0,0,0,0,0,0,0,0,0,0,0,0,0,0,0,0,0,0,0,0,0,0,0,0,0,0,0,0,0,0,0,0,0,0,0,0,0,0,0,0,0,0,0,0,0,0,0,0,0,0,0,0,0,0,0,0,0,0,0,0,0,0,0,0,0,0,0,0,0,0,0,0,0,0,0,0,0,0,0,0,0,0,0,0,0,0,0,0,0,0,0,0,0,0,0,0,0,0,0,0,0,0,0,0,0,0,0,0,0,0,0,0,0,0,0,0,0,0,0
SRR5384515,PRJNA377739,COPD_Stable,0.967802905,0,0,0,0,0,0.016279272,0.000206712,0,0.002465885,0,0,0.000100681,0,0,0,0,0,0,0,0,0,0,0,0,0,0,0,0,0,0,0,0,0,0,0,0,0,0,0,0,0,0,0,0,0,0,0,0,0,0,0,0,0,0,0,0,0,0,0,0,0,0,0,0,0,0,0,0,0,0,0,0,0,0,0,0,0,0,0,0,0,0,0,0,0,0,0,0,0,0,0,0,0,0,0,0,0,0,0,0,0,0,0,0,0,0,0,0,0,0,0,0,0,0,0,0,0,0,0,0,0,0,0,0,0,0,0,0,0,0,0,0,0,0,0,0,0,0,0,0,0,0,0,0,0,0,0,0,0,0,0,0,0,0,0,0,0,0,0,0,0,0,0,0,0,0,0,0,0,0,0,0,0,0,0,0,0,0,0,0,0,0,0,0,0,0,0,0,0,0,0,0,0,0,0,0,0,0,0,0,0,0,0,0,0,0,0,0,0,0,0,0,0,0,0,0,0,0,0,0,0,0,0,0,0,0,0,0,0,0,0,0,0,0,0,0,0,0,0,0,0,0,0,0,0,0,0,0,0,0,0,0,0,0,0,0,0,0,0,0,0,0,0,0,0,0,0,0,0,0,0
SRR5384516,PRJNA377739,COPD_Stable,0.111392724,0.00683856,0,0,0,0,0.598100294,0.030461163,0,0.012000994,0,0,0,0,0,0.002000993,0,0,0,0,0,0,0,0,0,0,0,0,0,0,0,0,0.048488182,0,0,0,0,0,0,0,0,0,0,0,0,0,0,0,0,0,0,0,0,0,0,0,0,0,0,0,0,0.000112313,0,0,0,0,0,0,0,0,0,0,0,0,0,0,0,0,0,0,0,0,0,0,0,0,0,0,0,0,0,0,0,0,0,0,0,0,0,0,0,0,0,0,0,0,0,0,0,0,0,0,0,0,0,0,0,0,0,0,0,0,0,0,0,0,0,0,0,0,0,0,0,0,0,0,0,0,0,0,0,0,0,0,0,0,0,0,0,0,0,0,0,0,0,0,0,0,0,0,0,0,0,0,0,0,0,0,0,0,0,0,0,0,0,0,0,0,0,0,0,0,0,0,0,0,0,0,0,0,0,0,0,0,0,0,0,0,0,0,0,0,0,0,0,0,0,0,0,0,0,0,0,0,0,0,0,0,0,0,0,0,0,0,0,0,0,0,0,0,0,0,0,0,0,0,0,0,0,0,0,0,0,0,0,0,0,0,0,0,0,0,0,0,0,0,0,0,0,0,0,0,0,0,0,0,0,0,0,0,0,0
SRR5384517,PRJNA377739,COPD_Stable,0.182013899,0.025445834,0.000743808,0,0,0,0.221305104,0.016631495,0,0.027859065,0.025146119,0.002924362,0.009904411,0,0,0.00106281,0.000923694,0.012951366,0.002771561,0.057431135,0,0.000252305,0.052043725,0.02840841,0,0.021480209,0,0,0.001587405,0.00102569,0,0,0,0,0,0,0,0,0.000714926,0.000965598,0,0,0,0,0,0,0.005783949,0.016071522,0.009336247,0,0.000583214,0.000167515,0.005549592,0,0,0.000780772,0,0,0,0,0.001392283,0,0.001099592,0.000695299,0,0,0,0.00205246,0,0.0003427,0,0,0,0,0,0,0,0,0,0,0,0,0,0,0,0,0,0,0,0,0,0,0,0,0,0,0,0,0,0,0,0,0,0,0,0,0,0,0,0,0,0,0,0,0,0,0,0,0,0,0,0,0,0,0,0,0,0,0,0,0,0,0,0,0,0,0,0,0,0,0,0,0,0,0,0,0,0,0,0,0,0,0,0,0,0,0,0,0,0,0,0,0,0,0,0,0,0,0,0,0,0,0,0,0,0,0,0,0,0,0,0,0,0,0,0,0,0,0,0,0,0,0,0,0,0,0,0,0,0,0,0,0,0,0,0,0,0,0,0,0,0,0,0,0,0,0,0,0,0,0,0,0,0,0,0,0,0,0,0,0,0,0,0,0,0,0,0,0,0,0,0,0,0,0,0,0,0,0,0,0,0,0,0,0,0,0,0,0,0,0,0,0,0,0,0,0,0,0,0,0,0
SRR5384518,PRJNA377739,COPD_Stable,0.230627964,0.055087467,0.03771305,0,0,0,0.286718529,0.177543103,0,0,0.000220538,0,0.001392359,0,0,0.00258353,0.003464886,0,0.000327242,0,0,0,0.00211006,0.005559189,0,0,0,0,0.000890771,0,0,0,0,0,0,0.002964585,0,0,0.004731255,0,0,0,0,0,0,0,0.011447195,0,0,0,0,0.000109802,0,0,0,0.000122279,0,0,0,0,0,0,0,0,0,0,0,0,0,0,0,0,0,0,0,0,0,0,0,0,0,0,0,0,0,0,0,0,0,0,0,0,0,0,0,0,0,0,0,0,0,0,0,0,0,0,0,0,0,0,0,0,0,0,0,0,0,0,0,0,0,0,0,0,0,0,0,0,0,0,0,0,0,0,0,0,0,0,0,0,0,0,0,0,0,0,0,0,0,0,0,0,0,0,0,0,0,0,0,0,0,0,0,0,0,0,0,0,0,0,0,0,0,0,0,0,0,0,0,0,0,0,0,0,0,0,0,0,0,0,0,0,0,0,0,0,0,0,0,0,0,0,0,0,0,0,0,0,0,0,0,0,0,0,0,0,0,0,0,0,0,0,0,0,0,0,0,0,0,0,0,0,0,0,0,0,0,0,0,0,0,0,0,0,0,0,0,0,0,0,0,0,0,0,0,0,0,0,0,0,0,0,0,0,0,0,0,0,0,0,0,0
SRR5384519,PRJNA377739,COPD_Stable,0.153177479,0.039652022,0.001915516,0,0,0,0.415640078,0.009728004,0,0.003275167,0,0,0.003103562,0,0,0.000398537,0.002700638,0,0,0.018657594,0,0,0.001727153,0,0,0.001321381,0,0,0.006359713,0.000641244,0,0,0.000205611,0,0,0.001949369,0,0,0,0,0,0,0,0,0,0,0.025974974,0,0,0,0,0,0,0,0,0,0,0,0,0,0,0,0,0,0,0,0,0,0,0,0,0,0,0,0,0,0,0,0,0,0,0,0,0,0,0,0,0,0,0,0,0,0,0,0,0,0,0,0,0,0,0,0,0,0,0,0,0,0,0,0,0,0,0,0,0,0,0,0,0,0,0,0,0,0,0,0,0,0,0,0,0,0,0,0,0,0,0,0,0,0,0,0,0,0,0,0,0,0,0,0,0,0,0,0,0,0,0,0,0,0,0,0,0,0,0,0,0,0,0,0,0,0,0,0,0,0,0,0,0,0,0,0,0,0,0,0,0,0,0,0,0,0,0,0,0,0,0,0,0,0,0,0,0,0,0,0,0,0,0,0,0,0,0,0,0,0,0,0,0,0,0,0,0,0,0,0,0,0,0,0,0,0,0,0,0,0,0,0,0,0,0,0,0,0,0,0,0,0,0,0,0,0,0,0,0,0,0,0,0,0,0,0,0,0,0,0,0,0,0,0,0
SRR5384520,PRJNA377739,COPD_Stable,0.535416223,0.008422603,0,0,0,0,0.212560478,0.066241485,0,0.009497164,0,0,0,0,0,0.000188702,0,0,0,0,0,0,0.001490344,0,0,0.000155827,0,0,0.000840509,0,0,0,0.00048987,0,0,0,0,0,0,0,0,0,0,0,0,0,0,0,0.000621538,0.001297997,0,0,0,0.000100999,0,0,0,0.001360265,0,0,0,0,0,0,0.000841073,0,0,0,0,0,0,0,0,0,0,0,0,0,0,0,0,0,0,0,0,0,0,0,0,0,0,0,0,0,0,0,0,0,0,0,0,0,0,0,0,0,0,0,0,0,0,0,0,0,0,0,0,0,0,0,0,0,0,0,0,0,0,0,0,0,0,0,0,0,0,0,0,0,0,0,0,0,0,0,0,0,0,0,0,0,0,0,0,0,0,0,0,0,0,0,0,0,0,0,0,0,0,0,0,0,0,0,0,0,0,0,0,0,0,0,0,0,0,0,0,0,0,0,0,0,0,0,0,0,0,0,0,0,0,0,0,0,0,0,0,0,0,0,0,0,0,0,0,0,0,0,0,0,0,0,0,0,0,0,0,0,0,0,0,0,0,0,0,0,0,0,0,0,0,0,0,0,0,0,0,0,0,0,0,0,0,0,0,0,0,0,0,0,0,0,0,0,0,0,0,0,0,0,0,0,0,0
SRR5384521,PRJNA377739,COPD_Stable,0.076740076,0.011456632,0.364664225,0,0,0,0.188944322,0.054315621,0,0.002849079,0.015434142,0.002123311,0.004717075,0,0,0.00107486,0.002102628,0.015012477,0.000743938,0.000716656,0,0.000256164,0.007541027,0.027182609,0,0.00180228,0,0,0,0.000840204,0,0,0.000275951,0,0,0,0,0,0.001802477,0,0,0,0,0,0,0,0.004698539,0.008437509,0.010171034,0,0,0,0.001975476,0,0,0.00109613,0,0,0,0,0.004514127,0,0.000236043,0.001023957,0,0.000131115,0,0.000155867,0,0.000366087,0,0,0,0,0,0,0,0,0,0,0,0,0,0,0,0,0,0,0,0,0,0,0,0,0,0,0,0,0,0,0,0,0,0,0,0,0,0,0,0,0,0,0,0,0,0,0,0,0,0,0,0,0,0,0,0,0,0,0,0,0,0,0,0,0,0,0,0,0,0,0,0,0,0,0,0,0,0,0,0,0,0,0,0,0,0,0,0,0,0,0,0,0,0,0,0,0,0,0,0,0,0,0,0,0,0,0,0,0,0,0,0,0,0,0,0,0,0,0,0,0,0,0,0,0,0,0,0,0,0,0,0,0,0,0,0,0,0,0,0,0,0,0,0,0,0,0,0,0,0,0,0,0,0,0,0,0,0,0,0,0,0,0,0,0,0,0,0,0,0,0,0,0,0,0,0,0,0,0,0,0,0,0,0,0,0,0,0,0,0,0,0,0,0,0,0,0,0,0,0,0,0
SRR5384522,PRJNA377739,COPD_Stable,0.25572067,0.012791124,0.029656812,0,0,0,0.240377055,0.039543847,0,0.055970569,0.006522837,0,0.007169353,0,0,0.000203208,0,0.002658598,0,0.02893118,0,0,0.014837237,0.002876133,0,0.005732286,0,0,0,0,0,0,0,0,0.002639061,0,0,0,0.000936946,0,0,0,0,0,0,0.001314568,0.000891479,0,0.007974035,0,0.001538282,0.022092927,0.001404994,0.004259829,0,0,0,0,0,0,0,0,0.000718401,0,0,0,0,0,0,0,0,0,0,0,0,0,0,0,0,0,0,0,0,0,0,0,0,0,0,0,0,0,0,0,0,0,0,0,0,0,0,0,0,0,0,0,0,0,0,0,0,0,0,0,0,0,0,0,0,0,0,0,0,0,0,0,0,0,0,0,0,0,0,0,0,0,0,0,0,0,0,0,0,0,0,0,0,0,0,0,0,0,0,0,0,0,0,0,0,0,0,0,0,0,0,0,0,0,0,0,0,0,0,0,0,0,0,0,0,0,0,0,0,0,0,0,0,0,0,0,0,0,0,0,0,0,0,0,0,0,0,0,0,0,0,0,0,0,0,0,0,0,0,0,0,0,0,0,0,0,0,0,0,0,0,0,0,0,0,0,0,0,0,0,0,0,0,0,0,0,0,0,0,0,0,0,0,0,0,0,0,0,0,0,0,0,0,0,0,0,0,0,0,0,0,0,0,0,0,0,0,0
SRR5384523,PRJNA377739,COPD_Stable,0.035524883,0.001303339,0.42534692,0,0,0,0.01699739,0.005494244,0,0.004405419,0.005942179,0.001058822,0.004235981,0,0,0.000178028,0.000149183,0,0.000163017,0.001292754,0,0.000151132,0.007852558,0.000255626,0,0.001880522,0,0,0.001147449,0,0,0,0,0,0,0,0,0,0.000333536,0,0,0,0,0,0,0,9.42E-05,0,0,0,0,0,0,0,0,0,0,0,0,0,0,0,0.000577208,0,0,0,0,0,0,0,0,0,0,0,0,0,0,0,0,0,0,0,0,0,0,0,0,0,0,0,0,0,0,0,0,0,0,0,0,0,0,0,0,0,0,0,0,0,0,0,0,0,0,0,0,0,0,0,0,0,0,0,0,0,0,0,0,0,0,0,0,0,0,0,0,0,0,0,0,0,0,0,0,0,0,0,0,0,0,0,0,0,0,0,0,0,0,0,0,0,0,0,0,0,0,0,0,0,0,0,0,0,0,0,0,0,0,0,0,0,0,0,0,0,0,0,0,0,0,0,0,0,0,0,0,0,0,0,0,0,0,0,0,0,0,0,0,0,0,0,0,0,0,0,0,0,0,0,0,0,0,0,0,0,0,0,0,0,0,0,0,0,0,0,0,0,0,0,0,0,0,0,0,0,0,0,0,0,0,0,0,0,0,0,0,0,0,0,0,0,0,0,0,0,0,0,0,0,0,0,0,0
SRR5384524,PRJNA377739,COPD_Stable,0.487908994,0.002960241,0.000176779,0,0,0,0.105107148,0.117816246,0,0.019641372,0.000604633,0,0.005282286,0,0,0.001070365,0.001797648,0,0,0.001760717,0,0.000170723,0.014778514,0,0,0.000898225,0,0,0.003665701,0.000383729,0,0,0,0,0.001460157,0.004876917,0,0,0,0,0,0,0,0,0,0,0.006321365,0,0.000839168,0,0,0,0,0,0,0,0,0,0,0,0,0,0,0,0,0,3.73E-05,0,0,0,0,0,0,0,0,0,0,0,0,0,0,0,0,0,0,0,0,0,0,0,0,0,0,0,0,0,0,0,0,0,0,0,0,0,0,0,0,0,0,0,0,0,0,0,0,0,0,0,0,0,0,0,0,0,0,0,0,0,0,0,0,0,0,0,0,0,0,0,0,0,0,0,0,0,0,0,0,0,0,0,0,0,0,0,0,0,0,0,0,0,0,0,0,0,0,0,0,0,0,0,0,0,0,0,0,0,0,0,0,0,0,0,0,0,0,0,0,0,0,0,0,0,0,0,0,0,0,0,0,0,0,0,0,0,0,0,0,0,0,0,0,0,0,0,0,0,0,0,0,0,0,0,0,0,0,0,0,0,0,0,0,0,0,0,0,0,0,0,0,0,0,0,0,0,0,0,0,0,0,0,0,0,0,0,0,0,0,0,0,0,0,0,0,0,0,0,0,0,0,0,0,0
SRR5384525,PRJNA377739,COPD_Stable,0.021970622,0.000701082,0,0,0,0,0.012373039,0.009845058,0,0.001302686,0,0.00045704,0.001012138,0,0,0,0,0,0,0,0,0,0.002084475,0.002751154,0,0.0003175,0,0,0,0,0,0,0,0,0,0,0,0,0,0,0,0,0,0,0,0,0.001125828,0.00016869,0,0,0,0,0,0,0,0,0,0,0,0,0,9.50E-05,0,0,0,0,0,0,0,0,0,0,0,0,0,0,0,0,0,0,0,0,0,0,0,0,0,0,0,0,0,0,0,0,0,0,0,0,0,0,0,0,0,0,0,0,0,0,0,0,0,0,0,0,0,0,0,0,0,0,0,0,0,0,0,0,0,0,0,0,0,0,0,0,0,0,0,0,0,0,0,0,0,0,0,0,0,0,0,0,0,0,0,0,0,0,0,0,0,0,0,0,0,0,0,0,0,0,0,0,0,0,0,0,0,0,0,0,0,0,0,0,0,0,0,0,0,0,0,0,0,0,0,0,0,0,0,0,0,0,0,0,0,0,0,0,0,0,0,0,0,0,0,0,0,0,0,0,0,0,0,0,0,0,0,0,0,0,0,0,0,0,0,0,0,0,0,0,0,0,0,0,0,0,0,0,0,0,0,0,0,0,0,0,0,0,0,0,0,0,0,0,0,0,0,0,0,0,0,0,0,0
SRR5384526,PRJNA377739,COPD_Stable,0.515204379,0.002343396,0,0,0,0,0.303535601,0.068753018,0,0.012930139,0,0,0.011369278,0,0,0.000619328,0,0.001034296,0.000819993,0.009766447,0,0.002566221,0,0.024561928,0,0.006991752,0,0,0,0,0,0,0,0,0,0,0,0,0.000544185,0,0,0,0,0,0,0,0,0,0,0,0,0,0,0,0,0,0,0,0,0,0.00011242,0,0.002564742,0,0,0,0,0,0,0,0,0,0,0,0,0,0,0,0,0,0,0,0,0,0,0,0,0,0,0,0,0,0,0,0,0,0,0,0,0,0,0,0,0,0,0,0,0,0,0,0,0,0,0,0,0,0,0,0,0,0,0,0,0,0,0,0,0,0,0,0,0,0,0,0,0,0,0,0,0,0,0,0,0,0,0,0,0,0,0,0,0,0,0,0,0,0,0,0,0,0,0,0,0,0,0,0,0,0,0,0,0,0,0,0,0,0,0,0,0,0,0,0,0,0,0,0,0,0,0,0,0,0,0,0,0,0,0,0,0,0,0,0,0,0,0,0,0,0,0,0,0,0,0,0,0,0,0,0,0,0,0,0,0,0,0,0,0,0,0,0,0,0,0,0,0,0,0,0,0,0,0,0,0,0,0,0,0,0,0,0,0,0,0,0,0,0,0,0,0,0,0,0,0,0,0,0,0,0,0,0,0
SRR5384527,PRJNA377739,COPD_Stable,0.273527662,0.017028943,0.000586647,0,0,0,0.307780827,0.024773372,0,0.070500944,0.004582685,0.006210719,0.014325678,0,0,0,0.001849339,0.001551435,0.003169232,0.008317519,0,0,0.031691794,0.012688056,0,0.00275148,0,0,0.001468468,0.002245944,0,0,0,0,0,0,0,0,0.000329909,0,0,0,0,0,0,0.000537215,0,0.006422903,0.00495545,0,0.00551556,0,0.000363624,0,0,0.000145173,0,0,0,0,0,0,0.000249413,0,0,0,0,0,0,0.000328463,0,0,0,0,0,0,0,0,0,0,0,0,0,0,0,0,0,0,0,0,0,0,0,0,0,0,0,0,0,0,0,0,0,0,0,0,0,0,0,0,0,0,0,0,0,0,0,0,0,0,0,0,0,0,0,0,0,0,0,0,0,0,0,0,0,0,0,0,0,0,0,0,0,0,0,0,0,0,0,0,0,0,0,0,0,0,0,0,0,0,0,0,0,0,0,0,0,0,0,0,0,0,0,0,0,0,0,0,0,0,0,0,0,0,0,0,0,0,0,0,0,0,0,0,0,0,0,0,0,0,0,0,0,0,0,0,0,0,0,0,0,0,0,0,0,0,0,0,0,0,0,0,0,0,0,0,0,0,0,0,0,0,0,0,0,0,0,0,0,0,0,0,0,0,0,0,0,0,0,0,0,0,0,0,0,0,0,0,0,0,0,0,0,0,0,0,0,0,0,0,0,0
SRR5384528,PRJNA377739,COPD_Stable,0.695961299,0.009237959,0,0,0,0,0.143614586,0.004736851,0,0.032188168,0.003815646,0,0.002074247,0,0,0.000163729,0.000188919,0,0.000449841,0,0,0,0.00759768,0.005823492,0,0.000404908,0,0,0.000634513,0.000859891,0,0,0,0,0,0,0,0,0,0,0,0,0,0,0,0,0.001030202,0,0.002610588,0,0,0,0,0,0,0.000200746,0,0,0,0,0,0,0,0,0.000209593,0,0,0,0,0,0,0,0,0,0,0,0,0,0,0,0,0,0,0,0,0,0,0,0,0,0,0,0,0,0,0,0,0,0,0,0,0,0,0,0,0,0,0,0,0,0,0,0,0,0,0,0,0,0,0,0,0,0,0,0,0,0,0,0,0,0,0,0,0,0,0,0,0,0,0,0,0,0,0,0,0,0,0,0,0,0,0,0,0,0,0,0,0,0,0,0,0,0,0,0,0,0,0,0,0,0,0,0,0,0,0,0,0,0,0,0,0,0,0,0,0,0,0,0,0,0,0,0,0,0,0,0,0,0,0,0,0,0,0,0,0,0,0,0,0,0,0,0,0,0,0,0,0,0,0,0,0,0,0,0,0,0,0,0,0,0,0,0,0,0,0,0,0,0,0,0,0,0,0,0,0,0,0,0,0,0,0,0,0,0,0,0,0,0,0,0,0,0,0,0,0,0,0,0,0,0,0
SRR5384529,PRJNA377739,COPD_Stable,0.184460126,0.012318966,0.058894268,0,0,0,0.194618876,0.067065347,0.005083123,0.01835147,0.036590971,0.006731112,0.005894735,0,0,0.002704306,0.001284992,0.022214722,0,0.003903307,0,0,0.005732793,0.015424042,0,0.00010006,0,0,0.009113594,0.001317739,0,0,0,0,0,0,0,0,0.001566165,0,0,0,0,0,0,7.67E-05,0.008750788,0.013623109,0.005497618,0,0.003045659,0.002802208,0.006666296,0.002966864,0,0.001163627,0,0,0,0,0.00167509,0,0,0,0,0,0,0.000398193,0,0.000933541,0.001264324,0,0,0,0,0,0,0,0,0,0,0,0,0,0,0,0,0,0,0,0,0,0,0,0,0,0,0,0,0,0,0,0,0,0,0,0,0,0,0,0,0,0,0,0,0,0,0,0,0,0,0,0,0,0,0,0,0,0,0,0,0,0,0,0,0,0,0,0,0,0,0,0,0,0,0,0,0,0,0,0,0,0,0,0,0,0,0,0,0,0,0,0,0,0,0,0,0,0,0,0,0,0,0,0,0,0,0,0,0,0,0,0,0,0,0,0,0,0,0,0,0,0,0,0,0,0,0,0,0,0,0,0,0,0,0,0,0,0,0,0,0,0,0,0,0,0,0,0,0,0,0,0,0,0,0,0,0,0,0,0,0,0,0,0,0,0,0,0,0,0,0,0,0,0,0,0,0,0,0,0,0,0,0,0,0,0,0,0,0,0,0,0,0,0,0,0,0,0,0,0,0
SRR5384530,PRJNA377739,COPD_Stable,0.224888732,0.003128136,0,0,0,0,0.491573605,0,0,0.018082622,0.007639086,0.003262838,0.010279598,0,0,0.001269996,0.010452852,0,0.00712904,0,0,0.000593067,0.049227605,0,0,0.001891434,0,0,0,0.000171378,0,0,0,0,0,0,0,0,0.002948855,0,0,0,0,0,0,0,0,0,0,0,0,0,0,0,0,0,0,0,0,0.000147315,0,0,0.001841146,0,0,0,0,0,0,0,0,0,0,0,0,0,0,0,0,0,0,0,0,0,0,0,0,0,0,0,0,0,0,0,0,0,0,0,0,0,0,0,0,0,0,0,0,0,0,0,0,0,0,0,0,0,0,0,0,0,0,0,0,0,0,0,0,0,0,0,0,0,0,0,0,0,0,0,0,0,0,0,0,0,0,0,0,0,0,0,0,0,0,0,0,0,0,0,0,0,0,0,0,0,0,0,0,0,0,0,0,0,0,0,0,0,0,0,0,0,0,0,0,0,0,0,0,0,0,0,0,0,0,0,0,0,0,0,0,0,0,0,0,0,0,0,0,0,0,0,0,0,0,0,0,0,0,0,0,0,0,0,0,0,0,0,0,0,0,0,0,0,0,0,0,0,0,0,0,0,0,0,0,0,0,0,0,0,0,0,0,0,0,0,0,0,0,0,0,0,0,0,0,0,0,0,0,0,0,0,0,0
SRR5384531,PRJNA377739,COPD_Stable,0.075358211,0.000183025,0,0,0,0,0.005041273,0.003984155,0,0.001758838,0.000233603,0,0.003351558,0,0,0,0,0,0,0,0,0,0,0,0,0,0,0,0,0,0,0,0.000176683,0,0,0,0,0,0,0,0,0,0,0,0,0,0,0,0,0,5.89E-05,0.000137844,0,0,0,0,0,0,0,0,0,0,0,0,0,0,0,0,0,0.000103238,0,0,0,0,0,0,0,0,0,0,0,0,0,0,0,0,0,0,0,0,0,0,0,0,0,0,0,0,0,0,0,0,0,0,0,0,0,0,0,0,0,0,0,0,0,0,0,0,0,0,0,0,0,0,0,0,0,0,0,0,0,0,0,0,0,0,0,0,0,0,0,0,0,0,0,0,0,0,0,0,0,0,0,0,0,0,0,0,0,0,0,0,0,0,0,0,0,0,0,0,0,0,0,0,0,0,0,0,0,0,0,0,0,0,0,0,0,0,0,0,0,0,0,0,0,0,0,0,0,0,0,0,0,0,0,0,0,0,0,0,0,0,0,0,0,0,0,0,0,0,0,0,0,0,0,0,0,0,0,0,0,0,0,0,0,0,0,0,0,0,0,0,0,0,0,0,0,0,0,0,0,0,0,0,0,0,0,0,0,0,0,0,0,0,0,0,0,0,0,0,0,0
SRR5384532,PRJNA377739,COPD_Stable,0.121949833,0.091746314,0,0,0,0,0.314349694,0.002417988,0,0.020412318,0.012327986,0,0.007003059,0,0,0.004123996,0.006699978,0,0.005206015,0,0,0.000346843,0.01222914,0.12902647,0,0.004473713,0,0,0,0.000554307,0,0,9.79E-05,0,0,0,0,0,0.00260767,0,0,0,0,0,0,0,0.000474909,0.001045924,0.002000997,0,0,0,0,0,0,0.000357347,0,0,0,0,0,0,0,0,0,0,0,0.002017766,0,0.000224794,0,0,0,0,0,0,0,0,0,0,0,0,0,0,0,0,0,0,0,0,0,0,0,0,0,0,0,0,0,0,0,0,0,0,0,0,0,0,0,0,0,0,0,0,0,0,0,0,0,0,0,0,0,0,0,0,0,0,0,0,0,0,0,0,0,0,0,0,0,0,0,0,0,0,0,0,0,0,0,0,0,0,0,0,0,0,0,0,0,0,0,0,0,0,0,0,0,0,0,0,0,0,0,0,0,0,0,0,0,0,0,0,0,0,0,0,0,0,0,0,0,0,0,0,0,0,0,0,0,0,0,0,0,0,0,0,0,0,0,0,0,0,0,0,0,0,0,0,0,0,0,0,0,0,0,0,0,0,0,0,0,0,0,0,0,0,0,0,0,0,0,0,0,0,0,0,0,0,0,0,0,0,0,0,0,0,0,0,0,0,0,0,0,0,0,0,0,0,0,0,0,0
SRR5384533,PRJNA377739,COPD_Stable,0.0494187,0,0,0,0,0,0.048118602,0.000481706,0,0,0,0,0.000794778,0,0,0,0,0,0,0,0,0,0,0,0,0,0,0,0,0,0,0,0,0,0,0,0,0,0,0,0,0,0,0,0,0,0,0,0,0,0,0,0,0,0,0,0,0,0,0,0,0,0,0,0,0,0,0,0,0,0,0,0,0,0,0,0,0,0,0,0,0,0,0,0,0,0,0,0,0,0,0,0,0,0,0,0,0,0,0,0,0,0,0,0,0,0,0,0,0,0,0,0,0,0,0,0,0,0,0,0,0,0,0,0,0,0,0,0,0,0,0,0,0,0,0,0,0,0,0,0,0,0,0,0,0,0,0,0,0,0,0,0,0,0,0,0,0,0,0,0,0,0,0,0,0,0,0,0,0,0,0,0,0,0,0,0,0,0,0,0,0,0,0,0,0,0,0,0,0,0,0,0,0,0,0,0,0,0,0,0,0,0,0,0,0,0,0,0,0,0,0,0,0,0,0,0,0,0,0,0,0,0,0,0,0,0,0,0,0,0,0,0,0,0,0,0,0,0,0,0,0,0,0,0,0,0,0,0,0,0,0,0,0,0,0,0,0,0,0,0,0,0,0,0,0,0,0,0,0,0,0
SRR5384534,PRJNA377739,COPD_Stable,0.768456589,0.003954359,0.000141719,0,0,0,0.08886258,0.025722664,0,0.000524789,0.001174022,0.001995681,0.006355785,0,0,0.001537143,0.002262678,0.001292438,0,0.001914406,0,0.000328777,0.014701067,0.001895391,0,0.000560841,0.000788053,0,0.002144179,0.000298269,0,0,0,0,0,0.000226934,0,0,0.001711974,0,0,0,0,0,0,6.53E-05,0.002738035,0,0.000295172,0,0.000130486,0,0,0,0,0,0,0,0,0,0,0,0.0004112,0,0,0,0,0,0,0.000148166,0,0,0,0,0,0,0,0,0,0,0,0,0,0,0,0,0,0,0,0,0,0,0,0,0,0,0,0,0,0,0,0,0,0,0,0,0,0,0,0,0,0,0,0,0,0,0,0,0,0,0,0,0,0,0,0,0,0,0,0,0,0,0,0,0,0,0,0,0,0,0,0,0,0,0,0,0,0,0,0,0,0,0,0,0,0,0,0,0,0,0,0,0,0,0,0,0,0,0,0,0,0,0,0,0,0,0,0,0,0,0,0,0,0,0,0,0,0,0,0,0,0,0,0,0,0,0,0,0,0,0,0,0,0,0,0,0,0,0,0,0,0,0,0,0,0,0,0,0,0,0,0,0,0,0,0,0,0,0,0,0,0,0,0,0,0,0,0,0,0,0,0,0,0,0,0,0,0,0,0,0,0,0,0,0,0,0,0,0,0,0,0,0,0,0,0,0,0,0,0,0,0
SRR5384535,PRJNA377739,COPD_Stable,0.277396968,0.014584107,0.000957496,0,0,0,0.133587576,0.039832643,0,0.048643773,0.019173217,0.046430692,0.03912126,0,0,0,0.001008488,0.002147132,0.002420367,0.04875142,0,0.00221142,0.042290844,0.018897757,0,0.025377999,0,0,0.000792144,0.002698473,0,0,0,0,0,0,0,0,0.001082962,0,0,0,0,0,0,0,0.00187193,0.004807542,0.0116914,0,0.001021901,0.001560256,0.00282714,0,0.001230685,0.001328996,0,0,0,0,0,0,0.000714863,0.000947295,0,0,0,0.000269692,0,0.000452899,0,0,0,0,0,0,0,0,0,0,0,0,0,0,0,0,0,0,0,0,0,0,0,0,0,0,0,0,0,0,0,0,0,0,0,0,0,0,0,0,0,0,0,0,0,0,0,0,0,0,0,0,0,0,0,0,0,0,0,0,0,0,0,0,0,0,0,0,0,0,0,0,0,0,0,0,0,0,0,0,0,0,0,0,0,0,0,0,0,0,0,0,0,0,0,0,0,0,0,0,0,0,0,0,0,0,0,0,0,0,0,0,0,0,0,0,0,0,0,0,0,0,0,0,0,0,0,0,0,0,0,0,0,0,0,0,0,0,0,0,0,0,0,0,0,0,0,0,0,0,0,0,0,0,0,0,0,0,0,0,0,0,0,0,0,0,0,0,0,0,0,0,0,0,0,0,0,0,0,0,0,0,0,0,0,0,0,0,0,0,0,0,0,0,0,0,0,0,0,0,0,0
SRR5384536,PRJNA377739,COPD_Stable,0.232852095,0.014464775,0.05985446,0,0,0,0.246109345,0.081016712,0.00264708,0.051683038,0.002825214,0.001891125,0.01868735,0,0,0.002663823,0.00030271,0.003133712,0.001474237,0.002037138,0,0.000244356,0.007126082,0.008755762,0,0.000822063,0,0,0.002699857,0.000615409,0,0,0,0,0,0,0,0,0.001175954,0,0,0,0,0,0,0,0.003513289,0.001194477,0.000417734,0.001613872,0.000744915,0.000978082,0.001431564,0,0,0.000338659,0.000110854,0,0,0,0,0.000474617,0,0,0.000886581,0,0,0,0,0,0,0,0,0,0,0,0,0,0,0,0,0,0,0,0,0,0,0,0,0,0,0,0,0,0,0,0,0,0,0,0,0,0,0,0,0,0,0,0,0,0,0,0,0,0,0,0,0,0,0,0,0,0,0,0,0,0,0,0,0,0,0,0,0,0,0,0,0,0,0,0,0,0,0,0,0,0,0,0,0,0,0,0,0,0,0,0,0,0,0,0,0,0,0,0,0,0,0,0,0,0,0,0,0,0,0,0,0,0,0,0,0,0,0,0,0,0,0,0,0,0,0,0,0,0,0,0,0,0,0,0,0,0,0,0,0,0,0,0,0,0,0,0,0,0,0,0,0,0,0,0,0,0,0,0,0,0,0,0,0,0,0,0,0,0,0,0,0,0,0,0,0,0,0,0,0,0,0,0,0,0,0,0,0,0,0,0,0,0,0,0,0,0,0,0,0,0,0,0,0,0,0
SRR5384537,PRJNA377739,COPD_Stable,0.340119702,0.023326501,0.000723687,0,0,0,0.2238467,0.028497234,0,0.054135631,0.021073158,0.007733647,0.006951581,0,0,0,0.000303402,0,0.001116641,0.047856948,0,0.002544813,0.007458648,0.002969029,0,0.004272033,0,0,0.002258653,0.003222734,0,0,7.46E-05,0,0,0,0,0,0.000356132,0,0,0,0,0,0,0,0.003844069,0.007308623,0.006299183,0.007336626,0.000546359,0,0.003508764,0,0,0.002571741,0,0,0,0.000173181,0,0,0.000415069,0.000752675,0,0,0,0.000519648,0,0,0,0,0,0,0,0,0,0,0,0,0,0,0,0,0,0,0,0,0,0,0,0,0,0,0,0,0,0,0,0,0,0,0,0,0,0,0,0,0,0,0,0,0,0,0,0,0,0,0,0,0,0,0,0,0,0,0,0,0,0,0,0,0,0,0,0,0,0,0,0,0,0,0,0,0,0,0,0,0,0,0,0,0,0,0,0,0,0,0,0,0,0,0,0,0,0,0,0,0,0,0,0,0,0,0,0,0,0,0,0,0,0,0,0,0,0,0,0,0,0,0,0,0,0,0,0,0,0,0,0,0,0,0,0,0,0,0,0,0,0,0,0,0,0,0,0,0,0,0,0,0,0,0,0,0,0,0,0,0,0,0,0,0,0,0,0,0,0,0,0,0,0,0,0,0,0,0,0,0,0,0,0,0,0,0,0,0,0,0,0,0,0,0,0,0,0,0,0,0,0,0,0
SRR5384538,PRJNA377739,COPD_Stable,0.443721467,0.015628124,0.000731511,0,0,0,0.24573885,0.080973986,0,0.031067603,0.007255136,0,0,0,0,0.00077779,0,0,0,0,0,0,0.003086445,0,0,0,0,0,0.001100014,0.000297656,0,0,0.002493975,0,0,0,0,0,0.000430959,0,0,0,0,0,0,0.000677697,0,0,0.003611659,0.000149953,0.001763019,0.000223265,0,0,0.000459244,0.000871081,0,0,0,0,0,0,0,0,0,9.86E-05,0,0,0,0.000121116,0,0,0,0,0,0,0,0,0,0,0,0,0,0,0,0,0,0,0,0,0,0,0,0,0,0,0,0,0,0,0,0,0,0,0,0,0,0,0,0,0,0,0,0,0,0,0,0,0,0,0,0,0,0,0,0,0,0,0,0,0,0,0,0,0,0,0,0,0,0,0,0,0,0,0,0,0,0,0,0,0,0,0,0,0,0,0,0,0,0,0,0,0,0,0,0,0,0,0,0,0,0,0,0,0,0,0,0,0,0,0,0,0,0,0,0,0,0,0,0,0,0,0,0,0,0,0,0,0,0,0,0,0,0,0,0,0,0,0,0,0,0,0,0,0,0,0,0,0,0,0,0,0,0,0,0,0,0,0,0,0,0,0,0,0,0,0,0,0,0,0,0,0,0,0,0,0,0,0,0,0,0,0,0,0,0,0,0,0,0,0,0,0,0,0,0,0,0,0,0,0,0
SRR5384539,PRJNA377739,COPD_Stable,0.115444008,0.030534176,0.001308672,0,0,0,0.364656358,0.199822274,0,0.011309136,0.002359016,0.001133504,0.007858699,0,0,0.002100606,0.00307554,0.007815808,0.001540594,0.001642073,0,0,0.009715402,0.005416097,0,0.003043068,0,0,0.003244311,0.000575937,0,0,0,0,0,0,0,0,0.003012477,0,0,0,0,0,0,0.000525198,0.012376917,0.000565425,0.005095694,0,0.001150415,0,0.002859165,0,0,0.000185494,0,0,0,0,0,0,0,0,0,0,0,0,0,0,0,0,0,0,0,0,0,0,0,0,0,0,0,0,0,0,0,0,0,0,0,0,0,0,0,0,0,0,0,0,0,0,0,0,0,0,0,0,0,0,0,0,0,0,0,0,0,0,0,0,0,0,0,0,0,0,0,0,0,0,0,0,0,0,0,0,0,0,0,0,0,0,0,0,0,0,0,0,0,0,0,0,0,0,0,0,0,0,0,0,0,0,0,0,0,0,0,0,0,0,0,0,0,0,0,0,0,0,0,0,0,0,0,0,0,0,0,0,0,0,0,0,0,0,0,0,0,0,0,0,0,0,0,0,0,0,0,0,0,0,0,0,0,0,0,0,0,0,0,0,0,0,0,0,0,0,0,0,0,0,0,0,0,0,0,0,0,0,0,0,0,0,0,0,0,0,0,0,0,0,0,0,0,0,0,0,0,0,0,0,0,0,0,0,0,0,0,0,0,0,0,0
SRR5384540,PRJNA377739,COPD_Stable,0.167519741,0.018246799,0.001121923,0,0,0,0.437600217,0.123675193,0,0.003398325,0.001375145,0,0.005344086,0,0,0.009495696,0.005600649,0,0.000445721,0,0,0.000426733,0.002811538,0.001827944,0,0.000105276,0,0,0.002169341,0.001252307,0.000534053,0,0.000508711,0,0,0,0,0,0.000740807,0,0,0,0,0,0,0.000218533,0,0,0.001115446,0,0.003544281,0,0,0,0,0.000715908,0,0,0,0,0,0,0,0,0,0,0,0,0,0,0,0,0,0,0,0,0,0,0,0,0,0,0,0,0,0,0,0,0,0,0,0,0,0,0,0,0,0,0,0,0,0,0,0,0,0,0,0,0,0,0,0,0,0,0,0,0,0,0,0,0,0,0,0,0,0,0,0,0,0,0,0,0,0,0,0,0,0,0,0,0,0,0,0,0,0,0,0,0,0,0,0,0,0,0,0,0,0,0,0,0,0,0,0,0,0,0,0,0,0,0,0,0,0,0,0,0,0,0,0,0,0,0,0,0,0,0,0,0,0,0,0,0,0,0,0,0,0,0,0,0,0,0,0,0,0,0,0,0,0,0,0,0,0,0,0,0,0,0,0,0,0,0,0,0,0,0,0,0,0,0,0,0,0,0,0,0,0,0,0,0,0,0,0,0,0,0,0,0,0,0,0,0,0,0,0,0,0,0,0,0,0,0,0,0,0,0,0,0,0,0,0
SRR5384541,PRJNA377739,COPD_Stable,0.475370331,0.002660331,0,0,0,0,0.237069992,0.000681867,0,0.091848631,0,0,0.006738289,0,0,0,0,0,0,0,0,0.022427282,0.000111921,0.000152529,0,0.00045409,0,0,0,0,0,0,0.000323027,0,0,0,0,0,0,0,0,0,0,0,0,0,0,0,0,0,0,0,0,0,0,0,0,0,0,0,0,0,0,0,0,0,0,0,0,0,0,0,0,0,0,0,0,0,0,0,0,0,0,0,0,0,0,0,0,0,0,0,0,0,0,0,0,0,0,0,0,0,0,0,0,0,0,0,0,0,0,0,0,0,0,0,0,0,0,0,0,0,0,0,0,0,0,0,0,0,0,0,0,0,0,0,0,0,0,0,0,0,0,0,0,0,0,0,0,0,0,0,0,0,0,0,0,0,0,0,0,0,0,0,0,0,0,0,0,0,0,0,0,0,0,0,0,0,0,0,0,0,0,0,0,0,0,0,0,0,0,0,0,0,0,0,0,0,0,0,0,0,0,0,0,0,0,0,0,0,0,0,0,0,0,0,0,0,0,0,0,0,0,0,0,0,0,0,0,0,0,0,0,0,0,0,0,0,0,0,0,0,0,0,0,0,0,0,0,0,0,0,0,0,0,0,0,0,0,0,0,0,0,0,0,0,0,0,0,0,0,0
SRR5384542,PRJNA377739,COPD_Stable,0.526014254,0.009880942,0.000524903,0,0,0,0.347707391,0.073365727,0,0.001700304,0,0,0,0,0,0,0,0,0,0,0,0,0,0,0,0,0,0,0,0,0,0,0.008231326,0,0.00280653,0,0,0,0,0,0,0,0,0,0,0,0,0,0,0,0,0,0,0,0,0,0,0,0.001258956,0,0,0,0,0,0.00149052,0.000338511,0,0,0,0,0,0,0,0,0,0,0,0,0,0,0,0,0,0,0,0,0,0,0,0,0,0,0,0,0,0,0,0,0,0,0,0,0,0,0,0,0,0,0,0,0,0,0,0,0,0,0,0,0,0,0,0,0,0,0,0,0,0,0,0,0,0,0,0,0,0,0,0,0,0,0,0,0,0,0,0,0,0,0,0,0,0,0,0,0,0,0,0,0,0,0,0,0,0,0,0,0,0,0,0,0,0,0,0,0,0,0,0,0,0,0,0,0,0,0,0,0,0,0,0,0,0,0,0,0,0,0,0,0,0,0,0,0,0,0,0,0,0,0,0,0,0,0,0,0,0,0,0,0,0,0,0,0,0,0,0,0,0,0,0,0,0,0,0,0,0,0,0,0,0,0,0,0,0,0,0,0,0,0,0,0,0,0,0,0,0,0,0,0,0,0,0,0,0,0,0,0,0,0,0,0,0
SRR5384543,PRJNA377739,COPD_Stable,0.963281465,0.000501369,0.000799041,0,0,0,0.012502561,0.010914085,0,0.00087761,0.000143363,0,0,0,0,0.000585176,0,0,0,0.000954288,0,0,0,0.000113331,0,0,0,0,0,0.000189354,0,0,0,0,0.00011521,0,0,0,0,0,0,0,0,0,0,0,0,0,0,0,0,0,0.000131295,0,0,0,0,0,0,0,0,0,8.58E-05,2.46E-05,0,0,0,0,0,0,0,0,0,0,0,0,0,0,0,0,0,0,0,0,0,0,0,0,0,0,0,0,0,0,0,0,0,0,0,0,0,0,0,0,0,0,0,0,0,0,0,0,0,0,0,0,0,0,0,0,0,0,0,0,0,0,0,0,0,0,0,0,0,0,0,0,0,0,0,0,0,0,0,0,0,0,0,0,0,0,0,0,0,0,0,0,0,0,0,0,0,0,0,0,0,0,0,0,0,0,0,0,0,0,0,0,0,0,0,0,0,0,0,0,0,0,0,0,0,0,0,0,0,0,0,0,0,0,0,0,0,0,0,0,0,0,0,0,0,0,0,0,0,0,0,0,0,0,0,0,0,0,0,0,0,0,0,0,0,0,0,0,0,0,0,0,0,0,0,0,0,0,0,0,0,0,0,0,0,0,0,0,0,0,0,0,0,0,0,0,0,0,0,0,0,0,0,0,0,0,0,0
SRR5384544,PRJNA377739,COPD_Stable,0.011012025,0,0,0,0,0,0.077418857,0.015709359,0,0.000420531,0,0,0,0,0,0,0,0,0,0,0,0,0,0,0,0,0,0,0,0,0,0,0,0,0,0,0,0,0,0,0,0,0,0,0,0,0,0,0,0,0,0,0,0,0,0,0,0,0,0,0,0,0,0,0,0,0,0,0,0,0,0,0,0,0,0,0,0,0,0,0,0,0,0,0,0,0,0,0,0,0,0,0,0,0,0,0,0,0,0,0,0,0,0,0,0,0,0,0,0,0,0,0,0,0,0,0,0,0,0,0,0,0,0,0,0,0,0,0,0,0,0,0,0,0,0,0,0,0,0,0,0,0,0,0,0,0,0,0,0,0,0,0,0,0,0,0,0,0,0,0,0,0,0,0,0,0,0,0,0,0,0,0,0,0,0,0,0,0,0,0,0,0,0,0,0,0,0,0,0,0,0,0,0,0,0,0,0,0,0,0,0,0,0,0,0,0,0,0,0,0,0,0,0,0,0,0,0,0,0,0,0,0,0,0,0,0,0,0,0,0,0,0,0,0,0,0,0,0,0,0,0,0,0,0,0,0,0,0,0,0,0,0,0,0,0,0,0,0,0,0,0,0,0,0,0,0,0,0,0,0,0
SRR5384545,PRJNA377739,COPD_Stable,0.095229095,0.011802584,0.000160874,0,0,0,0.682140411,0.018431567,0.000993352,0.004992042,0.007170983,0,0,0,0,0.001457266,0,0,0,0,0,0,0.000468414,0,0,0,0,0,0,0,0,0,0.018292801,0,0,0,0,0,0,0,0,0,0,0,0,0,0.000354847,0.007311738,0,0,0.000255292,0,0.000936904,0,0,0.001165936,0,0,0,0,0,0,0,0,0,0,0,0,0,0,0,0,0,0,0,0,0,0,0,0,0,0,0,0,0,0,0,0,0,0,0,0,0,0,0,0,0,0,0,0,0,0,0,0,0,0,0,0,0,0,0,0,0,0,0,0,0,0,0,0,0,0,0,0,0,0,0,0,0,0,0,0,0,0,0,0,0,0,0,0,0,0,0,0,0,0,0,0,0,0,0,0,0,0,0,0,0,0,0,0,0,0,0,0,0,0,0,0,0,0,0,0,0,0,0,0,0,0,0,0,0,0,0,0,0,0,0,0,0,0,0,0,0,0,0,0,0,0,0,0,0,0,0,0,0,0,0,0,0,0,0,0,0,0,0,0,0,0,0,0,0,0,0,0,0,0,0,0,0,0,0,0,0,0,0,0,0,0,0,0,0,0,0,0,0,0,0,0,0,0,0,0,0,0,0,0,0,0,0,0,0,0,0,0,0,0,0,0,0,0,0,0
SRR5384546,PRJNA377739,COPD_Stable,0.296400326,0.018306783,0,0,0,0,0.236408617,0.088171784,0,0.006920772,0.011156546,0.010389288,0.019206462,0,0,0.001672433,0.002238817,0.005418988,0.000758821,0.004200086,0,0,0.040915039,0.05004911,0,0.002734237,0,0,0.002310515,0.000509296,0,0,0,0,0.000435057,0,0,0,0.002227585,0.000195469,0,0,0,0,0,0.000100221,0.002261191,0.001796369,0.000669708,0,0,0,0.000389814,0,0,0.000400747,0,0,0,0,0,4.96E-05,0.001565672,0,0,0,0,0,0,0,0,0,0,0,0,0,0,0,0,0,0,0,0,0,0,0,0,0,0,0,0,0,0,0,0,0,0,0,0,0,0,0,0,0,0,0,0,0,0,0,0,0,0,0,0,0,0,0,0,0,0,0,0,0,0,0,0,0,0,0,0,0,0,0,0,0,0,0,0,0,0,0,0,0,0,0,0,0,0,0,0,0,0,0,0,0,0,0,0,0,0,0,0,0,0,0,0,0,0,0,0,0,0,0,0,0,0,0,0,0,0,0,0,0,0,0,0,0,0,0,0,0,0,0,0,0,0,0,0,0,0,0,0,0,0,0,0,0,0,0,0,0,0,0,0,0,0,0,0,0,0,0,0,0,0,0,0,0,0,0,0,0,0,0,0,0,0,0,0,0,0,0,0,0,0,0,0,0,0,0,0,0,0,0,0,0,0,0,0,0,0,0,0,0,0,0,0,0,0,0,0,0
SRR5384547,PRJNA377739,COPD_Stable,0.6892796,0.003190987,0,0,0,0,0.090136213,0,0,0.005224923,0.005658999,0,0.007899959,0,0,0.000796095,0.002913279,0.005987623,0.001766838,0,0,0,0.027101818,0,0,0.007528506,0,0,0.000698352,0.001325855,0,0,0,0,0.000276178,0,0,0,0,0,0,0,0,0,0,7.03E-05,0.008322053,0.001242119,0.004517422,0,0.002873978,0,0.000164784,0,0,0.000383956,0,0,0,0,0.000654006,0,0.000620873,0,0,0,0,0,0,0.000257376,0,0,0,0,0,0,0,0,0,0,0,0,0,0,0,0,0,0,0,0,0,0,0,0,0,0,0,0,0,0,0,0,0,0,0,0,0,0,0,0,0,0,0,0,0,0,0,0,0,0,0,0,0,0,0,0,0,0,0,0,0,0,0,0,0,0,0,0,0,0,0,0,0,0,0,0,0,0,0,0,0,0,0,0,0,0,0,0,0,0,0,0,0,0,0,0,0,0,0,0,0,0,0,0,0,0,0,0,0,0,0,0,0,0,0,0,0,0,0,0,0,0,0,0,0,0,0,0,0,0,0,0,0,0,0,0,0,0,0,0,0,0,0,0,0,0,0,0,0,0,0,0,0,0,0,0,0,0,0,0,0,0,0,0,0,0,0,0,0,0,0,0,0,0,0,0,0,0,0,0,0,0,0,0,0,0,0,0,0,0,0,0,0,0,0,0,0,0,0,0,0,0
SRR5384548,PRJNA377739,COPD_Stable,0.128882229,0.026979305,0,0,0,0,0.574362555,0.242484185,0,0.007275994,0,0,0.000201581,0,0,0,0,0,0,0,0,0,0.000541811,0,0,0,0,0,0.00248589,0,0,0,0,0,0,0,0,0,0.002526555,0,0,0,0,0,0,0,0,0,0,0,0,0,0,0,0,0,0,0,0,0,0,0,0,0,0,0,0,0,0,0,0,0,0,0,0,0,0,0,0,0,0,0,0,0,0,0,0,0,0,0,0,0,0,0,0,0,0,0,0,0,0,0,0,0,0,0,0,0,0,0,0,0,0,0,0,0,0,0,0,0,0,0,0,0,0,0,0,0,0,0,0,0,0,0,0,0,0,0,0,0,0,0,0,0,0,0,0,0,0,0,0,0,0,0,0,0,0,0,0,0,0,0,0,0,0,0,0,0,0,0,0,0,0,0,0,0,0,0,0,0,0,0,0,0,0,0,0,0,0,0,0,0,0,0,0,0,0,0,0,0,0,0,0,0,0,0,0,0,0,0,0,0,0,0,0,0,0,0,0,0,0,0,0,0,0,0,0,0,0,0,0,0,0,0,0,0,0,0,0,0,0,0,0,0,0,0,0,0,0,0,0,0,0,0,0,0,0,0,0,0,0,0,0,0,0,0,0,0,0,0,0,0
SRR5384549,PRJNA377739,COPD_Stable,0.30167155,0.050985318,0,0,0,0,0.176333836,0.242821543,0,0.020135195,0.006496396,0.002486316,0.005355184,0,0,0.00629323,0.004292029,0,0.001045676,0.004139324,0,0,0.019814745,0,0,0.001647664,0,0,0.002654403,0.000729385,0,0,0.000842558,0,0,0.002266363,0,0,9.50E-05,0,0,0,0,0,0,0.000507495,0,0.00128345,0,0,0.005031752,0.0003958,0.000306254,0.000187236,0,0.002848895,0,0,0,0,0,0,0.000628984,0,0,0.001155274,0.000326543,0,0,0,0,0,0,0,0,0,0,0,0,0,0,0,0,0,0,0,0,0,0,0,0,0,0,0,0,0,0,0,0,0,0,0,0,0,0,0,0,0,0,0,0,0,0,0,0,0,0,0,0,0,0,0,0,0,0,0,0,0,0,0,0,0,0,0,0,0,0,0,0,0,0,0,0,0,0,0,0,0,0,0,0,0,0,0,0,0,0,0,0,0,0,0,0,0,0,0,0,0,0,0,0,0,0,0,0,0,0,0,0,0,0,0,0,0,0,0,0,0,0,0,0,0,0,0,0,0,0,0,0,0,0,0,0,0,0,0,0,0,0,0,0,0,0,0,0,0,0,0,0,0,0,0,0,0,0,0,0,0,0,0,0,0,0,0,0,0,0,0,0,0,0,0,0,0,0,0,0,0,0,0,0,0,0,0,0,0,0,0,0,0,0,0,0,0,0,0,0,0,0,0,0,0
SRR5384550,PRJNA377739,COPD_Stable,0.214410167,0.051635368,0,0,0,0,0.309023383,0.285057838,0,0.027004562,0.00119404,0,0,0,0,0.004958898,0.000139502,0,0,0.00867681,0,0.000268035,0,0,0,0,0,0,0,0.00094842,0.002263403,0,0.000498639,0,0.000376245,0,0,0,0,0,0,0,0,0,0,0,0,0,0,0,0,0,0,0,0,0,0,0,0,0,0,0,0.000888908,0,0,0,0,0,0,0,0,0,0,0,0,0,0,0,0,0,0,0,0,0,0,0,0,0,0,0,0,0,0,0,0,0,0,0,0,0,0,0,0,0,0,0,0,0,0,0,0,0,0,0,0,0,0,0,0,0,0,0,0,0,0,0,0,0,0,0,0,0,0,0,0,0,0,0,0,0,0,0,0,0,0,0,0,0,0,0,0,0,0,0,0,0,0,0,0,0,0,0,0,0,0,0,0,0,0,0,0,0,0,0,0,0,0,0,0,0,0,0,0,0,0,0,0,0,0,0,0,0,0,0,0,0,0,0,0,0,0,0,0,0,0,0,0,0,0,0,0,0,0,0,0,0,0,0,0,0,0,0,0,0,0,0,0,0,0,0,0,0,0,0,0,0,0,0,0,0,0,0,0,0,0,0,0,0,0,0,0,0,0,0,0,0,0,0,0,0,0,0,0,0,0,0,0,0,0,0,0,0
SRR5384557,PRJNA377739,COPD_Stable,0.004342147,0,9.39E-05,0,0,0,0.004556434,0,0,0,0,0,0,0,0,0,0,0,0,0,0,0,0,0,0,0,0,0,0,0,0,0,0,0,0,0,0,0,0,0,0,0,0,0,0,0,0,0,0,0,0,0.000235205,0,0.00014563,0.000122617,0,0.000178752,0,0,0,0,0,0,0,0,0,0,0,0,0,0,0,0,0,0,0,0,0,0,0,0,0,0,0,0,0,0,0,0,0,0,0,0,0,0,0,0,0,0,0,0,0,0,0,0,0,0,0,0,0,0,0,0,0,0,0,0,0,0,0,0,0,0,0,0,0,0,0,0,0,0,0,0,0,0,0,0,0,0,0,0,0,0,0,0,0,0,0,0,0,0,0,0,0,0,0,0,0,0,0,0,0,0,0,0,0,0,0,0,0,0,0,0,0,0,0,0,0,0,0,0,0,0,0,0,0,0,0,0,0,0,0,0,0,0,0,0,0,0,0,0,0,0,0,0,0,0,0,0,0,0,0,0,0,0,0,0,0,0,0,0,0,0,0,0,0,0,0,0,0,0,0,0,0,0,0,0,0,0,0,0,0,0,0,0,0,0,0,0,0,0,0,0,0,0,0,0,0,0,0,0,0,0,0,0,0,0,0,0,0,0,0
SRR5384558,PRJNA377739,COPD_Stable,0.011610742,0,0.000350101,0,0,0,0.005829398,0,0,0,0,0,0.000292242,0,0,0,0,0,0,0,0,0,5.46E-05,0,0,0,0,0,0,0,0,0,0,0,0,0,0,0,0,0,0,0,0,0,0,0,0,0,0,0,0,0.000116036,0,0,0,0,0,0,0,0,0,0,0,0,0,0,9.92E-05,0,0,0,0,0,0,0,0,0,0,0,0,0,0,0,0,0,0,0,0,0,0,0,0,0,0,0,0,0,0,0,0,0,0,0,0,0,0,0,0,0,0,0,0,0,0,0,0,0,0,0,0,0,0,0,0,0,0,0,0,0,0,0,0,0,0,0,0,0,0,0,0,0,0,0,0,0,0,0,0,0,0,0,0,0,0,0,0,0,0,0,0,0,0,0,0,0,0,0,0,0,0,0,0,0,0,0,0,0,0,0,0,0,0,0,0,0,0,0,0,0,0,0,0,0,0,0,0,0,0,0,0,0,0,0,0,0,0,0,0,0,0,0,0,0,0,0,0,0,0,0,0,0,0,0,0,0,0,0,0,0,0,0,0,0,0,0,0,0,0,0,0,0,0,0,0,0,0,0,0,0,0,0,0,0,0,0,0,0,0,0,0,0,0,0,0,0,0,0,0,0,0,0,0,0
SRR5384559,PRJNA377739,COPD_Stable,0.381398647,0.002254378,0,0,0,0,0.208970602,0.088771263,0,0.061266556,0,0.020192422,0.010815733,0,0,0.00036302,0,0,0,0.00037982,0,0,0,0,0,0,0,0,0.000942161,0,0,0,0,0,0,0,0,0,0,0,0,0,0,0,0,0,0,0,0.000299975,0.109889433,0,0.000207729,0,0,0,0,0,0,0,0,0,0,0.000376602,0,0.00952071,0,0,0,0,0,0,0,0,0,0,0,0,0,0,0,0,0,0,0,0,0,0,0,0,0,0,0,0,0,0,0,0,0,0,0,0,0,0,0,0,0,0,0,0,0,0,0,0,0,0,0,0,0,0,0,0,0,0,0,0,0,0,0,0,0,0,0,0,0,0,0,0,0,0,0,0,0,0,0,0,0,0,0,0,0,0,0,0,0,0,0,0,0,0,0,0,0,0,0,0,0,0,0,0,0,0,0,0,0,0,0,0,0,0,0,0,0,0,0,0,0,0,0,0,0,0,0,0,0,0,0,0,0,0,0,0,0,0,0,0,0,0,0,0,0,0,0,0,0,0,0,0,0,0,0,0,0,0,0,0,0,0,0,0,0,0,0,0,0,0,0,0,0,0,0,0,0,0,0,0,0,0,0,0,0,0,0,0,0,0,0,0,0,0,0,0,0,0,0,0,0,0,0,0,0,0,0
SRR5384560,PRJNA377739,COPD_Stable,0.131166603,0.005355008,0.003472507,0,0,0,0.384637564,0.038839783,0,0.018112123,0.003533993,0.002213913,0.002658881,0,0,0,0,0,0.001185591,0.011979586,0,0,0.003341531,0.002898066,0,0.001763636,0,0,0.00226657,0.000563331,0,0,0,0,0.000411422,0.001907868,0,0,0.000836496,0,0,0,0,0,0,0.000211181,0.004625433,0.003313812,0.003651694,0.058750964,0.000285929,0.000987601,0.001799346,0.000729314,0,0.000126109,0,0,0,0,0,0,0.000290146,0,0,7.13E-05,0,0,0,0,0,0,0,0,0,0,0,0,0,0,0,0,0,0,0,0,0,0,0,0,0,0,0,0,0,0,0,0,0,0,0,0,0,0,0,0,0,0,0,0,0,0,0,0,0,0,0,0,0,0,0,0,0,0,0,0,0,0,0,0,0,0,0,0,0,0,0,0,0,0,0,0,0,0,0,0,0,0,0,0,0,0,0,0,0,0,0,0,0,0,0,0,0,0,0,0,0,0,0,0,0,0,0,0,0,0,0,0,0,0,0,0,0,0,0,0,0,0,0,0,0,0,0,0,0,0,0,0,0,0,0,0,0,0,0,0,0,0,0,0,0,0,0,0,0,0,0,0,0,0,0,0,0,0,0,0,0,0,0,0,0,0,0,0,0,0,0,0,0,0,0,0,0,0,0,0,0,0,0,0,0,0,0,0,0,0,0,0,0,0,0,0,0,0,0,0,0,0,0,0,0,0
SRR5384561,PRJNA377739,COPD_Stable,0.104863658,0.02689142,0.000279613,0,0,0,0.433072345,0.144731653,0,0.005486603,0.005439902,0.004359463,0.002833133,0,0,0.007383201,0.014165107,0.003953737,0.007446484,0,0,0,0.002390188,0.000984808,0,0.000663272,0,0,0.003163616,0,0,0,0.000344939,0,0,0.002751538,0,0,0.003265666,0,0,0,0,0,0,0,0.035735238,0.002157464,0.001264339,0,0.000907453,0,0.000731564,0,0,0.00102514,0,0,0,0,0,0,0,0,0,6.40E-05,0,0.000746155,0,0,0,0,0,0,0,0,0,0,0,0,0,0,0,0,0,0,0,0,0,0,0,0,0,0,0,0,0,0,0,0,0,0,0,0,0,0,0,0,0,0,0,0,0,0,0,0,0,0,0,0,0,0,0,0,0,0,0,0,0,0,0,0,0,0,0,0,0,0,0,0,0,0,0,0,0,0,0,0,0,0,0,0,0,0,0,0,0,0,0,0,0,0,0,0,0,0,0,0,0,0,0,0,0,0,0,0,0,0,0,0,0,0,0,0,0,0,0,0,0,0,0,0,0,0,0,0,0,0,0,0,0,0,0,0,0,0,0,0,0,0,0,0,0,0,0,0,0,0,0,0,0,0,0,0,0,0,0,0,0,0,0,0,0,0,0,0,0,0,0,0,0,0,0,0,0,0,0,0,0,0,0,0,0,0,0,0,0,0,0,0,0,0,0,0,0,0,0,0,0,0,0,0
SRR5384562,PRJNA377739,COPD_Stable,0.204602605,0.004155706,0.000947985,0,0,0,0.246000509,0.056761929,0,0.002589893,0.004624265,0.000671113,0.004613369,0,0,0.00101471,0.001840013,0.0037931,0.000980368,0,0,0,0.006106413,0.021271163,0,0.00038202,0,0,0.001631483,0.000347616,0,0,0,0,0,0.000183088,0,0,0.000601667,0.000449898,0,0,0,0,0,0,0.006729137,0.003476692,0.007309477,0,0.000567036,0,0.00026644,0.000787499,0.000186625,0.000428633,0.00023966,0,0,0,0.001697804,0,0.000272181,0.000358557,0,0,0,0.00080412,0,0,0,0,0,0,0,0,0,0,0,0,0,0,0,0,0,0,0,0,0,0,0,0,0,0,0,0,0,0,0,0,0,0,0,0,0,0,0,0,0,0,0,0,0,0,0,0,0,0,0,0,0,0,0,0,0,0,0,0,0,0,0,0,0,0,0,0,0,0,0,0,0,0,0,0,0,0,0,0,0,0,0,0,0,0,0,0,0,0,0,0,0,0,0,0,0,0,0,0,0,0,0,0,0,0,0,0,0,0,0,0,0,0,0,0,0,0,0,0,0,0,0,0,0,0,0,0,0,0,0,0,0,0,0,0,0,0,0,0,0,0,0,0,0,0,0,0,0,0,0,0,0,0,0,0,0,0,0,0,0,0,0,0,0,0,0,0,0,0,0,0,0,0,0,0,0,0,0,0,0,0,0,0,0,0,0,0,0,0,0,0,0,0,0,0,0,0,0,0,0,0,0,0
SRR5384563,PRJNA377739,COPD_Stable,0.105134507,0.005348674,0.000288431,0,0,0,0.10701637,0.024262684,0,0.009082592,0.004186324,0.022504982,0.006718126,0,0,0.000327177,0.000254425,0.003431855,0.000217354,0.418628445,0,0.000299103,0.004934116,0.005422851,0,0.002801112,0,0,0.000457178,0.004840926,0,0,0,0,0,0,0,0,0,0.000245512,0,0,0,0,0,0,0.001827937,0.006298772,0.00957506,3.69E-05,0.002171163,0.000119599,0.001032951,0,0,0.000309679,0,0,0,0,0,0,8.20E-05,0.001071227,0,0,0,0,3.49E-05,0.000292206,0,0,0,0,0,0,0,0,0,0,0,0,0,0,0,0,0,0,0,0,0,0,0,0,0,0,0,0,0,0,0,0,0,0,0,0,0,0,0,0,0,0,0,0,0,0,0,0,0,0,0,0,0,0,0,0,0,0,0,0,0,0,0,0,0,0,0,0,0,0,0,0,0,0,0,0,0,0,0,0,0,0,0,0,0,0,0,0,0,0,0,0,0,0,0,0,0,0,0,0,0,0,0,0,0,0,0,0,0,0,0,0,0,0,0,0,0,0,0,0,0,0,0,0,0,0,0,0,0,0,0,0,0,0,0,0,0,0,0,0,0,0,0,0,0,0,0,0,0,0,0,0,0,0,0,0,0,0,0,0,0,0,0,0,0,0,0,0,0,0,0,0,0,0,0,0,0,0,0,0,0,0,0,0,0,0,0,0,0,0,0,0,0,0,0,0,0,0,0,0,0,0
SRR5384564,PRJNA377739,COPD_Stable,0.197524869,0.023375785,0.009173924,0,0,0,0.2101533,0.136593353,0,0.004203651,0.003946788,0.00973346,0.004729307,0,0,0.002131183,0.001089428,0.003573968,0.000427255,0.168100903,0,0,0.002277515,0.008206385,0,0.001071491,0,0,0.00050683,0.001097361,0,0,0,0,0,0.000492007,0,0,0.002383122,0,0,0,0,0,0,0,0.004754104,0.003238347,0.003997171,0,0.002067931,0,0.001582564,0.000226623,0,0,0.000115473,0,0,0,0.000362072,0,0,0.000757464,0,0,0,0.000261925,0,0.000515169,0,0,0,0,0,0,0,0,0,0,0,0,0,0,0,0,0,0,0,0,0,0,0,0,0,0,0,0,0,0,0,0,0,0,0,0,0,0,0,0,0,0,0,0,0,0,0,0,0,0,0,0,0,0,0,0,0,0,0,0,0,0,0,0,0,0,0,0,0,0,0,0,0,0,0,0,0,0,0,0,0,0,0,0,0,0,0,0,0,0,0,0,0,0,0,0,0,0,0,0,0,0,0,0,0,0,0,0,0,0,0,0,0,0,0,0,0,0,0,0,0,0,0,0,0,0,0,0,0,0,0,0,0,0,0,0,0,0,0,0,0,0,0,0,0,0,0,0,0,0,0,0,0,0,0,0,0,0,0,0,0,0,0,0,0,0,0,0,0,0,0,0,0,0,0,0,0,0,0,0,0,0,0,0,0,0,0,0,0,0,0,0,0,0,0,0,0,0,0,0,0,0
SRR5384565,PRJNA377739,COPD_Stable,0.57709623,0.000509722,0.003146012,0,0,0,0.040932581,0.030739469,0,0.031453747,0.001961065,0.001268975,0.098310035,0,0,0,0,0,0,0,0,0,0.00350301,0,0,0,0,0,0.005264727,0,0,0,0,0,0.002162198,0.000276981,0,0,0,0,0,0,0,0,0,0,0,0.00136126,0,0.000525513,7.81E-05,0.004222972,7.83E-05,0,0.001825942,0,0.002487512,0,0,0,0,0,0.000240226,0,0,0,0.000687934,0,0,0,0,0,0,0,0,0,0,0,0,0,0,0,0,0,0,0,0,0,0,0,0,0,0,0,0,0,0,0,0,0,0,0,0,0,0,0,0,0,0,0,0,0,0,0,0,0,0,0,0,0,0,0,0,0,0,0,0,0,0,0,0,0,0,0,0,0,0,0,0,0,0,0,0,0,0,0,0,0,0,0,0,0,0,0,0,0,0,0,0,0,0,0,0,0,0,0,0,0,0,0,0,0,0,0,0,0,0,0,0,0,0,0,0,0,0,0,0,0,0,0,0,0,0,0,0,0,0,0,0,0,0,0,0,0,0,0,0,0,0,0,0,0,0,0,0,0,0,0,0,0,0,0,0,0,0,0,0,0,0,0,0,0,0,0,0,0,0,0,0,0,0,0,0,0,0,0,0,0,0,0,0,0,0,0,0,0,0,0,0,0,0,0,0,0,0,0,0,0,0,0,0,0
SRR5384566,PRJNA377739,COPD_Stable,0.028194395,0.000993796,0.000207997,0,0,0,0.008536905,0.004132697,0,0.001706449,0.000604997,0.001952167,0.003557835,0,0,5.48E-05,0,0.000408846,0,0.918794506,0,0,0.001187577,0.000679898,0,0.000704377,0,0,0,0.000518754,0,0,0,0,0,0,0,0,0,0,0,0,0,0,0,0,0.000309964,0.001413302,0.000559369,0,0.000140298,4.89E-05,0.000112364,0.00012513,2.65E-05,0,0,0,0,0,0,0,3.58E-05,0.00018428,0,0,0,0,0,0,0,0,0,0,0,0,0,0,0,0,0,0,0,0,0,0,0,0,0,0,0,0,0,0,0,0,0,0,0,0,0,0,0,0,0,0,0,0,0,0,0,0,0,0,0,0,0,0,0,0,0,0,0,0,0,0,0,0,0,0,0,0,0,0,0,0,0,0,0,0,0,0,0,0,0,0,0,0,0,0,0,0,0,0,0,0,0,0,0,0,0,0,0,0,0,0,0,0,0,0,0,0,0,0,0,0,0,0,0,0,0,0,0,0,0,0,0,0,0,0,0,0,0,0,0,0,0,0,0,0,0,0,0,0,0,0,0,0,0,0,0,0,0,0,0,0,0,0,0,0,0,0,0,0,0,0,0,0,0,0,0,0,0,0,0,0,0,0,0,0,0,0,0,0,0,0,0,0,0,0,0,0,0,0,0,0,0,0,0,0,0,0,0,0,0,0,0,0,0,0,0,0
SRR5384567,PRJNA377739,COPD_Stable,0.295109138,0.007178142,0.00585668,0,0,0,0.494974012,0.00396067,0,0.032688886,0.005587853,0,0.000302719,0,0,0.000179269,0,0.001042422,0,0,0,0,0.00089924,0,0,0.000121502,0,0,0.004305453,0.001133951,0,0,0.000431069,0,0.000871407,0,0,0,0,0,0,0,0,0,0,0.000347839,0.001817208,0,0.000859774,0,0.00776794,0.002003382,0.000148128,0.001062248,0.000555188,0,0,0,0,0,0,0,0.00037377,0,0,0,0,0,0.001341818,0,0,0,0,0,0,0,0,0,0,0,0,0,0,0,0,0,0,0,0,0,0,0,0,0,0,0,0,0,0,0,0,0,0,0,0,0,0,0,0,0,0,0,0,0,0,0,0,0,0,0,0,0,0,0,0,0,0,0,0,0,0,0,0,0,0,0,0,0,0,0,0,0,0,0,0,0,0,0,0,0,0,0,0,0,0,0,0,0,0,0,0,0,0,0,0,0,0,0,0,0,0,0,0,0,0,0,0,0,0,0,0,0,0,0,0,0,0,0,0,0,0,0,0,0,0,0,0,0,0,0,0,0,0,0,0,0,0,0,0,0,0,0,0,0,0,0,0,0,0,0,0,0,0,0,0,0,0,0,0,0,0,0,0,0,0,0,0,0,0,0,0,0,0,0,0,0,0,0,0,0,0,0,0,0,0,0,0,0,0,0,0,0,0,0,0,0,0,0,0,0,0,0
SRR5384568,PRJNA377739,COPD_Stable,0.146692091,0.001050586,0,0,0,0,0.393619625,0.026734113,0,0.000362734,0.002895631,0.001348849,0.003920126,0,0,0,0.001569958,0.002292778,0.004216019,0.002887941,0,0,0.011716728,0.025890992,0,0,0,0,0.001857245,0,0,0,0,0,0,0,0,0,0,0.000370951,0,0,0,0,0,0,0.007345647,0.002462984,0.001012216,0,0.001313396,0,0.000466355,0.000229325,0,0,0,0,0,0,0,0,0.00039717,0.000310471,0,0,0,0,0,0,0,0,0,0,0,0,0,0,0,0,0,0,0,0,0,0,0,0,0,0,0,0,0,0,0,0,0,0,0,0,0,0,0,0,0,0,0,0,0,0,0,0,0,0,0,0,0,0,0,0,0,0,0,0,0,0,0,0,0,0,0,0,0,0,0,0,0,0,0,0,0,0,0,0,0,0,0,0,0,0,0,0,0,0,0,0,0,0,0,0,0,0,0,0,0,0,0,0,0,0,0,0,0,0,0,0,0,0,0,0,0,0,0,0,0,0,0,0,0,0,0,0,0,0,0,0,0,0,0,0,0,0,0,0,0,0,0,0,0,0,0,0,0,0,0,0,0,0,0,0,0,0,0,0,0,0,0,0,0,0,0,0,0,0,0,0,0,0,0,0,0,0,0,0,0,0,0,0,0,0,0,0,0,0,0,0,0,0,0,0,0,0,0,0,0,0,0,0,0,0,0,0
SRR5384569,PRJNA377739,COPD_Stable,0.373597074,0.006510971,0.000130797,0,0,0,0.338230735,0.065965461,0,0.04690841,0.001478464,0,0.05737058,0,0,0.000726669,0,0,0,0,0,0,0.000228928,0.000701636,0,0.000332368,0,0,0.000497233,0,0,0,0.000271761,0,0,0,0,0,0.000457647,0,0,0,0,0,0,0,0.001427109,0,0.000290582,0,0.001328847,0.000158699,0,0,0,0,0,0,0,0,0,0,0,0,0,0,0,0,0,0,0,0,0,0,0,0,0,0,0,0,0,0,0,0,0,0,0,0,0,0,0,0,0,0,0,0,0,0,0,0,0,0,0,0,0,0,0,0,0,0,0,0,0,0,0,0,0,0,0,0,0,0,0,0,0,0,0,0,0,0,0,0,0,0,0,0,0,0,0,0,0,0,0,0,0,0,0,0,0,0,0,0,0,0,0,0,0,0,0,0,0,0,0,0,0,0,0,0,0,0,0,0,0,0,0,0,0,0,0,0,0,0,0,0,0,0,0,0,0,0,0,0,0,0,0,0,0,0,0,0,0,0,0,0,0,0,0,0,0,0,0,0,0,0,0,0,0,0,0,0,0,0,0,0,0,0,0,0,0,0,0,0,0,0,0,0,0,0,0,0,0,0,0,0,0,0,0,0,0,0,0,0,0,0,0,0,0,0,0,0,0,0,0,0,0,0,0,0,0,0,0,0
SRR5384570,PRJNA377739,COPD_Stable,0.198249071,0.003029616,0.055291507,0,0,0,0.231728342,0.100205431,0.003188793,0.030867894,0.007520812,0.005167209,0.011530972,0,0,0,0,0.006516413,0.004355761,0.003144612,0,0,0.008697723,0.02037161,0,0,0,0,0,0,0,0,0,0,0,0.002739567,0,0,0,0,0,0,0,0,0,0,0.003986885,0.009522697,0,0,0.000399031,0.005255432,0,0,0,0,0.001634673,0,0,0,0,0,0,0,0,0,0,0.001946486,0,0,0,0,0,0,0,0,0,0,0,0,0,0,0,0,0,0,0,0,0,0,0,0,0,0,0,0,0,0,0,0,0,0,0,0,0,0,0,0,0,0,0,0,0,0,0,0,0,0,0,0,0,0,0,0,0,0,0,0,0,0,0,0,0,0,0,0,0,0,0,0,0,0,0,0,0,0,0,0,0,0,0,0,0,0,0,0,0,0,0,0,0,0,0,0,0,0,0,0,0,0,0,0,0,0,0,0,0,0,0,0,0,0,0,0,0,0,0,0,0,0,0,0,0,0,0,0,0,0,0,0,0,0,0,0,0,0,0,0,0,0,0,0,0,0,0,0,0,0,0,0,0,0,0,0,0,0,0,0,0,0,0,0,0,0,0,0,0,0,0,0,0,0,0,0,0,0,0,0,0,0,0,0,0,0,0,0,0,0,0,0,0,0,0,0,0,0,0,0,0,0,0,0
SRR5384571,PRJNA377739,COPD_Stable,0.067834817,0,0.000525043,0,0,0,0.049313704,0.032335311,0,0.004349928,0.00640981,0,0.003787344,0,0,0,0.0003911,0.00142508,0.000360846,0.007560043,0,0.001611108,0.002328533,0.000411212,0,0.001962885,0,0,0.001148327,0.002720849,0,0,0,0,0,0,0,0,0,0,0,0,0,0,0,0,0.000997882,0.000374741,0.004383662,0,0.001493417,0.000171571,0,0.000314896,0,0,0,0,0,0,0,0,0.000187266,0,0,0,0,0,0,0,0,0,0,0,0,0,0,0,0,0,0,0,0,0,0,0,0,0,0,0,0,0,0,0,0,0,0,0,0,0,0,0,0,0,0,0,0,0,0,0,0,0,0,0,0,0,0,0,0,0,0,0,0,0,0,0,0,0,0,0,0,0,0,0,0,0,0,0,0,0,0,0,0,0,0,0,0,0,0,0,0,0,0,0,0,0,0,0,0,0,0,0,0,0,0,0,0,0,0,0,0,0,0,0,0,0,0,0,0,0,0,0,0,0,0,0,0,0,0,0,0,0,0,0,0,0,0,0,0,0,0,0,0,0,0,0,0,0,0,0,0,0,0,0,0,0,0,0,0,0,0,0,0,0,0,0,0,0,0,0,0,0,0,0,0,0,0,0,0,0,0,0,0,0,0,0,0,0,0,0,0,0,0,0,0,0,0,0,0,0,0,0,0,0,0,0,0,0,0,0,0,0
SRR5384572,PRJNA377739,COPD_Stable,0.186379614,0,0.000125091,0,0,0,0.000201763,0.00013342,0,0,0,0,0,0,0,0,5.29E-05,0,0,0,0,0,0,0,0,0,0,0,0,0,0,0,0,0,0,0,0,0,0,0,0,0,0,0,0,0,0,0,0,0,0,0,0,0,0.000218282,0,7.32E-05,0,0,0,0,0,0,0,0,0,0,0,0,0,0,0,0,0,0,0,0,0,0,0,0,0,0,0,0,0,0,0,0,0,0,0,0,0,0,0,0,0,0,0,0,0,0,0,0,0,0,0,0,0,0,0,0,0,0,0,0,0,0,0,0,0,0,0,0,0,0,0,0,0,0,0,0,0,0,0,0,0,0,0,0,0,0,0,0,0,0,0,0,0,0,0,0,0,0,0,0,0,0,0,0,0,0,0,0,0,0,0,0,0,0,0,0,0,0,0,0,0,0,0,0,0,0,0,0,0,0,0,0,0,0,0,0,0,0,0,0,0,0,0,0,0,0,0,0,0,0,0,0,0,0,0,0,0,0,0,0,0,0,0,0,0,0,0,0,0,0,0,0,0,0,0,0,0,0,0,0,0,0,0,0,0,0,0,0,0,0,0,0,0,0,0,0,0,0,0,0,0,0,0,0,0,0,0,0,0,0,0,0,0,0,0
SRR5384573,PRJNA377739,COPD_Stable,0.133435297,0.006296843,0.002602051,0,0,0,0.60114918,0.013259149,0,0.074142944,0.002271404,0,0.078848665,0,0,0,0,0.001453567,0,0.006931323,0,0,0.002549539,0.002594102,0,0.008489309,0,0,0,0,0,0,0.000449693,0,0.007941648,0.002543755,0,0,0,0,0,0,0,0,0,0.000822676,0,0,0.001550577,0,0.001788348,0.005882711,0,0,0,0.000813043,0,0,0,0,0,0,0,0,0,0.000420639,0,0,0,0,0,0,0,0,0,0,0,0,0,0,0,0,0,0,0,0,0,0,0,0,0,0,0,0,0,0,0,0,0,0,0,0,0,0,0,0,0,0,0,0,0,0,0,0,0,0,0,0,0,0,0,0,0,0,0,0,0,0,0,0,0,0,0,0,0,0,0,0,0,0,0,0,0,0,0,0,0,0,0,0,0,0,0,0,0,0,0,0,0,0,0,0,0,0,0,0,0,0,0,0,0,0,0,0,0,0,0,0,0,0,0,0,0,0,0,0,0,0,0,0,0,0,0,0,0,0,0,0,0,0,0,0,0,0,0,0,0,0,0,0,0,0,0,0,0,0,0,0,0,0,0,0,0,0,0,0,0,0,0,0,0,0,0,0,0,0,0,0,0,0,0,0,0,0,0,0,0,0,0,0,0,0,0,0,0,0,0,0,0,0,0,0,0,0,0,0,0,0,0,0,0,0
SRR5384574,PRJNA377739,COPD_Stable,0.01356353,0.000400869,0,0,0,0,0.028977355,0.00029817,0,0,0,0,0.000391524,0,0,0,0,0,0,0,0,0,0,0,0,9.35E-05,0,0,0.000167101,0,0,0,0,0,0,0,0,0,0,0,0,0,0,0,0,0,0,0,0,0,0,0,0,0,0,0,0,0,0,0,0,0,0,0,0,0,0,0,0,0,0,0,0,0,0,0,0,0,0,0,0,0,0,0,0,0,0,0,0,0,0,0,0,0,0,0,0,0,0,0,0,0,0,0,0,0,0,0,0,0,0,0,0,0,0,0,0,0,0,0,0,0,0,0,0,0,0,0,0,0,0,0,0,0,0,0,0,0,0,0,0,0,0,0,0,0,0,0,0,0,0,0,0,0,0,0,0,0,0,0,0,0,0,0,0,0,0,0,0,0,0,0,0,0,0,0,0,0,0,0,0,0,0,0,0,0,0,0,0,0,0,0,0,0,0,0,0,0,0,0,0,0,0,0,0,0,0,0,0,0,0,0,0,0,0,0,0,0,0,0,0,0,0,0,0,0,0,0,0,0,0,0,0,0,0,0,0,0,0,0,0,0,0,0,0,0,0,0,0,0,0,0,0,0,0,0,0,0,0,0,0,0,0,0,0,0,0,0,0,0,0,0
SRR5384575,PRJNA377739,COPD_Stable,0.181544505,0.019876849,0,0,0,0,0.461430965,0.032693674,0,0.007855654,0.000804618,0.003627773,0.012305407,0,0,0.000699955,0.00388705,0.000484531,0.000700126,0.019983065,0,0.001587445,0.012216742,0.012874895,0,0.002695913,0,0,0.002559802,0.005417705,0,0,0.002932833,0,0.001154531,0.001986236,0,0,0.002075485,0,0,0,0,0,0,0,0.023043107,0,0.001105226,0,0,0.000234459,0,0,0.000442049,0,0,0,0,0,0.000202796,0,0.000445889,0,0,0,0.000300637,0,0,0.0004208,0,0,0,0,0,0,0,0,0,0,0,0,0,0,0,0,0,0,0,0,0,0,0,0,0,0,0,0,0,0,0,0,0,0,0,0,0,0,0,0,0,0,0,0,0,0,0,0,0,0,0,0,0,0,0,0,0,0,0,0,0,0,0,0,0,0,0,0,0,0,0,0,0,0,0,0,0,0,0,0,0,0,0,0,0,0,0,0,0,0,0,0,0,0,0,0,0,0,0,0,0,0,0,0,0,0,0,0,0,0,0,0,0,0,0,0,0,0,0,0,0,0,0,0,0,0,0,0,0,0,0,0,0,0,0,0,0,0,0,0,0,0,0,0,0,0,0,0,0,0,0,0,0,0,0,0,0,0,0,0,0,0,0,0,0,0,0,0,0,0,0,0,0,0,0,0,0,0,0,0,0,0,0,0,0,0,0,0,0,0,0,0,0,0,0,0,0,0,0,0,0,0
SRR5384576,PRJNA377739,COPD_Stable,0.240033501,0.003703348,0.00105527,0,0,0,0.326592148,0.000342839,0,0.046173026,0.006326956,0.009394801,0.020096457,0,0,0.003058099,0.015713511,0,0.002119711,0,0,0.002342131,0.013814487,0.005276965,0,0.001285543,0,0,0,0.000307509,0,0,0,0,0,0,0,0,0.001144972,0,0,0,0,0,0,0,0,0.000187361,0,0,0.000721713,0.000554463,0,0,0,0,8.43E-05,0,0,0,0.00092128,0,0.001572933,0,0,0,0,0,0,0,0,0,0,0,0,0,0,0,0,0,0,0,0,0,0,0,0,0,0,0,0,0,0,0,0,0,0,0,0,0,0,0,0,0,0,0,0,0,0,0,0,0,0,0,0,0,0,0,0,0,0,0,0,0,0,0,0,0,0,0,0,0,0,0,0,0,0,0,0,0,0,0,0,0,0,0,0,0,0,0,0,0,0,0,0,0,0,0,0,0,0,0,0,0,0,0,0,0,0,0,0,0,0,0,0,0,0,0,0,0,0,0,0,0,0,0,0,0,0,0,0,0,0,0,0,0,0,0,0,0,0,0,0,0,0,0,0,0,0,0,0,0,0,0,0,0,0,0,0,0,0,0,0,0,0,0,0,0,0,0,0,0,0,0,0,0,0,0,0,0,0,0,0,0,0,0,0,0,0,0,0,0,0,0,0,0,0,0,0,0,0,0,0,0,0,0,0,0,0,0,0,0
SRR5384577,PRJNA377739,COPD_Stable,0.558502279,0.003258831,0.001064468,0,0,0,0.143865699,0.018816779,0,0.001914015,0.000709822,0,0,0,0,0.001708688,0.002295025,0,0,0,0,0,0.016537578,0,0,0,0,0,0.000173733,0,0,0,0.005781244,0,0,0,0,0,0,0,0,0,0,0,0,0,0.017869412,0.000160208,0,0,0,0.000290246,0,0.001185064,0,0,0.000135751,0,0,0,0,0,0,0,0,0,0,0,0,0,0,0,0,0,0,0,0,0,0,0,0,0,0,0,0,0,0,0,0,0,0,0,0,0,0,0,0,0,0,0,0,0,0,0,0,0,0,0,0,0,0,0,0,0,0,0,0,0,0,0,0,0,0,0,0,0,0,0,0,0,0,0,0,0,0,0,0,0,0,0,0,0,0,0,0,0,0,0,0,0,0,0,0,0,0,0,0,0,0,0,0,0,0,0,0,0,0,0,0,0,0,0,0,0,0,0,0,0,0,0,0,0,0,0,0,0,0,0,0,0,0,0,0,0,0,0,0,0,0,0,0,0,0,0,0,0,0,0,0,0,0,0,0,0,0,0,0,0,0,0,0,0,0,0,0,0,0,0,0,0,0,0,0,0,0,0,0,0,0,0,0,0,0,0,0,0,0,0,0,0,0,0,0,0,0,0,0,0,0,0,0,0,0,0,0,0,0,0,0,0,0,0
SRR5384578,PRJNA377739,COPD_Stable,0.217986723,0.022865766,0.019405126,0,0,0,0.135284007,0.017357484,0,0.050689049,0.001971219,0.076068077,0.032222767,0,0,0.000450237,0.001931726,0.006008534,0.00050594,0.056109278,0,0.003998654,0.007903058,0.005128379,0,0.003420542,0,0,0.001445467,0.002377418,0,0,0.000141297,0,0.000304432,0,0,0,0.000485336,0,0,0,0,0,0,0,0.00454862,0,0.000404239,0,0.001457066,0.000263192,0.00035379,0,0.000464163,0,0,0,0,0,0,0,0.001288844,0.000204621,0,0,0,0,0,0.000198182,0,0,0,0,0,0,0,0,0,0,0,0,0,0,0,0,0,0,0,0,0,0,0,0,0,0,0,0,0,0,0,0,0,0,0,0,0,0,0,0,0,0,0,0,0,0,0,0,0,0,0,0,0,0,0,0,0,0,0,0,0,0,0,0,0,0,0,0,0,0,0,0,0,0,0,0,0,0,0,0,0,0,0,0,0,0,0,0,0,0,0,0,0,0,0,0,0,0,0,0,0,0,0,0,0,0,0,0,0,0,0,0,0,0,0,0,0,0,0,0,0,0,0,0,0,0,0,0,0,0,0,0,0,0,0,0,0,0,0,0,0,0,0,0,0,0,0,0,0,0,0,0,0,0,0,0,0,0,0,0,0,0,0,0,0,0,0,0,0,0,0,0,0,0,0,0,0,0,0,0,0,0,0,0,0,0,0,0,0,0,0,0,0,0,0,0,0,0,0,0,0,0
SRR5384579,PRJNA377739,COPD_Stable,0.239707748,0.003693597,0.130408245,0,0,0,0.177546648,0.041497542,0,0.014140801,0.002825285,0,0.010553542,0,0,0.000778313,0.003377233,0.002807346,0,0.001175924,0,0,0.005402059,0.007069047,0,0.00219289,0.001169452,0,0.002024467,0,0,0,0,0,0,0.00067687,0,0,0,0,0,0,0,0,0,0,0.006313776,0.00214884,0.004655897,0.001244632,0.001624753,0.0011829,0.000889706,0,0,0,0.001069921,0,0.000752836,0.00423854,0,0.000764113,0,0.000157518,0,0,0,0,0,0,0,0,0,0,0,0,0,0,0,0,0,0,0,0,0,0,0,0,0,0,0,0,0,0,0,0,0,0,0,0,0,0,0,0,0,0,0,0,0,0,0,0,0,0,0,0,0,0,0,0,0,0,0,0,0,0,0,0,0,0,0,0,0,0,0,0,0,0,0,0,0,0,0,0,0,0,0,0,0,0,0,0,0,0,0,0,0,0,0,0,0,0,0,0,0,0,0,0,0,0,0,0,0,0,0,0,0,0,0,0,0,0,0,0,0,0,0,0,0,0,0,0,0,0,0,0,0,0,0,0,0,0,0,0,0,0,0,0,0,0,0,0,0,0,0,0,0,0,0,0,0,0,0,0,0,0,0,0,0,0,0,0,0,0,0,0,0,0,0,0,0,0,0,0,0,0,0,0,0,0,0,0,0,0,0,0,0,0,0,0,0,0,0,0,0,0,0,0,0,0,0,0
SRR5384580,PRJNA377739,COPD_Stable,0.147798691,0.014136988,0.001954672,0,0,0,0.281324856,0.081475294,0.000294626,0.004737839,0.032317543,0.020269047,0.00404523,0,0,0.003720565,0.002673975,0.021173686,0.001074527,0.001041233,0,0,0.001927696,0.01751494,0,0.001788507,0,0,0,0.001129593,0,0,0.000396376,0,0,0.0016256,0,0,0,0.001170663,0,0,0,0,0,0,0.016785119,0.035256779,0.018229892,0,0.016879792,0.000164827,0.010291711,0.000350929,0,0.001155163,0.000188191,0,0,0,0,0,0,0.003997478,0,0,0,0.001714051,0,0.002752305,0.000308102,0,0,0,0,0,0,0,0,0,0,0,0,0,0,0,0,0,0,0,0,0,0,0,0,0,0,0,0,0,0,0,0,0,0,0,0,0,0,0,0,0,0,0,0,0,0,0,0,0,0,0,0,0,0,0,0,0,0,0,0,0,0,0,0,0,0,0,0,0,0,0,0,0,0,0,0,0,0,0,0,0,0,0,0,0,0,0,0,0,0,0,0,0,0,0,0,0,0,0,0,0,0,0,0,0,0,0,0,0,0,0,0,0,0,0,0,0,0,0,0,0,0,0,0,0,0,0,0,0,0,0,0,0,0,0,0,0,0,0,0,0,0,0,0,0,0,0,0,0,0,0,0,0,0,0,0,0,0,0,0,0,0,0,0,0,0,0,0,0,0,0,0,0,0,0,0,0,0,0,0,0,0,0,0,0,0,0,0,0,0,0,0,0,0,0,0,0,0,0,0,0
SRR5384581,PRJNA377739,COPD_Stable,0.966900246,0.000221371,0.000766359,0,0,0,0.015070117,0,0,0.002473315,0,0,0.000738925,0,0,0,0,0,0,0,0,0,0.000376813,0,0,0,0,0,0,0,0,0,0,0,0.000106021,0,0,0,0,0,0,0,0,0,0,0,0,0,0,0,0,0,0,0,3.57E-05,0,7.96E-05,0,0,0,0,0,0,0,0,0,0,0,0,0,0,0,0,0,0,0,0,0,0,0,0,0,0,0,0,0,0,0,0,0,0,0,0,0,0,0,0,0,0,0,0,0,0,0,0,0,0,0,0,0,0,0,0,0,0,0,0,0,0,0,0,0,0,0,0,0,0,0,0,0,0,0,0,0,0,0,0,0,0,0,0,0,0,0,0,0,0,0,0,0,0,0,0,0,0,0,0,0,0,0,0,0,0,0,0,0,0,0,0,0,0,0,0,0,0,0,0,0,0,0,0,0,0,0,0,0,0,0,0,0,0,0,0,0,0,0,0,0,0,0,0,0,0,0,0,0,0,0,0,0,0,0,0,0,0,0,0,0,0,0,0,0,0,0,0,0,0,0,0,0,0,0,0,0,0,0,0,0,0,0,0,0,0,0,0,0,0,0,0,0,0,0,0,0,0,0,0,0,0,0,0,0,0,0,0,0,0,0,0,0,0,0
SRR5384582,PRJNA377739,COPD_Stable,0.081721403,0.006822511,0,0,0,0,0.279499983,0.239496046,0,0.000584633,0.008063466,0,0.000874997,0,0,0.001876654,0,0.020368807,0.001172414,0,0,0,0,0.03585444,0,0,0,0,0.00119813,0,0,0,0,0,0,0,0,0,0,0.000293935,0,0,0,0,0,0.00012217,0.033117469,0.013135561,0,0,0.000825623,0,0.001807256,0,0,0.003606236,0,0,0,0,0.001238837,0.000110781,0,0,0,0,0,0,0,0.000429403,0,0,0,0,0,0,0,0,0,0,0,0,0,0,0,0,0,0,0,0,0,0,0,0,0,0,0,0,0,0,0,0,0,0,0,0,0,0,0,0,0,0,0,0,0,0,0,0,0,0,0,0,0,0,0,0,0,0,0,0,0,0,0,0,0,0,0,0,0,0,0,0,0,0,0,0,0,0,0,0,0,0,0,0,0,0,0,0,0,0,0,0,0,0,0,0,0,0,0,0,0,0,0,0,0,0,0,0,0,0,0,0,0,0,0,0,0,0,0,0,0,0,0,0,0,0,0,0,0,0,0,0,0,0,0,0,0,0,0,0,0,0,0,0,0,0,0,0,0,0,0,0,0,0,0,0,0,0,0,0,0,0,0,0,0,0,0,0,0,0,0,0,0,0,0,0,0,0,0,0,0,0,0,0,0,0,0,0,0,0,0,0,0,0,0,0,0,0,0,0,0,0
SRR5384583,PRJNA377739,COPD_Stable,0.313702802,0.001610334,0.002429585,0,0,0,0.453823457,0.016205242,0,0.069881503,0.001742276,0,0.020257645,0,0,0,0,0,0,0.001993954,0,0,0.002194033,0.000179247,0,0.000300529,0,0,0.000181253,0.001871293,0,0,0.000265216,0,0,0,0,0,0,0,0,0,0,0,0,0,0.002615865,0,0.000993145,0,0.00012584,0.001387244,0,0.00206275,0,0,0.000783612,0,0,0,0,0,0,0,0,0,0,0,0.001477788,0.000175756,0,0,0,0,0,0,0,0,0,0,0,0,0,0,0,0,0,0,0,0,0,0,0,0,0,0,0,0,0,0,0,0,0,0,0,0,0,0,0,0,0,0,0,0,0,0,0,0,0,0,0,0,0,0,0,0,0,0,0,0,0,0,0,0,0,0,0,0,0,0,0,0,0,0,0,0,0,0,0,0,0,0,0,0,0,0,0,0,0,0,0,0,0,0,0,0,0,0,0,0,0,0,0,0,0,0,0,0,0,0,0,0,0,0,0,0,0,0,0,0,0,0,0,0,0,0,0,0,0,0,0,0,0,0,0,0,0,0,0,0,0,0,0,0,0,0,0,0,0,0,0,0,0,0,0,0,0,0,0,0,0,0,0,0,0,0,0,0,0,0,0,0,0,0,0,0,0,0,0,0,0,0,0,0,0,0,0,0,0,0,0,0,0,0,0,0,0,0,0,0,0,0
SRR5384584,PRJNA377739,COPD_Stable,0.27610029,0.006264515,0.003446933,0,0,0,0.264517681,0.200915432,0,0.009531543,0.003723062,0.000822761,0.001613166,0,0,0.003167673,0,0,0,0.008700543,0,0,0,0.000689257,0,0.000896656,0,0,0,0,0,0,0,0,0.000958541,0,0,0,0,0,0,0,0,0,0,0,0.000300276,0,0,0,0,0.003712437,0.00098412,0.000600983,0.000588725,0.000144079,0.000795601,0,0,0,0,0,0,0,0,0,0.001024868,0,0,0,0,0,0,0,0,0,0,0,0,0,0,0,0,0,0,0,0,0,0,0,0,0,0,0,0,0,0,0,0,0,0,0,0,0,0,0,0,0,0,0,0,0,0,0,0,0,0,0,0,0,0,0,0,0,0,0,0,0,0,0,0,0,0,0,0,0,0,0,0,0,0,0,0,0,0,0,0,0,0,0,0,0,0,0,0,0,0,0,0,0,0,0,0,0,0,0,0,0,0,0,0,0,0,0,0,0,0,0,0,0,0,0,0,0,0,0,0,0,0,0,0,0,0,0,0,0,0,0,0,0,0,0,0,0,0,0,0,0,0,0,0,0,0,0,0,0,0,0,0,0,0,0,0,0,0,0,0,0,0,0,0,0,0,0,0,0,0,0,0,0,0,0,0,0,0,0,0,0,0,0,0,0,0,0,0,0,0,0,0,0,0,0,0,0,0,0,0,0,0,0,0,0
SRR5384585,PRJNA377739,COPD_Stable,0.106091732,0.017968512,0.034474911,0,0,0,0.374904639,0.223029639,0,0.015580945,0,0.006231583,0.004307696,0,0,0.000652531,0.001277079,0,0.00177583,0.005396085,0,0.001780879,0.003768669,0.000169087,0,0.003147265,0,0,0.002497488,0.000601953,0,0,0.004305464,0,0,0,0,0,0.000604116,0,0,0,0,0,0,0,0.005048407,0,0.002879457,0,0,0.000619588,0,0,0.000947302,0.001532495,0,0,0,0,0.000400236,0,0.000341162,0,0,0,0,0,0,0,0,0,0,0,0,0,0,0,0,0,0,0,0,0,0,0,0,0,0,0,0,0,0,0,0,0,0,0,0,0,0,0,0,0,0,0,0,0,0,0,0,0,0,0,0,0,0,0,0,0,0,0,0,0,0,0,0,0,0,0,0,0,0,0,0,0,0,0,0,0,0,0,0,0,0,0,0,0,0,0,0,0,0,0,0,0,0,0,0,0,0,0,0,0,0,0,0,0,0,0,0,0,0,0,0,0,0,0,0,0,0,0,0,0,0,0,0,0,0,0,0,0,0,0,0,0,0,0,0,0,0,0,0,0,0,0,0,0,0,0,0,0,0,0,0,0,0,0,0,0,0,0,0,0,0,0,0,0,0,0,0,0,0,0,0,0,0,0,0,0,0,0,0,0,0,0,0,0,0,0,0,0,0,0,0,0,0,0,0,0,0,0,0,0,0,0,0,0,0,0,0,0
SRR5384586,PRJNA377739,COPD_Stable,0.671063145,0.005823486,0.014596957,0,0,0,0.05543862,0.016982843,0,0.036343354,0,0,0.042530854,0,0,0,0,0.000437659,0,0,0,0,0,0.000456629,0,0,0,0,0.002370117,0,0.000791172,0,0,0,0.002567755,0.00093911,0,0,0,0,0,0,0,0,0,0,0,0,0,0,0.003497271,0.006148427,0.000728841,0.001876466,0.009066206,0,0.003920067,0,0,0,0,0,0,0,0,0,0,0,0,0,0,0,0,0,0,0,0,0,0,0,0,0,0,0,0,0,0,0,0,0,0,0,0,0,0,0,0,0,0,0,0,0,0,0,0,0,0,0,0,0,0,0,0,0,0,0,0,0,0,0,0,0,0,0,0,0,0,0,0,0,0,0,0,0,0,0,0,0,0,0,0,0,0,0,0,0,0,0,0,0,0,0,0,0,0,0,0,0,0,0,0,0,0,0,0,0,0,0,0,0,0,0,0,0,0,0,0,0,0,0,0,0,0,0,0,0,0,0,0,0,0,0,0,0,0,0,0,0,0,0,0,0,0,0,0,0,0,0,0,0,0,0,0,0,0,0,0,0,0,0,0,0,0,0,0,0,0,0,0,0,0,0,0,0,0,0,0,0,0,0,0,0,0,0,0,0,0,0,0,0,0,0,0,0,0,0,0,0,0,0,0,0,0,0,0,0,0,0,0,0,0,0
SRR5384587,PRJNA377739,COPD_Stable,0.21185036,0.027868428,0.000179108,0,0,0,0.286528839,0.133334434,0,0.002988587,0.004132963,0.005895283,0.002751935,0,0,0.003256166,0.003649665,0.006783242,0.002306498,0.005255925,0,0,0.006203639,0.016832573,0,0.003909295,0,0,0.003185929,0,0,0,0,0,0,0,0,0,0.000583111,0,0,0,0,0,0,0,0.006872884,0.001377346,0.003940789,0,0.000147802,0.000531152,0.00042313,0,0,0.000324765,0,0,0,0,0.000445719,0,0.00033073,0,0,0,0,0.000570248,0,0,9.85E-05,0,0,0,0,0,0,0,0,0,0,0,0,0,0,0,0,0,0,0,0,0,0,0,0,0,0,0,0,0,0,0,0,0,0,0,0,0,0,0,0,0,0,0,0,0,0,0,0,0,0,0,0,0,0,0,0,0,0,0,0,0,0,0,0,0,0,0,0,0,0,0,0,0,0,0,0,0,0,0,0,0,0,0,0,0,0,0,0,0,0,0,0,0,0,0,0,0,0,0,0,0,0,0,0,0,0,0,0,0,0,0,0,0,0,0,0,0,0,0,0,0,0,0,0,0,0,0,0,0,0,0,0,0,0,0,0,0,0,0,0,0,0,0,0,0,0,0,0,0,0,0,0,0,0,0,0,0,0,0,0,0,0,0,0,0,0,0,0,0,0,0,0,0,0,0,0,0,0,0,0,0,0,0,0,0,0,0,0,0,0,0,0,0,0,0,0,0,0,0,0,0
SRR5384588,PRJNA377739,COPD_Stable,0.015859705,0.000838384,0.000157524,0,0,0,0.035459394,0.007384943,0,0.003306388,0,0,0.000461768,0,0,0,0.000198641,0,0,0,0,0,0,0.001349636,0,0,0,0,0,0,0,0,0,0,0,0,0,0,0,0,0,0,0,0,0,0,0.000869074,0,0.000237255,0,0,0,0,0,0,0.000102323,0,0,0.000149534,0,0,0,0,0,0,0,0,0,0,0,0,0,0,0,0,0,0,0,0,0,0,0,0,0,0,0,0,0,0,0,0,0,0,0,0,0,0,0,0,0,0,0,0,0,0,0,0,0,0,0,0,0,0,0,0,0,0,0,0,0,0,0,0,0,0,0,0,0,0,0,0,0,0,0,0,0,0,0,0,0,0,0,0,0,0,0,0,0,0,0,0,0,0,0,0,0,0,0,0,0,0,0,0,0,0,0,0,0,0,0,0,0,0,0,0,0,0,0,0,0,0,0,0,0,0,0,0,0,0,0,0,0,0,0,0,0,0,0,0,0,0,0,0,0,0,0,0,0,0,0,0,0,0,0,0,0,0,0,0,0,0,0,0,0,0,0,0,0,0,0,0,0,0,0,0,0,0,0,0,0,0,0,0,0,0,0,0,0,0,0,0,0,0,0,0,0,0,0,0,0,0,0,0,0,0,0,0,0,0,0,0,0
SRR5384589,PRJNA377739,COPD_Stable,0.288675883,0.040039078,0.000132854,0,0,0,0.213401311,0.116410095,0,0.015448761,0.009783461,0.007510716,0.061555352,0,0,0.00361832,0.007722826,0,0.004995833,0,0,0,0.004976496,0.022501273,0,0.00031585,0,0,0.006796775,0,0,0,0,0,0,0,0,0,0.008550622,0,0,0,0,0,0,0,0.007892043,0,0,0,0,0,0,0,0,0.000129459,0,0,0,0,0.001162026,0,0.000271006,0,0,0,0,0,0,0,0,0,0,0,0,0,0,0,0,0,0,0,0,0,0,0,0,0,0,0,0,0,0,0,0,0,0,0,0,0,0,0,0,0,0,0,0,0,0,0,0,0,0,0,0,0,0,0,0,0,0,0,0,0,0,0,0,0,0,0,0,0,0,0,0,0,0,0,0,0,0,0,0,0,0,0,0,0,0,0,0,0,0,0,0,0,0,0,0,0,0,0,0,0,0,0,0,0,0,0,0,0,0,0,0,0,0,0,0,0,0,0,0,0,0,0,0,0,0,0,0,0,0,0,0,0,0,0,0,0,0,0,0,0,0,0,0,0,0,0,0,0,0,0,0,0,0,0,0,0,0,0,0,0,0,0,0,0,0,0,0,0,0,0,0,0,0,0,0,0,0,0,0,0,0,0,0,0,0,0,0,0,0,0,0,0,0,0,0,0,0,0,0,0,0,0,0,0,0,0,0,0
SRR5384590,PRJNA377739,COPD_Stable,0.01406392,0.00047173,0.000351658,0,0,0,0.052045551,0.010086376,0,0.000365268,0,0,0,0,0,0.000151289,0,0,0,0,0,0,0,0,0,0,0,0,0,0,0,0,0,0,0,0,0,0,0,0,0,0,0,0,0,0,0,0,0,0,0,0,0.000133357,0.000163686,0,0,0,0,0,0,0,0,0,0,0,0,0,0,0,0,0,0,0,0,0,0,0,0,0,0,0,0,0,0,0,0,0,0,0,0,0,0,0,0,0,0,0,0,0,0,0,0,0,0,0,0,0,0,0,0,0,0,0,0,0,0,0,0,0,0,0,0,0,0,0,0,0,0,0,0,0,0,0,0,0,0,0,0,0,0,0,0,0,0,0,0,0,0,0,0,0,0,0,0,0,0,0,0,0,0,0,0,0,0,0,0,0,0,0,0,0,0,0,0,0,0,0,0,0,0,0,0,0,0,0,0,0,0,0,0,0,0,0,0,0,0,0,0,0,0,0,0,0,0,0,0,0,0,0,0,0,0,0,0,0,0,0,0,0,0,0,0,0,0,0,0,0,0,0,0,0,0,0,0,0,0,0,0,0,0,0,0,0,0,0,0,0,0,0,0,0,0,0,0,0,0,0,0,0,0,0,0,0,0,0,0,0,0,0,0,0,0
SRR5384591,PRJNA377739,COPD_Stable,0.114165633,0.033553348,0.000288054,0,0,0,0.431341214,0.165321865,0,0.019264476,0,0,0.000961653,0,0,0.009275966,0,0,0,0,0,0,0,0,0,0,0,0,0.010197659,0,0,0,0,0,0,0,0,0,0,0,0,0,0,0,0,0,0.031101342,0,0,0,0,0,0,0,0,0,0,0,0,0,0,0,0,0,0,0,0,0,0,0,0,0,0,0,0,0,0,0,0,0,0,0,0,0,0,0,0,0,0,0,0,0,0,0,0,0,0,0,0,0,0,0,0,0,0,0,0,0,0,0,0,0,0,0,0,0,0,0,0,0,0,0,0,0,0,0,0,0,0,0,0,0,0,0,0,0,0,0,0,0,0,0,0,0,0,0,0,0,0,0,0,0,0,0,0,0,0,0,0,0,0,0,0,0,0,0,0,0,0,0,0,0,0,0,0,0,0,0,0,0,0,0,0,0,0,0,0,0,0,0,0,0,0,0,0,0,0,0,0,0,0,0,0,0,0,0,0,0,0,0,0,0,0,0,0,0,0,0,0,0,0,0,0,0,0,0,0,0,0,0,0,0,0,0,0,0,0,0,0,0,0,0,0,0,0,0,0,0,0,0,0,0,0,0,0,0,0,0,0,0,0,0,0,0,0,0,0,0,0,0,0,0
SRR5384592,PRJNA377739,COPD_Stable,0.265557865,0.012308756,0.061865513,0,0,0,0.254300434,0.034666876,0.005153576,0.0292057,0.005915561,0.00564979,0.01047729,0,0,0,0.001035151,0.002432083,0.000501417,0.004887685,0,0.000980628,0.003115952,0.006522842,0,0.001195182,0.000146817,0,0,0.000344011,0,0,0.000501157,0,0.003398546,0,0,0,0,0,0,0,0,0,0,0,0.00407672,0.001722351,0.000481838,0.001664811,0.001272982,0.001461991,0,0,0.000162142,0.000818233,0,0,0,0,0.000561537,0,0,0,0,0,0.000927468,0,0.000422348,0,0,0,0,0,0,0,0,0,0,0,0,0,0,0,0,0,0,0,0,0,0,0,0,0,0,0,0,0,0,0,0,0,0,0,0,0,0,0,0,0,0,0,0,0,0,0,0,0,0,0,0,0,0,0,0,0,0,0,0,0,0,0,0,0,0,0,0,0,0,0,0,0,0,0,0,0,0,0,0,0,0,0,0,0,0,0,0,0,0,0,0,0,0,0,0,0,0,0,0,0,0,0,0,0,0,0,0,0,0,0,0,0,0,0,0,0,0,0,0,0,0,0,0,0,0,0,0,0,0,0,0,0,0,0,0,0,0,0,0,0,0,0,0,0,0,0,0,0,0,0,0,0,0,0,0,0,0,0,0,0,0,0,0,0,0,0,0,0,0,0,0,0,0,0,0,0,0,0,0,0,0,0,0,0,0,0,0,0,0,0,0,0,0,0,0,0,0,0,0,0,0,0
SRR5384593,PRJNA377739,COPD_Stable,0.751386055,0.01079718,0.000195609,0,0,0,0.111418158,0.001298532,0,0.006285305,0.003819213,0.002932146,0.004070436,0,0,0.000583233,0.002489997,0,0.002467632,0,0,0,0.020287818,0.007246247,0,0.001373032,0,0,0.001774093,9.15E-05,0,0,0,0,0,0,0,0,0.002871794,0,0,0,0,0,0,0,0.011095947,0,0.001568509,0,0,5.61E-05,0,0.000105233,0.000332352,0.000192247,0,0,0,0,0.000539577,0,0,0,0,0.000198039,0,0,0,0,0,0,0,0,0,0,0,0,0,0,0,0,0,0,0,0,0,0,0,0,0,0,0,0,0,0,0,0,0,0,0,0,0,0,0,0,0,0,0,0,0,0,0,0,0,0,0,0,0,0,0,0,0,0,0,0,0,0,0,0,0,0,0,0,0,0,0,0,0,0,0,0,0,0,0,0,0,0,0,0,0,0,0,0,0,0,0,0,0,0,0,0,0,0,0,0,0,0,0,0,0,0,0,0,0,0,0,0,0,0,0,0,0,0,0,0,0,0,0,0,0,0,0,0,0,0,0,0,0,0,0,0,0,0,0,0,0,0,0,0,0,0,0,0,0,0,0,0,0,0,0,0,0,0,0,0,0,0,0,0,0,0,0,0,0,0,0,0,0,0,0,0,0,0,0,0,0,0,0,0,0,0,0,0,0,0,0,0,0,0,0,0,0,0,0,0,0,0,0,0,0,0
SRR5384594,PRJNA377739,COPD_Stable,0.011300906,0,0,0,0,0,0.003384186,0.000532424,0,0.001131874,0,0,0,0,0,0,0,0,0,0,0,0,0.000130986,0,0,0,0,0,0,0,0,0,7.98E-05,0,0,0,0,0,0,0,0,0,0,0,0,0,0,0,0,0,0,0,0,0,0,0,5.59E-05,0,0,0,0,0,0,0,0,9.34E-05,0,0,0,0,0,0,0,0,0,0,0,0,0,0,0,0,0,0,0,0,0,0,0,0,0,0,0,0,0,0,0,0,0,0,0,0,0,0,0,0,0,0,0,0,0,0,0,0,0,0,0,0,0,0,0,0,0,0,0,0,0,0,0,0,0,0,0,0,0,0,0,0,0,0,0,0,0,0,0,0,0,0,0,0,0,0,0,0,0,0,0,0,0,0,0,0,0,0,0,0,0,0,0,0,0,0,0,0,0,0,0,0,0,0,0,0,0,0,0,0,0,0,0,0,0,0,0,0,0,0,0,0,0,0,0,0,0,0,0,0,0,0,0,0,0,0,0,0,0,0,0,0,0,0,0,0,0,0,0,0,0,0,0,0,0,0,0,0,0,0,0,0,0,0,0,0,0,0,0,0,0,0,0,0,0,0,0,0,0,0,0,0,0,0,0,0,0,0,0,0,0,0,0,0,0,0
SRR5384595,PRJNA377739,COPD_Stable,0.64798788,0,0.001906351,0,0,0,0.311577504,0,0,0.006622821,0,0,0.000501281,0,0,0,0,0,0,0,0,0,0.000557903,0,0,0,0,0,0,0,0.000278285,0,0,0,0,0,0,0,0,0,0,0,0,0,0,0,0,0.00096374,0.000542577,0,0,0.000992138,0,0.001686387,0.000347226,0,0.001023772,0,0,0,0,0,0,0,0,0,0,0,0,0,0,0,0,0,0,0,0,0,0,0,0,0,0,0,0,0,0,0,0,0,0,0,0,0,0,0,0,0,0,0,0,0,0,0,0,0,0,0,0,0,0,0,0,0,0,0,0,0,0,0,0,0,0,0,0,0,0,0,0,0,0,0,0,0,0,0,0,0,0,0,0,0,0,0,0,0,0,0,0,0,0,0,0,0,0,0,0,0,0,0,0,0,0,0,0,0,0,0,0,0,0,0,0,0,0,0,0,0,0,0,0,0,0,0,0,0,0,0,0,0,0,0,0,0,0,0,0,0,0,0,0,0,0,0,0,0,0,0,0,0,0,0,0,0,0,0,0,0,0,0,0,0,0,0,0,0,0,0,0,0,0,0,0,0,0,0,0,0,0,0,0,0,0,0,0,0,0,0,0,0,0,0,0,0,0,0,0,0,0,0,0,0,0,0,0,0,0,0,0,0,0,0
SRR5384596,PRJNA377739,COPD_Stable,0.111766164,0,0,0,0,0,0.557843111,0.032849687,0,0.007673236,0.064260226,0,0,0,0,0,0,0,0,0,0,0,0.000808007,0,0,0,0,0,0,0,0,0,0.003261624,0,0,0.001474227,0,0,0,0,0,0,0,0,0,0,0.00132099,0.000155166,0,0,0,0.002193592,0,0,0.001313487,0.009265166,0,0,0,0,0,0,0,0,0,0,0,0,0.000186754,0,0,0,0,0,0,0,0,0,0,0,0,0,0,0,0,0,0,0,0,0,0,0,0,0,0,0,0,0,0,0,0,0,0,0,0,0,0,0,0,0,0,0,0,0,0,0,0,0,0,0,0,0,0,0,0,0,0,0,0,0,0,0,0,0,0,0,0,0,0,0,0,0,0,0,0,0,0,0,0,0,0,0,0,0,0,0,0,0,0,0,0,0,0,0,0,0,0,0,0,0,0,0,0,0,0,0,0,0,0,0,0,0,0,0,0,0,0,0,0,0,0,0,0,0,0,0,0,0,0,0,0,0,0,0,0,0,0,0,0,0,0,0,0,0,0,0,0,0,0,0,0,0,0,0,0,0,0,0,0,0,0,0,0,0,0,0,0,0,0,0,0,0,0,0,0,0,0,0,0,0,0,0,0,0,0,0,0,0,0,0,0,0,0,0,0,0,0,0,0,0,0,0
SRR5384597,PRJNA377739,COPD_Stable,0.147427952,0.013544276,0,0,0,0,0.264594887,0.065719575,0,0.000955398,0.022110185,0.012674898,0.007953952,0,0,0.003376632,0.001531347,0.019273367,0.002517821,0.002692224,0,0,0.007564439,0.032386703,0,0.000929806,0,0,0.000801049,0.001424302,0,0,0,0,0,0,0,0,0.001197068,0.00110219,0,0,0,0,0,0,0.006247844,0.007679714,0.005476702,0,0.000314946,0,0.010163949,0,0,0.002252116,8.45E-05,0,0,0,0,0,0.000207722,0.003873662,0,0,0,0.004988009,0,0,0.000192613,0,0,0,0,0,0,0,0,0,0,0,0,0,0,0,0,0,0,0,0,0,0,0,0,0,0,0,0,0,0,0,0,0,0,0,0,0,0,0,0,0,0,0,0,0,0,0,0,0,0,0,0,0,0,0,0,0,0,0,0,0,0,0,0,0,0,0,0,0,0,0,0,0,0,0,0,0,0,0,0,0,0,0,0,0,0,0,0,0,0,0,0,0,0,0,0,0,0,0,0,0,0,0,0,0,0,0,0,0,0,0,0,0,0,0,0,0,0,0,0,0,0,0,0,0,0,0,0,0,0,0,0,0,0,0,0,0,0,0,0,0,0,0,0,0,0,0,0,0,0,0,0,0,0,0,0,0,0,0,0,0,0,0,0,0,0,0,0,0,0,0,0,0,0,0,0,0,0,0,0,0,0,0,0,0,0,0,0,0,0,0,0,0,0,0,0,0,0,0,0,0
SRR5384598,PRJNA377739,COPD_Stable,0.224927144,0.019302088,0.000851832,0,0,0,0.310855006,0.00963338,0,0.041517973,0.132252348,0,0.025850087,0,0,0.000621175,0.00127819,0.001335002,0,0,0,0,0.008827576,0,0,0.006608039,0,0,0.002133692,0.002075783,0,0,0,0,0,0,0,0,0.004411313,0.004414761,0,0,0,0,0,0.001774254,0.000674556,0.003563615,0.031318704,0,0.030784894,0.00033216,0.008139133,0,0.000154957,0.017570571,0,0,0,0,0,0.000227911,6.73E-05,0,0,0.007297848,0,0,0,0.000832599,0,0,0,0,0,0,0,0,0,0,0,0,0,0,0,0,0,0,0,0,0,0,0,0,0,0,0,0,0,0,0,0,0,0,0,0,0,0,0,0,0,0,0,0,0,0,0,0,0,0,0,0,0,0,0,0,0,0,0,0,0,0,0,0,0,0,0,0,0,0,0,0,0,0,0,0,0,0,0,0,0,0,0,0,0,0,0,0,0,0,0,0,0,0,0,0,0,0,0,0,0,0,0,0,0,0,0,0,0,0,0,0,0,0,0,0,0,0,0,0,0,0,0,0,0,0,0,0,0,0,0,0,0,0,0,0,0,0,0,0,0,0,0,0,0,0,0,0,0,0,0,0,0,0,0,0,0,0,0,0,0,0,0,0,0,0,0,0,0,0,0,0,0,0,0,0,0,0,0,0,0,0,0,0,0,0,0,0,0,0,0,0,0,0,0,0,0,0,0,0,0,0
SRR5384599,PRJNA377739,COPD_Stable,0.283665134,0.013502295,0.000391735,0,0,0,0.118818514,0.001905965,0,0.019025224,0.019974482,0,0.026991115,0,0,0.003574996,0.007800795,0.015598105,0.004301528,0,0,0.000647992,0.035826543,0,0,0.037409231,0.000898696,0,0.002094638,0.005690647,0,0,0,0,0,0,0,0,0.003054115,0.000126191,0,0,0,0,0,0.000225428,0.047526231,0.001694299,0.010782295,0,0,0.000420264,0.000367528,0,0.000685111,0.000836084,0.000634326,0,0,0,0.002906702,0,0.001355603,0,0,0,0,0,0,0,0,0,0,0,0,0,0,0,0,0,0,0,0,0,0,0,0,0,0,0,0,0,0,0,0,0,0,0,0,0,0,0,0,0,0,0,0,0,0,0,0,0,0,0,0,0,0,0,0,0,0,0,0,0,0,0,0,0,0,0,0,0,0,0,0,0,0,0,0,0,0,0,0,0,0,0,0,0,0,0,0,0,0,0,0,0,0,0,0,0,0,0,0,0,0,0,0,0,0,0,0,0,0,0,0,0,0,0,0,0,0,0,0,0,0,0,0,0,0,0,0,0,0,0,0,0,0,0,0,0,0,0,0,0,0,0,0,0,0,0,0,0,0,0,0,0,0,0,0,0,0,0,0,0,0,0,0,0,0,0,0,0,0,0,0,0,0,0,0,0,0,0,0,0,0,0,0,0,0,0,0,0,0,0,0,0,0,0,0,0,0,0,0,0,0,0,0,0,0,0,0,0
SRR5384600,PRJNA377739,COPD_Stable,0.270350885,0.016483434,0.000267433,0,0,0,0.225856902,0.093231385,0,0.033795449,0.017784828,0.006736692,0.024322375,0,0,0.001843064,0.005254792,0.005122122,0.005656571,0.010271186,0,0,0.00562213,0.08300016,0,0.003173423,0,0,0.007022323,0,0,0,0,0,0,0,0,0,0.001463071,0,0,0,0,0,0,0,0.027509865,0,0.000213578,0,0.00014573,0,0,0,0,0,0,0,0,0,0.004500482,0,0.000417163,0,0,0,0,0.000738556,0,0,0,0,0,0,0,0,0,0,0,0,0,0,0,0,0,0,0,0,0,0,0,0,0,0,0,0,0,0,0,0,0,0,0,0,0,0,0,0,0,0,0,0,0,0,0,0,0,0,0,0,0,0,0,0,0,0,0,0,0,0,0,0,0,0,0,0,0,0,0,0,0,0,0,0,0,0,0,0,0,0,0,0,0,0,0,0,0,0,0,0,0,0,0,0,0,0,0,0,0,0,0,0,0,0,0,0,0,0,0,0,0,0,0,0,0,0,0,0,0,0,0,0,0,0,0,0,0,0,0,0,0,0,0,0,0,0,0,0,0,0,0,0,0,0,0,0,0,0,0,0,0,0,0,0,0,0,0,0,0,0,0,0,0,0,0,0,0,0,0,0,0,0,0,0,0,0,0,0,0,0,0,0,0,0,0,0,0,0,0,0,0,0,0,0,0,0,0,0,0,0,0,0
SRR5384601,PRJNA377739,COPD_Stable,0.418552759,0.014227981,0.000467829,0,0,0,0.182680848,0.069661128,0,0.007305376,0,0,0.00099183,0,0,0.000383411,0.000180591,0,0,0,0,0,0,0,0,0.000615813,0,0,0.001156376,0,0,0,0,0,0.000888847,0,0,0,0,0,0,0,0,0,0,0,0,0,0.000293859,0,0,0.000462582,0,0.000631077,0.000223574,0,0,0.007305832,0,0,0,0,0.000103691,0,0,0,0,0,0,0,0,0,0,0,0,0,0,0,0,0,0,0,0,0,0,0,0,0,0,0,0,0,0,0,0,0,0,0,0,0,0,0,0,0,0,0,0,0,0,0,0,0,0,0,0,0,0,0,0,0,0,0,0,0,0,0,0,0,0,0,0,0,0,0,0,0,0,0,0,0,0,0,0,0,0,0,0,0,0,0,0,0,0,0,0,0,0,0,0,0,0,0,0,0,0,0,0,0,0,0,0,0,0,0,0,0,0,0,0,0,0,0,0,0,0,0,0,0,0,0,0,0,0,0,0,0,0,0,0,0,0,0,0,0,0,0,0,0,0,0,0,0,0,0,0,0,0,0,0,0,0,0,0,0,0,0,0,0,0,0,0,0,0,0,0,0,0,0,0,0,0,0,0,0,0,0,0,0,0,0,0,0,0,0,0,0,0,0,0,0,0,0,0,0,0,0,0,0,0,0,0,0
SRR5384602,PRJNA377739,COPD_Stable,0.403286611,0,0.007785407,0,0,0,0.226195027,0.010998965,0,0.005130868,0,0,0.003596931,0,0,0,0,0.007137996,0,0,0,0,0.004681868,0,0,0.000340924,0,0,0,0,0,0,0,0,0.001498381,0.002423199,0,0,0,0,0,0,0,0,0,0,0,0,0,0,0,0.000347768,0,0.005057876,0,0,0,0.004784679,0,0,0,0,0,0,0,0,0,0,0.00258759,0,0,0,0,0,0,0,0,0,0,0,0,0,0,0,0,0,0,0,0,0,0,0,0,0,0,0,0,0,0,0,0,0,0,0,0,0,0,0,0,0,0,0,0,0,0,0,0,0,0,0,0,0,0,0,0,0,0,0,0,0,0,0,0,0,0,0,0,0,0,0,0,0,0,0,0,0,0,0,0,0,0,0,0,0,0,0,0,0,0,0,0,0,0,0,0,0,0,0,0,0,0,0,0,0,0,0,0,0,0,0,0,0,0,0,0,0,0,0,0,0,0,0,0,0,0,0,0,0,0,0,0,0,0,0,0,0,0,0,0,0,0,0,0,0,0,0,0,0,0,0,0,0,0,0,0,0,0,0,0,0,0,0,0,0,0,0,0,0,0,0,0,0,0,0,0,0,0,0,0,0,0,0,0,0,0,0,0,0,0,0,0,0,0,0,0,0,0,0,0,0,0,0
SRR5384603,PRJNA377739,COPD_Stable,0.001598445,0,0,0,0,0,0.020473401,0.001748531,0,0.00030768,0,0,0,0,0,0,0,0,0,0,0,0,0,0,0,0.00017443,0,0,0,0,0,0,0,0,0,0,0,0,0,0,0,0,0,0,0,0,0,0,0,0,0,0,0,0,0,0,0,0,0,0,0,0,0,0,0,0,0,0,0,0,0,0,0,0,0,0,0,0,0,0,0,0,0,0,0,0,0,0,0,0,0,0,0,0,0,0,0,0,0,0,0,0,0,0,0,0,0,0,0,0,0,0,0,0,0,0,0,0,0,0,0,0,0,0,0,0,0,0,0,0,0,0,0,0,0,0,0,0,0,0,0,0,0,0,0,0,0,0,0,0,0,0,0,0,0,0,0,0,0,0,0,0,0,0,0,0,0,0,0,0,0,0,0,0,0,0,0,0,0,0,0,0,0,0,0,0,0,0,0,0,0,0,0,0,0,0,0,0,0,0,0,0,0,0,0,0,0,0,0,0,0,0,0,0,0,0,0,0,0,0,0,0,0,0,0,0,0,0,0,0,0,0,0,0,0,0,0,0,0,0,0,0,0,0,0,0,0,0,0,0,0,0,0,0,0,0,0,0,0,0,0,0,0,0,0,0,0,0,0,0,0,0
SRR5384604,PRJNA377739,COPD_Stable,0.41857269,0.014606686,0.000867625,0,0,0,0.383761131,0.004140816,0,0.066023504,0,0,0.020649318,0,0,0,0,0,0,0,0,0,0.003678264,0,0,0.000566957,0,0,0,0.025862237,0,0,0.004788392,0,0,0,0,0,0,0,0,0,0,0,0,0,0,0,0,0,0,0.000353836,0,0.001595807,0,0,0.00103401,0,0,0,0,0,0,0,0,0,0,0,0,0,0,0,0,0,0,0,0,0,0,0,0,0,0,0,0,0,0,0,0,0,0,0,0,0,0,0,0,0,0,0,0,0,0,0,0,0,0,0,0,0,0,0,0,0,0,0,0,0,0,0,0,0,0,0,0,0,0,0,0,0,0,0,0,0,0,0,0,0,0,0,0,0,0,0,0,0,0,0,0,0,0,0,0,0,0,0,0,0,0,0,0,0,0,0,0,0,0,0,0,0,0,0,0,0,0,0,0,0,0,0,0,0,0,0,0,0,0,0,0,0,0,0,0,0,0,0,0,0,0,0,0,0,0,0,0,0,0,0,0,0,0,0,0,0,0,0,0,0,0,0,0,0,0,0,0,0,0,0,0,0,0,0,0,0,0,0,0,0,0,0,0,0,0,0,0,0,0,0,0,0,0,0,0,0,0,0,0,0,0,0,0,0,0,0,0,0,0,0,0,0,0,0
SRR5384605,PRJNA377739,COPD_Stable,0.107194841,0.005038405,0,0,0,0,0.073552545,0.033879333,0.505946222,0.003851162,0.00761655,0.014873925,0.005584791,0,0,0.000427712,0.00201579,0.000244393,0.003865989,0.00357853,0,0.000429776,0.010951966,0.013313375,0,0.002353296,0,0,0.001377944,0.00148593,0,0,0,0,0,0,0,0,0,0,0,0,0,0,0,0,0.005067057,0.017273631,0.01174056,0,0,0,0.005924992,0,0,0,0,0,0,0,0.002886602,0.000662956,0,0.000831522,0,0.001010092,0,0,0,0.000507568,0,0,0,0,0,0,0,0,0,0,0,0,0,0,0,0,0,0,0,0,0,0,0,0,0,0,0,0,0,0,0,0,0,0,0,0,0,0,0,0,0,0,0,0,0,0,0,0,0,0,0,0,0,0,0,0,0,0,0,0,0,0,0,0,0,0,0,0,0,0,0,0,0,0,0,0,0,0,0,0,0,0,0,0,0,0,0,0,0,0,0,0,0,0,0,0,0,0,0,0,0,0,0,0,0,0,0,0,0,0,0,0,0,0,0,0,0,0,0,0,0,0,0,0,0,0,0,0,0,0,0,0,0,0,0,0,0,0,0,0,0,0,0,0,0,0,0,0,0,0,0,0,0,0,0,0,0,0,0,0,0,0,0,0,0,0,0,0,0,0,0,0,0,0,0,0,0,0,0,0,0,0,0,0,0,0,0,0,0,0,0,0,0,0,0,0,0,0,0,0,0,0
SRR5384606,PRJNA377739,COPD_Stable,0.466390931,0.001798093,0.00559351,0,0,0,0.062459226,0.003760364,0,0.023320329,0,0,0,0,0,0,0,0,0,0,0,0,0.001894485,0,0,0.000268705,0,0,0,0,0,0,0,0,0,0,0,0,0,0,0,0,0,0,0,0,0,0,0,0,0,0.007259597,0,0.008369673,0,0,0,0.007755683,0,0,0,0,0.002044977,0,0,0,0,0,0,0,0,0,0,0,0,0,0,0,0,0,0,0,0,0,0,0,0,0,0,0,0,0,0,0,0,0,0,0,0,0,0,0,0,0,0,0,0,0,0,0,0,0,0,0,0,0,0,0,0,0,0,0,0,0,0,0,0,0,0,0,0,0,0,0,0,0,0,0,0,0,0,0,0,0,0,0,0,0,0,0,0,0,0,0,0,0,0,0,0,0,0,0,0,0,0,0,0,0,0,0,0,0,0,0,0,0,0,0,0,0,0,0,0,0,0,0,0,0,0,0,0,0,0,0,0,0,0,0,0,0,0,0,0,0,0,0,0,0,0,0,0,0,0,0,0,0,0,0,0,0,0,0,0,0,0,0,0,0,0,0,0,0,0,0,0,0,0,0,0,0,0,0,0,0,0,0,0,0,0,0,0,0,0,0,0,0,0,0,0,0,0,0,0,0,0,0,0,0,0,0,0,0
SRR5384607,PRJNA377739,COPD_Stable,0.023524464,0.002285145,0.00158732,0,0,0,0.071701996,0.045975747,0,0.000674091,0.002005218,0.001246402,0.000792259,0,0,0.000366253,0.000739595,0.004256007,0.000399244,0.001231661,0,0,0.001942353,0.003346167,0,0,0,0,0.000212982,0.000216272,0,0,0,0,0,0,0,0,0.000474122,0,0,0,0,0,0,0,0.000924039,0.001064026,0.001090713,0,0.001038081,0.001044057,0.00039531,0.000353817,0,0.000364812,0,0,0,0,0,0,0,0,0,0.000391753,0,0,0,0,0,0,0,0,0,0,0,0,0,0,0,0,0,0,0,0,0,0,0,0,0,0,0,0,0,0,0,0,0,0,0,0,0,0,0,0,0,0,0,0,0,0,0,0,0,0,0,0,0,0,0,0,0,0,0,0,0,0,0,0,0,0,0,0,0,0,0,0,0,0,0,0,0,0,0,0,0,0,0,0,0,0,0,0,0,0,0,0,0,0,0,0,0,0,0,0,0,0,0,0,0,0,0,0,0,0,0,0,0,0,0,0,0,0,0,0,0,0,0,0,0,0,0,0,0,0,0,0,0,0,0,0,0,0,0,0,0,0,0,0,0,0,0,0,0,0,0,0,0,0,0,0,0,0,0,0,0,0,0,0,0,0,0,0,0,0,0,0,0,0,0,0,0,0,0,0,0,0,0,0,0,0,0,0,0,0,0,0,0,0,0,0,0,0,0,0,0,0,0,0,0,0
SRR5384608,PRJNA377739,COPD_Stable,0.19301671,0.01375559,0.003322219,0,0,0,0.174258205,0.013395894,0,0.06472661,0.009276588,0.002519134,0.011101992,0,0,0,0.000826366,0.006834293,0.001902706,0.022643197,0,0,0.023844628,0.005802403,0,0.015033985,0,0,0.001658037,0.003803433,0,0,0,0,0,0,0,0,0,0,0,0,0,0,0,0.000339503,0.000740306,0.001365848,0.010535432,0,0.002883294,0.006368203,0.005158094,0.002096736,0,0,0.005662077,0,0,0,0,0,0,0,0,0,0,0,0,0.001018349,0,0,0,0,0,0,0,0,0,0,0,0,0,0,0,0,0,0,0,0,0,0,0,0,0,0,0,0,0,0,0,0,0,0,0,0,0,0,0,0,0,0,0,0,0,0,0,0,0,0,0,0,0,0,0,0,0,0,0,0,0,0,0,0,0,0,0,0,0,0,0,0,0,0,0,0,0,0,0,0,0,0,0,0,0,0,0,0,0,0,0,0,0,0,0,0,0,0,0,0,0,0,0,0,0,0,0,0,0,0,0,0,0,0,0,0,0,0,0,0,0,0,0,0,0,0,0,0,0,0,0,0,0,0,0,0,0,0,0,0,0,0,0,0,0,0,0,0,0,0,0,0,0,0,0,0,0,0,0,0,0,0,0,0,0,0,0,0,0,0,0,0,0,0,0,0,0,0,0,0,0,0,0,0,0,0,0,0,0,0,0,0,0,0,0,0,0,0,0,0,0,0
SRR5384609,PRJNA377739,COPD_Stable,0.021089066,0.000433618,0.81355794,0,0,0,0.046050746,0.081179648,0,0.00170876,0.000368758,0,0,0,0,0.000813362,0,9.21E-05,0,0.000253202,0,0,0,0,0,0,0,0,0,0,0,0,0,0,0,0,0,0,0,0,0,0,0,0,0,0,6.38E-05,0,0,0,0,0.000245938,0.000869299,0,0,8.69E-05,0,0,0,0,0,0,0,0,0,0,0,0,0,8.86E-05,0,0,0,0,0,0,0,0,0,0,0,0,0,0,0,0,0,0,0,0,0,0,0,0,0,0,0,0,0,0,0,0,0,0,0,0,0,0,0,0,0,0,0,0,0,0,0,0,0,0,0,0,0,0,0,0,0,0,0,0,0,0,0,0,0,0,0,0,0,0,0,0,0,0,0,0,0,0,0,0,0,0,0,0,0,0,0,0,0,0,0,0,0,0,0,0,0,0,0,0,0,0,0,0,0,0,0,0,0,0,0,0,0,0,0,0,0,0,0,0,0,0,0,0,0,0,0,0,0,0,0,0,0,0,0,0,0,0,0,0,0,0,0,0,0,0,0,0,0,0,0,0,0,0,0,0,0,0,0,0,0,0,0,0,0,0,0,0,0,0,0,0,0,0,0,0,0,0,0,0,0,0,0,0,0,0,0,0,0,0,0,0,0,0,0,0,0,0,0,0,0,0
SRR5384610,PRJNA377739,COPD_Stable,0.027922726,0.011160121,0.51847372,0,0,0,0.036684123,0.000975757,0,0.005464889,0.004816319,0.001148065,0.004127193,0,0,0.000432555,0.000187234,0.000712625,0.001967352,0.00937111,0,0.000281276,0.008687758,0.005556281,0,0.002835154,0,0,0.001822935,0,0,0,0,0,0,0,0,0,0.00098199,0,0,0,0,0,0,0.000244774,0.001225282,0,0.000828973,7.77E-05,0.000161191,6.04E-05,0.000251907,0,6.03E-05,0.000176277,0,0,0,0,0.000892194,0,6.36E-05,0,0,0,0,0,0,0,0,0,0,0,0,0,0,0,0,0,0,0,0,0,0,0,0,0,0,0,0,0,0,0,0,0,0,0,0,0,0,0,0,0,0,0,0,0,0,0,0,0,0,0,0,0,0,0,0,0,0,0,0,0,0,0,0,0,0,0,0,0,0,0,0,0,0,0,0,0,0,0,0,0,0,0,0,0,0,0,0,0,0,0,0,0,0,0,0,0,0,0,0,0,0,0,0,0,0,0,0,0,0,0,0,0,0,0,0,0,0,0,0,0,0,0,0,0,0,0,0,0,0,0,0,0,0,0,0,0,0,0,0,0,0,0,0,0,0,0,0,0,0,0,0,0,0,0,0,0,0,0,0,0,0,0,0,0,0,0,0,0,0,0,0,0,0,0,0,0,0,0,0,0,0,0,0,0,0,0,0,0,0,0,0,0,0,0,0,0,0,0,0,0,0,0,0,0,0,0,0,0
SRR5384611,PRJNA377739,COPD_Stable,0.170064183,0.005034571,0.010277317,0,0,0,0.476706691,0.013324878,0,0.017531346,0.00058961,0,0.001319993,0,0,0,0,0.00161042,0,0.008622628,0,0,0.003031224,0,0,0,0.088812105,0,0.005762867,0,0.000409641,0,0,0,0,0,0,0,0,0,0,0,0,0,0,0,0,0,0,0,0,0.001857943,0,0,0,0,0.0017556,0,0.001801022,0.002237912,0,0,0,0,0,0,0,0,0,0,0,0,0,0,0,0,0,0,0,0,0,0,0,0,0,0,0,0,0,0,0,0,0,0,0,0,0,0,0,0,0,0,0,0,0,0,0,0,0,0,0,0,0,0,0,0,0,0,0,0,0,0,0,0,0,0,0,0,0,0,0,0,0,0,0,0,0,0,0,0,0,0,0,0,0,0,0,0,0,0,0,0,0,0,0,0,0,0,0,0,0,0,0,0,0,0,0,0,0,0,0,0,0,0,0,0,0,0,0,0,0,0,0,0,0,0,0,0,0,0,0,0,0,0,0,0,0,0,0,0,0,0,0,0,0,0,0,0,0,0,0,0,0,0,0,0,0,0,0,0,0,0,0,0,0,0,0,0,0,0,0,0,0,0,0,0,0,0,0,0,0,0,0,0,0,0,0,0,0,0,0,0,0,0,0,0,0,0,0,0,0,0,0,0,0,0,0,0,0,0,0,0
SRR5384612,PRJNA377739,COPD_Stable,0.102764048,0.008179518,0,0,0,0,0.092078967,0.208319056,0,0.008751357,0.046672133,0.084664617,0.007004105,0,0,0.000492014,0.000738299,0.069459396,0.000945551,0.000727803,0,0,0.002426674,0.00470283,0,0.001033073,0,0,0.002550329,0.001276132,0,0,0.000193221,0,0.000177591,0.000740758,0,0,0.001398548,0.003172677,0,0,0,0,0,0,0.001728194,0.02372676,0.002399426,0,0.019743518,0,0.026547581,0,0,0.007733713,0,0,0,0,0.000847381,0,6.92E-05,0.006621246,0,0.004853513,0,0,0,0.000587657,0,0,0,0,0,0,0,0,0,0,0,0,0,0,0,0,0,0,0,0,0,0,0,0,0,0,0,0,0,0,0,0,0,0,0,0,0,0,0,0,0,0,0,0,0,0,0,0,0,0,0,0,0,0,0,0,0,0,0,0,0,0,0,0,0,0,0,0,0,0,0,0,0,0,0,0,0,0,0,0,0,0,0,0,0,0,0,0,0,0,0,0,0,0,0,0,0,0,0,0,0,0,0,0,0,0,0,0,0,0,0,0,0,0,0,0,0,0,0,0,0,0,0,0,0,0,0,0,0,0,0,0,0,0,0,0,0,0,0,0,0,0,0,0,0,0,0,0,0,0,0,0,0,0,0,0,0,0,0,0,0,0,0,0,0,0,0,0,0,0,0,0,0,0,0,0,0,0,0,0,0,0,0,0,0,0,0,0,0,0,0,0,0,0,0,0,0,0,0,0,0,0
SRR5384613,PRJNA377739,COPD_Stable,0.006021497,0,0,0,0,0,0.020119297,0.006176212,0,0,0,0,0,0,0,0,0,0,0,0,0,0,0.000211061,0.000109991,0,0.000136401,0,0,0,0.000137525,0,0,0,0,0,0,0,0,0,0,0,0,0,0,0,0,0,0,0.000259161,0,0,0,0,0.000207798,0,0,0.000125887,0,0,0,0,0,0,0,0,0,0.000116686,0,0,0,0,0,0,0,0,0,0,0,0,0,0,0,0,0,0,0,0,0,0,0,0,0,0,0,0,0,0,0,0,0,0,0,0,0,0,0,0,0,0,0,0,0,0,0,0,0,0,0,0,0,0,0,0,0,0,0,0,0,0,0,0,0,0,0,0,0,0,0,0,0,0,0,0,0,0,0,0,0,0,0,0,0,0,0,0,0,0,0,0,0,0,0,0,0,0,0,0,0,0,0,0,0,0,0,0,0,0,0,0,0,0,0,0,0,0,0,0,0,0,0,0,0,0,0,0,0,0,0,0,0,0,0,0,0,0,0,0,0,0,0,0,0,0,0,0,0,0,0,0,0,0,0,0,0,0,0,0,0,0,0,0,0,0,0,0,0,0,0,0,0,0,0,0,0,0,0,0,0,0,0,0,0,0,0,0,0,0,0,0,0,0,0,0,0,0,0,0,0,0,0,0,0
SRR5384614,PRJNA377739,COPD_Stable,0.001807831,0.040769151,0.002141134,0,0,0,0.365305096,0.010294222,0,0.000768233,0,0,0.20927228,0,0,0,0,0,0.003374164,0,0,0,0.009253031,0.001542681,0,0.007588157,0,0,0,0,0,0,0,0,0,0,0,0,0.003372164,0,0,0,0,0,0,0,0,0.000975832,0.000369205,0,0.000550814,0.00046319,0,0,0.000454193,0.000166396,0,0,0,0,0,0,0,0,0,0,0,0,0,0.000448821,0,0,0,0,0,0,0,0,0,0,0,0,0,0,0,0,0,0,0,0,0,0,0,0,0,0,0,0,0,0,0,0,0,0,0,0,0,0,0,0,0,0,0,0,0,0,0,0,0,0,0,0,0,0,0,0,0,0,0,0,0,0,0,0,0,0,0,0,0,0,0,0,0,0,0,0,0,0,0,0,0,0,0,0,0,0,0,0,0,0,0,0,0,0,0,0,0,0,0,0,0,0,0,0,0,0,0,0,0,0,0,0,0,0,0,0,0,0,0,0,0,0,0,0,0,0,0,0,0,0,0,0,0,0,0,0,0,0,0,0,0,0,0,0,0,0,0,0,0,0,0,0,0,0,0,0,0,0,0,0,0,0,0,0,0,0,0,0,0,0,0,0,0,0,0,0,0,0,0,0,0,0,0,0,0,0,0,0,0,0,0,0,0,0,0,0,0,0,0,0,0,0
SRR5384615,PRJNA377739,COPD_Stable,0.852426374,0.005926047,0.000195474,0,0,0,0.035584618,0,0,0.004664665,0.000459553,0,0.002129469,0,0,0,0.002360592,0,0.000457634,0,0,0,0.006095099,0.000304773,0,0.001033061,0,0,0.000408855,0.000428111,0,0,0,0,0,0,0,0,0,0,0,0,0,0,0,0,0.006786335,0.000164431,0.009170384,0,0,0.000352305,0,0,0.000172135,0,0.000105973,0,0,0,0.000481525,0,0.000181897,0,0,0,0,0,7.29E-05,0,0,0,0,0,0,0,0,0,0,0,0,0,0,0,0,0,0,0,0,0,0,0,0,0,0,0,0,0,0,0,0,0,0,0,0,0,0,0,0,0,0,0,0,0,0,0,0,0,0,0,0,0,0,0,0,0,0,0,0,0,0,0,0,0,0,0,0,0,0,0,0,0,0,0,0,0,0,0,0,0,0,0,0,0,0,0,0,0,0,0,0,0,0,0,0,0,0,0,0,0,0,0,0,0,0,0,0,0,0,0,0,0,0,0,0,0,0,0,0,0,0,0,0,0,0,0,0,0,0,0,0,0,0,0,0,0,0,0,0,0,0,0,0,0,0,0,0,0,0,0,0,0,0,0,0,0,0,0,0,0,0,0,0,0,0,0,0,0,0,0,0,0,0,0,0,0,0,0,0,0,0,0,0,0,0,0,0,0,0,0,0,0,0,0,0,0,0,0,0,0,0,0
SRR5384616,PRJNA377739,COPD_Stable,0.439037279,0.024757191,0,0,0,0,0.209539413,0.001255486,0,0.008905004,0.002492771,0.010732522,0.010453227,0,0,0.000214551,0.000700213,0,0.000538175,0,0,0,0.025159802,0,0,0.002716351,0,0,0.004427981,0,0,0,0,0,0,0,0,0,0.000207827,0,0,0,0,0,0,0,0,0,0,0,0,0,0,0,0,0,0,0,0,0,0,0,0.000896899,0,0,0,0,0,0,0,0,0,0,0,0,0,0,0,0,0,0,0,0,0,0,0,0,0,0,0,0,0,0,0,0,0,0,0,0,0,0,0,0,0,0,0,0,0,0,0,0,0,0,0,0,0,0,0,0,0,0,0,0,0,0,0,0,0,0,0,0,0,0,0,0,0,0,0,0,0,0,0,0,0,0,0,0,0,0,0,0,0,0,0,0,0,0,0,0,0,0,0,0,0,0,0,0,0,0,0,0,0,0,0,0,0,0,0,0,0,0,0,0,0,0,0,0,0,0,0,0,0,0,0,0,0,0,0,0,0,0,0,0,0,0,0,0,0,0,0,0,0,0,0,0,0,0,0,0,0,0,0,0,0,0,0,0,0,0,0,0,0,0,0,0,0,0,0,0,0,0,0,0,0,0,0,0,0,0,0,0,0,0,0,0,0,0,0,0,0,0,0,0,0,0,0,0,0,0,0,0,0
SRR5384617,PRJNA377739,COPD_Stable,0.113725575,0.017502877,0.001503927,0,0,0,0.506830906,0.091438498,0,0.005145746,0.01351115,0,0.000529238,0,0,0,0.005437433,0.071772501,0,0,0,0,0.002062657,0.002538462,0,0.003298959,0,0,0.00153661,0.000196075,0,0,0.000657966,0,0.00032357,0,0,0,0.002538113,0.000693776,0,0,0,0,0,0,0.019683065,0.015624451,0.019727525,0,0.00039028,0.000307432,0.00129099,0,0,0.004596806,0,0.000212406,0,0,0,0,0.000785739,0,0,0,0,0.000147771,0,0.001236985,0,0,0,0,0,0,0,0,0,0,0,0,0,0,0,0,0,0,0,0,0,0,0,0,0,0,0,0,0,0,0,0,0,0,0,0,0,0,0,0,0,0,0,0,0,0,0,0,0,0,0,0,0,0,0,0,0,0,0,0,0,0,0,0,0,0,0,0,0,0,0,0,0,0,0,0,0,0,0,0,0,0,0,0,0,0,0,0,0,0,0,0,0,0,0,0,0,0,0,0,0,0,0,0,0,0,0,0,0,0,0,0,0,0,0,0,0,0,0,0,0,0,0,0,0,0,0,0,0,0,0,0,0,0,0,0,0,0,0,0,0,0,0,0,0,0,0,0,0,0,0,0,0,0,0,0,0,0,0,0,0,0,0,0,0,0,0,0,0,0,0,0,0,0,0,0,0,0,0,0,0,0,0,0,0,0,0,0,0,0,0,0,0,0,0,0,0,0,0,0,0,0
SRR5384618,PRJNA377739,COPD_Stable,0.067057196,0.010313656,0,0,0,0,0.480374602,0.060761569,0.002894741,0.008179109,0.001490988,0.000851448,0.003693195,0,0,0.003798691,0,0.002630374,0.002154729,0,0,0.00077777,0.003851016,0.043797849,0,0.012893192,0,0,0,0,0,0,0.000458609,0,0,0,0,0,0.003116925,0.000233454,0,0,0,0,0,0,0.004825827,0,0.001131168,0,0,0,0,0.000443888,0.000822571,0.000178762,0,0,0.000322513,0,0,0,0,0,0,0,0,0.003442559,0,0,0,0,0,0,0,0,0,0,0,0,0,0,0,0,0,0,0,0,0,0,0,0,0,0,0,0,0,0,0,0,0,0,0,0,0,0,0,0,0,0,0,0,0,0,0,0,0,0,0,0,0,0,0,0,0,0,0,0,0,0,0,0,0,0,0,0,0,0,0,0,0,0,0,0,0,0,0,0,0,0,0,0,0,0,0,0,0,0,0,0,0,0,0,0,0,0,0,0,0,0,0,0,0,0,0,0,0,0,0,0,0,0,0,0,0,0,0,0,0,0,0,0,0,0,0,0,0,0,0,0,0,0,0,0,0,0,0,0,0,0,0,0,0,0,0,0,0,0,0,0,0,0,0,0,0,0,0,0,0,0,0,0,0,0,0,0,0,0,0,0,0,0,0,0,0,0,0,0,0,0,0,0,0,0,0,0,0,0,0,0,0,0,0,0,0,0,0,0,0,0,0,0
SRR5384619,PRJNA377739,COPD_Stable,0.48854477,0.012239846,0.000914585,0,0,0,0.15462479,0.046712237,0,0.002378524,0.007592515,0.00083225,0.001593923,0,0,0.000476836,0.001005404,0.000241971,0.001462326,0.042877254,0,0.001221852,0.072452614,0.008031071,0,0.009156862,0,0,0.000801545,0.000256062,0,0,0,0,0,0,0,0,0.00065694,0,0,0,0,0,0,0,0.012747182,0.000796093,0.03823259,0,0.000264351,0.000334487,0,0.000442062,0.000446755,0,0,0,0,0,0.00059596,0,0.000303688,0,0,0,0,8.94E-05,0,0,0,0,0,0,0,0,0,0,0,0,0,0,0,0,0,0,0,0,0,0,0,0,0,0,0,0,0,0,0,0,0,0,0,0,0,0,0,0,0,0,0,0,0,0,0,0,0,0,0,0,0,0,0,0,0,0,0,0,0,0,0,0,0,0,0,0,0,0,0,0,0,0,0,0,0,0,0,0,0,0,0,0,0,0,0,0,0,0,0,0,0,0,0,0,0,0,0,0,0,0,0,0,0,0,0,0,0,0,0,0,0,0,0,0,0,0,0,0,0,0,0,0,0,0,0,0,0,0,0,0,0,0,0,0,0,0,0,0,0,0,0,0,0,0,0,0,0,0,0,0,0,0,0,0,0,0,0,0,0,0,0,0,0,0,0,0,0,0,0,0,0,0,0,0,0,0,0,0,0,0,0,0,0,0,0,0,0,0,0,0,0,0,0,0,0,0,0,0,0,0,0,0
SRR5384620,PRJNA377739,COPD_Stable,0.291523151,0.002335312,0.001368716,0,0,0,0.539422433,0.002906298,0,0.09242246,0,0,0.011028292,0,0,0,0,0,0,0,0,0.000907518,0.00228335,0,0,0.000909218,0,0,0,0.002587107,0,0,0.000366668,0,0,0,0,0,0,0,0,0,0,0,0,0,0,0,0,0,0,0.000436958,0,0,0.001235352,0,0.000393248,0,0,0,0,0,0,0,0,0,0,0,0,0,0,0,0,0,0,0,0,0,0,0,0,0,0,0,0,0,0,0,0,0,0,0,0,0,0,0,0,0,0,0,0,0,0,0,0,0,0,0,0,0,0,0,0,0,0,0,0,0,0,0,0,0,0,0,0,0,0,0,0,0,0,0,0,0,0,0,0,0,0,0,0,0,0,0,0,0,0,0,0,0,0,0,0,0,0,0,0,0,0,0,0,0,0,0,0,0,0,0,0,0,0,0,0,0,0,0,0,0,0,0,0,0,0,0,0,0,0,0,0,0,0,0,0,0,0,0,0,0,0,0,0,0,0,0,0,0,0,0,0,0,0,0,0,0,0,0,0,0,0,0,0,0,0,0,0,0,0,0,0,0,0,0,0,0,0,0,0,0,0,0,0,0,0,0,0,0,0,0,0,0,0,0,0,0,0,0,0,0,0,0,0,0,0,0,0,0,0,0,0,0,0,0
SRR5384621,PRJNA377739,COPD_Stable,0.052417516,0.001502354,0.000413285,0,0,0,0.017126609,0.001731818,0.762588133,0.001494074,0.000504171,0.000562951,0.006977743,0,0,5.26E-05,0.000331395,0,0.006255528,0.003992834,0,0,0.00232677,0.001571339,0,0.000327517,0,0,0.00075216,0,0,0,0,0,0,0,0,0,0,0,0,0,0,0,0,0,0.002678816,0.002093651,0.001537712,0,0,0.000271281,5.68E-05,7.19E-05,0.000160639,0,8.37E-05,0,0,0,0.000275641,0.000109346,6.12E-05,0,0,5.90E-05,0.000118072,0,0,0,0,0,0,0,0,0,0,0,0,0,0,0,0,0,0,0,0,0,0,0,0,0,0,0,0,0,0,0,0,0,0,0,0,0,0,0,0,0,0,0,0,0,0,0,0,0,0,0,0,0,0,0,0,0,0,0,0,0,0,0,0,0,0,0,0,0,0,0,0,0,0,0,0,0,0,0,0,0,0,0,0,0,0,0,0,0,0,0,0,0,0,0,0,0,0,0,0,0,0,0,0,0,0,0,0,0,0,0,0,0,0,0,0,0,0,0,0,0,0,0,0,0,0,0,0,0,0,0,0,0,0,0,0,0,0,0,0,0,0,0,0,0,0,0,0,0,0,0,0,0,0,0,0,0,0,0,0,0,0,0,0,0,0,0,0,0,0,0,0,0,0,0,0,0,0,0,0,0,0,0,0,0,0,0,0,0,0,0,0,0,0,0,0,0,0,0,0,0,0,0,0,0
SRR5384622,PRJNA377739,COPD_Stable,0.0008132,0,0,0,0,0,0.002384901,0.000352496,0,0.000476703,0.00018532,0.000240618,0,0,0,0,0,0,0,0,0,0,0,0.000179949,0,0,0,0,0,0,0,0,0,0,0,0,0,0,0,6.15E-05,0,0,0,0,0,0,0,0.001038433,0.000184066,0,0,7.74E-05,0,0,9.71E-05,0.000195516,0,0,0,0,0,0,0,0,0,0,0,0,0,0,0,0,0,0,0,0,0,0,0,0,0,0,0,0,0,0,0,0,0,0,0,0,0,0,0,0,0,0,0,0,0,0,0,0,0,0,0,0,0,0,0,0,0,0,0,0,0,0,0,0,0,0,0,0,0,0,0,0,0,0,0,0,0,0,0,0,0,0,0,0,0,0,0,0,0,0,0,0,0,0,0,0,0,0,0,0,0,0,0,0,0,0,0,0,0,0,0,0,0,0,0,0,0,0,0,0,0,0,0,0,0,0,0,0,0,0,0,0,0,0,0,0,0,0,0,0,0,0,0,0,0,0,0,0,0,0,0,0,0,0,0,0,0,0,0,0,0,0,0,0,0,0,0,0,0,0,0,0,0,0,0,0,0,0,0,0,0,0,0,0,0,0,0,0,0,0,0,0,0,0,0,0,0,0,0,0,0,0,0,0,0,0,0,0,0,0,0,0,0,0,0,0
SRR5384623,PRJNA377739,COPD_Stable,0.315184629,0.001016703,0,0,0,0,0.006884099,0.000674867,0,0.002975356,0.00121822,0,0.000738094,0,0,0,8.25E-05,0.000111138,0,0,0,0,0.00224964,0.001388595,0,0.001323894,0,0,0.000182703,0,0,0,0,0,0,0,0,0,0,0,0,0,0,0,0,0,0.00063295,2.75E-05,0.000253677,0,0,5.02E-05,7.06E-05,0,0,0,0,0,0,0,0,0,0.000650576,0,0,0,0,0,0,0,0,0,0,0,0,0,0,0,0,0,0,0,0,0,0,0,0,0,0,0,0,0,0,0,0,0,0,0,0,0,0,0,0,0,0,0,0,0,0,0,0,0,0,0,0,0,0,0,0,0,0,0,0,0,0,0,0,0,0,0,0,0,0,0,0,0,0,0,0,0,0,0,0,0,0,0,0,0,0,0,0,0,0,0,0,0,0,0,0,0,0,0,0,0,0,0,0,0,0,0,0,0,0,0,0,0,0,0,0,0,0,0,0,0,0,0,0,0,0,0,0,0,0,0,0,0,0,0,0,0,0,0,0,0,0,0,0,0,0,0,0,0,0,0,0,0,0,0,0,0,0,0,0,0,0,0,0,0,0,0,0,0,0,0,0,0,0,0,0,0,0,0,0,0,0,0,0,0,0,0,0,0,0,0,0,0,0,0,0,0,0,0,0,0,0,0,0,0,0,0,0,0
SRR5384624,PRJNA377739,COPD_Stable,0.376519777,0.010687456,0,0,0,0,0.229729374,0.128692271,0,0.051934448,0.012945566,0,0.004109046,0,0,0.003265684,0,0,0,0,0,0,0.00065841,0,0,0,0,0,0.000590613,0.002411139,0,0,0.005840225,0,0,0,0,0,0.001555649,0,0,0,0,0,0,0.001588164,0.005064119,0,0.005420442,0,0.002612525,0,0,0,0,0.001914273,0,0.001007693,0,0,0,0,0,0,0,0.000801599,0,0,0,0.000336371,0,0,0,0,0,0,0,0,0,0,0,0,0,0,0,0,0,0,0,0,0,0,0,0,0,0,0,0,0,0,0,0,0,0,0,0,0,0,0,0,0,0,0,0,0,0,0,0,0,0,0,0,0,0,0,0,0,0,0,0,0,0,0,0,0,0,0,0,0,0,0,0,0,0,0,0,0,0,0,0,0,0,0,0,0,0,0,0,0,0,0,0,0,0,0,0,0,0,0,0,0,0,0,0,0,0,0,0,0,0,0,0,0,0,0,0,0,0,0,0,0,0,0,0,0,0,0,0,0,0,0,0,0,0,0,0,0,0,0,0,0,0,0,0,0,0,0,0,0,0,0,0,0,0,0,0,0,0,0,0,0,0,0,0,0,0,0,0,0,0,0,0,0,0,0,0,0,0,0,0,0,0,0,0,0,0,0,0,0,0,0,0,0,0,0,0,0,0,0,0,0,0
SRR5384625,PRJNA377739,COPD_Stable,0.057787591,0.024261531,0,0,0,0,0.477709188,0.037409764,0,0.010312033,0.007765615,0.001477073,0.003699957,0,0,0.0016603,0.004217192,0.001410281,0.001643514,0.020618393,0,0,0.032197121,0.036574126,0,0.001284532,0,0,0.004387326,0,0,0,0,0,0,0,0,0,0.00297077,0,0,0,0,0,0,0,0.004959506,0.000214965,0.001209949,0,0.00038142,0.000451115,0.000136091,0,0.000481639,0,0,0,0,0,0.00060883,0,0.000102082,0,0,0,0,0.000413761,0,0,0,0,0,0,0,0,0,0,0,0,0,0,0,0,0,0,0,0,0,0,0,0,0,0,0,0,0,0,0,0,0,0,0,0,0,0,0,0,0,0,0,0,0,0,0,0,0,0,0,0,0,0,0,0,0,0,0,0,0,0,0,0,0,0,0,0,0,0,0,0,0,0,0,0,0,0,0,0,0,0,0,0,0,0,0,0,0,0,0,0,0,0,0,0,0,0,0,0,0,0,0,0,0,0,0,0,0,0,0,0,0,0,0,0,0,0,0,0,0,0,0,0,0,0,0,0,0,0,0,0,0,0,0,0,0,0,0,0,0,0,0,0,0,0,0,0,0,0,0,0,0,0,0,0,0,0,0,0,0,0,0,0,0,0,0,0,0,0,0,0,0,0,0,0,0,0,0,0,0,0,0,0,0,0,0,0,0,0,0,0,0,0,0,0,0,0,0,0,0,0,0,0
SRR5384626,PRJNA377739,COPD_Stable,0.395462615,0.016553628,0.000455128,0,0,0,0.131269494,0.082305242,0,0.011235857,0.01517458,0,0.028222469,0,0,0,0,0,0.000165002,0.017248075,0,0,0.008822621,0,0,0.006929668,0,0,0,0.003285878,0,0,0.003304807,0,0,0,0,0,0.00118804,0,0,0,0,0,0,0,0.006350963,0.000141085,0.020195264,0,9.26E-05,0.001015904,0.001029465,0,0,0.00098805,0,0,0,0,0,0,0.000507244,0,0,0,0,0,0,0.000710492,0,0,0,0,0,0,0,0,0,0,0,0,0,0,0,0,0,0,0,0,0,0,0,0,0,0,0,0,0,0,0,0,0,0,0,0,0,0,0,0,0,0,0,0,0,0,0,0,0,0,0,0,0,0,0,0,0,0,0,0,0,0,0,0,0,0,0,0,0,0,0,0,0,0,0,0,0,0,0,0,0,0,0,0,0,0,0,0,0,0,0,0,0,0,0,0,0,0,0,0,0,0,0,0,0,0,0,0,0,0,0,0,0,0,0,0,0,0,0,0,0,0,0,0,0,0,0,0,0,0,0,0,0,0,0,0,0,0,0,0,0,0,0,0,0,0,0,0,0,0,0,0,0,0,0,0,0,0,0,0,0,0,0,0,0,0,0,0,0,0,0,0,0,0,0,0,0,0,0,0,0,0,0,0,0,0,0,0,0,0,0,0,0,0,0,0,0,0,0,0,0,0
SRR5384627,PRJNA377739,COPD_Stable,0.092606444,0.004712998,0.000997374,0,0,0,0.536272642,0.011759079,0,0.009539357,0,0,0,0,0,0,0,0,0,0,0,0,0,0.000117022,0,0,0,0,0.000591591,0,0,0,0,0,0,0.000743119,0,0,0,0,0,0,0,0,0,0,0,0,0,0,0,0.004665802,0,0.001126491,0,0,0,0,0,0.000154977,0,0,0,0,0,0,0,0,0,0,0,0,0,0,0,0,0,0,0,0,0,0,0,0,0,0,0,0,0,0,0,0,0,0,0,0,0,0,0,0,0,0,0,0,0,0,0,0,0,0,0,0,0,0,0,0,0,0,0,0,0,0,0,0,0,0,0,0,0,0,0,0,0,0,0,0,0,0,0,0,0,0,0,0,0,0,0,0,0,0,0,0,0,0,0,0,0,0,0,0,0,0,0,0,0,0,0,0,0,0,0,0,0,0,0,0,0,0,0,0,0,0,0,0,0,0,0,0,0,0,0,0,0,0,0,0,0,0,0,0,0,0,0,0,0,0,0,0,0,0,0,0,0,0,0,0,0,0,0,0,0,0,0,0,0,0,0,0,0,0,0,0,0,0,0,0,0,0,0,0,0,0,0,0,0,0,0,0,0,0,0,0,0,0,0,0,0,0,0,0,0,0,0,0,0,0,0,0,0,0,0,0
SRR5384628,PRJNA377739,COPD_Stable,0.296434249,0.010182428,0.056569066,0,0,0,0.212505215,0.061108495,0.003087924,0.013847669,0.010082717,0,0.005464235,0,0,0,0,0.010799911,0,0.001194128,0,0,0.003285055,0.011026325,0,0.001677533,0,0,0.004442132,0,0,0,0,0,0.000749989,0,0,0,0,0,0,0,0,0,0,0,0.004606557,0.003253382,0.009645015,0,0.000352309,0.000899534,0,0,0,0.002357074,0.000404112,0,0,0,0,0.003566479,6.89E-05,0,0,0,0,0,0,0.003172468,0,0,0,0,0,0,0,0,0,0,0,0,0,0,0,0,0,0,0,0,0,0,0,0,0,0,0,0,0,0,0,0,0,0,0,0,0,0,0,0,0,0,0,0,0,0,0,0,0,0,0,0,0,0,0,0,0,0,0,0,0,0,0,0,0,0,0,0,0,0,0,0,0,0,0,0,0,0,0,0,0,0,0,0,0,0,0,0,0,0,0,0,0,0,0,0,0,0,0,0,0,0,0,0,0,0,0,0,0,0,0,0,0,0,0,0,0,0,0,0,0,0,0,0,0,0,0,0,0,0,0,0,0,0,0,0,0,0,0,0,0,0,0,0,0,0,0,0,0,0,0,0,0,0,0,0,0,0,0,0,0,0,0,0,0,0,0,0,0,0,0,0,0,0,0,0,0,0,0,0,0,0,0,0,0,0,0,0,0,0,0,0,0,0,0,0,0,0,0,0,0,0
SRR5384629,PRJNA377739,COPD_Stable,0.272245863,0.017179845,0.038697208,0,0,0,0.239705208,0.081831794,0.008232813,0.018549411,0.008363977,0.003573342,0.00869351,0,0,0,0.001123419,0.011222753,0.000677068,0.00688443,0,0,0.003844571,0.004680438,0,0.000676818,0.001949248,0,0.000222795,0.001055522,0.011686721,0,0,0,0,0,0,0,0.001734633,0,0,0,0,0,0,0,0.007836395,0.010690391,0.00244467,0,0.001383161,0.000762151,0.00447798,0.001347464,0,0.000940532,0,0.001581972,0.000705268,0.000782514,0,0.000379818,0.000495519,0,0,0,0.000489357,0,0,0,0,0,0,0,0,0,0,0,0,0,0,0,0,0,0,0,0,0,0,0,0,0,0,0,0,0,0,0,0,0,0,0,0,0,0,0,0,0,0,0,0,0,0,0,0,0,0,0,0,0,0,0,0,0,0,0,0,0,0,0,0,0,0,0,0,0,0,0,0,0,0,0,0,0,0,0,0,0,0,0,0,0,0,0,0,0,0,0,0,0,0,0,0,0,0,0,0,0,0,0,0,0,0,0,0,0,0,0,0,0,0,0,0,0,0,0,0,0,0,0,0,0,0,0,0,0,0,0,0,0,0,0,0,0,0,0,0,0,0,0,0,0,0,0,0,0,0,0,0,0,0,0,0,0,0,0,0,0,0,0,0,0,0,0,0,0,0,0,0,0,0,0,0,0,0,0,0,0,0,0,0,0,0,0,0,0,0,0,0,0,0,0,0,0,0,0,0,0,0,0,0,0
SRR5384630,PRJNA377739,COPD_Stable,0.093071968,0.005288585,0,0,0,0,0.263018234,0.212209286,0,0.010077725,0.009090457,0.000421745,0.01214691,0,0,0.002017495,0,0.014098345,0.000622034,0.03857196,0,0.001428293,0.032220995,0.003774681,0,0.009923868,0,0,0.002197196,0.003946175,0,0,0,0,0,0,0,0,0.001563634,0.000127224,0,0,0,0,0,0.000915854,0.01095943,0.003046134,0.0155661,0,0.001248547,0.001557282,0.002878015,0,0.000937761,0.00063976,0,0,0,0,0.00013921,0,0.000548255,0,0,0,0,0,0,0,0,0,0,0,0,0,0,0,0,0,0,0,0,0,0,0,0,0,0,0,0,0,0,0,0,0,0,0,0,0,0,0,0,0,0,0,0,0,0,0,0,0,0,0,0,0,0,0,0,0,0,0,0,0,0,0,0,0,0,0,0,0,0,0,0,0,0,0,0,0,0,0,0,0,0,0,0,0,0,0,0,0,0,0,0,0,0,0,0,0,0,0,0,0,0,0,0,0,0,0,0,0,0,0,0,0,0,0,0,0,0,0,0,0,0,0,0,0,0,0,0,0,0,0,0,0,0,0,0,0,0,0,0,0,0,0,0,0,0,0,0,0,0,0,0,0,0,0,0,0,0,0,0,0,0,0,0,0,0,0,0,0,0,0,0,0,0,0,0,0,0,0,0,0,0,0,0,0,0,0,0,0,0,0,0,0,0,0,0,0,0,0,0,0,0,0,0,0,0,0,0,0
SRR5384631,PRJNA377739,COPD_Stable,0.106571768,0.034962942,0.000170683,0,0,0,0.198232722,0.000790248,0,0.010565194,0.004585356,0.005842687,0.00848605,0,0,0.0007565,0,0.000982412,0.00318339,0,0,0.000267476,0.01387861,0.017122975,0,0.000465246,0,0,0.000191325,0,0,0,0,0,0,0,0,0,0,0,0,0,0,0,0,0,0.000814028,0,0,0.000631091,6.95E-05,0,0,0,0,0,0,0,0,0,0.00168418,0,0,0,0,0,0,0,0,0,0,0,0,0,0,0,0,0,0,0,0,0,0,0,0,0,0,0,0,0,0,0,0,0,0,0,0,0,0,0,0,0,0,0,0,0,0,0,0,0,0,0,0,0,0,0,0,0,0,0,0,0,0,0,0,0,0,0,0,0,0,0,0,0,0,0,0,0,0,0,0,0,0,0,0,0,0,0,0,0,0,0,0,0,0,0,0,0,0,0,0,0,0,0,0,0,0,0,0,0,0,0,0,0,0,0,0,0,0,0,0,0,0,0,0,0,0,0,0,0,0,0,0,0,0,0,0,0,0,0,0,0,0,0,0,0,0,0,0,0,0,0,0,0,0,0,0,0,0,0,0,0,0,0,0,0,0,0,0,0,0,0,0,0,0,0,0,0,0,0,0,0,0,0,0,0,0,0,0,0,0,0,0,0,0,0,0,0,0,0,0,0,0,0,0,0,0,0,0,0,0,0
SRR5384632,PRJNA377739,COPD_Stable,0.043058402,0.005395001,0,0,0,0,0.048289012,0.028612359,0,0.000469951,0.004321726,0.001102203,0.000951752,0,0,0.000540849,0.000384815,0.004883077,0.000308442,0.002908212,0,0,0.005064074,0.002760188,0,0.000980874,0,0,0.000328797,0.0005203,0,0,0.0001611,0,0,0.000100899,0,0,0.000853178,0,0,0,0,0,0,0,0.00293142,0.000338163,0.014900386,0,0.000218575,0,0.001084294,0,0,0.000591729,0,0,0,0,0.000369294,0,0,0,0,0,0,0.001206384,0,0,0,0,0,0,0,0,0,0,0,0,0,0,0,0,0,0,0,0,0,0,0,0,0,0,0,0,0,0,0,0,0,0,0,0,0,0,0,0,0,0,0,0,0,0,0,0,0,0,0,0,0,0,0,0,0,0,0,0,0,0,0,0,0,0,0,0,0,0,0,0,0,0,0,0,0,0,0,0,0,0,0,0,0,0,0,0,0,0,0,0,0,0,0,0,0,0,0,0,0,0,0,0,0,0,0,0,0,0,0,0,0,0,0,0,0,0,0,0,0,0,0,0,0,0,0,0,0,0,0,0,0,0,0,0,0,0,0,0,0,0,0,0,0,0,0,0,0,0,0,0,0,0,0,0,0,0,0,0,0,0,0,0,0,0,0,0,0,0,0,0,0,0,0,0,0,0,0,0,0,0,0,0,0,0,0,0,0,0,0,0,0,0,0,0,0,0,0,0,0,0,0,0
SRR5384633,PRJNA377739,COPD_Stable,0.020964734,0.008192407,0.053709568,0,0,0,0.180417411,0.059632897,0,0.007142082,0.000432384,0,0.002906913,0,0,0,0.001825061,0,0,0.001916496,0,0,0.004700554,0.002950136,0,0.000762156,0,0,0,0.000681292,0,0,0,0,0,0,0,0,0,0,0,0,0,0,0,0,0.004257654,0,0.006145197,0,0,0.000293758,0,0,0,0,0,0,0,0,0,0,0,0,0,0,0,0,0,0,0,0,0,0,0,0,0,0,0,0,0,0,0,0,0,0,0,0,0,0,0,0,0,0,0,0,0,0,0,0,0,0,0,0,0,0,0,0,0,0,0,0,0,0,0,0,0,0,0,0,0,0,0,0,0,0,0,0,0,0,0,0,0,0,0,0,0,0,0,0,0,0,0,0,0,0,0,0,0,0,0,0,0,0,0,0,0,0,0,0,0,0,0,0,0,0,0,0,0,0,0,0,0,0,0,0,0,0,0,0,0,0,0,0,0,0,0,0,0,0,0,0,0,0,0,0,0,0,0,0,0,0,0,0,0,0,0,0,0,0,0,0,0,0,0,0,0,0,0,0,0,0,0,0,0,0,0,0,0,0,0,0,0,0,0,0,0,0,0,0,0,0,0,0,0,0,0,0,0,0,0,0,0,0,0,0,0,0,0,0,0,0,0,0,0,0,0,0,0,0,0,0
SRR5384634,PRJNA377739,COPD_Stable,0.038782315,0.006498376,0,0,0,0,0.074768631,0.022747402,0,0.002474452,0.003393616,0.007496477,0.006381122,0,0,0.000300811,0.001907685,0,0.000228454,0.009737946,0,0,0.009463923,0,0,0.000541985,0,0,0.000339051,0,0,0,0,0,0.000553925,0,0,0,0.00042247,0,0,0,0,0,0,0,0,0,0,0,0,0,0,0,0,0.000174781,0.000224646,0,0,0,0,0,0,0,0,0,6.39E-05,0,0,0,0,0,0,0,0,0,0,0,0,0,0,0,0,0,0,0,0,0,0,0,0,0,0,0,0,0,0,0,0,0,0,0,0,0,0,0,0,0,0,0,0,0,0,0,0,0,0,0,0,0,0,0,0,0,0,0,0,0,0,0,0,0,0,0,0,0,0,0,0,0,0,0,0,0,0,0,0,0,0,0,0,0,0,0,0,0,0,0,0,0,0,0,0,0,0,0,0,0,0,0,0,0,0,0,0,0,0,0,0,0,0,0,0,0,0,0,0,0,0,0,0,0,0,0,0,0,0,0,0,0,0,0,0,0,0,0,0,0,0,0,0,0,0,0,0,0,0,0,0,0,0,0,0,0,0,0,0,0,0,0,0,0,0,0,0,0,0,0,0,0,0,0,0,0,0,0,0,0,0,0,0,0,0,0,0,0,0,0,0,0,0,0,0,0,0,0,0,0,0,0,0,0
SRR5384635,PRJNA377739,COPD_Stable,0.761814186,0.003605328,0.000658729,0,0,0,0.072413345,0.017523318,0,0.019155285,0.002448315,0,0.004390578,0,0,0,0.000492115,0.001692791,0.002112302,0.00179856,0,0,0.008113729,0.002789007,0,0.001835605,0,0,0,0.00073072,0,0,0,0,0.000909673,0,0,0,0,0,0,0,0,0,0,9.91E-05,0,0.000247381,0.006496618,0,0.002478326,0.003850149,0.00181046,0.002910905,0.000374872,0,0,0,0,0,0.000221474,0,0,0,0,0,0,0,0,0.00038931,0,0,0,0,0,0,0,0,0,0,0,0,0,0,0,0,0,0,0,0,0,0,0,0,0,0,0,0,0,0,0,0,0,0,0,0,0,0,0,0,0,0,0,0,0,0,0,0,0,0,0,0,0,0,0,0,0,0,0,0,0,0,0,0,0,0,0,0,0,0,0,0,0,0,0,0,0,0,0,0,0,0,0,0,0,0,0,0,0,0,0,0,0,0,0,0,0,0,0,0,0,0,0,0,0,0,0,0,0,0,0,0,0,0,0,0,0,0,0,0,0,0,0,0,0,0,0,0,0,0,0,0,0,0,0,0,0,0,0,0,0,0,0,0,0,0,0,0,0,0,0,0,0,0,0,0,0,0,0,0,0,0,0,0,0,0,0,0,0,0,0,0,0,0,0,0,0,0,0,0,0,0,0,0,0,0,0,0,0,0,0,0,0,0,0,0,0,0,0,0,0,0
SRR5384636,PRJNA377739,COPD_Stable,0.584634285,0.001460956,0.000517783,0,0,0,0.059114866,0.036072038,0,0.017676026,0.01433347,0.000657195,0.100461169,0,0,0,0.004084097,0.000195935,0.004228488,0.005226811,0,0,0.015188399,0.001889997,0,0.008258778,0.000354399,0,0.002873524,0.001028107,0,0,0,0,0.000203507,0,0,0,0.000645095,0,0,0,0,0,0,0,0.000436273,0.003236145,0.001303783,0.000514458,0.000259189,0.000251805,0,0.000140183,0.000321468,0.000141813,0,0,0,0,0.001242748,0,0.000493086,0,0,0,0,0,5.92E-05,0.000268256,0,0,0,0,0,0,0,0,0,0,0,0,0,0,0,0,0,0,0,0,0,0,0,0,0,0,0,0,0,0,0,0,0,0,0,0,0,0,0,0,0,0,0,0,0,0,0,0,0,0,0,0,0,0,0,0,0,0,0,0,0,0,0,0,0,0,0,0,0,0,0,0,0,0,0,0,0,0,0,0,0,0,0,0,0,0,0,0,0,0,0,0,0,0,0,0,0,0,0,0,0,0,0,0,0,0,0,0,0,0,0,0,0,0,0,0,0,0,0,0,0,0,0,0,0,0,0,0,0,0,0,0,0,0,0,0,0,0,0,0,0,0,0,0,0,0,0,0,0,0,0,0,0,0,0,0,0,0,0,0,0,0,0,0,0,0,0,0,0,0,0,0,0,0,0,0,0,0,0,0,0,0,0,0,0,0,0,0,0,0,0,0,0,0,0,0,0,0,0,0,0,0
SRR5384637,PRJNA377739,COPD_Stable,0.12363762,0.000437439,0,0,0,0,0.487345197,0.139827837,0,0.002749627,0.007192816,0.000386476,0.000372383,0,0,0,0.002982805,0.012502416,0.00128859,0.002277554,0,0.002462286,0,0.000644021,0,0.000400789,0,0,0.001166716,0,0,0,0,0,0,0,0,0,0.002931499,0.001591329,0,0,0,0,0,0.00094479,0.009941561,0.034433858,0.000350614,0,0.001026553,0,0.011248111,0,0,0,0,0,0,0,0,0,0.000490678,0,0,0,0,0,0,0.002937462,0.000721514,0,0,0,0,0,0,0,0,0,0,0,0,0,0,0,0,0,0,0,0,0,0,0,0,0,0,0,0,0,0,0,0,0,0,0,0,0,0,0,0,0,0,0,0,0,0,0,0,0,0,0,0,0,0,0,0,0,0,0,0,0,0,0,0,0,0,0,0,0,0,0,0,0,0,0,0,0,0,0,0,0,0,0,0,0,0,0,0,0,0,0,0,0,0,0,0,0,0,0,0,0,0,0,0,0,0,0,0,0,0,0,0,0,0,0,0,0,0,0,0,0,0,0,0,0,0,0,0,0,0,0,0,0,0,0,0,0,0,0,0,0,0,0,0,0,0,0,0,0,0,0,0,0,0,0,0,0,0,0,0,0,0,0,0,0,0,0,0,0,0,0,0,0,0,0,0,0,0,0,0,0,0,0,0,0,0,0,0,0,0,0,0,0,0,0,0,0,0,0,0,0
SRR5384638,PRJNA377739,COPD_Stable,0.334509516,0.016589113,0.000639908,0,0,0,0.211760528,0.022887383,0,0.146870743,0.019437089,0,0.013768182,0,0,0,0.000478621,0.014744564,0,0.002647761,0,0,0.011384874,0.011673919,0,0.002505442,0,0,0.000392089,0.001330277,0,0,0,0,0,0,0,0,0.000229356,0.001408439,0,0,0,0,0,0,0.009542353,0.020088627,0.006825563,0,0.01484138,0.00258417,0.017921432,0.00239659,0.000806421,0.003473282,0.002558006,0.000340021,0,0,0,0,0.000407486,0.000296896,0,0.000270962,0,0.002296557,0,0.001088733,0.004408696,0,0,0,0,0,0,0,0,0,0,0,0,0,0,0,0,0,0,0,0,0,0,0,0,0,0,0,0,0,0,0,0,0,0,0,0,0,0,0,0,0,0,0,0,0,0,0,0,0,0,0,0,0,0,0,0,0,0,0,0,0,0,0,0,0,0,0,0,0,0,0,0,0,0,0,0,0,0,0,0,0,0,0,0,0,0,0,0,0,0,0,0,0,0,0,0,0,0,0,0,0,0,0,0,0,0,0,0,0,0,0,0,0,0,0,0,0,0,0,0,0,0,0,0,0,0,0,0,0,0,0,0,0,0,0,0,0,0,0,0,0,0,0,0,0,0,0,0,0,0,0,0,0,0,0,0,0,0,0,0,0,0,0,0,0,0,0,0,0,0,0,0,0,0,0,0,0,0,0,0,0,0,0,0,0,0,0,0,0,0,0,0,0,0,0,0,0,0,0,0,0
SRR5384639,PRJNA377739,COPD_Stable,0.023507749,0.000950945,0,0,0,0,0.046550064,0.000960303,0,0.000748553,0,0,0.00095827,0,0,0,0,0,0,0,0,0,0.000339818,0.006209188,0,0,0,0,0,0,0,0,0,0,0,0.000116348,0,0,0,0,0,0,0,0,0,0,0,0,0,0,0,0,0,0.000238975,0.000121905,0,0,0,0,0,0,0,0,0,0,0,0.000254946,0,0,0,0,0,0,0,0,0,0,0,0,0,0,0,0,0,0,0,0,0,0,0,0,0,0,0,0,0,0,0,0,0,0,0,0,0,0,0,0,0,0,0,0,0,0,0,0,0,0,0,0,0,0,0,0,0,0,0,0,0,0,0,0,0,0,0,0,0,0,0,0,0,0,0,0,0,0,0,0,0,0,0,0,0,0,0,0,0,0,0,0,0,0,0,0,0,0,0,0,0,0,0,0,0,0,0,0,0,0,0,0,0,0,0,0,0,0,0,0,0,0,0,0,0,0,0,0,0,0,0,0,0,0,0,0,0,0,0,0,0,0,0,0,0,0,0,0,0,0,0,0,0,0,0,0,0,0,0,0,0,0,0,0,0,0,0,0,0,0,0,0,0,0,0,0,0,0,0,0,0,0,0,0,0,0,0,0,0,0,0,0,0,0,0,0,0,0,0,0,0,0,0,0,0
SRR5384640,PRJNA377739,COPD_Stable,0.308117778,0.002234847,0.000787024,0,0,0,0.579514199,0.021987342,0,0.014447646,0,0,0.003006924,0,0,0.001169931,0,0,0,0,0,0,0,0,0,0,0,0,0.001958755,0,0,0,0,0,0,0,0,0,0,0,0,0,0,0,0,0,0.004071173,0,0.000494287,0,0,0.00080665,0,0.000844835,0,0,0.00078457,0,0,0,0.000586322,0,0,0,0,0,0,0,0,0,0,0,0,0,0,0,0,0,0,0,0,0,0,0,0,0,0,0,0,0,0,0,0,0,0,0,0,0,0,0,0,0,0,0,0,0,0,0,0,0,0,0,0,0,0,0,0,0,0,0,0,0,0,0,0,0,0,0,0,0,0,0,0,0,0,0,0,0,0,0,0,0,0,0,0,0,0,0,0,0,0,0,0,0,0,0,0,0,0,0,0,0,0,0,0,0,0,0,0,0,0,0,0,0,0,0,0,0,0,0,0,0,0,0,0,0,0,0,0,0,0,0,0,0,0,0,0,0,0,0,0,0,0,0,0,0,0,0,0,0,0,0,0,0,0,0,0,0,0,0,0,0,0,0,0,0,0,0,0,0,0,0,0,0,0,0,0,0,0,0,0,0,0,0,0,0,0,0,0,0,0,0,0,0,0,0,0,0,0,0,0,0,0,0,0,0,0,0,0,0,0,0
SRR5384641,PRJNA377739,COPD_Stable,0.072364424,0.015624264,0,0,0,0,0.25181329,0.051752812,0,0.003291214,0.002915393,0.000662832,0.004300905,0,0,0.00129084,0.00190383,0.003663795,0.000739684,0,0,0,0.006391332,0.013608179,0,0,0,0,0.000783224,0.000642605,0,0,0,0,0,0,0,0,0.000495786,0,0,0,0,0,0,0,0.002397524,0.001592173,0.000917286,0,0.000441647,0.000114063,0.000111825,0,0,0.000102028,0,0,0,0,0,0,0,0,0,8.20E-05,0,0,0,0,0,0,0,0,0,0,0,0,0,0,0,0,0,0,0,0,0,0,0,0,0,0,0,0,0,0,0,0,0,0,0,0,0,0,0,0,0,0,0,0,0,0,0,0,0,0,0,0,0,0,0,0,0,0,0,0,0,0,0,0,0,0,0,0,0,0,0,0,0,0,0,0,0,0,0,0,0,0,0,0,0,0,0,0,0,0,0,0,0,0,0,0,0,0,0,0,0,0,0,0,0,0,0,0,0,0,0,0,0,0,0,0,0,0,0,0,0,0,0,0,0,0,0,0,0,0,0,0,0,0,0,0,0,0,0,0,0,0,0,0,0,0,0,0,0,0,0,0,0,0,0,0,0,0,0,0,0,0,0,0,0,0,0,0,0,0,0,0,0,0,0,0,0,0,0,0,0,0,0,0,0,0,0,0,0,0,0,0,0,0,0,0,0,0,0,0,0,0,0,0,0,0
SRR5384642,PRJNA377739,COPD_Stable,0.237249379,0.018048127,0,0,0,0,0.458204709,0.105794868,0,0.009257538,0.006469488,0,0.01940223,0,0,0.000535343,0,0,0,0.015446477,0,0,0.006659543,0.000281713,0,0.001238412,0,0,0.002377966,0.001917927,0,0,0.001235264,0,0,0,0,0,0.000987063,0,0,0,0,0,0,0,0.001534379,0.000489834,0.016714053,0,0.000527676,0.000882692,0.000672203,0.000710296,9.20E-05,0,0,0,0.000420528,0,0,0,0.000269666,0,0,0,0,0,0,0.000147272,0,0,0,0,0,0,0,0,0,0,0,0,0,0,0,0,0,0,0,0,0,0,0,0,0,0,0,0,0,0,0,0,0,0,0,0,0,0,0,0,0,0,0,0,0,0,0,0,0,0,0,0,0,0,0,0,0,0,0,0,0,0,0,0,0,0,0,0,0,0,0,0,0,0,0,0,0,0,0,0,0,0,0,0,0,0,0,0,0,0,0,0,0,0,0,0,0,0,0,0,0,0,0,0,0,0,0,0,0,0,0,0,0,0,0,0,0,0,0,0,0,0,0,0,0,0,0,0,0,0,0,0,0,0,0,0,0,0,0,0,0,0,0,0,0,0,0,0,0,0,0,0,0,0,0,0,0,0,0,0,0,0,0,0,0,0,0,0,0,0,0,0,0,0,0,0,0,0,0,0,0,0,0,0,0,0,0,0,0,0,0,0,0,0,0,0,0,0,0,0,0,0
SRR5384643,PRJNA377739,COPD_Stable,0.009062406,0.000152617,0.363190393,0,0,0,0.008287094,0.005651812,0,0.001126443,0.000242357,0,0.001079148,0,0,0,0.000235713,0,0.000203485,0,0,0,0.000176443,0,0,0,0,0,0,0,0,0,0,0,0,0,0,0,0.000195206,0,0,0,0,0,0,0,0,0,0,0,0,0.000111788,0,0,0,0,0,0,0,0,0,0,0,0,0,0,0,0,0,0,0,0,0,0,0,0,0,0,0,0,0,0,0,0,0,0,0,0,0,0,0,0,0,0,0,0,0,0,0,0,0,0,0,0,0,0,0,0,0,0,0,0,0,0,0,0,0,0,0,0,0,0,0,0,0,0,0,0,0,0,0,0,0,0,0,0,0,0,0,0,0,0,0,0,0,0,0,0,0,0,0,0,0,0,0,0,0,0,0,0,0,0,0,0,0,0,0,0,0,0,0,0,0,0,0,0,0,0,0,0,0,0,0,0,0,0,0,0,0,0,0,0,0,0,0,0,0,0,0,0,0,0,0,0,0,0,0,0,0,0,0,0,0,0,0,0,0,0,0,0,0,0,0,0,0,0,0,0,0,0,0,0,0,0,0,0,0,0,0,0,0,0,0,0,0,0,0,0,0,0,0,0,0,0,0,0,0,0,0,0,0,0,0,0,0,0,0,0,0,0,0,0
SRR5384644,PRJNA377739,COPD_Stable,0.007870657,0.001566918,0,0,0,0,0.017592518,0.00255925,0,0,0.000337398,0,0.000415617,0,0,0,0,0,0,0.000262012,0,0,0.00049521,0.000784417,0,0,0,0,0,0,0,0,0,0,0,0,0,0,0,0,0,0,0,0,0,0,0.000164692,4.47E-05,0,0,0,0,0,0,4.76E-05,0,0,0,0,0,0,0,0,0,0,0,0,0,0,0,0,0,0,0,0,0,0,0,0,0,0,0,0,0,0,0,0,0,0,0,0,0,0,0,0,0,0,0,0,0,0,0,0,0,0,0,0,0,0,0,0,0,0,0,0,0,0,0,0,0,0,0,0,0,0,0,0,0,0,0,0,0,0,0,0,0,0,0,0,0,0,0,0,0,0,0,0,0,0,0,0,0,0,0,0,0,0,0,0,0,0,0,0,0,0,0,0,0,0,0,0,0,0,0,0,0,0,0,0,0,0,0,0,0,0,0,0,0,0,0,0,0,0,0,0,0,0,0,0,0,0,0,0,0,0,0,0,0,0,0,0,0,0,0,0,0,0,0,0,0,0,0,0,0,0,0,0,0,0,0,0,0,0,0,0,0,0,0,0,0,0,0,0,0,0,0,0,0,0,0,0,0,0,0,0,0,0,0,0,0,0,0,0,0,0,0,0,0,0,0,0,0
SRR5384645,PRJNA377739,COPD_Stable,0.060115983,0.00893668,0,0,0,0,0.19043954,0.054029965,0,0.004296642,0,0,0.002053133,0,0,0.002130145,0.00176695,0.000772716,0.000297967,0,0,0,0.002762154,0.005635682,0,7.18E-05,0,0,0.000946475,0.000203293,0,0,0,0,0,0,0,0,0.000611995,0,0,0,0,0,0,0,0.003023884,0.000235624,0.0014619,0,0,0,0.000157356,0,0,0,0,0,0,0,0,0,0,0,0,0,0,0,0,0,0,0,0,0,0,0,0,0,0,0,0,0,0,0,0,0,0,0,0,0,0,0,0,0,0,0,0,0,0,0,0,0,0,0,0,0,0,0,0,0,0,0,0,0,0,0,0,0,0,0,0,0,0,0,0,0,0,0,0,0,0,0,0,0,0,0,0,0,0,0,0,0,0,0,0,0,0,0,0,0,0,0,0,0,0,0,0,0,0,0,0,0,0,0,0,0,0,0,0,0,0,0,0,0,0,0,0,0,0,0,0,0,0,0,0,0,0,0,0,0,0,0,0,0,0,0,0,0,0,0,0,0,0,0,0,0,0,0,0,0,0,0,0,0,0,0,0,0,0,0,0,0,0,0,0,0,0,0,0,0,0,0,0,0,0,0,0,0,0,0,0,0,0,0,0,0,0,0,0,0,0,0,0,0,0,0,0,0,0,0,0,0,0,0,0,0,0,0,0,0,0,0
SRR5384646,PRJNA377739,COPD_Stable,0.071170284,0.010746939,0.325996601,0,0,0,0.167886779,0.035379752,0,0.001970943,0.056862906,0.004112783,0.001222615,0,0,0,0.003686139,0.05008653,0,0,0,0,0.000952931,0.004184875,0,0.000194573,0,0,0.001593965,0.000656417,0,0,0,0,0,0,0,0,0.000303547,0.001636051,0,0,0,0,0,0,0.006594839,0.00865269,0.001939231,0,0.014883662,0.001707375,0.038807633,0.000505646,0,0.007150851,0,0.002933671,0,0,0.005279947,0,0.000340061,0.005074733,0,0.000305753,0,0,0.000373692,0.002078996,0,0,0,0,0,0,0,0,0,0,0,0,0,0,0,0,0,0,0,0,0,0,0,0,0,0,0,0,0,0,0,0,0,0,0,0,0,0,0,0,0,0,0,0,0,0,0,0,0,0,0,0,0,0,0,0,0,0,0,0,0,0,0,0,0,0,0,0,0,0,0,0,0,0,0,0,0,0,0,0,0,0,0,0,0,0,0,0,0,0,0,0,0,0,0,0,0,0,0,0,0,0,0,0,0,0,0,0,0,0,0,0,0,0,0,0,0,0,0,0,0,0,0,0,0,0,0,0,0,0,0,0,0,0,0,0,0,0,0,0,0,0,0,0,0,0,0,0,0,0,0,0,0,0,0,0,0,0,0,0,0,0,0,0,0,0,0,0,0,0,0,0,0,0,0,0,0,0,0,0,0,0,0,0,0,0,0,0,0,0,0,0,0,0,0,0,0,0,0,0,0,0
SRR5384647,PRJNA377739,COPD_Stable,0.233013698,0.013533151,0.001164905,0,0,0,0.324599305,0.047845907,0,0.013999592,0.014475616,0.051370706,0.044414479,0,0,0.000529691,0.00147789,0.006352873,0.000649712,0.006750357,0,0,0.037845913,0.027165865,0,0.004307826,0,0,0.001678144,0.001533653,0,0,0,0,0,0,0,0,0.004151555,0,0,0,0,0,0,0,0.005791047,0.003131628,0.002146583,0,0.000102031,0.000879012,0.000653847,0.000789875,0.000257481,0.000856771,0,0,0,0,0,0,0.001102835,0,0,0,0,0,0,0,0,0,0,0,0,0,0,0,0,0,0,0,0,0,0,0,0,0,0,0,0,0,0,0,0,0,0,0,0,0,0,0,0,0,0,0,0,0,0,0,0,0,0,0,0,0,0,0,0,0,0,0,0,0,0,0,0,0,0,0,0,0,0,0,0,0,0,0,0,0,0,0,0,0,0,0,0,0,0,0,0,0,0,0,0,0,0,0,0,0,0,0,0,0,0,0,0,0,0,0,0,0,0,0,0,0,0,0,0,0,0,0,0,0,0,0,0,0,0,0,0,0,0,0,0,0,0,0,0,0,0,0,0,0,0,0,0,0,0,0,0,0,0,0,0,0,0,0,0,0,0,0,0,0,0,0,0,0,0,0,0,0,0,0,0,0,0,0,0,0,0,0,0,0,0,0,0,0,0,0,0,0,0,0,0,0,0,0,0,0,0,0,0,0,0,0,0,0,0,0,0,0
SRR5384648,PRJNA377739,COPD_Stable,0.04422707,0.001531549,0.002787925,0,0,0,0.091516435,0.022844477,0,0.013811236,0.004904533,0,0.002344795,0,0,0,0,0.000307719,0,0,0,0,0.000216223,0.01642341,0,0.000582368,0,0,0,0,0,0,0,0,0.061596858,0,0,0,0,0,0,0,0,0,0,0.000642957,0.003867124,0.000459214,0.002861872,0,0.006317439,0.001391735,0,0,0,0,0.002823557,0,0,0,0,0,0,0,0,0.001457748,0,0,0,0.000545198,0,0,0,0,0,0,0,0,0,0,0,0,0,0,0,0,0,0,0,0,0,0,0,0,0,0,0,0,0,0,0,0,0,0,0,0,0,0,0,0,0,0,0,0,0,0,0,0,0,0,0,0,0,0,0,0,0,0,0,0,0,0,0,0,0,0,0,0,0,0,0,0,0,0,0,0,0,0,0,0,0,0,0,0,0,0,0,0,0,0,0,0,0,0,0,0,0,0,0,0,0,0,0,0,0,0,0,0,0,0,0,0,0,0,0,0,0,0,0,0,0,0,0,0,0,0,0,0,0,0,0,0,0,0,0,0,0,0,0,0,0,0,0,0,0,0,0,0,0,0,0,0,0,0,0,0,0,0,0,0,0,0,0,0,0,0,0,0,0,0,0,0,0,0,0,0,0,0,0,0,0,0,0,0,0,0,0,0,0,0,0,0,0,0,0,0,0,0,0,0,0,0
SRR5384649,PRJNA377739,COPD_Stable,0.202142122,0.005006537,0,0,0,0,0.405227561,0.140385505,0,0,0.011321876,0.000548684,0.002550493,0,0,0.010699655,0.004838072,0.006290932,0,0.016715901,0,0,0.007528941,7.69E-05,0,0.001081973,0,0,0.001592113,0,0,0,0,0,0,0,0,0,0.002014395,0,0,0,0,0,0,0.000559929,0.011762083,0.009476713,0.001430305,0,0.001904607,0,0.000284188,0,7.54E-05,0.001338291,0,0,0,0,0,0,0,0.000271163,0,0.000975643,0,0,0,0,0,0,0,0,0,0,0,0,0,0,0,0,0,0,0,0,0,0,0,0,0,0,0,0,0,0,0,0,0,0,0,0,0,0,0,0,0,0,0,0,0,0,0,0,0,0,0,0,0,0,0,0,0,0,0,0,0,0,0,0,0,0,0,0,0,0,0,0,0,0,0,0,0,0,0,0,0,0,0,0,0,0,0,0,0,0,0,0,0,0,0,0,0,0,0,0,0,0,0,0,0,0,0,0,0,0,0,0,0,0,0,0,0,0,0,0,0,0,0,0,0,0,0,0,0,0,0,0,0,0,0,0,0,0,0,0,0,0,0,0,0,0,0,0,0,0,0,0,0,0,0,0,0,0,0,0,0,0,0,0,0,0,0,0,0,0,0,0,0,0,0,0,0,0,0,0,0,0,0,0,0,0,0,0,0,0,0,0,0,0,0,0,0,0,0,0,0,0,0,0,0,0
SRR5384966,PRJNA377739,COPD_Exacerbation,0.11356908,0.016305553,0.000222139,0,0,0,0.21168078,0.045596778,0,0.014762536,0.007160468,0.006537174,0.009230406,0,0,0.002263677,0.001534603,0.005237789,0.001320038,0.007077407,0,0.000634453,0.015597064,0.012488059,0,0.001291308,0,0,0.000435134,0.000453928,0,0,0,0,0,0,0,0,0.000460191,0,0,0,0,0,0,0,0.008884918,0.002651087,0,0,0.000369914,0.001130848,0.000836431,0.000365742,0.00027833,0,0.0003052,0,0,0,0,0,0.000721961,0.000208027,0,0,0,0.00060191,0,0,0,0,0,0,0,0,0,0,0,0,0,0,0,0,0,0,0,0,0,0,0,0,0,0,0,0,0,0,0,0,0,0,0,0,0,0,0,0,0,0,0,0,0,0,0,0,0,0,0,0,0,0,0,0,0,0,0,0,0,0,0,0,0,0,0,0,0,0,0,0,0,0,0,0,0,0,0,0,0,0,0,0,0,0,0,0,0,0,0,0,0,0,0,0,0,0,0,0,0,0,0,0,0,0,0,0,0,0,0,0,0,0,0,0,0,0,0,0,0,0,0,0,0,0,0,0,0,0,0,0,0,0,0,0,0,0,0,0,0,0,0,0,0,0,0,0,0,0,0,0,0,0,0,0,0,0,0,0,0,0,0,0,0,0,0,0,0,0,0,0,0,0,0,0,0,0,0,0,0,0,0,0,0,0,0,0,0,0,0,0,0,0,0,0,0,0,0,0,0,0,0,0
SRR5384967,PRJNA377739,COPD_Exacerbation,0.10536622,0.002937956,0.000509851,0,0,0,0.166056928,0.199008178,0,0.010930389,0.001103082,0.000266648,0.000340816,0,0,0.002484675,0.001808441,0.001560274,0,0,0,0,0.008581539,0,0,9.44E-05,0,0,0.000696662,0.000280825,0,0,0,0,0,0.010314966,0,0,0,0,0,0,0,0,0,0,0.006975762,0.000986341,0.001382539,0,0.000401066,0.000748851,0.000109131,0.000468226,0.000357048,0,0.000459229,0,0,0,0,0,9.64E-05,0,0,0,0,0,0.000152686,0,0,0,0,0,0,0,0,0,0,0,0,0,0,0,0,0,0,0,0,0,0,0,0,0,0,0,0,0,0,0,0,0,0,0,0,0,0,0,0,0,0,0,0,0,0,0,0,0,0,0,0,0,0,0,0,0,0,0,0,0,0,0,0,0,0,0,0,0,0,0,0,0,0,0,0,0,0,0,0,0,0,0,0,0,0,0,0,0,0,0,0,0,0,0,0,0,0,0,0,0,0,0,0,0,0,0,0,0,0,0,0,0,0,0,0,0,0,0,0,0,0,0,0,0,0,0,0,0,0,0,0,0,0,0,0,0,0,0,0,0,0,0,0,0,0,0,0,0,0,0,0,0,0,0,0,0,0,0,0,0,0,0,0,0,0,0,0,0,0,0,0,0,0,0,0,0,0,0,0,0,0,0,0,0,0,0,0,0,0,0,0,0,0,0,0,0,0,0,0,0,0,0
SRR5384968,PRJNA377739,COPD_Exacerbation,0.064308148,0.010967166,0.00091229,0,0,0,0.034529707,0.019588846,0,0.033523421,0.000658685,0,0.00077633,0,0,0.000455079,0,0,0.000234281,0,0,0,0,0,0,0,0,0,0,0,0,0,0,0,0,0.013841231,0,0,0,0,0,0,0,0,0,0,0,0.00039398,0,0,0,0.004283422,0,0.000988881,0.000175667,0,0.001221825,0.012703159,0,0,0,0,0.000762498,0,0,0,0.001758734,0,0.007175884,0,0,0,0,0,0,0,0,0,0,0,0,0,0,0,0,0,0,0,0,0,0,0,0,0,0,0,0,0,0,0,0,0,0,0,0,0,0,0,0,0,0,0,0,0,0,0,0,0,0,0,0,0,0,0,0,0,0,0,0,0,0,0,0,0,0,0,0,0,0,0,0,0,0,0,0,0,0,0,0,0,0,0,0,0,0,0,0,0,0,0,0,0,0,0,0,0,0,0,0,0,0,0,0,0,0,0,0,0,0,0,0,0,0,0,0,0,0,0,0,0,0,0,0,0,0,0,0,0,0,0,0,0,0,0,0,0,0,0,0,0,0,0,0,0,0,0,0,0,0,0,0,0,0,0,0,0,0,0,0,0,0,0,0,0,0,0,0,0,0,0,0,0,0,0,0,0,0,0,0,0,0,0,0,0,0,0,0,0,0,0,0,0,0,0,0,0,0,0,0,0,0,0
SRR5384969,PRJNA377739,COPD_Exacerbation,0.016163435,0.000259931,0.00058914,0,0,0,0.008977978,0.002658437,0,0,0,0,0,0,0,0.000236308,0.000586622,0,0,0,0,0,0,0,0,0,0,0,0,0,0,0,0,0,0,0.000379718,0,0,0,0,0,0,0,0,0,0,0,0,0,0,0,0,0,0.000306394,0,0,8.11E-05,0,0,0,0,0,0,0,0,0,0,0,0,0,0,0,0,0,0,0,0,0,0,0,0,0,0,0,0,0,0,0,0,0,0,0,0,0,0,0,0,0,0,0,0,0,0,0,0,0,0,0,0,0,0,0,0,0,0,0,0,0,0,0,0,0,0,0,0,0,0,0,0,0,0,0,0,0,0,0,0,0,0,0,0,0,0,0,0,0,0,0,0,0,0,0,0,0,0,0,0,0,0,0,0,0,0,0,0,0,0,0,0,0,0,0,0,0,0,0,0,0,0,0,0,0,0,0,0,0,0,0,0,0,0,0,0,0,0,0,0,0,0,0,0,0,0,0,0,0,0,0,0,0,0,0,0,0,0,0,0,0,0,0,0,0,0,0,0,0,0,0,0,0,0,0,0,0,0,0,0,0,0,0,0,0,0,0,0,0,0,0,0,0,0,0,0,0,0,0,0,0,0,0,0,0,0,0,0,0,0,0,0,0,0,0
SRR5384970,PRJNA377739,COPD_Exacerbation,0.006758492,0.000299532,0.731133231,0,0,0,0.006233076,0.003076409,0,0.004073522,0.000864663,0.002490095,0.000459451,0,0,0,0.000153266,0,0,0.002913365,0,0,0.002303456,0,0,0.000230773,0,0,8.66E-05,0,0,0,0,0,0,0.000306969,0,0,0.000159722,0,0,0,0,0,0,0,0,0,0,0,0,0.001843794,0,0.000965132,0.000421422,0,0.000498288,0,0.011170627,0,0,0,0,0,0.004067823,0,0.000274045,0,0.000175448,0,0,0,0,0,0,0,0,0,0,0,0,0,0,0,0,0,0,0,0,0,0,0,0,0,0,0,0,0,0,0,0,0,0,0,0,0,0,0,0,0,0,0,0,0,0,0,0,0,0,0,0,0,0,0,0,0,0,0,0,0,0,0,0,0,0,0,0,0,0,0,0,0,0,0,0,0,0,0,0,0,0,0,0,0,0,0,0,0,0,0,0,0,0,0,0,0,0,0,0,0,0,0,0,0,0,0,0,0,0,0,0,0,0,0,0,0,0,0,0,0,0,0,0,0,0,0,0,0,0,0,0,0,0,0,0,0,0,0,0,0,0,0,0,0,0,0,0,0,0,0,0,0,0,0,0,0,0,0,0,0,0,0,0,0,0,0,0,0,0,0,0,0,0,0,0,0,0,0,0,0,0,0,0,0,0,0,0,0,0,0,0,0,0,0,0,0,0,0,0,0,0,0
SRR5384971,PRJNA377739,COPD_Exacerbation,0.033742008,0.007078222,0,0,0,0,0.153219303,0.060722127,0,0.047356045,0.014594576,0.005042421,0.00336722,0,0,0.000779931,0.000383749,0.001192556,0.001062736,0,0,0,0.037922437,0.047152958,0,0,0,0,0.00088498,0,0,0,0,0,0,0,0,0,0.002231676,0,0,0,0,0,0,0,0.001734109,0,0,0,0,0.001424222,0,0,0.000498419,0,0.000661455,0,0,0,0,0,0.002499823,0,0,0,0.000253773,0,0,0,0,0,0,0,0,0,0,0,0,0,0,0,0,0,0,0,0,0,0,0,0,0,0,0,0,0,0,0,0,0,0,0,0,0,0,0,0,0,0,0,0,0,0,0,0,0,0,0,0,0,0,0,0,0,0,0,0,0,0,0,0,0,0,0,0,0,0,0,0,0,0,0,0,0,0,0,0,0,0,0,0,0,0,0,0,0,0,0,0,0,0,0,0,0,0,0,0,0,0,0,0,0,0,0,0,0,0,0,0,0,0,0,0,0,0,0,0,0,0,0,0,0,0,0,0,0,0,0,0,0,0,0,0,0,0,0,0,0,0,0,0,0,0,0,0,0,0,0,0,0,0,0,0,0,0,0,0,0,0,0,0,0,0,0,0,0,0,0,0,0,0,0,0,0,0,0,0,0,0,0,0,0,0,0,0,0,0,0,0,0,0,0,0,0,0,0,0,0,0,0,0,0
SRR5384972,PRJNA377739,COPD_Exacerbation,0.224658628,0.008929013,0.001105282,0,0,0,0.35788391,0.098679447,0,0.050050135,0.006769456,0,0.005888238,0,0,0.000350271,0.001479756,0.001447931,0.000287294,0.011231678,0,0,0.017696411,0.01600845,0,0.006308656,0,0,0.00082798,0.000561888,0,0,0,0,0.00043505,0.001457165,0,0,0.001143638,0,0,0,0,0,0,0.000427022,0.000753236,0.000847949,0.00659977,0,0.005780869,0.011082729,0.001739612,0.00806417,0.007820856,0,0.00375154,0,0.000610966,0,0,0,0,0,0,0.000287104,0,0,0.000524152,0.000594573,0,0,0,0,0,0,0,0,0,0,0,0,0,0,0,0,0,0,0,0,0,0,0,0,0,0,0,0,0,0,0,0,0,0,0,0,0,0,0,0,0,0,0,0,0,0,0,0,0,0,0,0,0,0,0,0,0,0,0,0,0,0,0,0,0,0,0,0,0,0,0,0,0,0,0,0,0,0,0,0,0,0,0,0,0,0,0,0,0,0,0,0,0,0,0,0,0,0,0,0,0,0,0,0,0,0,0,0,0,0,0,0,0,0,0,0,0,0,0,0,0,0,0,0,0,0,0,0,0,0,0,0,0,0,0,0,0,0,0,0,0,0,0,0,0,0,0,0,0,0,0,0,0,0,0,0,0,0,0,0,0,0,0,0,0,0,0,0,0,0,0,0,0,0,0,0,0,0,0,0,0,0,0,0,0,0,0,0,0,0,0,0,0,0,0,0,0,0,0,0,0,0
SRR5384973,PRJNA377739,COPD_Exacerbation,0.345190638,0.026267295,0.005232971,0,0,0,0.273104313,0.046825718,0,0.09821504,0.001350242,0,0.000113943,0,0,0.001873856,0.00177738,0,0,0,0,0,0,0.001011254,0,0,0,0,0.001222727,0,0,0,0,0,0,0.001305169,0,0,0,0,0,0,0,0,0,0,0.004722575,0.000893205,0,0,0,0.02262225,0,0.007379067,0.005805134,0,0.004992566,0,0.000899827,0,0,0,0,0,0,0,0,0,0,0,0,0,0,0,0,0,0,0,0,0,0,0,0,0,0,0,0,0,0,0,0,0,0,0,0,0,0,0,0,0,0,0,0,0,0,0,0,0,0,0,0,0,0,0,0,0,0,0,0,0,0,0,0,0,0,0,0,0,0,0,0,0,0,0,0,0,0,0,0,0,0,0,0,0,0,0,0,0,0,0,0,0,0,0,0,0,0,0,0,0,0,0,0,0,0,0,0,0,0,0,0,0,0,0,0,0,0,0,0,0,0,0,0,0,0,0,0,0,0,0,0,0,0,0,0,0,0,0,0,0,0,0,0,0,0,0,0,0,0,0,0,0,0,0,0,0,0,0,0,0,0,0,0,0,0,0,0,0,0,0,0,0,0,0,0,0,0,0,0,0,0,0,0,0,0,0,0,0,0,0,0,0,0,0,0,0,0,0,0,0,0,0,0,0,0,0,0,0,0,0,0,0
SRR5384974,PRJNA377739,COPD_Exacerbation,0.090020018,0.047546838,0,0,0,0,0.255767927,0.321995265,0,0,0.009078424,0.000959833,0.008380262,0,0,0.001389525,0.004034457,0.002748108,0,0,0,0,0.010122555,0,0,0.003035092,0,0,0.002222292,0.000281589,0,0,0,0,0,0,0,0,0.000334713,0.000831233,0,0,0,0,0,0,0,0.024662212,0,0,0.000211805,0,0.00314631,0,0,0,0,0,0,0,0,0,0.000717975,0,0,0,0,0,0,0.000218901,0,0,0,0,0,0,0,0,0,0,0,0,0,0,0,0,0,0,0,0,0,0,0,0,0,0,0,0,0,0,0,0,0,0,0,0,0,0,0,0,0,0,0,0,0,0,0,0,0,0,0,0,0,0,0,0,0,0,0,0,0,0,0,0,0,0,0,0,0,0,0,0,0,0,0,0,0,0,0,0,0,0,0,0,0,0,0,0,0,0,0,0,0,0,0,0,0,0,0,0,0,0,0,0,0,0,0,0,0,0,0,0,0,0,0,0,0,0,0,0,0,0,0,0,0,0,0,0,0,0,0,0,0,0,0,0,0,0,0,0,0,0,0,0,0,0,0,0,0,0,0,0,0,0,0,0,0,0,0,0,0,0,0,0,0,0,0,0,0,0,0,0,0,0,0,0,0,0,0,0,0,0,0,0,0,0,0,0,0,0,0,0,0,0,0,0,0,0,0,0,0,0
SRR5384975,PRJNA377739,COPD_Exacerbation,0.006202474,0.001522251,0,0,0,0,0.018110975,0.00968532,0,0.000681277,0,0,0,0,0,0,0,0,0,0,0,0,0.005874993,0.000120538,0,0.000418737,0,0,0,0,0,0,0.000271946,0,0,0.001185307,0,0,0,0,0,0,0,0,0,0,0.000601774,0,0,0,0.005258461,0.005487634,0,0.001746256,0.004121382,0.000164925,0.003247865,0,0.000312718,0,0,0,0,0,0,0,0.000832648,0,0.000392957,0.000569764,0,0,0,0,0,0,0,0,0,0,0,0,0,0,0,0,0,0,0,0,0,0,0,0,0,0,0,0,0,0,0,0,0,0,0,0,0,0,0,0,0,0,0,0,0,0,0,0,0,0,0,0,0,0,0,0,0,0,0,0,0,0,0,0,0,0,0,0,0,0,0,0,0,0,0,0,0,0,0,0,0,0,0,0,0,0,0,0,0,0,0,0,0,0,0,0,0,0,0,0,0,0,0,0,0,0,0,0,0,0,0,0,0,0,0,0,0,0,0,0,0,0,0,0,0,0,0,0,0,0,0,0,0,0,0,0,0,0,0,0,0,0,0,0,0,0,0,0,0,0,0,0,0,0,0,0,0,0,0,0,0,0,0,0,0,0,0,0,0,0,0,0,0,0,0,0,0,0,0,0,0,0,0,0,0,0,0,0,0,0,0,0,0,0,0,0,0,0,0,0,0,0
SRR5384976,PRJNA377739,COPD_Exacerbation,0.160009853,0.023043622,0.12526016,0,0,0,0.194065026,0.088252576,0,0.004854289,0.041897017,0.001596452,0.002905661,0,0,0.000398922,0.003400243,0.054374334,0,0,0,0,0.004655994,0.009375221,0,0,0,0,0.000708574,0.000658885,0,0,0,0,0,0,0,0,0.001088853,0.001190653,0,0,0,0,0,0,0.007396318,0.00568528,0.002468889,0,0.013486537,0.000875974,0.015497767,0.000663835,0.000789821,0.005483105,0.000199544,0.002762993,0,0,0.006401565,0,0,0.002935164,0,0,0,0,0,0.00231743,0,0,0,0,0,0,0,0,0,0,0,0,0,0,0,0,0,0,0,0,0,0,0,0,0,0,0,0,0,0,0,0,0,0,0,0,0,0,0,0,0,0,0,0,0,0,0,0,0,0,0,0,0,0,0,0,0,0,0,0,0,0,0,0,0,0,0,0,0,0,0,0,0,0,0,0,0,0,0,0,0,0,0,0,0,0,0,0,0,0,0,0,0,0,0,0,0,0,0,0,0,0,0,0,0,0,0,0,0,0,0,0,0,0,0,0,0,0,0,0,0,0,0,0,0,0,0,0,0,0,0,0,0,0,0,0,0,0,0,0,0,0,0,0,0,0,0,0,0,0,0,0,0,0,0,0,0,0,0,0,0,0,0,0,0,0,0,0,0,0,0,0,0,0,0,0,0,0,0,0,0,0,0,0,0,0,0,0,0,0,0,0,0,0,0,0,0,0,0,0,0,0
SRR5384977,PRJNA377739,COPD_Exacerbation,0.332483457,0.011377661,0.005948068,0,0,0,0.199836092,0.030779909,0,0.021682008,0.01127108,0.000557796,0.03277789,0,0,0.000719197,0.001124352,0.000336691,0,0,0,0,0.029445805,0.026365613,0,0.005868243,0,0,0.000947317,0.000357126,0,0,0,0,0,0.002905897,0,0,0.002385972,0,0,0,0,0,0,0,0.001731034,0.000538017,0.011360927,0.000171669,0.000305138,0.019964554,0,0.014676402,0.006897829,0,0.006995847,0,0,0.000178206,0,0,0.001657413,0,0.00027647,0,9.99E-05,0,0.00198289,0,0,0,0,0,0,0,0,0,0,0,0,0,0,0,0,0,0,0,0,0,0,0,0,0,0,0,0,0,0,0,0,0,0,0,0,0,0,0,0,0,0,0,0,0,0,0,0,0,0,0,0,0,0,0,0,0,0,0,0,0,0,0,0,0,0,0,0,0,0,0,0,0,0,0,0,0,0,0,0,0,0,0,0,0,0,0,0,0,0,0,0,0,0,0,0,0,0,0,0,0,0,0,0,0,0,0,0,0,0,0,0,0,0,0,0,0,0,0,0,0,0,0,0,0,0,0,0,0,0,0,0,0,0,0,0,0,0,0,0,0,0,0,0,0,0,0,0,0,0,0,0,0,0,0,0,0,0,0,0,0,0,0,0,0,0,0,0,0,0,0,0,0,0,0,0,0,0,0,0,0,0,0,0,0,0,0,0,0,0,0,0,0,0,0,0,0,0,0,0,0,0,0
SRR5384978,PRJNA377739,COPD_Exacerbation,0.110020532,0.011087517,0,0,0,0,0.092998354,0.048624521,0,0.000336738,0.012987666,0.003395152,0.005400225,0,0,0.000743208,0.00255704,0.008131282,0.001624204,0,0,0,0.00760937,0.020605902,0,0.001151919,0,0,0.002204677,0.00219998,0,0,0,0,0,0.001370365,0,0,0.000320233,0,0,0,0,0,0,0.000235029,0.005026654,0.031877571,0.023217621,0,0.026742071,0.001167388,0.001811165,0.000621329,0.000497154,0.001644845,0.000630352,0,0,0,0,0,0,0,0,0,0.000129779,0,0,0.001684505,0,0,0,0,0,0,0,0,0,0,0,0,0,0,0,0,0,0,0,0,0,0,0,0,0,0,0,0,0,0,0,0,0,0,0,0,0,0,0,0,0,0,0,0,0,0,0,0,0,0,0,0,0,0,0,0,0,0,0,0,0,0,0,0,0,0,0,0,0,0,0,0,0,0,0,0,0,0,0,0,0,0,0,0,0,0,0,0,0,0,0,0,0,0,0,0,0,0,0,0,0,0,0,0,0,0,0,0,0,0,0,0,0,0,0,0,0,0,0,0,0,0,0,0,0,0,0,0,0,0,0,0,0,0,0,0,0,0,0,0,0,0,0,0,0,0,0,0,0,0,0,0,0,0,0,0,0,0,0,0,0,0,0,0,0,0,0,0,0,0,0,0,0,0,0,0,0,0,0,0,0,0,0,0,0,0,0,0,0,0,0,0,0,0,0,0,0,0,0,0,0,0
SRR5384979,PRJNA377739,COPD_Exacerbation,0.185513063,0.021749662,0,0,0,0,0.42148491,0.085467486,0,0.03983464,0.003431998,0.00244628,0.004114274,0,0,0.00048015,0.001764387,0.002238249,0.004364899,0.007155489,0,0,0.014269534,0.035697388,0,0.001065876,0.004679839,0,0.002638447,0,0,0,0,0,0,0.000173504,0,0,0.0009485,0,0,0,0,0,0,0,0.021747715,0,0.001503393,0,0,0.000280487,0,0.000192852,0.000505181,0,0.000167592,0,0,0,0.001554948,0,0.00029596,0,0,0,0,0,0,0,0,0,0,0,0,0,0,0,0,0,0,0,0,0,0,0,0,0,0,0,0,0,0,0,0,0,0,0,0,0,0,0,0,0,0,0,0,0,0,0,0,0,0,0,0,0,0,0,0,0,0,0,0,0,0,0,0,0,0,0,0,0,0,0,0,0,0,0,0,0,0,0,0,0,0,0,0,0,0,0,0,0,0,0,0,0,0,0,0,0,0,0,0,0,0,0,0,0,0,0,0,0,0,0,0,0,0,0,0,0,0,0,0,0,0,0,0,0,0,0,0,0,0,0,0,0,0,0,0,0,0,0,0,0,0,0,0,0,0,0,0,0,0,0,0,0,0,0,0,0,0,0,0,0,0,0,0,0,0,0,0,0,0,0,0,0,0,0,0,0,0,0,0,0,0,0,0,0,0,0,0,0,0,0,0,0,0,0,0,0,0,0,0,0,0,0,0,0,0,0,0,0
SRR5384980,PRJNA377739,COPD_Exacerbation,0.100146439,0.015485153,0.002308295,0,0,0,0.304008688,0.037548699,0,0.01185038,0.012555571,0.006551417,0.005452263,0,0,0.001740494,0.000891816,0.003954901,0.001396535,0.006947667,0,0,0.022887772,0.031898635,0,0.000126411,0,0,0.003947076,0,0,0,0,0,0,0.004913607,0,0,0.001030438,0.000889556,0,0,0,0,0,0.000649713,0.010976742,0.028983141,0.000567198,0,0.031828683,0.012038959,0.008269328,0.006593735,0.006584402,0.001981377,0.004544073,0,0,0,0.00040619,0,0,0,0,0,0.001747131,0,0.000435074,0.000867244,0,0,0,0,0,0,0,0,0,0,0,0,0,0,0,0,0,0,0,0,0,0,0,0,0,0,0,0,0,0,0,0,0,0,0,0,0,0,0,0,0,0,0,0,0,0,0,0,0,0,0,0,0,0,0,0,0,0,0,0,0,0,0,0,0,0,0,0,0,0,0,0,0,0,0,0,0,0,0,0,0,0,0,0,0,0,0,0,0,0,0,0,0,0,0,0,0,0,0,0,0,0,0,0,0,0,0,0,0,0,0,0,0,0,0,0,0,0,0,0,0,0,0,0,0,0,0,0,0,0,0,0,0,0,0,0,0,0,0,0,0,0,0,0,0,0,0,0,0,0,0,0,0,0,0,0,0,0,0,0,0,0,0,0,0,0,0,0,0,0,0,0,0,0,0,0,0,0,0,0,0,0,0,0,0,0,0,0,0,0,0,0,0,0,0,0,0,0,0,0,0,0
SRR5384981,PRJNA377739,COPD_Exacerbation,0.163440857,0.009681848,0,0,0,0,0.288581353,0.160807086,0,0.003119835,0.010063582,0,0.001316392,0,0,0.000511514,0,0.022953072,0.001720177,0,0,0,0,0.084781756,0,0.000151809,0,0,0.004086822,0,0,0,0,0,0,0.000417592,0,0,0,0.000529088,0,0,0,0,0,0,0.01096013,0.018659828,0.001628939,0,0.002301957,0.001032427,0.001395648,0,0.000573709,0.000729286,0.000323046,0,0,0,0.000909005,0.000511043,0,0,0,0,0.000145928,0,0,0.000462403,0,0,0,0,0,0,0,0,0,0,0,0,0,0,0,0,0,0,0,0,0,0,0,0,0,0,0,0,0,0,0,0,0,0,0,0,0,0,0,0,0,0,0,0,0,0,0,0,0,0,0,0,0,0,0,0,0,0,0,0,0,0,0,0,0,0,0,0,0,0,0,0,0,0,0,0,0,0,0,0,0,0,0,0,0,0,0,0,0,0,0,0,0,0,0,0,0,0,0,0,0,0,0,0,0,0,0,0,0,0,0,0,0,0,0,0,0,0,0,0,0,0,0,0,0,0,0,0,0,0,0,0,0,0,0,0,0,0,0,0,0,0,0,0,0,0,0,0,0,0,0,0,0,0,0,0,0,0,0,0,0,0,0,0,0,0,0,0,0,0,0,0,0,0,0,0,0,0,0,0,0,0,0,0,0,0,0,0,0,0,0,0,0,0,0,0,0,0,0,0,0,0
SRR5384982,PRJNA377739,COPD_Exacerbation,0.046946765,0.009892078,0.000220544,0,0,0,0.163152601,0.043849088,0,0.023773334,0.0017323,0.003872613,0.004077446,0,0,0.000403462,0,0.001793077,0.000241104,0.116260707,0,0,0.002167573,0.006330343,0,0.000421037,0,0,0.000567261,0.001809958,0,0,0,0,0,0.000762418,0,0,0.000324176,0,0,0,0,0,0,0,0.005569802,0.007323245,0.003499695,0,0.002855682,0.000731515,0.000550046,0.000306732,0,0,0.000368477,0,0,0,0,0,0,0.000217454,0,0,0,0,0,0,0,0,0,0,0,0,0,0,0,0,0,0,0,0,0,0,0,0,0,0,0,0,0,0,0,0,0,0,0,0,0,0,0,0,0,0,0,0,0,0,0,0,0,0,0,0,0,0,0,0,0,0,0,0,0,0,0,0,0,0,0,0,0,0,0,0,0,0,0,0,0,0,0,0,0,0,0,0,0,0,0,0,0,0,0,0,0,0,0,0,0,0,0,0,0,0,0,0,0,0,0,0,0,0,0,0,0,0,0,0,0,0,0,0,0,0,0,0,0,0,0,0,0,0,0,0,0,0,0,0,0,0,0,0,0,0,0,0,0,0,0,0,0,0,0,0,0,0,0,0,0,0,0,0,0,0,0,0,0,0,0,0,0,0,0,0,0,0,0,0,0,0,0,0,0,0,0,0,0,0,0,0,0,0,0,0,0,0,0,0,0,0,0,0,0,0,0,0,0,0,0,0
SRR5384983,PRJNA377739,COPD_Exacerbation,0.091142242,0.00480565,0.673899889,0,0,0,0.113603151,0.046434404,0,0.006108722,0,0,0,0,0,0.001192376,0,0,0.001464179,0,0,0,0.002570904,0,0,0,0,0,0.000873844,0,0,0,0,0,0,0.00088512,0,0,0,0,0,0,0,0,0,0,0,0,0,0,0,0.000893367,0,0.000397925,0.000185475,0,0.00029506,0,0.000126431,0,0,0,0,0,0.000212194,0,0,0,0,0,0,0,0,0,0,0,0,0,0,0,0,0,0,0,0,0,0,0,0,0,0,0,0,0,0,0,0,0,0,0,0,0,0,0,0,0,0,0,0,0,0,0,0,0,0,0,0,0,0,0,0,0,0,0,0,0,0,0,0,0,0,0,0,0,0,0,0,0,0,0,0,0,0,0,0,0,0,0,0,0,0,0,0,0,0,0,0,0,0,0,0,0,0,0,0,0,0,0,0,0,0,0,0,0,0,0,0,0,0,0,0,0,0,0,0,0,0,0,0,0,0,0,0,0,0,0,0,0,0,0,0,0,0,0,0,0,0,0,0,0,0,0,0,0,0,0,0,0,0,0,0,0,0,0,0,0,0,0,0,0,0,0,0,0,0,0,0,0,0,0,0,0,0,0,0,0,0,0,0,0,0,0,0,0,0,0,0,0,0,0,0,0,0,0,0,0,0,0,0,0,0,0
SRR5384984,PRJNA377739,COPD_Exacerbation,0.262952462,0.009075698,0,0,0,0,0.13240034,0.09591628,0,0.043979067,0.050997287,0,0.00061798,0,0,0.001549276,0,0,0,0,0,0,0.00116115,9.33E-05,0,0,0,0,0,0.016608159,0,0,0.009152211,0,0,0,0,0,0.001184191,0,0,0,0,0,0,0.006317613,0.006106026,0,0.01020183,0,0.007469549,0.000629087,0,0.000413097,0.00042015,0.006241201,0,0.001644716,0,0,0,0,0,0,0,0.002329103,0,0,0.000140538,0.000776283,0,0,0,0,0,0,0,0,0,0,0,0,0,0,0,0,0,0,0,0,0,0,0,0,0,0,0,0,0,0,0,0,0,0,0,0,0,0,0,0,0,0,0,0,0,0,0,0,0,0,0,0,0,0,0,0,0,0,0,0,0,0,0,0,0,0,0,0,0,0,0,0,0,0,0,0,0,0,0,0,0,0,0,0,0,0,0,0,0,0,0,0,0,0,0,0,0,0,0,0,0,0,0,0,0,0,0,0,0,0,0,0,0,0,0,0,0,0,0,0,0,0,0,0,0,0,0,0,0,0,0,0,0,0,0,0,0,0,0,0,0,0,0,0,0,0,0,0,0,0,0,0,0,0,0,0,0,0,0,0,0,0,0,0,0,0,0,0,0,0,0,0,0,0,0,0,0,0,0,0,0,0,0,0,0,0,0,0,0,0,0,0,0,0,0,0,0,0,0,0,0,0
SRR5384985,PRJNA377739,COPD_Exacerbation,0.213460162,0.022797541,0.000126629,0,0,0,0.256565436,0.077851524,0,0.032829932,0.014226636,0.007512787,0.010671616,0,0,0.00228294,0.00238155,0.025044173,0.00317493,0.007749183,0,0.000633931,0.006759431,0.038105714,0,0.011173388,0,0,0.003073228,0.000618964,0,0,0,0,0,0,0,0,0.001913919,0.001839746,0,0,0,0,0,0.001641612,0.004369232,0.00613218,0.007902566,0,0.004880002,0.000708477,0.014987571,0,0.000186796,0.000856954,0,0,0,0,0,0,0.000366694,0,0,0,0,0,0,0.000364458,0.000182126,0,0,0,0,0,0,0,0,0,0,0,0,0,0,0,0,0,0,0,0,0,0,0,0,0,0,0,0,0,0,0,0,0,0,0,0,0,0,0,0,0,0,0,0,0,0,0,0,0,0,0,0,0,0,0,0,0,0,0,0,0,0,0,0,0,0,0,0,0,0,0,0,0,0,0,0,0,0,0,0,0,0,0,0,0,0,0,0,0,0,0,0,0,0,0,0,0,0,0,0,0,0,0,0,0,0,0,0,0,0,0,0,0,0,0,0,0,0,0,0,0,0,0,0,0,0,0,0,0,0,0,0,0,0,0,0,0,0,0,0,0,0,0,0,0,0,0,0,0,0,0,0,0,0,0,0,0,0,0,0,0,0,0,0,0,0,0,0,0,0,0,0,0,0,0,0,0,0,0,0,0,0,0,0,0,0,0,0,0,0,0,0,0,0,0,0,0,0,0,0,0
SRR5384986,PRJNA377739,COPD_Exacerbation,0.140147495,0.008867939,0.000798542,0,0,0,0.251128151,0.177173894,0,0.001362134,0.013959561,0,0.001402238,0,0,0.000317678,0,0.030540342,0.001574833,0,0,0,0,0.099097329,0,0.000105081,0,0,0.002693426,0,0,0,9.26E-05,0,0,0,0,0,0,0.000216634,0,0,0,0,0,0.000233739,0.011674421,0.023073334,0.002266695,0,0.003460752,0.000941148,0.001454614,0,0.000372497,0.001370099,0,0,0,0,0.000713489,0.000562603,0,0,0,0,8.48E-05,0,0,0.000470809,0,0,0,0,0,0,0,0,0,0,0,0,0,0,0,0,0,0,0,0,0,0,0,0,0,0,0,0,0,0,0,0,0,0,0,0,0,0,0,0,0,0,0,0,0,0,0,0,0,0,0,0,0,0,0,0,0,0,0,0,0,0,0,0,0,0,0,0,0,0,0,0,0,0,0,0,0,0,0,0,0,0,0,0,0,0,0,0,0,0,0,0,0,0,0,0,0,0,0,0,0,0,0,0,0,0,0,0,0,0,0,0,0,0,0,0,0,0,0,0,0,0,0,0,0,0,0,0,0,0,0,0,0,0,0,0,0,0,0,0,0,0,0,0,0,0,0,0,0,0,0,0,0,0,0,0,0,0,0,0,0,0,0,0,0,0,0,0,0,0,0,0,0,0,0,0,0,0,0,0,0,0,0,0,0,0,0,0,0,0,0,0,0,0,0,0,0,0,0,0,0,0
SRR5384987,PRJNA377739,COPD_Exacerbation,0.267328141,0.015383101,0,0,0,0,0.289217419,0.055292512,0,0.048043972,0.002024286,0.011402936,0.018084134,0,0,0.000816588,0.000620126,0.015203005,0.00207192,0.02326461,0,0.001775764,0.005474149,0.008675798,0,0.003073298,0,0,0.002937605,0.012010184,0,0,0,0,0,0,0,0,0.000596978,0,0,0,0,0,0,0,0.004640511,0,0.014021567,0,0.003369786,0.002405667,0.00101223,0.000686992,0.00085102,0,0.000430005,0,0,0,0,0,0.000854316,0.000253286,0,0,0,0,0,0.000340968,0,0,0,0,0,0,0,0,0,0,0,0,0,0,0,0,0,0,0,0,0,0,0,0,0,0,0,0,0,0,0,0,0,0,0,0,0,0,0,0,0,0,0,0,0,0,0,0,0,0,0,0,0,0,0,0,0,0,0,0,0,0,0,0,0,0,0,0,0,0,0,0,0,0,0,0,0,0,0,0,0,0,0,0,0,0,0,0,0,0,0,0,0,0,0,0,0,0,0,0,0,0,0,0,0,0,0,0,0,0,0,0,0,0,0,0,0,0,0,0,0,0,0,0,0,0,0,0,0,0,0,0,0,0,0,0,0,0,0,0,0,0,0,0,0,0,0,0,0,0,0,0,0,0,0,0,0,0,0,0,0,0,0,0,0,0,0,0,0,0,0,0,0,0,0,0,0,0,0,0,0,0,0,0,0,0,0,0,0,0,0,0,0,0,0,0,0,0,0,0,0,0
SRR5384988,PRJNA377739,COPD_Exacerbation,0.335416786,0.004805924,0.000100651,0,0,0,0.19721859,0.00091378,0,0.077143573,0,0.017872804,0.052793083,0,0,0.000407709,0,0,0.000174167,0,0,0,0,0,0,0,0,0,0.000915205,0,0,0,0,0,0,0.000466888,0,0,0,0,0,0,0,0,0,0,0,0,0,0.014388314,0,0.002132089,0,0.000304424,0.001296615,0,0.000493125,0,0,0,0,0,0.001330806,0,0,0,0.000264501,0,0.000243766,0,0,0,0,0,0,0,0,0,0,0,0,0,0,0,0,0,0,0,0,0,0,0,0,0,0,0,0,0,0,0,0,0,0,0,0,0,0,0,0,0,0,0,0,0,0,0,0,0,0,0,0,0,0,0,0,0,0,0,0,0,0,0,0,0,0,0,0,0,0,0,0,0,0,0,0,0,0,0,0,0,0,0,0,0,0,0,0,0,0,0,0,0,0,0,0,0,0,0,0,0,0,0,0,0,0,0,0,0,0,0,0,0,0,0,0,0,0,0,0,0,0,0,0,0,0,0,0,0,0,0,0,0,0,0,0,0,0,0,0,0,0,0,0,0,0,0,0,0,0,0,0,0,0,0,0,0,0,0,0,0,0,0,0,0,0,0,0,0,0,0,0,0,0,0,0,0,0,0,0,0,0,0,0,0,0,0,0,0,0,0,0,0,0,0,0,0,0,0,0,0,0,0
SRR5384989,PRJNA377739,COPD_Exacerbation,0.124705223,0.012987506,0.000455576,0,0,0,0.146029619,0.028732934,0.00039533,0.026870917,0.026522494,0.064177407,0.028345887,0,0,0,0.00144819,0.03510566,0.001719104,0.041070908,0,0.00450979,0.045372969,0.058519085,0,0.01756522,0,0,0.001152703,0.000775333,0,0,6.34E-05,0,0,0,0,0,0.000478845,0,0,0,0,0,0,0,0.001393336,0.021038239,0.01713205,0,0.002034095,0.004893467,0.005848056,0.004351936,0.003271691,0.001984689,0.001478871,0,0,0,0.000845891,0,0.004128013,0.000659688,0,0,0,0.001359442,0.000344952,0.000963797,0,0,0,0,0,0,0,0,0,0,0,0,0,0,0,0,0,0,0,0,0,0,0,0,0,0,0,0,0,0,0,0,0,0,0,0,0,0,0,0,0,0,0,0,0,0,0,0,0,0,0,0,0,0,0,0,0,0,0,0,0,0,0,0,0,0,0,0,0,0,0,0,0,0,0,0,0,0,0,0,0,0,0,0,0,0,0,0,0,0,0,0,0,0,0,0,0,0,0,0,0,0,0,0,0,0,0,0,0,0,0,0,0,0,0,0,0,0,0,0,0,0,0,0,0,0,0,0,0,0,0,0,0,0,0,0,0,0,0,0,0,0,0,0,0,0,0,0,0,0,0,0,0,0,0,0,0,0,0,0,0,0,0,0,0,0,0,0,0,0,0,0,0,0,0,0,0,0,0,0,0,0,0,0,0,0,0,0,0,0,0,0,0,0,0,0,0,0,0,0,0,0
SRR5384990,PRJNA377739,COPD_Exacerbation,0.030429383,0,0.001487839,0,0,0,0.03665197,0.006742022,0,0.008862381,0.013209954,0.000704068,0,0,0,0,0,0,0,0,0,0,0,0.004578069,0,0,0.013246763,0,0,0,0.543561933,0,0.011518377,0,0,0.001923615,0,0,0,0,0,0,0,0,0,0.000545092,0.011826518,0.009972944,0,0,0.005285692,0.004801476,0.002160287,0.005923694,0.003413583,0.000178821,0.002343451,0.013151482,0,0,0,0,0.000130934,0,0.001275201,8.41E-05,0.000372422,0,0.000738252,0.002466335,0,0,0,0,0,0,0,0,0,0,0,0,0,0,0,0,0,0,0,0,0,0,0,0,0,0,0,0,0,0,0,0,0,0,0,0,0,0,0,0,0,0,0,0,0,0,0,0,0,0,0,0,0,0,0,0,0,0,0,0,0,0,0,0,0,0,0,0,0,0,0,0,0,0,0,0,0,0,0,0,0,0,0,0,0,0,0,0,0,0,0,0,0,0,0,0,0,0,0,0,0,0,0,0,0,0,0,0,0,0,0,0,0,0,0,0,0,0,0,0,0,0,0,0,0,0,0,0,0,0,0,0,0,0,0,0,0,0,0,0,0,0,0,0,0,0,0,0,0,0,0,0,0,0,0,0,0,0,0,0,0,0,0,0,0,0,0,0,0,0,0,0,0,0,0,0,0,0,0,0,0,0,0,0,0,0,0,0,0,0,0,0,0,0,0,0,0,0,0,0,0,0
SRR5384991,PRJNA377739,COPD_Exacerbation,0.055119722,0.023286826,0.00024507,0,0,0,0.430150864,0.320426355,0,0.000960306,0.002246816,0.000574576,0.000328993,0,0,0.001588315,0.003109822,0.011173157,0,0.000182825,0,0,0.000498523,0.003685657,0,0,0,0,0.000137276,0,0,0,0.000494945,0,0,0.00092911,0,0,0.000799146,0,0,0,0,0,0,0.000498216,0.000710094,0.002278305,0,0,0.000968939,0.000374593,0.000364894,0,0.000266009,0.000220855,6.55E-05,0.001270333,0,0,0,0,0,0.000108055,0,0,0,0,0,0,0,0,0,0,0,0,0,0,0,0,0,0,0,0,0,0,0,0,0,0,0,0,0,0,0,0,0,0,0,0,0,0,0,0,0,0,0,0,0,0,0,0,0,0,0,0,0,0,0,0,0,0,0,0,0,0,0,0,0,0,0,0,0,0,0,0,0,0,0,0,0,0,0,0,0,0,0,0,0,0,0,0,0,0,0,0,0,0,0,0,0,0,0,0,0,0,0,0,0,0,0,0,0,0,0,0,0,0,0,0,0,0,0,0,0,0,0,0,0,0,0,0,0,0,0,0,0,0,0,0,0,0,0,0,0,0,0,0,0,0,0,0,0,0,0,0,0,0,0,0,0,0,0,0,0,0,0,0,0,0,0,0,0,0,0,0,0,0,0,0,0,0,0,0,0,0,0,0,0,0,0,0,0,0,0,0,0,0,0,0,0,0,0,0,0,0,0,0,0,0,0,0
SRR5384992,PRJNA377739,COPD_Exacerbation,0.183145699,0.015789306,0.000538147,0,0,0,0.318839317,0.00340737,0,0.043867433,0.01352069,0.013611443,0.009477231,0,0,0.001092969,0.001778512,0.000207911,0.000743381,0,0,0,0.026427631,0.018341331,0,0.00446111,0,0,0.002870671,0.002947165,0,0,0,0,0,0.000680961,0,0,0,0,0,0,0,0,0,0,0.006403999,0,0.016267432,0,0,0.001463522,0,0.000628279,0.001060932,0.000314061,0.000575742,0,0,0,0.000621561,0,0,0,0,0.000671348,0.000273611,0,0,0.000347292,0,0,0,0,0,0,0,0,0,0,0,0,0,0,0,0,0,0,0,0,0,0,0,0,0,0,0,0,0,0,0,0,0,0,0,0,0,0,0,0,0,0,0,0,0,0,0,0,0,0,0,0,0,0,0,0,0,0,0,0,0,0,0,0,0,0,0,0,0,0,0,0,0,0,0,0,0,0,0,0,0,0,0,0,0,0,0,0,0,0,0,0,0,0,0,0,0,0,0,0,0,0,0,0,0,0,0,0,0,0,0,0,0,0,0,0,0,0,0,0,0,0,0,0,0,0,0,0,0,0,0,0,0,0,0,0,0,0,0,0,0,0,0,0,0,0,0,0,0,0,0,0,0,0,0,0,0,0,0,0,0,0,0,0,0,0,0,0,0,0,0,0,0,0,0,0,0,0,0,0,0,0,0,0,0,0,0,0,0,0,0,0,0,0,0,0,0,0,0,0,0,0
SRR5384993,PRJNA377739,COPD_Exacerbation,0.166729814,0.001604101,0.569235658,0,0,0,0.047760501,0.006958789,0,0.094135066,0.003514958,0,0,0,0,0,0,0.00441751,0,0.000258707,0,0,0.003285985,0.002321794,0,0.005364739,0,0,0,0.00037888,0,0,0,0,0,0.000495795,0,0,0,0.000425363,0,0,0,0,0,0,0.000543895,0,0.005798357,0,0.00146506,0.000910867,0,0.000791975,0.000814774,0.000131603,0.000396097,0,0,0,0,0.000259783,0,0,0,0,0,0,0,0,0,0,0,0,0,0,0,0,0,0,0,0,0,0,0,0,0,0,0,0,0,0,0,0,0,0,0,0,0,0,0,0,0,0,0,0,0,0,0,0,0,0,0,0,0,0,0,0,0,0,0,0,0,0,0,0,0,0,0,0,0,0,0,0,0,0,0,0,0,0,0,0,0,0,0,0,0,0,0,0,0,0,0,0,0,0,0,0,0,0,0,0,0,0,0,0,0,0,0,0,0,0,0,0,0,0,0,0,0,0,0,0,0,0,0,0,0,0,0,0,0,0,0,0,0,0,0,0,0,0,0,0,0,0,0,0,0,0,0,0,0,0,0,0,0,0,0,0,0,0,0,0,0,0,0,0,0,0,0,0,0,0,0,0,0,0,0,0,0,0,0,0,0,0,0,0,0,0,0,0,0,0,0,0,0,0,0,0,0,0,0,0,0,0,0,0,0,0,0,0,0,0
SRR5384994,PRJNA377739,COPD_Exacerbation,0.251313733,0.009701175,0,0,0,0,0.20042613,0.105538161,0,0.032943213,0.033626368,0.01862465,0.006360719,0,0,0.001387354,0.000891202,0.009568142,0,0.018674592,0,0.00070104,0.014924566,0.002992858,0,0.011209903,0,0,0.000323021,0.006488641,0,0,0.00083569,0,0,0,0,0,0.001035459,0.000897758,0,0,0,0,0,0,0.005952786,0.029779286,0.011682638,0,0.001089517,0.001117272,0.011526515,0.000254956,0.000235702,0.003381806,0.000175122,0.000187302,0,0,0,0,0,0.00106133,0.000173121,0,9.09E-05,0.000488006,0,0,0,0,0,0,0,0,0,0,0,0,0,0,0,0,0,0,0,0,0,0,0,0,0,0,0,0,0,0,0,0,0,0,0,0,0,0,0,0,0,0,0,0,0,0,0,0,0,0,0,0,0,0,0,0,0,0,0,0,0,0,0,0,0,0,0,0,0,0,0,0,0,0,0,0,0,0,0,0,0,0,0,0,0,0,0,0,0,0,0,0,0,0,0,0,0,0,0,0,0,0,0,0,0,0,0,0,0,0,0,0,0,0,0,0,0,0,0,0,0,0,0,0,0,0,0,0,0,0,0,0,0,0,0,0,0,0,0,0,0,0,0,0,0,0,0,0,0,0,0,0,0,0,0,0,0,0,0,0,0,0,0,0,0,0,0,0,0,0,0,0,0,0,0,0,0,0,0,0,0,0,0,0,0,0,0,0,0,0,0,0,0,0,0,0,0,0,0,0,0,0,0,0
SRR5384995,PRJNA377739,COPD_Exacerbation,0.24998324,0.001822966,0.000188445,0,0,0,0.034235079,0.013510639,0,0.001966939,0.000735483,0.000252703,0.000395074,0,0,5.33E-05,0.000162676,0.000620508,0,0.000879672,0,0,0.001202936,0.000625498,0,6.12E-05,0,0,0,0.000386401,0,0,0,0,0,0,0,0,8.27E-05,0.000160356,0,0,0,0,0,0,0,0.000611575,0,0,8.21E-05,0.000211189,0.000145025,0.000165678,0,7.41E-05,0.000201451,0,0,0,0,0,0,0,0,0,0,0,0,0,0,0,0,0,0,0,0,0,0,0,0,0,0,0,0,0,0,0,0,0,0,0,0,0,0,0,0,0,0,0,0,0,0,0,0,0,0,0,0,0,0,0,0,0,0,0,0,0,0,0,0,0,0,0,0,0,0,0,0,0,0,0,0,0,0,0,0,0,0,0,0,0,0,0,0,0,0,0,0,0,0,0,0,0,0,0,0,0,0,0,0,0,0,0,0,0,0,0,0,0,0,0,0,0,0,0,0,0,0,0,0,0,0,0,0,0,0,0,0,0,0,0,0,0,0,0,0,0,0,0,0,0,0,0,0,0,0,0,0,0,0,0,0,0,0,0,0,0,0,0,0,0,0,0,0,0,0,0,0,0,0,0,0,0,0,0,0,0,0,0,0,0,0,0,0,0,0,0,0,0,0,0,0,0,0,0,0,0,0,0,0,0,0,0,0,0,0,0,0,0,0,0
SRR5384996,PRJNA377739,COPD_Exacerbation,0.120734358,0.001286954,0.593559477,0,0,0,0.095148211,0.006142929,0,0.031877173,0.00735121,0,0.002603429,0,0,0.000283103,0.000119598,0.02026703,0,0,0,0,0.001369734,0.008727551,0,0.000391387,0,0,0,0.00019381,0,0,0.000148953,0,0,0.000287973,0,0,0,0.001449413,0,0,0,0,0,0.000965275,0.002548423,0.010886875,0.0022914,0,0.008102355,0.000901931,0.01250181,0.000436637,0.000499069,0.000564538,0.000177874,0,0,0,0,0,0,0.001372142,0,0.001251736,0,0.000787995,0,0,0.011421964,0,0,0,0,0,0,0,0,0,0,0,0,0,0,0,0,0,0,0,0,0,0,0,0,0,0,0,0,0,0,0,0,0,0,0,0,0,0,0,0,0,0,0,0,0,0,0,0,0,0,0,0,0,0,0,0,0,0,0,0,0,0,0,0,0,0,0,0,0,0,0,0,0,0,0,0,0,0,0,0,0,0,0,0,0,0,0,0,0,0,0,0,0,0,0,0,0,0,0,0,0,0,0,0,0,0,0,0,0,0,0,0,0,0,0,0,0,0,0,0,0,0,0,0,0,0,0,0,0,0,0,0,0,0,0,0,0,0,0,0,0,0,0,0,0,0,0,0,0,0,0,0,0,0,0,0,0,0,0,0,0,0,0,0,0,0,0,0,0,0,0,0,0,0,0,0,0,0,0,0,0,0,0,0,0,0,0,0,0,0,0,0,0,0,0,0,0,0,0,0,0
SRR5384997,PRJNA377739,COPD_Exacerbation,0.267360875,0.024168569,0.000105492,0,0,0,0.171995646,0.115932425,0,0.047484674,0.013668403,0.04617275,0.057261267,0,0,0.001417745,0.001694215,0,0.002048855,0,0,0,0.00497457,0.04284447,0,0.008514698,0,0,0.005679257,0,0,0,0,0,0,0,0,0,0.003418198,0,0,0,0,0,0,0,0.007182475,0,0.002975739,0,0,0.000165154,0,0.000146854,0,0.000656213,0,0,0,0,0.000690071,0,0.000919317,0,0,0,0,0,0,0,0,0,0,0,0,0,0,0,0,0,0,0,0,0,0,0,0,0,0,0,0,0,0,0,0,0,0,0,0,0,0,0,0,0,0,0,0,0,0,0,0,0,0,0,0,0,0,0,0,0,0,0,0,0,0,0,0,0,0,0,0,0,0,0,0,0,0,0,0,0,0,0,0,0,0,0,0,0,0,0,0,0,0,0,0,0,0,0,0,0,0,0,0,0,0,0,0,0,0,0,0,0,0,0,0,0,0,0,0,0,0,0,0,0,0,0,0,0,0,0,0,0,0,0,0,0,0,0,0,0,0,0,0,0,0,0,0,0,0,0,0,0,0,0,0,0,0,0,0,0,0,0,0,0,0,0,0,0,0,0,0,0,0,0,0,0,0,0,0,0,0,0,0,0,0,0,0,0,0,0,0,0,0,0,0,0,0,0,0,0,0,0,0,0,0,0,0,0,0,0,0,0
SRR5384998,PRJNA377739,COPD_Exacerbation,0.276598679,0.010073048,0,0,0,0,0.169964586,0.000167282,0,0.022701489,0.023814247,0,0.005708804,0,0,0.002717778,0.010104378,0.008342982,0.003424132,0,0,0,0.07242465,0,0,0.034753524,0,0,0.001936301,0.002851845,0,0,0,0,0,0.000133032,0,0,0.003836647,8.78E-05,0,0,0,0,0,0,0.034407853,0.000944529,0.010951432,0,0.000318469,0.000299898,0.0001085,0.000187256,0.000125714,6.72E-05,0.000140373,0,0,0,0.001936693,0,0.000520957,0,0,0,0,0,0,0,0,0,0,0,0,0,0,0,0,0,0,0,0,0,0,0,0,0,0,0,0,0,0,0,0,0,0,0,0,0,0,0,0,0,0,0,0,0,0,0,0,0,0,0,0,0,0,0,0,0,0,0,0,0,0,0,0,0,0,0,0,0,0,0,0,0,0,0,0,0,0,0,0,0,0,0,0,0,0,0,0,0,0,0,0,0,0,0,0,0,0,0,0,0,0,0,0,0,0,0,0,0,0,0,0,0,0,0,0,0,0,0,0,0,0,0,0,0,0,0,0,0,0,0,0,0,0,0,0,0,0,0,0,0,0,0,0,0,0,0,0,0,0,0,0,0,0,0,0,0,0,0,0,0,0,0,0,0,0,0,0,0,0,0,0,0,0,0,0,0,0,0,0,0,0,0,0,0,0,0,0,0,0,0,0,0,0,0,0,0,0,0,0,0,0,0,0,0,0,0,0,0
SRR5384999,PRJNA377739,COPD_Exacerbation,0.096077565,0.004390259,0.000123049,0,0,0,0.167886162,0.055315599,0,0.031286465,0.018783783,0.06226245,0.013231496,0,0,0.000302344,0.00216294,0.00251375,0.003566981,0.014187278,0,0.001736403,0.01417539,0.036275787,0,0.007966289,0,0,0.001681041,0.000406865,0,0,0,0,0,0.000300534,0,0,0.002249656,0,0,0,0,0,0,0,0.004536815,0.000941811,0.013661221,0,0.001769755,0.000815864,0.000104142,0.000538251,0.000303079,0,0.000303079,0,0,0,0.000531234,0,0.001557115,0,0.000190402,0,5.44E-05,0,0,0,0,0,0,0,0,0,0,0,0,0,0,0,0,0,0,0,0,0,0,0,0,0,0,0,0,0,0,0,0,0,0,0,0,0,0,0,0,0,0,0,0,0,0,0,0,0,0,0,0,0,0,0,0,0,0,0,0,0,0,0,0,0,0,0,0,0,0,0,0,0,0,0,0,0,0,0,0,0,0,0,0,0,0,0,0,0,0,0,0,0,0,0,0,0,0,0,0,0,0,0,0,0,0,0,0,0,0,0,0,0,0,0,0,0,0,0,0,0,0,0,0,0,0,0,0,0,0,0,0,0,0,0,0,0,0,0,0,0,0,0,0,0,0,0,0,0,0,0,0,0,0,0,0,0,0,0,0,0,0,0,0,0,0,0,0,0,0,0,0,0,0,0,0,0,0,0,0,0,0,0,0,0,0,0,0,0,0,0,0,0,0,0,0,0,0,0,0,0,0,0,0,0
SRR5385000,PRJNA377739,COPD_Exacerbation,0.065301591,0.000256998,0.000357578,0,0,0,0.007749649,0.000975079,0,0.013923121,0.000375141,0,0.00828035,0,0,0,0,0.000103681,0,0,0,0,0,0,0,0,0,0,0,0,0,0,0,0,0,0.000794521,0,0,0,0,0,0,0,0,0,0,0,0,0,0,0,0.002361386,0,0.001202468,0.000516589,0,0.000451508,0,0.000165498,0,0,0,0,0,0,0,7.83E-05,0,0.000180336,0,0,0,0,0,0,0,0,0,0,0,0,0,0,0,0,0,0,0,0,0,0,0,0,0,0,0,0,0,0,0,0,0,0,0,0,0,0,0,0,0,0,0,0,0,0,0,0,0,0,0,0,0,0,0,0,0,0,0,0,0,0,0,0,0,0,0,0,0,0,0,0,0,0,0,0,0,0,0,0,0,0,0,0,0,0,0,0,0,0,0,0,0,0,0,0,0,0,0,0,0,0,0,0,0,0,0,0,0,0,0,0,0,0,0,0,0,0,0,0,0,0,0,0,0,0,0,0,0,0,0,0,0,0,0,0,0,0,0,0,0,0,0,0,0,0,0,0,0,0,0,0,0,0,0,0,0,0,0,0,0,0,0,0,0,0,0,0,0,0,0,0,0,0,0,0,0,0,0,0,0,0,0,0,0,0,0,0,0,0,0,0,0,0,0,0,0,0,0,0,0,0,0
SRR5385001,PRJNA377739,COPD_Exacerbation,0.156272646,0.057283021,0.00010637,0,0,0,0.232394729,0.13211177,0,0.001778046,0.018339575,0.010826889,0.006331939,0,0,0.003312057,0.007887227,0.005742192,0.004401956,0.001770637,0,0,0.028699716,0.044197069,0,0.000915831,0,0,0.003246244,0.001320605,0,0,0,0,0,0,0,0,0.003465839,0.00030209,0,0,0,0,0,0,0.015607798,0.004488229,0.005837367,0,0,0.000374079,0.007160736,0.000620702,0.000337957,0,0.000163829,0,0,0,0.001067154,0,0.000213942,0.000739741,0,0,0,0.000172114,0,0,0.000127709,0,0,0,0,0,0,0,0,0,0,0,0,0,0,0,0,0,0,0,0,0,0,0,0,0,0,0,0,0,0,0,0,0,0,0,0,0,0,0,0,0,0,0,0,0,0,0,0,0,0,0,0,0,0,0,0,0,0,0,0,0,0,0,0,0,0,0,0,0,0,0,0,0,0,0,0,0,0,0,0,0,0,0,0,0,0,0,0,0,0,0,0,0,0,0,0,0,0,0,0,0,0,0,0,0,0,0,0,0,0,0,0,0,0,0,0,0,0,0,0,0,0,0,0,0,0,0,0,0,0,0,0,0,0,0,0,0,0,0,0,0,0,0,0,0,0,0,0,0,0,0,0,0,0,0,0,0,0,0,0,0,0,0,0,0,0,0,0,0,0,0,0,0,0,0,0,0,0,0,0,0,0,0,0,0,0,0,0,0,0,0,0,0,0,0,0,0,0,0,0,0
SRR5385002,PRJNA377739,COPD_Exacerbation,0.350660119,0.004713053,0.002140192,0,0,0,0.103958796,0.012913969,0,0.018245473,0.019416727,0.013864687,0.017412674,0,0,0,0.000506165,0,0.003904383,0.001893193,0,0,0.006662889,0.018964103,0,0.010350085,0,0,0.031594099,0,0,0,0.000837629,0,0,0,0,0,0,0,0,0,0,0,0,0,0,0,0.127959552,0,0,0.015353804,0,0.005425524,0.00548296,0.004460553,0.003265852,0,0.000282011,0,0,0.045553134,0.000208172,0,0,0,0.000730448,0,0.000440391,0,0,0,0,0,0,0,0,0,0,0,0,0,0,0,0,0,0,0,0,0,0,0,0,0,0,0,0,0,0,0,0,0,0,0,0,0,0,0,0,0,0,0,0,0,0,0,0,0,0,0,0,0,0,0,0,0,0,0,0,0,0,0,0,0,0,0,0,0,0,0,0,0,0,0,0,0,0,0,0,0,0,0,0,0,0,0,0,0,0,0,0,0,0,0,0,0,0,0,0,0,0,0,0,0,0,0,0,0,0,0,0,0,0,0,0,0,0,0,0,0,0,0,0,0,0,0,0,0,0,0,0,0,0,0,0,0,0,0,0,0,0,0,0,0,0,0,0,0,0,0,0,0,0,0,0,0,0,0,0,0,0,0,0,0,0,0,0,0,0,0,0,0,0,0,0,0,0,0,0,0,0,0,0,0,0,0,0,0,0,0,0,0,0,0,0,0,0,0,0,0,0,0
SRR5385003,PRJNA377739,COPD_Exacerbation,0.114304808,0.002559353,0.365144588,0,0,0,0.33745836,0.004490651,0,0.033084598,0,0,0,0,0,0,0,0.000116355,0,0,0,0,0.000204632,9.86E-05,0,0,0.007453385,0,0.000966905,0,0.000199808,0,0,0,0,0.003335194,0,0,0,0,0,0,0,0,0,6.03E-05,0,0,0.00012292,0,0,0.009458657,0,0.004537006,0.005185649,0,0.001900328,0,0.000712898,0,0,0,0,0,0,0,0,0,0.000615295,0,0,0,0,0,0,0,0,0,0,0,0,0,0,0,0,0,0,0,0,0,0,0,0,0,0,0,0,0,0,0,0,0,0,0,0,0,0,0,0,0,0,0,0,0,0,0,0,0,0,0,0,0,0,0,0,0,0,0,0,0,0,0,0,0,0,0,0,0,0,0,0,0,0,0,0,0,0,0,0,0,0,0,0,0,0,0,0,0,0,0,0,0,0,0,0,0,0,0,0,0,0,0,0,0,0,0,0,0,0,0,0,0,0,0,0,0,0,0,0,0,0,0,0,0,0,0,0,0,0,0,0,0,0,0,0,0,0,0,0,0,0,0,0,0,0,0,0,0,0,0,0,0,0,0,0,0,0,0,0,0,0,0,0,0,0,0,0,0,0,0,0,0,0,0,0,0,0,0,0,0,0,0,0,0,0,0,0,0,0,0,0,0,0,0,0,0,0,0,0,0,0,0
SRR5385004,PRJNA377739,COPD_Exacerbation,0.148839263,0.014306856,0.407721731,0,0,0,0.274822744,0.074873076,0,0.007622866,0.000511339,0,0.004534651,0,0,0.003496035,0.001695502,0,0,0.000847453,0,0,0.000843667,0.000188093,0,0,0,0,0.001339856,0.000950571,0,0,0,0,0,0,0,0,0,0,0,0,0,0,0,0,0.000633325,0,0.002262162,0,0,0.000404238,0,0.000239583,0.000108087,0,0.0001365,0,0,0,0,0,0,0,0,0,5.52E-05,0,0,0,0,0,0,0,0,0,0,0,0,0,0,0,0,0,0,0,0,0,0,0,0,0,0,0,0,0,0,0,0,0,0,0,0,0,0,0,0,0,0,0,0,0,0,0,0,0,0,0,0,0,0,0,0,0,0,0,0,0,0,0,0,0,0,0,0,0,0,0,0,0,0,0,0,0,0,0,0,0,0,0,0,0,0,0,0,0,0,0,0,0,0,0,0,0,0,0,0,0,0,0,0,0,0,0,0,0,0,0,0,0,0,0,0,0,0,0,0,0,0,0,0,0,0,0,0,0,0,0,0,0,0,0,0,0,0,0,0,0,0,0,0,0,0,0,0,0,0,0,0,0,0,0,0,0,0,0,0,0,0,0,0,0,0,0,0,0,0,0,0,0,0,0,0,0,0,0,0,0,0,0,0,0,0,0,0,0,0,0,0,0,0,0,0,0,0,0,0,0,0,0,0,0
SRR5385005,PRJNA377739,COPD_Exacerbation,0.139327399,0.003369744,0.000379601,0,0,0,0.236640052,0.00199693,0,0.00374608,0.009414019,0,0.019497671,0,0,0,0,0.001336809,0,0,0,0,0.001183075,0.010464092,0,0.001872016,0,0,0.003279887,0.000580943,0,0,0.000150456,0,0,0.000430647,0,0,0,0,0,0,0,0,0,0.000101464,0.004004854,0,0.007017429,0,0.005227341,0.001560488,0,0.000673327,0.000966876,0.000920047,0.000693525,0,0.000292248,0,0.00011076,0.000693525,0.000607935,0,0,0.000836778,0.000663478,0,0,0.000355358,0,0,0,0,0,0,0,0,0,0,0,0,0,0,0,0,0,0,0,0,0,0,0,0,0,0,0,0,0,0,0,0,0,0,0,0,0,0,0,0,0,0,0,0,0,0,0,0,0,0,0,0,0,0,0,0,0,0,0,0,0,0,0,0,0,0,0,0,0,0,0,0,0,0,0,0,0,0,0,0,0,0,0,0,0,0,0,0,0,0,0,0,0,0,0,0,0,0,0,0,0,0,0,0,0,0,0,0,0,0,0,0,0,0,0,0,0,0,0,0,0,0,0,0,0,0,0,0,0,0,0,0,0,0,0,0,0,0,0,0,0,0,0,0,0,0,0,0,0,0,0,0,0,0,0,0,0,0,0,0,0,0,0,0,0,0,0,0,0,0,0,0,0,0,0,0,0,0,0,0,0,0,0,0,0,0,0,0,0,0,0,0,0,0,0,0,0,0,0,0,0,0
SRR5385006,PRJNA377739,COPD_Exacerbation,0.254636669,0.009505036,0.000117713,0,0,0,0.366420074,0.00101184,0,0.098091756,0.002072699,0,0.011267433,0,0,0,0.011925152,0,0.001614449,0.007716236,0,0,0.004890523,0.003070408,0,0.003445685,0,0,0.008470131,0.002961418,0,0,0,0,0.000200312,0.002228044,0,0,0.00711157,0,0,0,0,0,0,0,0.004639491,0,0.00266481,0,0.000429368,0.002648322,0.000120118,0.002644606,0.002598084,0,0.000494853,0,0.000319148,0,0,0,0,0,0,0,0,0,0.000543389,0,0,0,0,0,0,0,0,0,0,0,0,0,0,0,0,0,0,0,0,0,0,0,0,0,0,0,0,0,0,0,0,0,0,0,0,0,0,0,0,0,0,0,0,0,0,0,0,0,0,0,0,0,0,0,0,0,0,0,0,0,0,0,0,0,0,0,0,0,0,0,0,0,0,0,0,0,0,0,0,0,0,0,0,0,0,0,0,0,0,0,0,0,0,0,0,0,0,0,0,0,0,0,0,0,0,0,0,0,0,0,0,0,0,0,0,0,0,0,0,0,0,0,0,0,0,0,0,0,0,0,0,0,0,0,0,0,0,0,0,0,0,0,0,0,0,0,0,0,0,0,0,0,0,0,0,0,0,0,0,0,0,0,0,0,0,0,0,0,0,0,0,0,0,0,0,0,0,0,0,0,0,0,0,0,0,0,0,0,0,0,0,0,0,0,0,0,0,0,0,0,0,0
SRR5385007,PRJNA377739,COPD_Exacerbation,0.050255089,0,0.003989597,0,0,0,0.219324671,0,0,0.000317863,0,0,0.017512347,0,0,0.000455165,0,0,0,0,0,0.000207641,0.001683269,0.000188329,0,0,0,0,0,0,0,0,0,0,0,0.000749801,0,0,0,0,0,0,0,0,0,0,0.000737277,0,0,0.000728529,0,0.004430864,0,0.001475327,0.001902894,0,0.000660446,0,0.000188254,0,0,0,0,0,0,0,0.000153188,0,0.00030811,0,0,0,0,0,0,0,0,0,0,0,0,0,0,0,0,0,0,0,0,0,0,0,0,0,0,0,0,0,0,0,0,0,0,0,0,0,0,0,0,0,0,0,0,0,0,0,0,0,0,0,0,0,0,0,0,0,0,0,0,0,0,0,0,0,0,0,0,0,0,0,0,0,0,0,0,0,0,0,0,0,0,0,0,0,0,0,0,0,0,0,0,0,0,0,0,0,0,0,0,0,0,0,0,0,0,0,0,0,0,0,0,0,0,0,0,0,0,0,0,0,0,0,0,0,0,0,0,0,0,0,0,0,0,0,0,0,0,0,0,0,0,0,0,0,0,0,0,0,0,0,0,0,0,0,0,0,0,0,0,0,0,0,0,0,0,0,0,0,0,0,0,0,0,0,0,0,0,0,0,0,0,0,0,0,0,0,0,0,0,0,0,0,0,0,0,0,0,0,0,0,0,0
SRR5385008,PRJNA377739,COPD_Exacerbation,0.19094911,0.056045553,0.001507477,0,0,0,0.259711214,0.014335548,0,0.097247391,0.008952559,0.005224296,0.006233402,0,0,0.000697807,0.000356233,0.013282967,0.000640138,0.006026721,0,0,0.008536148,0.009021377,0,0.003335457,0,0,0.000867477,0.002350979,0,0,0,0,0,0.000241562,0,0,0.000851995,0.00032886,0,0,0,0,0,0.000426562,0.00069072,0.002130238,0.002873763,0,0,0.002928905,0.001774335,0.000842723,0.002058973,0.000397744,0.000147849,0,0,0,0,0,0.00150178,0,0,0,0,0.000457029,0,0,9.47E-05,0,0,0,0,0,0,0,0,0,0,0,0,0,0,0,0,0,0,0,0,0,0,0,0,0,0,0,0,0,0,0,0,0,0,0,0,0,0,0,0,0,0,0,0,0,0,0,0,0,0,0,0,0,0,0,0,0,0,0,0,0,0,0,0,0,0,0,0,0,0,0,0,0,0,0,0,0,0,0,0,0,0,0,0,0,0,0,0,0,0,0,0,0,0,0,0,0,0,0,0,0,0,0,0,0,0,0,0,0,0,0,0,0,0,0,0,0,0,0,0,0,0,0,0,0,0,0,0,0,0,0,0,0,0,0,0,0,0,0,0,0,0,0,0,0,0,0,0,0,0,0,0,0,0,0,0,0,0,0,0,0,0,0,0,0,0,0,0,0,0,0,0,0,0,0,0,0,0,0,0,0,0,0,0,0,0,0,0,0,0,0,0,0,0,0,0,0,0,0,0,0
SRR5385009,PRJNA377739,COPD_Stable,0.139231976,0.013999138,0,0,0,0,0.450535861,0.074058815,0,0.011660083,0.017057671,0.015242347,0.009681741,0,0,0.00152634,0.001352462,0.034863611,0.001119004,0,0,0,0.014584611,0.003676156,0,0.008090636,0,0,0.000659463,0.00306188,0,0,0.000972835,0,0,0.000564502,0,0,0.000344337,0.000341907,0,0,0,0,0,0.000116324,0.0102316,0,0.014759483,0,0.008336715,0.010913911,0,0.005455485,0.004600467,0.002125107,0.002580099,0,0.00038693,0,0,0,0,0,0,0.000371791,0.00043678,0.00069613,0.001108957,0.000142417,0,0,0,0,0,0,0,0,0,0,0,0,0,0,0,0,0,0,0,0,0,0,0,0,0,0,0,0,0,0,0,0,0,0,0,0,0,0,0,0,0,0,0,0,0,0,0,0,0,0,0,0,0,0,0,0,0,0,0,0,0,0,0,0,0,0,0,0,0,0,0,0,0,0,0,0,0,0,0,0,0,0,0,0,0,0,0,0,0,0,0,0,0,0,0,0,0,0,0,0,0,0,0,0,0,0,0,0,0,0,0,0,0,0,0,0,0,0,0,0,0,0,0,0,0,0,0,0,0,0,0,0,0,0,0,0,0,0,0,0,0,0,0,0,0,0,0,0,0,0,0,0,0,0,0,0,0,0,0,0,0,0,0,0,0,0,0,0,0,0,0,0,0,0,0,0,0,0,0,0,0,0,0,0,0,0,0,0,0,0,0,0,0,0,0,0,0,0,0,0,0,0
SRR5385010,PRJNA377739,COPD_Stable,0.443778083,0.004642176,0.002672585,0,0,0,0.110232072,0.009802619,0,0.028805029,0.013643041,0,0.010603481,0,0,0,0,0.02764298,0,0,0,0,0.003382887,0.00805347,0,0.000145511,0,0,0.000302785,0,0,0,0,0,0,0.001410621,0,0,0,0.00162595,0,0,0,0,0,0.000312022,0.014462499,0.014953247,0.01173201,0,0.008933388,0.025242564,0.009541456,0.010865474,0.023470624,0.000884517,0.006801495,0,0.000753873,0,0,0,0,0.002681838,0,0.000387572,0,0.001005287,0.002902383,0,0.0103818,0,0,0,0,0,0,0,0,0,0,0,0,0,0,0,0,0,0,0,0,0,0,0,0,0,0,0,0,0,0,0,0,0,0,0,0,0,0,0,0,0,0,0,0,0,0,0,0,0,0,0,0,0,0,0,0,0,0,0,0,0,0,0,0,0,0,0,0,0,0,0,0,0,0,0,0,0,0,0,0,0,0,0,0,0,0,0,0,0,0,0,0,0,0,0,0,0,0,0,0,0,0,0,0,0,0,0,0,0,0,0,0,0,0,0,0,0,0,0,0,0,0,0,0,0,0,0,0,0,0,0,0,0,0,0,0,0,0,0,0,0,0,0,0,0,0,0,0,0,0,0,0,0,0,0,0,0,0,0,0,0,0,0,0,0,0,0,0,0,0,0,0,0,0,0,0,0,0,0,0,0,0,0,0,0,0,0,0,0,0,0,0,0,0,0,0,0,0,0,0,0
SRR5385011,PRJNA377739,COPD_Stable,0.082004912,0.007527727,0.000265854,0,0,0,0.150147945,0.074900415,0,0.014472231,0.012244901,0.012426621,0.007589482,0,0,0.000805387,0.00192652,0,0,0.017163133,0,0.001112175,0.025767273,0,0,0.005950681,0,0,0.0012248,0,0,0,0,0,0.000328196,0.000336188,0,0,0.001783858,0,0,0,0,0,0,0,0,0,0,0,0,0.000679738,0,0.000574853,0.000249536,0,0.000417746,0,0,0,0,0,0,0,0,0,0.000140105,0,0,0,0,0,0,0,0,0,0,0,0,0,0,0,0,0,0,0,0,0,0,0,0,0,0,0,0,0,0,0,0,0,0,0,0,0,0,0,0,0,0,0,0,0,0,0,0,0,0,0,0,0,0,0,0,0,0,0,0,0,0,0,0,0,0,0,0,0,0,0,0,0,0,0,0,0,0,0,0,0,0,0,0,0,0,0,0,0,0,0,0,0,0,0,0,0,0,0,0,0,0,0,0,0,0,0,0,0,0,0,0,0,0,0,0,0,0,0,0,0,0,0,0,0,0,0,0,0,0,0,0,0,0,0,0,0,0,0,0,0,0,0,0,0,0,0,0,0,0,0,0,0,0,0,0,0,0,0,0,0,0,0,0,0,0,0,0,0,0,0,0,0,0,0,0,0,0,0,0,0,0,0,0,0,0,0,0,0,0,0,0,0,0,0,0,0,0,0,0,0,0,0,0,0
SRR5385012,PRJNA377739,COPD_Stable,0.29940778,0.015774367,0.00041644,0,0,0,0.392370688,0.118829829,0,0.018822777,0.001110778,0,0.001366832,0,0,0.003768839,0.003256614,0,0,0.015810081,0,0,0.008314259,0.000619973,0,0.000766374,0.000218757,0,0.002477358,0.005413992,0,0,0.000152846,0,0,0,0,0,0,0,0,0,0,0,0,0,0.009654899,0,0.015199226,0,0.000312476,0.00279553,0,0.001516573,0.000588994,0,0.000950951,0,0,0,0,0,0,0,0,0,0,0,0,0,0,0,0,0,0,0,0,0,0,0,0,0,0,0,0,0,0,0,0,0,0,0,0,0,0,0,0,0,0,0,0,0,0,0,0,0,0,0,0,0,0,0,0,0,0,0,0,0,0,0,0,0,0,0,0,0,0,0,0,0,0,0,0,0,0,0,0,0,0,0,0,0,0,0,0,0,0,0,0,0,0,0,0,0,0,0,0,0,0,0,0,0,0,0,0,0,0,0,0,0,0,0,0,0,0,0,0,0,0,0,0,0,0,0,0,0,0,0,0,0,0,0,0,0,0,0,0,0,0,0,0,0,0,0,0,0,0,0,0,0,0,0,0,0,0,0,0,0,0,0,0,0,0,0,0,0,0,0,0,0,0,0,0,0,0,0,0,0,0,0,0,0,0,0,0,0,0,0,0,0,0,0,0,0,0,0,0,0,0,0,0,0,0,0,0,0,0,0,0,0,0,0
SRR5385013,PRJNA377739,COPD_Stable,0.507575747,0.016615989,0,0,0,0,0.151170096,0.069676502,0,0.013151013,0.00817721,0.004490041,0.012555235,0,0,0.001055699,0.001564664,0.003393839,0.002528843,0,0,0,0.011188631,0.01667754,0,0.00251399,0,0,0.00318952,0.000823822,0,0,0,0,0,0.000621549,0,0,0.001257543,0.000262613,0,0,0,0,0,0,0.015887183,0.00746733,0.00306832,0,0.003369408,0.002419756,0.000139984,0.002312765,0.002118617,0.000477915,0.000776859,0,0.000156828,0,0.000586984,0,0.000199607,0.000303037,0,0,0,0,0.000113518,0.000384116,0,0,0,0,0,0,0,0,0,0,0,0,0,0,0,0,0,0,0,0,0,0,0,0,0,0,0,0,0,0,0,0,0,0,0,0,0,0,0,0,0,0,0,0,0,0,0,0,0,0,0,0,0,0,0,0,0,0,0,0,0,0,0,0,0,0,0,0,0,0,0,0,0,0,0,0,0,0,0,0,0,0,0,0,0,0,0,0,0,0,0,0,0,0,0,0,0,0,0,0,0,0,0,0,0,0,0,0,0,0,0,0,0,0,0,0,0,0,0,0,0,0,0,0,0,0,0,0,0,0,0,0,0,0,0,0,0,0,0,0,0,0,0,0,0,0,0,0,0,0,0,0,0,0,0,0,0,0,0,0,0,0,0,0,0,0,0,0,0,0,0,0,0,0,0,0,0,0,0,0,0,0,0,0,0,0,0,0,0,0,0,0,0,0,0,0,0,0,0,0,0,0
SRR5385014,PRJNA377739,COPD_Stable,0.499387949,0.011348091,0.000230751,0,0,0,0.273013551,0.001943094,0,0.032536913,0.008357285,0,0.005116335,0,0,0.000308766,0.000128853,0,0,0,0,0,0.016857476,0,0,0.004967202,0,0,0.001704949,0.007722138,0,0,0.005266876,0,0,0,0,0,0.000152678,0.001119413,0,0,0,0,0,0.001425325,0.007335914,0.004752543,0.016009324,0,0.00209234,0.002754841,0.000951705,0.000632355,0.000676307,0,0.000392264,0,0.003282112,0,0,0,0,0,0.000163942,0,0.000797722,0,0,0,0,0,0,0,0,0,0,0,0,0,0,0,0,0,0,0,0,0,0,0,0,0,0,0,0,0,0,0,0,0,0,0,0,0,0,0,0,0,0,0,0,0,0,0,0,0,0,0,0,0,0,0,0,0,0,0,0,0,0,0,0,0,0,0,0,0,0,0,0,0,0,0,0,0,0,0,0,0,0,0,0,0,0,0,0,0,0,0,0,0,0,0,0,0,0,0,0,0,0,0,0,0,0,0,0,0,0,0,0,0,0,0,0,0,0,0,0,0,0,0,0,0,0,0,0,0,0,0,0,0,0,0,0,0,0,0,0,0,0,0,0,0,0,0,0,0,0,0,0,0,0,0,0,0,0,0,0,0,0,0,0,0,0,0,0,0,0,0,0,0,0,0,0,0,0,0,0,0,0,0,0,0,0,0,0,0,0,0,0,0,0,0,0,0,0,0,0,0,0,0,0,0
SRR5385015,PRJNA377739,COPD_Stable,0.242388932,0.044821036,0,0,0,0,0.255479937,0.01868444,0,0.01867038,0.025759865,0.020244104,0.084960812,0,0,0.000240564,0.001302167,0.000661932,0.001101435,0.002264869,0,0.000263178,0.029281801,0.004418421,0,0.012639789,0,0,0.003841041,0.003591098,0,0,0,0,0,0.000630863,0,0,0.000581314,0,0,0,0,0,0,0.000311294,0.001082989,0.00786168,0.013008192,0,0.000716069,0.004996084,0.001158649,0.002304913,0.001884247,0.000131711,0.001206519,0,0,0,0,0,0.000526416,0,0,0,0,0,0.000434224,0,0,0,0,0,0,0,0,0,0,0,0,0,0,0,0,0,0,0,0,0,0,0,0,0,0,0,0,0,0,0,0,0,0,0,0,0,0,0,0,0,0,0,0,0,0,0,0,0,0,0,0,0,0,0,0,0,0,0,0,0,0,0,0,0,0,0,0,0,0,0,0,0,0,0,0,0,0,0,0,0,0,0,0,0,0,0,0,0,0,0,0,0,0,0,0,0,0,0,0,0,0,0,0,0,0,0,0,0,0,0,0,0,0,0,0,0,0,0,0,0,0,0,0,0,0,0,0,0,0,0,0,0,0,0,0,0,0,0,0,0,0,0,0,0,0,0,0,0,0,0,0,0,0,0,0,0,0,0,0,0,0,0,0,0,0,0,0,0,0,0,0,0,0,0,0,0,0,0,0,0,0,0,0,0,0,0,0,0,0,0,0,0,0,0,0,0,0,0,0,0,0,0
SRR5385016,PRJNA377739,COPD_Stable,0.09521487,0,0.000379681,0,0,0,0.100117076,0,0,0,0,0,0.002213016,0,0,0,0,0,0,0,0,0,0,0,0,0,0,0,0,0,0,0,0,0,0,0.000435899,0,0,0,0,0,0,0,0,0,0,0.00015811,5.30E-05,0,0,0,0.002778788,0,0.001081391,0.001596279,0,0.001437668,0,0.00014482,0,0,0,0,0,0,0,0.000381996,0,0,0,0,0,0,0,0,0,0,0,0,0,0,0,0,0,0,0,0,0,0,0,0,0,0,0,0,0,0,0,0,0,0,0,0,0,0,0,0,0,0,0,0,0,0,0,0,0,0,0,0,0,0,0,0,0,0,0,0,0,0,0,0,0,0,0,0,0,0,0,0,0,0,0,0,0,0,0,0,0,0,0,0,0,0,0,0,0,0,0,0,0,0,0,0,0,0,0,0,0,0,0,0,0,0,0,0,0,0,0,0,0,0,0,0,0,0,0,0,0,0,0,0,0,0,0,0,0,0,0,0,0,0,0,0,0,0,0,0,0,0,0,0,0,0,0,0,0,0,0,0,0,0,0,0,0,0,0,0,0,0,0,0,0,0,0,0,0,0,0,0,0,0,0,0,0,0,0,0,0,0,0,0,0,0,0,0,0,0,0,0,0,0,0,0,0,0,0,0,0,0,0,0,0
SRR5385017,PRJNA377739,COPD_Stable,0.134422086,0.003305278,0,0,0,0,0.185591178,0.124081609,0,0.004018823,0.02403836,0.003602082,0.01232748,0,0,0,0.00322739,0.1284898,0,0,0,0,0.000535558,0.011130829,0,0,0,0,0.001017522,0,0,0,0.00392862,0,0,0,0,0,0.002154884,0.001801289,0,0,0,0,0,0,0.025776112,0.006897883,0,0,0.004233493,0.00270974,0.001078559,0.001003771,0.001028413,0,0.000957303,0.004610358,0,0,0,0,0,0.004311066,0.000457477,0,0,0,0.000246204,0.00371919,0,0,0,0,0,0,0,0,0,0,0,0,0,0,0,0,0,0,0,0,0,0,0,0,0,0,0,0,0,0,0,0,0,0,0,0,0,0,0,0,0,0,0,0,0,0,0,0,0,0,0,0,0,0,0,0,0,0,0,0,0,0,0,0,0,0,0,0,0,0,0,0,0,0,0,0,0,0,0,0,0,0,0,0,0,0,0,0,0,0,0,0,0,0,0,0,0,0,0,0,0,0,0,0,0,0,0,0,0,0,0,0,0,0,0,0,0,0,0,0,0,0,0,0,0,0,0,0,0,0,0,0,0,0,0,0,0,0,0,0,0,0,0,0,0,0,0,0,0,0,0,0,0,0,0,0,0,0,0,0,0,0,0,0,0,0,0,0,0,0,0,0,0,0,0,0,0,0,0,0,0,0,0,0,0,0,0,0,0,0,0,0,0,0,0,0,0,0,0,0,0,0
SRR5385018,PRJNA377739,COPD_Stable,0.243043137,0.017400413,0,0,0,0,0.451605052,0.024289365,0,0.055922067,0.005899662,0,0.003118652,0,0,0,0,0.001302676,0.000666486,0,0,0,0.023326929,0.003893624,0,0.010421135,0,0,0.000424459,0.003612101,0,0,0,0,0,0.000673465,0,0,0.001828143,0,0,0,0,0,0,0.000504887,0.000291079,0.001163804,0.006414546,0,0.005799123,0.009708875,0.000961899,0.006882003,0.005041629,0,0.003484294,0,0,0,0,0,0,0,0,0.000325803,0,0,0.001777215,0,0,0,0,0,0,0,0,0,0,0,0,0,0,0,0,0,0,0,0,0,0,0,0,0,0,0,0,0,0,0,0,0,0,0,0,0,0,0,0,0,0,0,0,0,0,0,0,0,0,0,0,0,0,0,0,0,0,0,0,0,0,0,0,0,0,0,0,0,0,0,0,0,0,0,0,0,0,0,0,0,0,0,0,0,0,0,0,0,0,0,0,0,0,0,0,0,0,0,0,0,0,0,0,0,0,0,0,0,0,0,0,0,0,0,0,0,0,0,0,0,0,0,0,0,0,0,0,0,0,0,0,0,0,0,0,0,0,0,0,0,0,0,0,0,0,0,0,0,0,0,0,0,0,0,0,0,0,0,0,0,0,0,0,0,0,0,0,0,0,0,0,0,0,0,0,0,0,0,0,0,0,0,0,0,0,0,0,0,0,0,0,0,0,0,0,0,0,0,0,0,0,0
SRR5385019,PRJNA377739,COPD_Stable,0.059831871,0.000199893,0.000205156,0,0,0,0.003966622,0.000340319,0,0.001475288,0,0,0.018675922,0,0,0,0,0,0,0,0,0,0,0.000127744,0,0,0,0,0,0,0,0,0,0,0,0.000124672,0,0,0,0,0,0,0,0,0,0,0,0,0,0,0,0.001195151,0,0.000338281,0.000485383,0,0.000360492,0.013410911,0,0,0,0,0,0,0,0,0,0,0,0,0,0,0,0,0,0,0,0,0,0,0,0,0,0,0,0,0,0,0,0,0,0,0,0,0,0,0,0,0,0,0,0,0,0,0,0,0,0,0,0,0,0,0,0,0,0,0,0,0,0,0,0,0,0,0,0,0,0,0,0,0,0,0,0,0,0,0,0,0,0,0,0,0,0,0,0,0,0,0,0,0,0,0,0,0,0,0,0,0,0,0,0,0,0,0,0,0,0,0,0,0,0,0,0,0,0,0,0,0,0,0,0,0,0,0,0,0,0,0,0,0,0,0,0,0,0,0,0,0,0,0,0,0,0,0,0,0,0,0,0,0,0,0,0,0,0,0,0,0,0,0,0,0,0,0,0,0,0,0,0,0,0,0,0,0,0,0,0,0,0,0,0,0,0,0,0,0,0,0,0,0,0,0,0,0,0,0,0,0,0,0,0,0,0,0,0,0,0,0,0,0,0
SRR5385020,PRJNA377739,COPD_Stable,0.073385963,0.019409478,0,0,0,0,0.096130767,0.050128226,0,0.001001384,0.086744356,0.19218392,0.007107097,0,0,0.001152381,0.000438151,0.065696756,0,0,0,0,0,0.004086465,0,0.00062582,0,0,0.001118639,0.000288669,0,0,0,0,0,0,0,0,0,0.00478794,0,0,0,0,0,0.000217501,0,0.074531215,0,0,0.018021175,0.000197778,0.059753038,9.79E-05,0,0.009185316,6.67E-05,0,0,0,0,0,0.000148963,0,0,0.001170498,0,0,0,0,0,0,0,0,0,0,0,0,0,0,0,0,0,0,0,0,0,0,0,0,0,0,0,0,0,0,0,0,0,0,0,0,0,0,0,0,0,0,0,0,0,0,0,0,0,0,0,0,0,0,0,0,0,0,0,0,0,0,0,0,0,0,0,0,0,0,0,0,0,0,0,0,0,0,0,0,0,0,0,0,0,0,0,0,0,0,0,0,0,0,0,0,0,0,0,0,0,0,0,0,0,0,0,0,0,0,0,0,0,0,0,0,0,0,0,0,0,0,0,0,0,0,0,0,0,0,0,0,0,0,0,0,0,0,0,0,0,0,0,0,0,0,0,0,0,0,0,0,0,0,0,0,0,0,0,0,0,0,0,0,0,0,0,0,0,0,0,0,0,0,0,0,0,0,0,0,0,0,0,0,0,0,0,0,0,0,0,0,0,0,0,0,0,0,0,0,0,0,0,0,0,0
SRR5385021,PRJNA377739,COPD_Stable,0.225314777,0.017919816,0.000739098,0,0,0,0.171080251,0.059315201,0,0.014942115,0.01253157,0.013719345,0.019795232,0,0,0.002184903,0,0.038309932,0.001028831,0.005043075,0,0,0.014034637,0.007345439,0,0.010852912,0,0,0.001156189,0.001269975,0,0,0,0,0.000397506,0.004836086,0,0,0.000367723,0.002055286,0,0,0,0,0,0.000430802,0.006737538,0.089342842,0.009719216,0,0,0.005101165,0.040656614,0.002665241,0.002047542,0.001808737,0.002086751,0,0,0,0,0,0.001152384,0.002130225,0,0,5.14E-05,0,0,0.001737187,0.001137192,0,0,0,0,0,0,0,0,0,0,0,0,0,0,0,0,0,0,0,0,0,0,0,0,0,0,0,0,0,0,0,0,0,0,0,0,0,0,0,0,0,0,0,0,0,0,0,0,0,0,0,0,0,0,0,0,0,0,0,0,0,0,0,0,0,0,0,0,0,0,0,0,0,0,0,0,0,0,0,0,0,0,0,0,0,0,0,0,0,0,0,0,0,0,0,0,0,0,0,0,0,0,0,0,0,0,0,0,0,0,0,0,0,0,0,0,0,0,0,0,0,0,0,0,0,0,0,0,0,0,0,0,0,0,0,0,0,0,0,0,0,0,0,0,0,0,0,0,0,0,0,0,0,0,0,0,0,0,0,0,0,0,0,0,0,0,0,0,0,0,0,0,0,0,0,0,0,0,0,0,0,0,0,0,0,0,0,0,0,0,0,0,0,0,0,0,0,0,0,0,0
SRR5385022,PRJNA377739,COPD_Stable,0.436682966,0.00182139,0.000532059,0,0,0,0.428016078,0.001868289,0,0.060791619,0.000213473,0.000248274,0.021870118,0,0,0.000138817,0.001150403,0,0,0,0,0,0.001503487,9.53E-05,0,0,0,0,0.003856082,0,0,0,0,0,0,0.000265674,0,0,0,0,0,0,0,0,0,0,0,0,0,0,0,0.001119352,6.57E-05,0.000946844,0.000391803,0,0.000181638,0,0,0,0,0,0.000110981,0,0,0,0,0,0,0,0,0,0,0,0,0,0,0,0,0,0,0,0,0,0,0,0,0,0,0,0,0,0,0,0,0,0,0,0,0,0,0,0,0,0,0,0,0,0,0,0,0,0,0,0,0,0,0,0,0,0,0,0,0,0,0,0,0,0,0,0,0,0,0,0,0,0,0,0,0,0,0,0,0,0,0,0,0,0,0,0,0,0,0,0,0,0,0,0,0,0,0,0,0,0,0,0,0,0,0,0,0,0,0,0,0,0,0,0,0,0,0,0,0,0,0,0,0,0,0,0,0,0,0,0,0,0,0,0,0,0,0,0,0,0,0,0,0,0,0,0,0,0,0,0,0,0,0,0,0,0,0,0,0,0,0,0,0,0,0,0,0,0,0,0,0,0,0,0,0,0,0,0,0,0,0,0,0,0,0,0,0,0,0,0,0,0,0,0,0,0,0,0,0,0,0,0,0,0,0,0,0
SRR5385023,PRJNA377739,COPD_Stable,0.039890345,0.000820128,0.004949275,0,0,0,0.018261197,0.004380284,0,0.002153187,0.000624372,0.001711064,0.00146062,0,0,5.85E-05,0,0.000141849,0,0.099296106,0,0,0.001321947,0.001690286,0,0.000553569,0.000118283,0,0,0.000562918,0,0,0,0,0,0.000223418,0,0,0,0,0,0,0,0,0,0,0.000924927,0.004297887,0.002058706,0,0.000381768,0.000471329,0.000395966,0.000709354,0.000516446,0,0.000924723,0,0,0,9.00E-05,0,3.88E-05,6.32E-05,0,0,0.000151214,9.01E-05,0,0,0,0,0,0,0,0,0,0,0,0,0,0,0,0,0,0,0,0,0,0,0,0,0,0,0,0,0,0,0,0,0,0,0,0,0,0,0,0,0,0,0,0,0,0,0,0,0,0,0,0,0,0,0,0,0,0,0,0,0,0,0,0,0,0,0,0,0,0,0,0,0,0,0,0,0,0,0,0,0,0,0,0,0,0,0,0,0,0,0,0,0,0,0,0,0,0,0,0,0,0,0,0,0,0,0,0,0,0,0,0,0,0,0,0,0,0,0,0,0,0,0,0,0,0,0,0,0,0,0,0,0,0,0,0,0,0,0,0,0,0,0,0,0,0,0,0,0,0,0,0,0,0,0,0,0,0,0,0,0,0,0,0,0,0,0,0,0,0,0,0,0,0,0,0,0,0,0,0,0,0,0,0,0,0,0,0,0,0,0,0,0,0,0,0,0,0,0,0,0,0,0,0
SRR5385024,PRJNA377739,COPD_Stable,0.532062795,0.021218904,0.000234831,0,0,0,0.030718474,0.021200814,0,0.069541779,0.010362446,0.005537341,0.005391031,0,0,0,0.000587089,0.014281856,0,0,0,0,0.003305781,0.007552241,0,0.00926809,0,0,0,0.006321213,0,0,0,0,0,0.000234289,0,0,0,0,0,0,0,0,0,0.00017465,0.002168345,0.009087394,0.004754261,0,0.001621779,0.001129282,0.001305326,0.000633854,0.000545608,0.004104213,0.0004155,0,0,0,0,0,0.000834627,0.000737014,0,0,0,0.000289985,0.000266806,0.001267113,0,0,0,0,0,0,0,0,0,0,0,0,0,0,0,0,0,0,0,0,0,0,0,0,0,0,0,0,0,0,0,0,0,0,0,0,0,0,0,0,0,0,0,0,0,0,0,0,0,0,0,0,0,0,0,0,0,0,0,0,0,0,0,0,0,0,0,0,0,0,0,0,0,0,0,0,0,0,0,0,0,0,0,0,0,0,0,0,0,0,0,0,0,0,0,0,0,0,0,0,0,0,0,0,0,0,0,0,0,0,0,0,0,0,0,0,0,0,0,0,0,0,0,0,0,0,0,0,0,0,0,0,0,0,0,0,0,0,0,0,0,0,0,0,0,0,0,0,0,0,0,0,0,0,0,0,0,0,0,0,0,0,0,0,0,0,0,0,0,0,0,0,0,0,0,0,0,0,0,0,0,0,0,0,0,0,0,0,0,0,0,0,0,0,0,0,0,0,0,0,0,0
SRR5385025,PRJNA377739,COPD_Stable,0.021564905,0.001971104,0,0,0,0,0.038754913,0.006051596,0,0.001635098,0,0,0.000763638,0,0,0.000259208,0,0.000515413,0.003711674,0,0,0,0.003126712,0.00307552,0,0.000578623,0,0,0.001010377,0,0,0,0,0,0,0,0,0,0,0,0,0,0,0,0,0,0.011439231,0.001095366,0.001188079,0,0,0.001626148,0,0.00127313,0.000945609,0,0.001279845,0,0,0.000230197,0.001596373,0,0,0,0.000662763,0,0,0,0,0,0,0,0,0,0,0,0,0,0,0,0,0,0,0,0,0,0,0,0,0,0,0,0,0,0,0,0,0,0,0,0,0,0,0,0,0,0,0,0,0,0,0,0,0,0,0,0,0,0,0,0,0,0,0,0,0,0,0,0,0,0,0,0,0,0,0,0,0,0,0,0,0,0,0,0,0,0,0,0,0,0,0,0,0,0,0,0,0,0,0,0,0,0,0,0,0,0,0,0,0,0,0,0,0,0,0,0,0,0,0,0,0,0,0,0,0,0,0,0,0,0,0,0,0,0,0,0,0,0,0,0,0,0,0,0,0,0,0,0,0,0,0,0,0,0,0,0,0,0,0,0,0,0,0,0,0,0,0,0,0,0,0,0,0,0,0,0,0,0,0,0,0,0,0,0,0,0,0,0,0,0,0,0,0,0,0,0,0,0,0,0,0,0,0,0,0,0,0,0,0,0,0
SRR5385026,PRJNA377739,COPD_Stable,0.150551452,0.038326729,0.000226448,0,0,0,0.29284575,0.030560616,0,0.034252401,0.009468469,0.025613692,0.036046567,0,0,0.005019863,0.000625854,0.006597238,0.007166337,0.014135285,0,0.001466854,0.011136502,0.036144934,0,0.004383767,0,0,0.00743405,0.002220663,0,0,0,0,0,0,0,0,0.00307852,0,0,0,0,0,0,0,0.00711259,0.006897923,0.006814692,0,0.001559936,0.001593868,0.00051316,0.000881511,0.000496604,0.000401952,0.000339949,0,0,0,0.002542659,0,0.001375864,0,0,0,0,0.000833384,0,0,0.000347103,0,0,0,0,0,0,0,0,0,0,0,0,0,0,0,0,0,0,0,0,0,0,0,0,0,0,0,0,0,0,0,0,0,0,0,0,0,0,0,0,0,0,0,0,0,0,0,0,0,0,0,0,0,0,0,0,0,0,0,0,0,0,0,0,0,0,0,0,0,0,0,0,0,0,0,0,0,0,0,0,0,0,0,0,0,0,0,0,0,0,0,0,0,0,0,0,0,0,0,0,0,0,0,0,0,0,0,0,0,0,0,0,0,0,0,0,0,0,0,0,0,0,0,0,0,0,0,0,0,0,0,0,0,0,0,0,0,0,0,0,0,0,0,0,0,0,0,0,0,0,0,0,0,0,0,0,0,0,0,0,0,0,0,0,0,0,0,0,0,0,0,0,0,0,0,0,0,0,0,0,0,0,0,0,0,0,0,0,0,0,0,0,0,0,0,0,0,0,0,0,0
SRR5385027,PRJNA377739,COPD_Stable,0.487747309,0.002637022,0,0,0,0,0.184769985,0.01663718,0,0.004113724,0.00012657,0,0,0,0,0.000730085,0.0009403,0,0,0,0,0,0.014991612,0,0,0,0,0,0,0,0,0,0.009659244,0,0,0,0,0,0,0,0,0,0,0,0,0,0.00833023,0,0,0,0,0.001556447,0,0.001048206,0.000917284,0,0.000462903,0,0,0,0,0.002708083,0,0,0,0,0,0,8.87E-05,0,0,0,0,0,0,0,0,0,0,0,0,0,0,0,0,0,0,0,0,0,0,0,0,0,0,0,0,0,0,0,0,0,0,0,0,0,0,0,0,0,0,0,0,0,0,0,0,0,0,0,0,0,0,0,0,0,0,0,0,0,0,0,0,0,0,0,0,0,0,0,0,0,0,0,0,0,0,0,0,0,0,0,0,0,0,0,0,0,0,0,0,0,0,0,0,0,0,0,0,0,0,0,0,0,0,0,0,0,0,0,0,0,0,0,0,0,0,0,0,0,0,0,0,0,0,0,0,0,0,0,0,0,0,0,0,0,0,0,0,0,0,0,0,0,0,0,0,0,0,0,0,0,0,0,0,0,0,0,0,0,0,0,0,0,0,0,0,0,0,0,0,0,0,0,0,0,0,0,0,0,0,0,0,0,0,0,0,0,0,0,0,0,0,0,0,0,0,0,0,0,0,0
SRR5385028,PRJNA377739,COPD_Stable,0.186695938,0.008699007,0.000157902,0,0,0,0.305348428,0.057556863,0,0.053935025,0,0,0.009454252,0,0,0,0.001647937,0,0.001695274,0.069743677,0,0.005429672,0.003546416,0.018215624,0,0.015070186,0,0,0.000693891,0,0.000539375,0,0.001460502,0,0,0.000536187,0,0,0.001118178,0,0,0,0,0,0,0,0.041687133,0,0.000323334,0,0,0.00542519,0,0.002971943,0.002764656,0,0.000809853,0,0.000278858,0,0.000616116,0,0.000660448,0,0,0,0.00043444,0,0.000623681,0,0,0,0,0,0,0,0,0,0,0,0,0,0,0,0,0,0,0,0,0,0,0,0,0,0,0,0,0,0,0,0,0,0,0,0,0,0,0,0,0,0,0,0,0,0,0,0,0,0,0,0,0,0,0,0,0,0,0,0,0,0,0,0,0,0,0,0,0,0,0,0,0,0,0,0,0,0,0,0,0,0,0,0,0,0,0,0,0,0,0,0,0,0,0,0,0,0,0,0,0,0,0,0,0,0,0,0,0,0,0,0,0,0,0,0,0,0,0,0,0,0,0,0,0,0,0,0,0,0,0,0,0,0,0,0,0,0,0,0,0,0,0,0,0,0,0,0,0,0,0,0,0,0,0,0,0,0,0,0,0,0,0,0,0,0,0,0,0,0,0,0,0,0,0,0,0,0,0,0,0,0,0,0,0,0,0,0,0,0,0,0,0,0,0,0,0,0,0,0,0,0,0
SRR5385029,PRJNA377739,COPD_Stable,0.124544256,0.00473462,0.000625124,0,0,0,0.227125622,0.060789042,0,0.005374797,0,0,0,0,0,0.000301544,0,0,0.012840788,0,0,0,0.033280805,0,0,0,0,0,0.013705001,0,0,0,0,0,0,0,0,0,0,0,0,0,0,0,0,0,0,0,0,0,0,0.000446855,0,0.000211713,0.000441536,0,0.000243801,0,0,0,0,0,0,0,0,0,0,0,0,0,0,0,0,0,0,0,0,0,0,0,0,0,0,0,0,0,0,0,0,0,0,0,0,0,0,0,0,0,0,0,0,0,0,0,0,0,0,0,0,0,0,0,0,0,0,0,0,0,0,0,0,0,0,0,0,0,0,0,0,0,0,0,0,0,0,0,0,0,0,0,0,0,0,0,0,0,0,0,0,0,0,0,0,0,0,0,0,0,0,0,0,0,0,0,0,0,0,0,0,0,0,0,0,0,0,0,0,0,0,0,0,0,0,0,0,0,0,0,0,0,0,0,0,0,0,0,0,0,0,0,0,0,0,0,0,0,0,0,0,0,0,0,0,0,0,0,0,0,0,0,0,0,0,0,0,0,0,0,0,0,0,0,0,0,0,0,0,0,0,0,0,0,0,0,0,0,0,0,0,0,0,0,0,0,0,0,0,0,0,0,0,0,0,0,0,0,0,0,0,0,0,0
SRR5385030,PRJNA377739,COPD_Stable,0.431914821,0.006981402,0.000777084,0,0,0,0.224213948,0.049366759,0,0.014045269,0.015681132,0.00603737,0.006025683,0,0,0,0.003172748,0.015604065,0.000803573,0.001439017,0,0,0.017658795,0.001740062,0,0.006541767,0,0,0.00217904,0.001312357,0,0,0.000215878,0,0,0.0026592,0,0,0.000969438,0.000463588,0,0,0,0,0,0.000713943,0.015990564,0.000147117,0.009556285,0,0.013514116,0.007758828,0,0.00149295,0.003873216,0.003034114,0.001441747,0.000318601,0,0,0,0,0.000383873,0.00020131,0,0.000389143,0.000516601,0,0,0.000302896,0,0,0,0,0,0,0,0,0,0,0,0,0,0,0,0,0,0,0,0,0,0,0,0,0,0,0,0,0,0,0,0,0,0,0,0,0,0,0,0,0,0,0,0,0,0,0,0,0,0,0,0,0,0,0,0,0,0,0,0,0,0,0,0,0,0,0,0,0,0,0,0,0,0,0,0,0,0,0,0,0,0,0,0,0,0,0,0,0,0,0,0,0,0,0,0,0,0,0,0,0,0,0,0,0,0,0,0,0,0,0,0,0,0,0,0,0,0,0,0,0,0,0,0,0,0,0,0,0,0,0,0,0,0,0,0,0,0,0,0,0,0,0,0,0,0,0,0,0,0,0,0,0,0,0,0,0,0,0,0,0,0,0,0,0,0,0,0,0,0,0,0,0,0,0,0,0,0,0,0,0,0,0,0,0,0,0,0,0,0,0,0,0,0,0,0,0,0,0,0,0,0
SRR5385031,PRJNA377739,COPD_Stable,0.104670018,0.013760838,0,0,0,0,0.083540959,0.031031895,0,0.004603705,0.029932948,0.006365578,0.101232531,0,0,0,0.000155331,0.090172079,0.001218043,0.006621162,0,0,0.017760529,0.126876702,0,0.008494477,0,0,0.00335815,0.007368181,0,0,0,0,0,0.000307328,0,0,0.000520134,0.00240169,0,0,0,0,0,0.003555617,0.019876447,0.013223127,0.042199835,0,0.033811837,0.003189598,0.023727883,0.001134138,0.001153656,0.008242777,0.000695296,0,0,0,0.001377039,0,0.000185803,0,0,0,0,0,0.000328609,0.009502772,0.000340939,0,0,0,0,0,0,0,0,0,0,0,0,0,0,0,0,0,0,0,0,0,0,0,0,0,0,0,0,0,0,0,0,0,0,0,0,0,0,0,0,0,0,0,0,0,0,0,0,0,0,0,0,0,0,0,0,0,0,0,0,0,0,0,0,0,0,0,0,0,0,0,0,0,0,0,0,0,0,0,0,0,0,0,0,0,0,0,0,0,0,0,0,0,0,0,0,0,0,0,0,0,0,0,0,0,0,0,0,0,0,0,0,0,0,0,0,0,0,0,0,0,0,0,0,0,0,0,0,0,0,0,0,0,0,0,0,0,0,0,0,0,0,0,0,0,0,0,0,0,0,0,0,0,0,0,0,0,0,0,0,0,0,0,0,0,0,0,0,0,0,0,0,0,0,0,0,0,0,0,0,0,0,0,0,0,0,0,0,0,0,0,0,0,0,0,0,0,0,0,0,0
SRR5385032,PRJNA377739,COPD_Stable,0.53919717,0.000258093,0.00348159,0,0,0,0.356098696,0.001365054,0.000248894,0.040138031,0,0,0.010267373,0,0,0,0,0,0,0,0,0,0.000373925,0,0,0,0,0,0,0,0,0,0,0,0,0.00086953,0,0,0,0,0,0,0,0,0,0,0,0,0,0,0,0.006917951,0,0.003499959,0.002525497,0,0.001165358,0,0,0.001967819,0,0,0,0,0,0,0.000619476,0,0.000434283,0,0,0,0,0,0,0,0,0,0,0,0,0,0,0,0,0,0,0,0,0,0,0,0,0,0,0,0,0,0,0,0,0,0,0,0,0,0,0,0,0,0,0,0,0,0,0,0,0,0,0,0,0,0,0,0,0,0,0,0,0,0,0,0,0,0,0,0,0,0,0,0,0,0,0,0,0,0,0,0,0,0,0,0,0,0,0,0,0,0,0,0,0,0,0,0,0,0,0,0,0,0,0,0,0,0,0,0,0,0,0,0,0,0,0,0,0,0,0,0,0,0,0,0,0,0,0,0,0,0,0,0,0,0,0,0,0,0,0,0,0,0,0,0,0,0,0,0,0,0,0,0,0,0,0,0,0,0,0,0,0,0,0,0,0,0,0,0,0,0,0,0,0,0,0,0,0,0,0,0,0,0,0,0,0,0,0,0,0,0,0,0,0,0,0,0,0,0,0,0,0,0,0
SRR5385033,PRJNA377739,COPD_Stable,0.033646007,0.001683083,0.000114944,0,0,0,0.389036465,0.081086675,0,0.005051617,0.042783112,0,0.00125553,0,0,0.001175965,0,0.035820155,0,0,0,0,0.002531989,0.140321663,0,0.000508799,0,0,0.001772253,0,0,0,0.000519881,0,0,0,0,0,0.000251199,0.000501421,0,0,0,0,0,0.00017689,0.034469376,0.036134125,0.001777844,0,0.000874521,0.000646458,0.002105595,0,9.48E-05,0.002446673,9.48E-05,0,0,0,0,0,0.000188929,0,0,0,0,0,0,0,0,0,0,0,0,0,0,0,0,0,0,0,0,0,0,0,0,0,0,0,0,0,0,0,0,0,0,0,0,0,0,0,0,0,0,0,0,0,0,0,0,0,0,0,0,0,0,0,0,0,0,0,0,0,0,0,0,0,0,0,0,0,0,0,0,0,0,0,0,0,0,0,0,0,0,0,0,0,0,0,0,0,0,0,0,0,0,0,0,0,0,0,0,0,0,0,0,0,0,0,0,0,0,0,0,0,0,0,0,0,0,0,0,0,0,0,0,0,0,0,0,0,0,0,0,0,0,0,0,0,0,0,0,0,0,0,0,0,0,0,0,0,0,0,0,0,0,0,0,0,0,0,0,0,0,0,0,0,0,0,0,0,0,0,0,0,0,0,0,0,0,0,0,0,0,0,0,0,0,0,0,0,0,0,0,0,0,0,0,0,0,0,0,0,0,0,0,0,0,0,0,0
SRR5385034,PRJNA377739,COPD_Stable,0.443575335,0.013862874,0.000122881,0,0,0,0.159994883,0.011094982,0,0.064730374,0.017656669,0.020678415,0.006259113,0,0,8.21E-05,0,0.014224095,0.000324413,0.012928202,0,0,0.010141322,0.001929908,0,0.00285883,0,0,0.001307937,0.004535004,0.000303221,0,0,0,0.000153,0.001184383,0,0,0.00023187,0.001510762,0,0,0,0,0,0.000211774,0.000957769,0.017618603,0.005518694,0,0.001191687,0.01191187,0.008363897,0.004191114,0.003159305,0.00083513,0.001569256,0,0,0.000111032,0.001324856,0,0.000721543,0,0.000487409,0,0,0,0.000308677,0,0.000286245,0,0,0,0,0,0,0,0,0,0,0,0,0,0,0,0,0,0,0,0,0,0,0,0,0,0,0,0,0,0,0,0,0,0,0,0,0,0,0,0,0,0,0,0,0,0,0,0,0,0,0,0,0,0,0,0,0,0,0,0,0,0,0,0,0,0,0,0,0,0,0,0,0,0,0,0,0,0,0,0,0,0,0,0,0,0,0,0,0,0,0,0,0,0,0,0,0,0,0,0,0,0,0,0,0,0,0,0,0,0,0,0,0,0,0,0,0,0,0,0,0,0,0,0,0,0,0,0,0,0,0,0,0,0,0,0,0,0,0,0,0,0,0,0,0,0,0,0,0,0,0,0,0,0,0,0,0,0,0,0,0,0,0,0,0,0,0,0,0,0,0,0,0,0,0,0,0,0,0,0,0,0,0,0,0,0,0,0,0,0,0,0,0,0,0,0,0,0,0,0,0
SRR5385035,PRJNA377739,COPD_Stable,0.532058718,0,0,0,0,0,0.208528041,0.064862537,0,0.02014926,0.000884818,0,0.000266397,0,0,0.003084532,0,0,0.009676408,0.026758421,0,0,0.003705442,0.000746811,0,0.019839076,0,0,0,0,0,0,0,0,0.000255646,0,0,0,0,0,0,0,0,0,0,0,0.001656039,0.000388138,0,0,0.00157128,0.000586899,0,0.00040197,0.000305242,0,0.000409169,0,0,0,0,0,0.000385729,0,0,0,0,0,0,0,0,0,0,0,0,0,0,0,0,0,0,0,0,0,0,0,0,0,0,0,0,0,0,0,0,0,0,0,0,0,0,0,0,0,0,0,0,0,0,0,0,0,0,0,0,0,0,0,0,0,0,0,0,0,0,0,0,0,0,0,0,0,0,0,0,0,0,0,0,0,0,0,0,0,0,0,0,0,0,0,0,0,0,0,0,0,0,0,0,0,0,0,0,0,0,0,0,0,0,0,0,0,0,0,0,0,0,0,0,0,0,0,0,0,0,0,0,0,0,0,0,0,0,0,0,0,0,0,0,0,0,0,0,0,0,0,0,0,0,0,0,0,0,0,0,0,0,0,0,0,0,0,0,0,0,0,0,0,0,0,0,0,0,0,0,0,0,0,0,0,0,0,0,0,0,0,0,0,0,0,0,0,0,0,0,0,0,0,0,0,0,0,0,0,0,0,0,0,0,0,0,0
SRR5385036,PRJNA377739,COPD_Stable,0.163348932,0.021209156,0,0,0,0,0.22065941,0.015297942,0,0.039540491,0.05959871,0.053779393,0.076606343,0,0,0.001422307,0.003105053,0.002179343,0.003239173,0.002702086,0,0,0.049044096,0.012238184,0,0.021704399,0,0,0.004609449,0.001173396,0,0,0,0,0,0,0,0,0.002729641,0.000306086,0,0,0,0,0,0.000299858,0.000553659,0.002726241,0.007350236,0,0.000167556,0.000490027,0.001187722,8.55E-05,0.000185721,0.000218058,7.17E-05,0,0,0,0,0,0.000276838,0,0,0,0,0,0.000109709,0,0,0,0,0,0,0,0,0,0,0,0,0,0,0,0,0,0,0,0,0,0,0,0,0,0,0,0,0,0,0,0,0,0,0,0,0,0,0,0,0,0,0,0,0,0,0,0,0,0,0,0,0,0,0,0,0,0,0,0,0,0,0,0,0,0,0,0,0,0,0,0,0,0,0,0,0,0,0,0,0,0,0,0,0,0,0,0,0,0,0,0,0,0,0,0,0,0,0,0,0,0,0,0,0,0,0,0,0,0,0,0,0,0,0,0,0,0,0,0,0,0,0,0,0,0,0,0,0,0,0,0,0,0,0,0,0,0,0,0,0,0,0,0,0,0,0,0,0,0,0,0,0,0,0,0,0,0,0,0,0,0,0,0,0,0,0,0,0,0,0,0,0,0,0,0,0,0,0,0,0,0,0,0,0,0,0,0,0,0,0,0,0,0,0,0,0,0,0,0,0,0,0
SRR5385037,PRJNA377739,COPD_Stable,0.114123152,0.01213306,0,0,0,0,0.434220894,0.20732706,0,0.004921185,0.014272078,0.000366078,0.007066841,0,0,0.001218788,0.00141416,0.034039787,0,0.000889594,0,0,0.000496688,0.003494481,0,0.000389592,0,0,0.001219674,0,0,0,0.000603565,0,0,0.001167676,0,0,0.000678212,0.003159511,0,0,0,0,0,0.005020363,0.005100258,0.024011799,0.001418544,0,0.001785516,0.001879673,0.004971443,0.001748785,0.000620945,0.000629542,0.000201312,0.010875407,0,0,0.00094275,0.000124959,0,0.001850604,0,0,0.000114131,0,0,0,0.000678588,0,0,0,0,0,0,0,0,0,0,0,0,0,0,0,0,0,0,0,0,0,0,0,0,0,0,0,0,0,0,0,0,0,0,0,0,0,0,0,0,0,0,0,0,0,0,0,0,0,0,0,0,0,0,0,0,0,0,0,0,0,0,0,0,0,0,0,0,0,0,0,0,0,0,0,0,0,0,0,0,0,0,0,0,0,0,0,0,0,0,0,0,0,0,0,0,0,0,0,0,0,0,0,0,0,0,0,0,0,0,0,0,0,0,0,0,0,0,0,0,0,0,0,0,0,0,0,0,0,0,0,0,0,0,0,0,0,0,0,0,0,0,0,0,0,0,0,0,0,0,0,0,0,0,0,0,0,0,0,0,0,0,0,0,0,0,0,0,0,0,0,0,0,0,0,0,0,0,0,0,0,0,0,0,0,0,0,0,0,0,0,0,0,0,0,0,0,0,0,0,0
SRR5385038,PRJNA377739,COPD_Stable,0.034616161,0.001445391,0.002433983,0,0,0,0.037129106,0.003815931,0.466972377,0.003552116,0.003196522,0.003994019,0.003025054,0,0,0,0.000507746,0,0.00034859,0,0,0,0.007542098,0.013181332,0,0.000225074,0,0,0.000295197,0.000311402,0,0,0,0,0,0.000810836,0,0,0,0,0,0,0,0,0,0,0.000622345,0.003149906,0.001949426,0,0,0.005780888,0.00053521,0.003651617,0.004055656,0,0.002038299,0,0,0,0.000119737,8.95E-05,0,0,0,0,0,0.000201617,0.000665947,0,0,0,0,0,0,0,0,0,0,0,0,0,0,0,0,0,0,0,0,0,0,0,0,0,0,0,0,0,0,0,0,0,0,0,0,0,0,0,0,0,0,0,0,0,0,0,0,0,0,0,0,0,0,0,0,0,0,0,0,0,0,0,0,0,0,0,0,0,0,0,0,0,0,0,0,0,0,0,0,0,0,0,0,0,0,0,0,0,0,0,0,0,0,0,0,0,0,0,0,0,0,0,0,0,0,0,0,0,0,0,0,0,0,0,0,0,0,0,0,0,0,0,0,0,0,0,0,0,0,0,0,0,0,0,0,0,0,0,0,0,0,0,0,0,0,0,0,0,0,0,0,0,0,0,0,0,0,0,0,0,0,0,0,0,0,0,0,0,0,0,0,0,0,0,0,0,0,0,0,0,0,0,0,0,0,0,0,0,0,0,0,0,0,0,0,0,0,0,0,0,0,0
SRR5385039,PRJNA377739,COPD_Stable,0.260601603,0.004958401,0.002155528,0,0,0,0.34309378,0.085456601,0.005108356,0.008622393,0,0,0,0,0,0,0,0,0,0,0,0,0.001221542,0,0,0,0,0,0,0.001031128,0,0,0.009320888,0,0,0.009164295,0,0,0,0,0,0,0,0,0,0,0,0,0,0,0,0.033685025,0,0.01549819,0.011965461,0,0.010731189,0.003541077,0,0,0,0,6.15E-05,0,0.005654977,0,0.006687922,0,0.006786356,0,0,0,0,0,0,0,0,0,0,0,0,0,0,0,0,0,0,0,0,0,0,0,0,0,0,0,0,0,0,0,0,0,0,0,0,0,0,0,0,0,0,0,0,0,0,0,0,0,0,0,0,0,0,0,0,0,0,0,0,0,0,0,0,0,0,0,0,0,0,0,0,0,0,0,0,0,0,0,0,0,0,0,0,0,0,0,0,0,0,0,0,0,0,0,0,0,0,0,0,0,0,0,0,0,0,0,0,0,0,0,0,0,0,0,0,0,0,0,0,0,0,0,0,0,0,0,0,0,0,0,0,0,0,0,0,0,0,0,0,0,0,0,0,0,0,0,0,0,0,0,0,0,0,0,0,0,0,0,0,0,0,0,0,0,0,0,0,0,0,0,0,0,0,0,0,0,0,0,0,0,0,0,0,0,0,0,0,0,0,0,0,0,0,0,0,0,0,0,0,0,0,0
SRR5385040,PRJNA377739,COPD_Stable,0.745663308,0.002351974,0.000109341,0,0,0,0.028350227,0.00056572,0,0.010419276,0.00370143,0.001860211,0.001136307,0,0,0,0.000223206,4.79E-05,0.000181711,0,0,0,0.032456401,0.004738257,0,0.001664993,0,0,0,0,0,0,0,0,0,0,0,0,0.00015949,0,0,0,0,0,0,0,0.002928503,0,0.006109401,0,0,0.000597509,0,0.000300971,0.000102862,0,0.000327319,0,8.75E-05,0,0,0,0,0,0,6.45E-05,7.63E-05,0,0,0,0,0,0,0,0,0,0,0,0,0,0,0,0,0,0,0,0,0,0,0,0,0,0,0,0,0,0,0,0,0,0,0,0,0,0,0,0,0,0,0,0,0,0,0,0,0,0,0,0,0,0,0,0,0,0,0,0,0,0,0,0,0,0,0,0,0,0,0,0,0,0,0,0,0,0,0,0,0,0,0,0,0,0,0,0,0,0,0,0,0,0,0,0,0,0,0,0,0,0,0,0,0,0,0,0,0,0,0,0,0,0,0,0,0,0,0,0,0,0,0,0,0,0,0,0,0,0,0,0,0,0,0,0,0,0,0,0,0,0,0,0,0,0,0,0,0,0,0,0,0,0,0,0,0,0,0,0,0,0,0,0,0,0,0,0,0,0,0,0,0,0,0,0,0,0,0,0,0,0,0,0,0,0,0,0,0,0,0,0,0,0,0,0,0,0,0,0,0,0,0,0,0
SRR5385041,PRJNA377739,COPD_Stable,0.14141429,0.00969531,0.00010523,0,0,0,0.199240525,0.265614602,0,0.01095782,0.008468741,0.005909706,0.008654859,0,0,0.00653725,0.002701298,0.004399019,0.005370597,0,0,0,0.025203957,0.062334033,0,0,0,0,0.004004132,0,0,0,0,0,0,0.000367781,0,0,0.001115683,0,0,0,0,0,0,0,0.005132335,0.000102569,0,0,0,0.001321109,0,0.000586525,0.000886392,0,0.000145656,0,0,0,0,0,0,0,0,0,0,0,0,0,0,0,0,0,0,0,0,0,0,0,0,0,0,0,0,0,0,0,0,0,0,0,0,0,0,0,0,0,0,0,0,0,0,0,0,0,0,0,0,0,0,0,0,0,0,0,0,0,0,0,0,0,0,0,0,0,0,0,0,0,0,0,0,0,0,0,0,0,0,0,0,0,0,0,0,0,0,0,0,0,0,0,0,0,0,0,0,0,0,0,0,0,0,0,0,0,0,0,0,0,0,0,0,0,0,0,0,0,0,0,0,0,0,0,0,0,0,0,0,0,0,0,0,0,0,0,0,0,0,0,0,0,0,0,0,0,0,0,0,0,0,0,0,0,0,0,0,0,0,0,0,0,0,0,0,0,0,0,0,0,0,0,0,0,0,0,0,0,0,0,0,0,0,0,0,0,0,0,0,0,0,0,0,0,0,0,0,0,0,0,0,0,0,0,0,0,0,0,0,0,0,0
SRR5385042,PRJNA377739,COPD_Stable,0.148851232,0.003251912,0.001470691,0,0,0,0.363655448,0.000941098,0,0.002218457,0,0,0.000201742,0,0,0,0.002598868,0,0,0,0,0,0,0,0,0,0,0,0.004289623,0,0,0,0.000608053,0,0,0.004200997,0,0,0.002805039,0,0,0,0,0,0,0,0.017243675,0,0,0,0,0.004876903,0,0.001973136,0.001358688,0,0.001467353,0,0,0,0,0,0.00130276,0,0.001051664,0,0.000389698,0,0.000228572,0,0,0,0,0,0,0,0,0,0,0,0,0,0,0,0,0,0,0,0,0,0,0,0,0,0,0,0,0,0,0,0,0,0,0,0,0,0,0,0,0,0,0,0,0,0,0,0,0,0,0,0,0,0,0,0,0,0,0,0,0,0,0,0,0,0,0,0,0,0,0,0,0,0,0,0,0,0,0,0,0,0,0,0,0,0,0,0,0,0,0,0,0,0,0,0,0,0,0,0,0,0,0,0,0,0,0,0,0,0,0,0,0,0,0,0,0,0,0,0,0,0,0,0,0,0,0,0,0,0,0,0,0,0,0,0,0,0,0,0,0,0,0,0,0,0,0,0,0,0,0,0,0,0,0,0,0,0,0,0,0,0,0,0,0,0,0,0,0,0,0,0,0,0,0,0,0,0,0,0,0,0,0,0,0,0,0,0,0,0,0,0,0,0,0,0,0,0,0,0,0,0,0
SRR5385043,PRJNA377739,COPD_Stable,0.110379087,0.017951381,0,0,0,0,0.254080568,0.151703297,0,0.014823251,0.006004368,0.011111727,0.005903985,0,0,0.002120084,0,0.003653059,0.001860843,0.026458298,0,0,0.033838084,0.036047558,0,0.007804574,0,0,0.003930029,0.00057558,0,0,0,0,0,0.003605602,0,0,0.001505529,0,0,0,0,0,0,0,0.002494239,0.008893574,0.000448816,0,0.001455719,0.002987355,0.002891433,0.001783563,0.001006711,0.000484916,0.000801401,0,0.000223294,0,0,0,0.000475716,0.000226545,0,0,0,0,0.00088939,0,0,0,0,0,0,0,0,0,0,0,0,0,0,0,0,0,0,0,0,0,0,0,0,0,0,0,0,0,0,0,0,0,0,0,0,0,0,0,0,0,0,0,0,0,0,0,0,0,0,0,0,0,0,0,0,0,0,0,0,0,0,0,0,0,0,0,0,0,0,0,0,0,0,0,0,0,0,0,0,0,0,0,0,0,0,0,0,0,0,0,0,0,0,0,0,0,0,0,0,0,0,0,0,0,0,0,0,0,0,0,0,0,0,0,0,0,0,0,0,0,0,0,0,0,0,0,0,0,0,0,0,0,0,0,0,0,0,0,0,0,0,0,0,0,0,0,0,0,0,0,0,0,0,0,0,0,0,0,0,0,0,0,0,0,0,0,0,0,0,0,0,0,0,0,0,0,0,0,0,0,0,0,0,0,0,0,0,0,0,0,0,0,0,0,0,0,0,0,0,0,0,0
SRR5385044,PRJNA377739,COPD_Stable,0.424396796,0.018502194,0,0,0,0,0.190908157,0.054086395,0,0.00446663,0.000831012,0,0,0,0,0.000113281,0,0,0,0.006853411,0,0,0.005104067,0.000126462,0,0.001151688,0,0,0.00539994,0.001433109,0,0,0.000318335,0,0.000416098,0.002385137,0,0,0.000724279,0,0,0,0,0,0,0,0.00094973,0.002834583,0.011389411,0,0.000793138,0.024489419,0.000108724,0.015555344,0.015615769,0,0.008213153,0,0,0,0,0,0,0.000295889,0,0,0.001333745,0,0.001427421,0,0,0,0,0,0,0,0,0,0,0,0,0,0,0,0,0,0,0,0,0,0,0,0,0,0,0,0,0,0,0,0,0,0,0,0,0,0,0,0,0,0,0,0,0,0,0,0,0,0,0,0,0,0,0,0,0,0,0,0,0,0,0,0,0,0,0,0,0,0,0,0,0,0,0,0,0,0,0,0,0,0,0,0,0,0,0,0,0,0,0,0,0,0,0,0,0,0,0,0,0,0,0,0,0,0,0,0,0,0,0,0,0,0,0,0,0,0,0,0,0,0,0,0,0,0,0,0,0,0,0,0,0,0,0,0,0,0,0,0,0,0,0,0,0,0,0,0,0,0,0,0,0,0,0,0,0,0,0,0,0,0,0,0,0,0,0,0,0,0,0,0,0,0,0,0,0,0,0,0,0,0,0,0,0,0,0,0,0,0,0,0,0,0,0,0,0,0,0,0,0,0,0
SRR5385045,PRJNA377739,COPD_Stable,0.114109166,0.000570472,0.001881916,0,0,0,0.005204875,0.004790368,0,0.000833138,0.001357212,0.000189685,0.015893597,0,0,0,0,0.000524632,0,0,0,0,0,0.000342184,0,0,0,0,0.000318751,0,0,0,0,0,0.00044713,0.00017489,0,0,0,0,0,0,0,0,0,0,0.000267769,0.000324211,0,0,0,0.001135716,0,0.000332246,0.00053131,0,0.000433677,0,0,0,0,0,0,0,0,0,0,0,0,0,3.74E-05,0,0,0,0,0,0,0,0,0,0,0,0,0,0,0,0,0,0,0,0,0,0,0,0,0,0,0,0,0,0,0,0,0,0,0,0,0,0,0,0,0,0,0,0,0,0,0,0,0,0,0,0,0,0,0,0,0,0,0,0,0,0,0,0,0,0,0,0,0,0,0,0,0,0,0,0,0,0,0,0,0,0,0,0,0,0,0,0,0,0,0,0,0,0,0,0,0,0,0,0,0,0,0,0,0,0,0,0,0,0,0,0,0,0,0,0,0,0,0,0,0,0,0,0,0,0,0,0,0,0,0,0,0,0,0,0,0,0,0,0,0,0,0,0,0,0,0,0,0,0,0,0,0,0,0,0,0,0,0,0,0,0,0,0,0,0,0,0,0,0,0,0,0,0,0,0,0,0,0,0,0,0,0,0,0,0,0,0,0,0,0,0,0,0,0,0,0,0,0,0,0
SRR5385046,PRJNA377739,COPD_Stable,0.019765824,0,0,0,0,0,0.053070556,0.009397468,0,0.001519978,0.000839981,0,0.000288311,0,0,0,0,0.000145947,0,0,0,0,0,0,0,0,0,0,0,0,0,0,0,0,0.00382552,0.000194524,0,0,0,0,0,0,0,0,0,0,0,0,0.000180138,0,0,0.001100308,0,0.001042202,0.000593245,0,0,0,0,0.000600171,0,0,0,0,0,0,0,0,0.000229213,0,0,0,0,0,0,0,0,0,0,0,0,0,0,0,0,0,0,0,0,0,0,0,0,0,0,0,0,0,0,0,0,0,0,0,0,0,0,0,0,0,0,0,0,0,0,0,0,0,0,0,0,0,0,0,0,0,0,0,0,0,0,0,0,0,0,0,0,0,0,0,0,0,0,0,0,0,0,0,0,0,0,0,0,0,0,0,0,0,0,0,0,0,0,0,0,0,0,0,0,0,0,0,0,0,0,0,0,0,0,0,0,0,0,0,0,0,0,0,0,0,0,0,0,0,0,0,0,0,0,0,0,0,0,0,0,0,0,0,0,0,0,0,0,0,0,0,0,0,0,0,0,0,0,0,0,0,0,0,0,0,0,0,0,0,0,0,0,0,0,0,0,0,0,0,0,0,0,0,0,0,0,0,0,0,0,0,0,0,0,0,0,0,0,0,0,0,0,0,0,0,0,0
SRR5385047,PRJNA377739,COPD_Stable,0.259531575,0.041815026,0.00078556,0,0,0,0.225034638,0.152443601,0,0.038666322,0.006531783,0.021161215,0.021576196,0,0,0.005424959,0.004222055,0,0.002712221,0,0,0,0.003474767,0.040631232,0,0.000285429,0,0,0.003620891,0,0,0,0,0,0,0,0,0,0.005154239,0,0,0,0,0,0,0,0.006575299,0,0,0,0,0.00035955,0,0,9.81E-05,6.91E-05,6.83E-05,0,0,0.000133849,0.00085816,0,0.000434812,0,0,0,0.000186538,0,0,0,0,0,0,0,0,0,0,0,0,0,0,0,0,0,0,0,0,0,0,0,0,0,0,0,0,0,0,0,0,0,0,0,0,0,0,0,0,0,0,0,0,0,0,0,0,0,0,0,0,0,0,0,0,0,0,0,0,0,0,0,0,0,0,0,0,0,0,0,0,0,0,0,0,0,0,0,0,0,0,0,0,0,0,0,0,0,0,0,0,0,0,0,0,0,0,0,0,0,0,0,0,0,0,0,0,0,0,0,0,0,0,0,0,0,0,0,0,0,0,0,0,0,0,0,0,0,0,0,0,0,0,0,0,0,0,0,0,0,0,0,0,0,0,0,0,0,0,0,0,0,0,0,0,0,0,0,0,0,0,0,0,0,0,0,0,0,0,0,0,0,0,0,0,0,0,0,0,0,0,0,0,0,0,0,0,0,0,0,0,0,0,0,0,0,0,0,0,0,0,0,0,0
SRR5385048,PRJNA377739,COPD_Stable,0.540067282,0.005174208,0,0,0,0,0.11543114,0.074828224,0,0.002320628,0.006214464,0,0.00112712,0,0,0,0.001126177,0,0.000285905,0.001889025,0,0,0.014512295,0.023595856,0,0.000982894,0,0,0.001611278,0,0,0,0,0,0,0,0,0,0.002807695,0,0,0,0,0,0,0,0,0,0.005738752,0,0,0.002249062,0,0.002473578,0.001726749,0,0.001020324,0,0.000262263,0,0,0,8.27E-05,0,0,0,0,0,0,0,0,0,0,0,0,0,0,0,0,0,0,0,0,0,0,0,0,0,0,0,0,0,0,0,0,0,0,0,0,0,0,0,0,0,0,0,0,0,0,0,0,0,0,0,0,0,0,0,0,0,0,0,0,0,0,0,0,0,0,0,0,0,0,0,0,0,0,0,0,0,0,0,0,0,0,0,0,0,0,0,0,0,0,0,0,0,0,0,0,0,0,0,0,0,0,0,0,0,0,0,0,0,0,0,0,0,0,0,0,0,0,0,0,0,0,0,0,0,0,0,0,0,0,0,0,0,0,0,0,0,0,0,0,0,0,0,0,0,0,0,0,0,0,0,0,0,0,0,0,0,0,0,0,0,0,0,0,0,0,0,0,0,0,0,0,0,0,0,0,0,0,0,0,0,0,0,0,0,0,0,0,0,0,0,0,0,0,0,0,0,0,0,0,0,0,0,0,0,0,0,0,0
SRR5385049,PRJNA377739,COPD_Stable,0.150124371,0.008152386,0.000366909,0,0,0,0.329869282,0.342209707,0,0.003140125,0.000400368,0,0,0,0,0.001502457,0,0,0,0,0,0,0,0,0,0,0,0,0,0,0,0,0,0,0.000457526,0,0,0,0.000123834,0,0,0,0,0,0,0,0,0,0,0,0,0.001296061,0.000365755,0.001394195,0.000840889,0,0.00022277,0,0.000108974,0,0,0,0.000194486,0,0,0,0.000198961,0,0,0,0,0,0,0,0,0,0,0,0,0,0,0,0,0,0,0,0,0,0,0,0,0,0,0,0,0,0,0,0,0,0,0,0,0,0,0,0,0,0,0,0,0,0,0,0,0,0,0,0,0,0,0,0,0,0,0,0,0,0,0,0,0,0,0,0,0,0,0,0,0,0,0,0,0,0,0,0,0,0,0,0,0,0,0,0,0,0,0,0,0,0,0,0,0,0,0,0,0,0,0,0,0,0,0,0,0,0,0,0,0,0,0,0,0,0,0,0,0,0,0,0,0,0,0,0,0,0,0,0,0,0,0,0,0,0,0,0,0,0,0,0,0,0,0,0,0,0,0,0,0,0,0,0,0,0,0,0,0,0,0,0,0,0,0,0,0,0,0,0,0,0,0,0,0,0,0,0,0,0,0,0,0,0,0,0,0,0,0,0,0,0,0,0,0,0,0,0,0,0,0,0,0
SRR5385050,PRJNA377739,COPD_Stable,0.184701707,0.012156974,0.000947897,0,0,0,0.466276242,0.193335694,0,0.010833183,0,0,0.001812871,0,0,0.000384093,0.000268544,0,0,0,0,0,0.015231256,0.000132758,0,0.001659167,0,0,0.000962556,0.000655684,0,0,0.00117745,0,0.001005057,0.00371966,0,0,0.000221064,0,0,0,0,0,0,0,0,0,0.000949765,0,0,0.005428448,0,0.006765572,0.004235287,0,0.002436669,0.002823772,0,0,0,0,0.000830623,0,0,0,0,0,0.001244561,0,0,0,0,0,0,0,0,0,0,0,0,0,0,0,0,0,0,0,0,0,0,0,0,0,0,0,0,0,0,0,0,0,0,0,0,0,0,0,0,0,0,0,0,0,0,0,0,0,0,0,0,0,0,0,0,0,0,0,0,0,0,0,0,0,0,0,0,0,0,0,0,0,0,0,0,0,0,0,0,0,0,0,0,0,0,0,0,0,0,0,0,0,0,0,0,0,0,0,0,0,0,0,0,0,0,0,0,0,0,0,0,0,0,0,0,0,0,0,0,0,0,0,0,0,0,0,0,0,0,0,0,0,0,0,0,0,0,0,0,0,0,0,0,0,0,0,0,0,0,0,0,0,0,0,0,0,0,0,0,0,0,0,0,0,0,0,0,0,0,0,0,0,0,0,0,0,0,0,0,0,0,0,0,0,0,0,0,0,0,0,0,0,0,0,0,0,0,0,0,0,0,0
SRR5385051,PRJNA377739,COPD_Stable,0.180536857,0.009189909,0.001370637,0,0,0,0.193817694,0.033334249,0,0.009454932,0.003525272,0.001363488,0.001782207,0,0,0,0.000370329,0,0,0.007645,0,0,0.003103208,0.002937954,0,0.000235764,0,0,0.000673901,0.000442059,0,0,0,0,0,0.001332865,0,0,0.001090828,0,0,0,0,0,0,0,0.003963184,0.00239408,0.001122118,0.036878722,0.00035218,0.006430447,0.000387436,0.00196874,0.002462884,0.00022532,0.00065696,0,0,0,0.00018893,0,0,0.000363095,0,0,0.000622908,0,0.000350293,0,0,0,0,0,0,0,0,0,0,0,0,0,0,0,0,0,0,0,0,0,0,0,0,0,0,0,0,0,0,0,0,0,0,0,0,0,0,0,0,0,0,0,0,0,0,0,0,0,0,0,0,0,0,0,0,0,0,0,0,0,0,0,0,0,0,0,0,0,0,0,0,0,0,0,0,0,0,0,0,0,0,0,0,0,0,0,0,0,0,0,0,0,0,0,0,0,0,0,0,0,0,0,0,0,0,0,0,0,0,0,0,0,0,0,0,0,0,0,0,0,0,0,0,0,0,0,0,0,0,0,0,0,0,0,0,0,0,0,0,0,0,0,0,0,0,0,0,0,0,0,0,0,0,0,0,0,0,0,0,0,0,0,0,0,0,0,0,0,0,0,0,0,0,0,0,0,0,0,0,0,0,0,0,0,0,0,0,0,0,0,0,0,0,0,0,0,0,0,0,0,0,0
SRR5385052,PRJNA377739,COPD_Stable,0.024789847,0.008269564,0.000226418,0,0,0,0.183192143,0.079984852,0,0.004278357,0.002615895,0.002487529,0.000399462,0,0,0.00053957,0.000311671,0.003451018,0.00101625,0,0,0,0.007087885,0.018802754,0,0,0,0,0.000445983,0,0,0,0,0,0,0,0,0,0,0,0,0,0,0,0,0,0.006175278,7.73E-05,0.000760834,0,0.000162018,0.00051708,0,0.0004398,0,0,0.000150653,0,0,0,0,0,0,0,0,0,0,0,0.000185605,0,0,0,0,0,0,0,0,0,0,0,0,0,0,0,0,0,0,0,0,0,0,0,0,0,0,0,0,0,0,0,0,0,0,0,0,0,0,0,0,0,0,0,0,0,0,0,0,0,0,0,0,0,0,0,0,0,0,0,0,0,0,0,0,0,0,0,0,0,0,0,0,0,0,0,0,0,0,0,0,0,0,0,0,0,0,0,0,0,0,0,0,0,0,0,0,0,0,0,0,0,0,0,0,0,0,0,0,0,0,0,0,0,0,0,0,0,0,0,0,0,0,0,0,0,0,0,0,0,0,0,0,0,0,0,0,0,0,0,0,0,0,0,0,0,0,0,0,0,0,0,0,0,0,0,0,0,0,0,0,0,0,0,0,0,0,0,0,0,0,0,0,0,0,0,0,0,0,0,0,0,0,0,0,0,0,0,0,0,0,0,0,0,0,0,0,0,0,0,0,0,0,0
SRR5385053,PRJNA377739,COPD_Stable,0.167199777,0.008133594,0,0,0,0,0.213194736,0.032748519,0,0.003837813,0.041177452,0.015116555,0.005373868,0,0,0.001767989,0.001211503,0.04228863,0,0.000422912,0,0,0,0.174443189,0,0,0,0,0,0,0,0,0.000776617,0,0,0.000607262,0,0,0.000480799,0.002817036,0,0,0,0,0,0.00230087,0.006561093,0.03574281,0.003174746,0,0.015033689,0.000212353,0.016710082,0,0.00040123,0.002763881,0,0.02375964,0,0,0.000552558,0.000121111,0,0.004461536,0,0.000960853,4.98E-05,0.006617597,0,0,0.00037139,0,0,0,0,0,0,0,0,0,0,0,0,0,0,0,0,0,0,0,0,0,0,0,0,0,0,0,0,0,0,0,0,0,0,0,0,0,0,0,0,0,0,0,0,0,0,0,0,0,0,0,0,0,0,0,0,0,0,0,0,0,0,0,0,0,0,0,0,0,0,0,0,0,0,0,0,0,0,0,0,0,0,0,0,0,0,0,0,0,0,0,0,0,0,0,0,0,0,0,0,0,0,0,0,0,0,0,0,0,0,0,0,0,0,0,0,0,0,0,0,0,0,0,0,0,0,0,0,0,0,0,0,0,0,0,0,0,0,0,0,0,0,0,0,0,0,0,0,0,0,0,0,0,0,0,0,0,0,0,0,0,0,0,0,0,0,0,0,0,0,0,0,0,0,0,0,0,0,0,0,0,0,0,0,0,0,0,0,0,0,0,0,0,0,0,0,0,0,0,0,0
SRR5385054,PRJNA377739,COPD_Stable,0.003953721,0.002331926,0.467817695,0,0,0,0.01372263,0,0,0.001516223,0.000512714,0,0,0,0,0.000122256,0,8.51E-05,0.000111918,0,0,0,0.001179996,0.003212976,0,0.000236555,0,0,0.000335372,0,0,0,0,0,0,9.25E-05,0,0,0.000171943,0,0,0,0,0,0,0,0.00085332,0,0,0,0,0.000312181,0,0.000340019,6.49E-05,0,0,0,0,0,0,0,0,0,0,0,0,0,0,0,0,0,0,0,0,0,0,0,0,0,0,0,0,0,0,0,0,0,0,0,0,0,0,0,0,0,0,0,0,0,0,0,0,0,0,0,0,0,0,0,0,0,0,0,0,0,0,0,0,0,0,0,0,0,0,0,0,0,0,0,0,0,0,0,0,0,0,0,0,0,0,0,0,0,0,0,0,0,0,0,0,0,0,0,0,0,0,0,0,0,0,0,0,0,0,0,0,0,0,0,0,0,0,0,0,0,0,0,0,0,0,0,0,0,0,0,0,0,0,0,0,0,0,0,0,0,0,0,0,0,0,0,0,0,0,0,0,0,0,0,0,0,0,0,0,0,0,0,0,0,0,0,0,0,0,0,0,0,0,0,0,0,0,0,0,0,0,0,0,0,0,0,0,0,0,0,0,0,0,0,0,0,0,0,0,0,0,0,0,0,0,0,0,0,0,0,0,0,0,0,0,0
SRR5385055,PRJNA377739,COPD_Stable,0.143904857,0.014597136,0.000157498,0,0,0,0.310942675,0.08892968,0,0.006359104,0.030652555,0.016557304,0.002170448,0,0,0.001577196,0.004468087,0.006617939,0.000310655,0.00955205,0,0,0.003791327,0.00590401,0,0.001250754,0,0,0.000558003,0.00130932,0,0,0,0,0,0,0,0,0.002365388,0.00079721,0,0,0,0,0,0.000155982,0.012348816,0.035752912,0.01082986,0,0.008788845,0.000407671,0.006440815,0.00029209,0,0.004347893,0.000176074,0,0,0,0.00082645,0,0,0.000836975,0.000323925,0,0,0.000229721,0,0,0,0,0,0,0,0,0,0,0,0,0,0,0,0,0,0,0,0,0,0,0,0,0,0,0,0,0,0,0,0,0,0,0,0,0,0,0,0,0,0,0,0,0,0,0,0,0,0,0,0,0,0,0,0,0,0,0,0,0,0,0,0,0,0,0,0,0,0,0,0,0,0,0,0,0,0,0,0,0,0,0,0,0,0,0,0,0,0,0,0,0,0,0,0,0,0,0,0,0,0,0,0,0,0,0,0,0,0,0,0,0,0,0,0,0,0,0,0,0,0,0,0,0,0,0,0,0,0,0,0,0,0,0,0,0,0,0,0,0,0,0,0,0,0,0,0,0,0,0,0,0,0,0,0,0,0,0,0,0,0,0,0,0,0,0,0,0,0,0,0,0,0,0,0,0,0,0,0,0,0,0,0,0,0,0,0,0,0,0,0,0,0,0,0,0,0,0,0,0,0,0,0
SRR5385056,PRJNA377739,COPD_Stable,0.009440033,0.000369424,0.000315522,0,0,0,0.021876779,0.002950226,0.304295039,0.001248503,0.002046997,0.002133156,0.00286761,0,0,0.000142652,0.000347004,0,0.001900195,0.001526075,0,0,0.005164594,0.002954024,0,0.000801278,0,0,0.000324526,0,0,0,0,0,0,0.000400534,0,0,0,0,0,0,0,0,0,0,0.000481501,0.000483064,0.002712497,0,0,0.003924162,4.72E-05,0.001958383,0.002824458,0,0.001175327,0,0,0,0.000151885,0,0,0,0,0,0,0,0.000103392,0,0,0,0,0,0,0,0,0,0,0,0,0,0,0,0,0,0,0,0,0,0,0,0,0,0,0,0,0,0,0,0,0,0,0,0,0,0,0,0,0,0,0,0,0,0,0,0,0,0,0,0,0,0,0,0,0,0,0,0,0,0,0,0,0,0,0,0,0,0,0,0,0,0,0,0,0,0,0,0,0,0,0,0,0,0,0,0,0,0,0,0,0,0,0,0,0,0,0,0,0,0,0,0,0,0,0,0,0,0,0,0,0,0,0,0,0,0,0,0,0,0,0,0,0,0,0,0,0,0,0,0,0,0,0,0,0,0,0,0,0,0,0,0,0,0,0,0,0,0,0,0,0,0,0,0,0,0,0,0,0,0,0,0,0,0,0,0,0,0,0,0,0,0,0,0,0,0,0,0,0,0,0,0,0,0,0,0,0,0,0,0,0,0,0,0,0,0,0,0,0,0,0
SRR5385057,PRJNA377739,COPD_Stable,0.049917048,0.004574526,0.001038593,0,0,0,0.123133757,0.013522172,0,0.01230229,0.025951585,0.003312679,0.007140816,0,0,0.00144269,0,0,0.005264389,0.006796603,0,0,0.044770868,0.01833412,0,0.007280364,0,0,0.014528763,0.001234905,0,0,0.000123946,0,0.191021344,0.000513657,0,0,0,0.000697908,0,0,0,0,0,0.0011122,0.009087907,0.033693857,0.016981138,0,0.004162187,0.002857145,0,0.001976477,0.000881881,0.006260545,0.000473045,0,0,0.000126799,0.00235605,0,0.000291714,0,0,0.00122199,0,0,0.000444849,0.001422847,0,0,0,0,0,0,0,0,0,0,0,0,0,0,0,0,0,0,0,0,0,0,0,0,0,0,0,0,0,0,0,0,0,0,0,0,0,0,0,0,0,0,0,0,0,0,0,0,0,0,0,0,0,0,0,0,0,0,0,0,0,0,0,0,0,0,0,0,0,0,0,0,0,0,0,0,0,0,0,0,0,0,0,0,0,0,0,0,0,0,0,0,0,0,0,0,0,0,0,0,0,0,0,0,0,0,0,0,0,0,0,0,0,0,0,0,0,0,0,0,0,0,0,0,0,0,0,0,0,0,0,0,0,0,0,0,0,0,0,0,0,0,0,0,0,0,0,0,0,0,0,0,0,0,0,0,0,0,0,0,0,0,0,0,0,0,0,0,0,0,0,0,0,0,0,0,0,0,0,0,0,0,0,0,0,0,0,0,0,0,0,0,0,0,0,0,0,0,0,0,0,0
SRR5385058,PRJNA377739,COPD_Stable,0.243044632,0.009684814,0.000398652,0,0,0,0.193209481,0.001390373,0,0.052174717,0.017940344,0,0.018625334,0,0,0,0.013268456,0,0.013237035,0.037028083,0,0.000934035,0.03966978,0.01963753,0,0.013639889,0,0,0.013254882,0.017524554,0,0,0.00029163,0,0,0.000548075,0,0,0.003569102,0,0,0,0,0,0,0,0.017714018,0,0.015639443,0,0.002314554,0.00079234,0,0.000494525,0.000587409,0.000457105,0,0,0,0,0.002151006,0,0,0,0,0,0.000106094,0,0,9.57E-05,0,0,0,0,0,0,0,0,0,0,0,0,0,0,0,0,0,0,0,0,0,0,0,0,0,0,0,0,0,0,0,0,0,0,0,0,0,0,0,0,0,0,0,0,0,0,0,0,0,0,0,0,0,0,0,0,0,0,0,0,0,0,0,0,0,0,0,0,0,0,0,0,0,0,0,0,0,0,0,0,0,0,0,0,0,0,0,0,0,0,0,0,0,0,0,0,0,0,0,0,0,0,0,0,0,0,0,0,0,0,0,0,0,0,0,0,0,0,0,0,0,0,0,0,0,0,0,0,0,0,0,0,0,0,0,0,0,0,0,0,0,0,0,0,0,0,0,0,0,0,0,0,0,0,0,0,0,0,0,0,0,0,0,0,0,0,0,0,0,0,0,0,0,0,0,0,0,0,0,0,0,0,0,0,0,0,0,0,0,0,0,0,0,0,0,0,0,0,0,0,0,0
SRR5385059,PRJNA377739,COPD_Exacerbation,0.133366117,0.002397711,0,0,0,0,0.283413576,0,0,0.044997,0,0,0.004808764,0,0,0,0,0,0,0,0,0.004532961,0.001732652,0,0,0.000718969,0,0,0,0,0,0,0,0,0,0,0,0,0,0,0,0,0,0,0,0,0,0,0,0,0,0,0,0,0,0,0,0,0,0,0,0,0,0,0,0,0,0,0,0,0,0,0,0,0,0,0,0,0,0,0,0,0,0,0,0,0,0,0,0,0,0,0,0,0,0,0,0,0,0,0,0,0,0,0,0,0,0,0,0,0,0,0,0,0,0,0,0,0,0,0,0,0,0,0,0,0,0,0,0,0,0,0,0,0,0,0,0,0,0,0,0,0,0,0,0,0,0,0,0,0,0,0,0,0,0,0,0,0,0,0,0,0,0,0,0,0,0,0,0,0,0,0,0,0,0,0,0,0,0,0,0,0,0,0,0,0,0,0,0,0,0,0,0,0,0,0,0,0,0,0,0,0,0,0,0,0,0,0,0,0,0,0,0,0,0,0,0,0,0,0,0,0,0,0,0,0,0,0,0,0,0,0,0,0,0,0,0,0,0,0,0,0,0,0,0,0,0,0,0,0,0,0,0,0,0,0,0,0,0,0,0,0,0,0,0,0,0,0,0,0,0
SRR5385060,PRJNA377739,COPD_Exacerbation,0.007229799,0.000296049,0,0,0,0,0.00252501,0,0,0.000538322,0,0,0.000953025,0,0,0,0,0,0,0,0,0,0,0,0,0,0,0,0,0,0,0,0,0,0,0,0,0,0,0,0,0,0,0,0,0,0.000460517,5.17E-05,0.000986575,0,0,0.000334113,0,0,0,0,0,0,0.000176142,0,0,0,0,0,0,0,0.003778595,0,0.000387749,0,0,0,0,0,0,0,0,0,0,0,0,0,0,0,0,0,0,0,0,0,0,0,0,0,0,0,0,0,0,0,0,0,0,0,0,0,0,0,0,0,0,0,0,0,0,0,0,0,0,0,0,0,0,0,0,0,0,0,0,0,0,0,0,0,0,0,0,0,0,0,0,0,0,0,0,0,0,0,0,0,0,0,0,0,0,0,0,0,0,0,0,0,0,0,0,0,0,0,0,0,0,0,0,0,0,0,0,0,0,0,0,0,0,0,0,0,0,0,0,0,0,0,0,0,0,0,0,0,0,0,0,0,0,0,0,0,0,0,0,0,0,0,0,0,0,0,0,0,0,0,0,0,0,0,0,0,0,0,0,0,0,0,0,0,0,0,0,0,0,0,0,0,0,0,0,0,0,0,0,0,0,0,0,0,0,0,0,0,0,0,0,0,0,0,0,0,0,0,0,0,0,0
SRR5385061,PRJNA377739,COPD_Exacerbation,0.021626132,0.000931987,0.455147936,0,0,0,0.026175792,0.008753715,0,0.002922813,0.00131202,0,0.001598427,0,0,6.09E-05,0.000749058,0,0.000190828,0,0,0,0.00575546,0,0,9.14E-05,0,0,0.000298077,0,0,0,0,0,0,0,0,0,0.000368546,0,0,0,0,0,0,0,0.000123292,0,0,0,0,0,0,0,0,0,0,0,0,0,0,0,9.48E-05,0,0,0,0,0,0,0,0,0,0,0,0,0,0,0,0,0,0,0,0,0,0,0,0,0,0,0,0,0,0,0,0,0,0,0,0,0,0,0,0,0,0,0,0,0,0,0,0,0,0,0,0,0,0,0,0,0,0,0,0,0,0,0,0,0,0,0,0,0,0,0,0,0,0,0,0,0,0,0,0,0,0,0,0,0,0,0,0,0,0,0,0,0,0,0,0,0,0,0,0,0,0,0,0,0,0,0,0,0,0,0,0,0,0,0,0,0,0,0,0,0,0,0,0,0,0,0,0,0,0,0,0,0,0,0,0,0,0,0,0,0,0,0,0,0,0,0,0,0,0,0,0,0,0,0,0,0,0,0,0,0,0,0,0,0,0,0,0,0,0,0,0,0,0,0,0,0,0,0,0,0,0,0,0,0,0,0,0,0,0,0,0,0,0,0,0,0,0,0,0,0,0,0,0,0,0,0,0,0
SRR5385062,PRJNA377739,COPD_Exacerbation,0.26391292,0.002896718,0,0,0,0,0.086503675,0.001251978,0,0.01436069,0.014499335,0.012486035,0.041174865,0,0,0,0.000450512,0.006396438,0.000500432,0.021292309,0,0.001351821,0.03773662,0.009411619,0,0.009204916,0,0,0,0,0,0,0,0,0,0,0,0,0.000497961,0,0,0,0,0,0,0,0.001732771,0.005494961,0.004109672,0,0,0,0.000147028,0,0,0.000156351,0,0,0,0,0.000570153,0,0.009954755,0.000451523,0,0,0,0.000433299,0,0,0,0,0,0,0,0,0,0,0,0,0,0,0,0,0,0,0,0,0,0,0,0,0,0,0,0,0,0,0,0,0,0,0,0,0,0,0,0,0,0,0,0,0,0,0,0,0,0,0,0,0,0,0,0,0,0,0,0,0,0,0,0,0,0,0,0,0,0,0,0,0,0,0,0,0,0,0,0,0,0,0,0,0,0,0,0,0,0,0,0,0,0,0,0,0,0,0,0,0,0,0,0,0,0,0,0,0,0,0,0,0,0,0,0,0,0,0,0,0,0,0,0,0,0,0,0,0,0,0,0,0,0,0,0,0,0,0,0,0,0,0,0,0,0,0,0,0,0,0,0,0,0,0,0,0,0,0,0,0,0,0,0,0,0,0,0,0,0,0,0,0,0,0,0,0,0,0,0,0,0,0,0,0,0,0,0,0,0,0,0,0,0,0,0,0,0,0,0,0,0,0,0
SRR5385063,PRJNA377739,COPD_Exacerbation,0.068554906,0.000952231,0.002788373,0,0,0,0.011180683,0.000933529,0,0.009127841,0.001621582,0.003020213,0.012162553,0,0,0,0,0,0.000714056,0.004206943,0,0.000379474,0.010179675,0.00236416,0,0.004685759,0,0,0,0.000734442,0,0,0,0,0,0,0,0,0.000252004,0,0,0,0,0,0,0,0.001511434,0.000438021,0.00095184,0,0,0,0,0,0,4.96E-05,0,0,0,0,0,0,0.000465217,0,0,0,0,0,0,0,0,0,0,0,0,0,0,0,0,0,0,0,0,0,0,0,0,0,0,0,0,0,0,0,0,0,0,0,0,0,0,0,0,0,0,0,0,0,0,0,0,0,0,0,0,0,0,0,0,0,0,0,0,0,0,0,0,0,0,0,0,0,0,0,0,0,0,0,0,0,0,0,0,0,0,0,0,0,0,0,0,0,0,0,0,0,0,0,0,0,0,0,0,0,0,0,0,0,0,0,0,0,0,0,0,0,0,0,0,0,0,0,0,0,0,0,0,0,0,0,0,0,0,0,0,0,0,0,0,0,0,0,0,0,0,0,0,0,0,0,0,0,0,0,0,0,0,0,0,0,0,0,0,0,0,0,0,0,0,0,0,0,0,0,0,0,0,0,0,0,0,0,0,0,0,0,0,0,0,0,0,0,0,0,0,0,0,0,0,0,0,0,0,0,0,0,0,0,0,0,0,0
SRR5385064,PRJNA377739,COPD_Exacerbation,0.0208001,1.00E-04,0.80152942,0,0,0,0.001920981,0.005421464,0,0.002537277,0.000415343,0,0.000172323,0,0,0,0,0,0,0,0,0,0,0,0,0,0,0,0,0,0,0,0,0,0,0,0,0,0,9.86E-05,0,0,0,0,0,0,7.21E-05,0,0,0,0,0,0,0,0,0,0,0,0,0,0,0,0,0,0.000428162,4.25E-05,0,0,0,0,0,0,0,0,0,0,0,0,0,0,0,0,0,0,0,0,0,0,0,0,0,0,0,0,0,0,0,0,0,0,0,0,0,0,0,0,0,0,0,0,0,0,0,0,0,0,0,0,0,0,0,0,0,0,0,0,0,0,0,0,0,0,0,0,0,0,0,0,0,0,0,0,0,0,0,0,0,0,0,0,0,0,0,0,0,0,0,0,0,0,0,0,0,0,0,0,0,0,0,0,0,0,0,0,0,0,0,0,0,0,0,0,0,0,0,0,0,0,0,0,0,0,0,0,0,0,0,0,0,0,0,0,0,0,0,0,0,0,0,0,0,0,0,0,0,0,0,0,0,0,0,0,0,0,0,0,0,0,0,0,0,0,0,0,0,0,0,0,0,0,0,0,0,0,0,0,0,0,0,0,0,0,0,0,0,0,0,0,0,0,0,0,0,0,0,0,0,0,0,0,0,0
SRR5385065,PRJNA377739,COPD_Exacerbation,0.175257857,0.051583367,0.00025252,0,0,0,0.423585789,0.147934135,0,0.005824903,0.006117895,0,0.000148014,0,0,0.015791161,0,0,0,0.002724709,0,0.001920561,0.001943786,0.00165078,0,0.006986768,0,0,0,0,0,0,0,0,0,0,0,0,0.011746317,0,0,0,0,0,0,0,0,0,0,0,0,0,0,0,0,0,0,0,0,0,0,0,0,0,0,0,0,0,0,0,0,0,0,0,0,0,0,0,0,0,0,0,0,0,0,0,0,0,0,0,0,0,0,0,0,0,0,0,0,0,0,0,0,0,0,0,0,0,0,0,0,0,0,0,0,0,0,0,0,0,0,0,0,0,0,0,0,0,0,0,0,0,0,0,0,0,0,0,0,0,0,0,0,0,0,0,0,0,0,0,0,0,0,0,0,0,0,0,0,0,0,0,0,0,0,0,0,0,0,0,0,0,0,0,0,0,0,0,0,0,0,0,0,0,0,0,0,0,0,0,0,0,0,0,0,0,0,0,0,0,0,0,0,0,0,0,0,0,0,0,0,0,0,0,0,0,0,0,0,0,0,0,0,0,0,0,0,0,0,0,0,0,0,0,0,0,0,0,0,0,0,0,0,0,0,0,0,0,0,0,0,0,0,0,0,0,0,0,0,0,0,0,0,0,0,0,0,0,0,0,0,0
SRR5385066,PRJNA377739,COPD_Exacerbation,0.197110988,0.018845872,0,0,0,0,0.155377537,0.204616855,0,0.076055789,0.010445473,0,0.018145974,0,0,0.002138483,0.002048792,0,0.002194263,0.004156411,0,0,0.008939096,0.007422285,0,0.015234463,0,0,0.019682821,0.005608527,0,0,0,0,0,0,0,0,0.000363333,0,0,0,0,0,0,0.000274988,0.008168379,0,0.00198933,0,0.000350882,0,0,0,0,0,0,0,0,0,0.001563876,0,0.001126393,0,0,0.000146423,0,0,0,0,0,0,0,0,0,0,0,0,0,0,0,0,0,0,0,0,0,0,0,0,0,0,0,0,0,0,0,0,0,0,0,0,0,0,0,0,0,0,0,0,0,0,0,0,0,0,0,0,0,0,0,0,0,0,0,0,0,0,0,0,0,0,0,0,0,0,0,0,0,0,0,0,0,0,0,0,0,0,0,0,0,0,0,0,0,0,0,0,0,0,0,0,0,0,0,0,0,0,0,0,0,0,0,0,0,0,0,0,0,0,0,0,0,0,0,0,0,0,0,0,0,0,0,0,0,0,0,0,0,0,0,0,0,0,0,0,0,0,0,0,0,0,0,0,0,0,0,0,0,0,0,0,0,0,0,0,0,0,0,0,0,0,0,0,0,0,0,0,0,0,0,0,0,0,0,0,0,0,0,0,0,0,0,0,0,0,0,0,0,0,0,0,0,0,0,0,0,0,0,0,0,0
SRR5385067,PRJNA377739,COPD_Exacerbation,0.075189003,0.005441875,0.00043679,0,0,0,0.192680873,0.216250965,0,0.015451288,0,0.002780992,0.002509371,0,0,0.003089795,0.004431229,0,0,0,0,0,0.027353762,0,0,0.00139689,0,0,0.004522015,0,0,0,0,0,0,0.007930859,0,0,0,0,0,0,0,0,0,0,0.00592974,0,0.000786349,0,0,0,0,0,0,0,0,0,0,0,0,0,0.000165165,0,0,0,0,0,0,0,0,0,0,0,0,0,0,0,0,0,0,0,0,0,0,0,0,0,0,0,0,0,0,0,0,0,0,0,0,0,0,0,0,0,0,0,0,0,0,0,0,0,0,0,0,0,0,0,0,0,0,0,0,0,0,0,0,0,0,0,0,0,0,0,0,0,0,0,0,0,0,0,0,0,0,0,0,0,0,0,0,0,0,0,0,0,0,0,0,0,0,0,0,0,0,0,0,0,0,0,0,0,0,0,0,0,0,0,0,0,0,0,0,0,0,0,0,0,0,0,0,0,0,0,0,0,0,0,0,0,0,0,0,0,0,0,0,0,0,0,0,0,0,0,0,0,0,0,0,0,0,0,0,0,0,0,0,0,0,0,0,0,0,0,0,0,0,0,0,0,0,0,0,0,0,0,0,0,0,0,0,0,0,0,0,0,0,0,0,0,0,0,0,0,0,0,0,0,0,0,0,0
SRR5385068,PRJNA377739,COPD_Exacerbation,0.177006213,0.003017998,0,0,0,0,0.101345637,0,0,0.084577954,0.000562642,0,0.012566894,0,0,0,0.001745447,0,0.001394819,0,0,0,0.000192338,0.003950323,0,0.000304023,0,0,0.002412616,0.000517628,0,0,0,0,0,0,0,0,0.000566094,0,0,0,0,0,0,0,0.001923918,0,0.000649868,0,0,0.001667163,0,0.000541047,0.000754722,0,0.000268777,0,0,0,0.000229425,0,0.000297062,0,0.000919291,0,4.70E-05,0,0,0,0,0,0,0,0,0,0,0,0,0,0,0,0,0,0,0,0,0,0,0,0,0,0,0,0,0,0,0,0,0,0,0,0,0,0,0,0,0,0,0,0,0,0,0,0,0,0,0,0,0,0,0,0,0,0,0,0,0,0,0,0,0,0,0,0,0,0,0,0,0,0,0,0,0,0,0,0,0,0,0,0,0,0,0,0,0,0,0,0,0,0,0,0,0,0,0,0,0,0,0,0,0,0,0,0,0,0,0,0,0,0,0,0,0,0,0,0,0,0,0,0,0,0,0,0,0,0,0,0,0,0,0,0,0,0,0,0,0,0,0,0,0,0,0,0,0,0,0,0,0,0,0,0,0,0,0,0,0,0,0,0,0,0,0,0,0,0,0,0,0,0,0,0,0,0,0,0,0,0,0,0,0,0,0,0,0,0,0,0,0,0,0,0,0,0,0,0,0,0,0,0,0
SRR5385069,PRJNA377739,COPD_Exacerbation,0.067289794,0.004012349,0.000211521,0,0,0,0.090741647,0.020852905,0,0.001564878,0,0.006694294,0.013955715,0,0,0,0.000688348,0,0,0,0,0.000843676,0.001237865,0,0,0.006132869,0,0,0.004176562,0.001196649,0,0,0,0,0,0.000558557,0,0,0,0,0,0,0,0,0,0,0.002755171,0,0,0,0,0,0,0,0,0,0,0,0,0,0,0,0.000597338,0,0,0,0,0,0,0,0,0,0,0,0,0,0,0,0,0,0,0,0,0,0,0,0,0,0,0,0,0,0,0,0,0,0,0,0,0,0,0,0,0,0,0,0,0,0,0,0,0,0,0,0,0,0,0,0,0,0,0,0,0,0,0,0,0,0,0,0,0,0,0,0,0,0,0,0,0,0,0,0,0,0,0,0,0,0,0,0,0,0,0,0,0,0,0,0,0,0,0,0,0,0,0,0,0,0,0,0,0,0,0,0,0,0,0,0,0,0,0,0,0,0,0,0,0,0,0,0,0,0,0,0,0,0,0,0,0,0,0,0,0,0,0,0,0,0,0,0,0,0,0,0,0,0,0,0,0,0,0,0,0,0,0,0,0,0,0,0,0,0,0,0,0,0,0,0,0,0,0,0,0,0,0,0,0,0,0,0,0,0,0,0,0,0,0,0,0,0,0,0,0,0,0,0,0,0,0,0,0
SRR5385070,PRJNA377739,COPD_Exacerbation,0.457503543,0.008183576,0.006846622,0,0,0,0.353002841,0,0,0.114654974,0,0,0.015801186,0,0,0,0,0,0,0,0,0,0.002475077,0,0,0.004032273,0,0,0,0.003047762,0,0,0.002002099,0,0,0.000381095,0,0,0,0,0,0,0,0,0,0,0,0,0,0,0,0,0,0.000275444,0,0,0,0,0,0,0,0,0.000795941,0,0,0,0,0,0,0,0,0,0,0,0,0,0,0,0,0,0,0,0,0,0,0,0,0,0,0,0,0,0,0,0,0,0,0,0,0,0,0,0,0,0,0,0,0,0,0,0,0,0,0,0,0,0,0,0,0,0,0,0,0,0,0,0,0,0,0,0,0,0,0,0,0,0,0,0,0,0,0,0,0,0,0,0,0,0,0,0,0,0,0,0,0,0,0,0,0,0,0,0,0,0,0,0,0,0,0,0,0,0,0,0,0,0,0,0,0,0,0,0,0,0,0,0,0,0,0,0,0,0,0,0,0,0,0,0,0,0,0,0,0,0,0,0,0,0,0,0,0,0,0,0,0,0,0,0,0,0,0,0,0,0,0,0,0,0,0,0,0,0,0,0,0,0,0,0,0,0,0,0,0,0,0,0,0,0,0,0,0,0,0,0,0,0,0,0,0,0,0,0,0,0,0,0,0,0,0,0,0
SRR5385071,PRJNA377739,COPD_Exacerbation,0.213953389,0.020480771,0,0,0,0,0.452310306,0,0,0.012010626,0,0,0.000909915,0,0,0.00093885,0.002714471,0,0,0.001581087,0,0,0.001292388,0,0,0.00027196,0,0,0.027527991,0,0,0,0,0,0,0.000301231,0,0,0,0,0,0,0,0,0,0,0.003322531,0,0,0,0,0,0,0,0,0,0,0,0,0,0,0,0.001299468,0,0,0,0,0,0,0,0,0,0,0,0,0,0,0,0,0,0,0,0,0,0,0,0,0,0,0,0,0,0,0,0,0,0,0,0,0,0,0,0,0,0,0,0,0,0,0,0,0,0,0,0,0,0,0,0,0,0,0,0,0,0,0,0,0,0,0,0,0,0,0,0,0,0,0,0,0,0,0,0,0,0,0,0,0,0,0,0,0,0,0,0,0,0,0,0,0,0,0,0,0,0,0,0,0,0,0,0,0,0,0,0,0,0,0,0,0,0,0,0,0,0,0,0,0,0,0,0,0,0,0,0,0,0,0,0,0,0,0,0,0,0,0,0,0,0,0,0,0,0,0,0,0,0,0,0,0,0,0,0,0,0,0,0,0,0,0,0,0,0,0,0,0,0,0,0,0,0,0,0,0,0,0,0,0,0,0,0,0,0,0,0,0,0,0,0,0,0,0,0,0,0,0,0,0,0,0,0,0
SRR5385072,PRJNA377739,COPD_Exacerbation,0.615123495,0.000958505,0,0,0,0,0.093735644,0.078335019,0,0.024827259,0.001170224,0,0.010484572,0,0,0,0,0,0.000335468,0,0,0,0,0.082981526,0,0.000187084,0,0,0.005466928,0,0,0,0,0,0,0,0,0,0.005337334,0,0,0,0,0,0,0,0,0,0,0,0,0,0,0,0,0.006303177,0,0,0,0,0,0,0.000511511,0,0,0,0,0,0,0,0,0,0,0,0,0,0,0,0,0,0,0,0,0,0,0,0,0,0,0,0,0,0,0,0,0,0,0,0,0,0,0,0,0,0,0,0,0,0,0,0,0,0,0,0,0,0,0,0,0,0,0,0,0,0,0,0,0,0,0,0,0,0,0,0,0,0,0,0,0,0,0,0,0,0,0,0,0,0,0,0,0,0,0,0,0,0,0,0,0,0,0,0,0,0,0,0,0,0,0,0,0,0,0,0,0,0,0,0,0,0,0,0,0,0,0,0,0,0,0,0,0,0,0,0,0,0,0,0,0,0,0,0,0,0,0,0,0,0,0,0,0,0,0,0,0,0,0,0,0,0,0,0,0,0,0,0,0,0,0,0,0,0,0,0,0,0,0,0,0,0,0,0,0,0,0,0,0,0,0,0,0,0,0,0,0,0,0,0,0,0,0,0,0,0,0,0,0,0,0,0,0
SRR5385073,PRJNA377739,COPD_Exacerbation,0.105620311,0.001657572,0.775502125,0,0,0,0.031427,0.021305466,0,0,0.000637796,0,0.003331018,0,0,0.000966434,0.000828351,0.001667921,0.000305216,0.001276351,0,0,0.004634629,0.003538196,0,0.000292568,0,0,0.000514711,0.000207114,0,0,0,0,0,0.000237857,0,0,0.000624748,0,0,0,0,0,0,0,0.005060818,9.19E-05,0.000446645,0,0,0,0,0,0,7.36E-05,0,0,0,0,0,0,7.39E-05,0,0,0,0,0,0,0,0,0,0,0,0,0,0,0,0,0,0,0,0,0,0,0,0,0,0,0,0,0,0,0,0,0,0,0,0,0,0,0,0,0,0,0,0,0,0,0,0,0,0,0,0,0,0,0,0,0,0,0,0,0,0,0,0,0,0,0,0,0,0,0,0,0,0,0,0,0,0,0,0,0,0,0,0,0,0,0,0,0,0,0,0,0,0,0,0,0,0,0,0,0,0,0,0,0,0,0,0,0,0,0,0,0,0,0,0,0,0,0,0,0,0,0,0,0,0,0,0,0,0,0,0,0,0,0,0,0,0,0,0,0,0,0,0,0,0,0,0,0,0,0,0,0,0,0,0,0,0,0,0,0,0,0,0,0,0,0,0,0,0,0,0,0,0,0,0,0,0,0,0,0,0,0,0,0,0,0,0,0,0,0,0,0,0,0,0,0,0,0,0,0,0,0,0,0,0,0,0,0
SRR5385074,PRJNA377739,COPD_Exacerbation,0.202866028,0.004684361,0,0,0,0,0.703635562,0,0,0.026659657,0,0,0.006303736,0,0,0,0,0,0,0,0,0.002961332,0.00609613,0,0,0.002205337,0,0,0,0.002271139,0,0,0.003146938,0,0,0,0,0,0,0,0,0,0,0,0,0,0,0,0,0,0,0,0,0,0,0,0,0,0,0,0,0,0,0,0.000296665,0,0,0,0,0,0,0,0,0,0,0,0,0,0,0,0,0,0,0,0,0,0,0,0,0,0,0,0,0,0,0,0,0,0,0,0,0,0,0,0,0,0,0,0,0,0,0,0,0,0,0,0,0,0,0,0,0,0,0,0,0,0,0,0,0,0,0,0,0,0,0,0,0,0,0,0,0,0,0,0,0,0,0,0,0,0,0,0,0,0,0,0,0,0,0,0,0,0,0,0,0,0,0,0,0,0,0,0,0,0,0,0,0,0,0,0,0,0,0,0,0,0,0,0,0,0,0,0,0,0,0,0,0,0,0,0,0,0,0,0,0,0,0,0,0,0,0,0,0,0,0,0,0,0,0,0,0,0,0,0,0,0,0,0,0,0,0,0,0,0,0,0,0,0,0,0,0,0,0,0,0,0,0,0,0,0,0,0,0,0,0,0,0,0,0,0,0,0,0,0,0,0,0,0,0,0,0
SRR5385075,PRJNA377739,COPD_Exacerbation,0.204106344,0.000604888,0,0,0,0,0.009542086,0.000640015,0,0.000858227,0.000301722,0.00012805,0.00036343,0,0,0,0,0.000111611,0,0.000471492,0,0,0.000379079,0.000738677,0,0,0,0,0,0,0,0,0,0,0,0,0,0,0,0,0,0,0,0,0,0,0.000331556,0,0.000248228,0,0,0,0,0,0,0,0,0,0,0,0,0,0,0,0,0,0,0,0,0,0,0,0,0,0,0,0,0,0,0,0,0,0,0,0,0,0,0,0,0,0,0,0,0,0,0,0,0,0,0,0,0,0,0,0,0,0,0,0,0,0,0,0,0,0,0,0,0,0,0,0,0,0,0,0,0,0,0,0,0,0,0,0,0,0,0,0,0,0,0,0,0,0,0,0,0,0,0,0,0,0,0,0,0,0,0,0,0,0,0,0,0,0,0,0,0,0,0,0,0,0,0,0,0,0,0,0,0,0,0,0,0,0,0,0,0,0,0,0,0,0,0,0,0,0,0,0,0,0,0,0,0,0,0,0,0,0,0,0,0,0,0,0,0,0,0,0,0,0,0,0,0,0,0,0,0,0,0,0,0,0,0,0,0,0,0,0,0,0,0,0,0,0,0,0,0,0,0,0,0,0,0,0,0,0,0,0,0,0,0,0,0,0,0,0,0,0,0,0,0,0,0
SRR5385076,PRJNA377739,COPD_Exacerbation,0.815525703,0,0,0,0,0,0.005021152,0,0,0.037925042,0.000775041,0,0.097035233,0,0,0,0,0,0,0.000640991,0,0,0,0,0,0,0,0,0,0,0,0,0,0,0,0.001866701,0,0,0,0,0,0,0,0,0,0,0,0,0,0,0.000227357,0,0,0,0,0,0,0,0.001279902,0.006553797,0,0,0,0,0,0,0,0,0,0,0,0,0,0,0,0,0,0,0,0,0,0,0,0,0,0,0,0,0,0,0,0,0,0,0,0,0,0,0,0,0,0,0,0,0,0,0,0,0,0,0,0,0,0,0,0,0,0,0,0,0,0,0,0,0,0,0,0,0,0,0,0,0,0,0,0,0,0,0,0,0,0,0,0,0,0,0,0,0,0,0,0,0,0,0,0,0,0,0,0,0,0,0,0,0,0,0,0,0,0,0,0,0,0,0,0,0,0,0,0,0,0,0,0,0,0,0,0,0,0,0,0,0,0,0,0,0,0,0,0,0,0,0,0,0,0,0,0,0,0,0,0,0,0,0,0,0,0,0,0,0,0,0,0,0,0,0,0,0,0,0,0,0,0,0,0,0,0,0,0,0,0,0,0,0,0,0,0,0,0,0,0,0,0,0,0,0,0,0,0,0,0,0,0,0,0,0,0,0,0,0,0
SRR5385077,PRJNA377739,COPD_Exacerbation,0.588314475,0.004781457,0.000310439,0,0,0,0.148605261,0.036501585,0,0.006652115,0.006192124,0.001815508,0.00451434,0,0,0.000822682,0.000680716,0.016614239,0.000501271,0.002980881,0,0,0.010948726,0.002561695,0,0.00105294,0,0,0.001882253,0.001711571,0,0,0,0,0,0.000242462,0,0,0.000503075,0,0,0,0,0,0,0,0.013926872,0,0.01493924,0,0.004794754,0,0,0,0,0.000776639,0,0,0,0,0.000607085,0,9.32E-05,0,0,0,0,0,0,0.000302152,0,0,0,0,0,0,0,0,0,0,0,0,0,0,0,0,0,0,0,0,0,0,0,0,0,0,0,0,0,0,0,0,0,0,0,0,0,0,0,0,0,0,0,0,0,0,0,0,0,0,0,0,0,0,0,0,0,0,0,0,0,0,0,0,0,0,0,0,0,0,0,0,0,0,0,0,0,0,0,0,0,0,0,0,0,0,0,0,0,0,0,0,0,0,0,0,0,0,0,0,0,0,0,0,0,0,0,0,0,0,0,0,0,0,0,0,0,0,0,0,0,0,0,0,0,0,0,0,0,0,0,0,0,0,0,0,0,0,0,0,0,0,0,0,0,0,0,0,0,0,0,0,0,0,0,0,0,0,0,0,0,0,0,0,0,0,0,0,0,0,0,0,0,0,0,0,0,0,0,0,0,0,0,0,0,0,0,0,0,0,0,0,0,0,0,0,0,0,0,0,0,0
SRR5385078,PRJNA377739,COPD_Exacerbation,0.497277313,0.001583709,0,0,0,0,0.14913174,0.01386688,0,0.024169205,0.003827015,0.025206394,0.025680565,0,0,0,0.000275703,0,0.002735117,0,0,0,0.023987851,0.011585719,0,0.001801318,0,0,0.002781175,0,0.004619456,0,0.000671496,0,0,0,0,0,0.001086419,0,0,0,0,0,0,0,0,0,0.004435948,0,0,0,0,0,0,0.000407372,0,0,0,0,0,0.053257903,0.000250787,0,0,0,0,0,0,0,0,0,0,0,0,0,0,0,0,0,0,0,0,0,0,0,0,0,0,0,0,0,0,0,0,0,0,0,0,0,0,0,0,0,0,0,0,0,0,0,0,0,0,0,0,0,0,0,0,0,0,0,0,0,0,0,0,0,0,0,0,0,0,0,0,0,0,0,0,0,0,0,0,0,0,0,0,0,0,0,0,0,0,0,0,0,0,0,0,0,0,0,0,0,0,0,0,0,0,0,0,0,0,0,0,0,0,0,0,0,0,0,0,0,0,0,0,0,0,0,0,0,0,0,0,0,0,0,0,0,0,0,0,0,0,0,0,0,0,0,0,0,0,0,0,0,0,0,0,0,0,0,0,0,0,0,0,0,0,0,0,0,0,0,0,0,0,0,0,0,0,0,0,0,0,0,0,0,0,0,0,0,0,0,0,0,0,0,0,0,0,0,0,0,0,0,0,0,0,0,0,0
SRR5385079,PRJNA377739,COPD_Exacerbation,0.18755845,0.021722767,0,0,0,0,0.223595724,0.054295809,0,0.001271457,0.006271738,0.01118432,0.013335213,0,0,0.001421124,0.001240758,0.004674321,0.000640431,0.008077292,0,0.00044251,0.014237227,0.005597098,0,0.001380288,0,0,0.000806629,0.002398352,0,0,0,0,0,0.00060396,0,0,0.004595502,0.000487922,0,0,0,0,0,0,0.00587498,0.009297005,0.00932716,0,0.002631927,0,0.001153602,0,0,0.001554852,0,0,0,0,0,0.000299048,0,0,0,0,0,0.000955582,0,0,0,0,0,0,0,0,0,0,0,0,0,0,0,0,0,0,0,0,0,0,0,0,0,0,0,0,0,0,0,0,0,0,0,0,0,0,0,0,0,0,0,0,0,0,0,0,0,0,0,0,0,0,0,0,0,0,0,0,0,0,0,0,0,0,0,0,0,0,0,0,0,0,0,0,0,0,0,0,0,0,0,0,0,0,0,0,0,0,0,0,0,0,0,0,0,0,0,0,0,0,0,0,0,0,0,0,0,0,0,0,0,0,0,0,0,0,0,0,0,0,0,0,0,0,0,0,0,0,0,0,0,0,0,0,0,0,0,0,0,0,0,0,0,0,0,0,0,0,0,0,0,0,0,0,0,0,0,0,0,0,0,0,0,0,0,0,0,0,0,0,0,0,0,0,0,0,0,0,0,0,0,0,0,0,0,0,0,0,0,0,0,0,0,0,0,0,0,0,0,0,0,0
SRR5385080,PRJNA377739,COPD_Exacerbation,0.965384266,0.001082322,0,0,0,0,0.006154594,0.003976709,0,0.005037632,0.000632483,0.000159397,0.000256401,0,0,0.000128313,0,0,0.000259916,0.000534757,0,0,0.002427965,0.001622913,0,0.000436987,0,0,0.000259985,0,0,0,0,0,0,0,0,0,0,0,0,0,0,0,0,0,0.000412668,0,0.000259869,0,0,0,0,0,0,0,0,0,0,0,0,0,9.31E-05,0,0,0,0,0,0,0,0,0,0,0,0,0,0,0,0,0,0,0,0,0,0,0,0,0,0,0,0,0,0,0,0,0,0,0,0,0,0,0,0,0,0,0,0,0,0,0,0,0,0,0,0,0,0,0,0,0,0,0,0,0,0,0,0,0,0,0,0,0,0,0,0,0,0,0,0,0,0,0,0,0,0,0,0,0,0,0,0,0,0,0,0,0,0,0,0,0,0,0,0,0,0,0,0,0,0,0,0,0,0,0,0,0,0,0,0,0,0,0,0,0,0,0,0,0,0,0,0,0,0,0,0,0,0,0,0,0,0,0,0,0,0,0,0,0,0,0,0,0,0,0,0,0,0,0,0,0,0,0,0,0,0,0,0,0,0,0,0,0,0,0,0,0,0,0,0,0,0,0,0,0,0,0,0,0,0,0,0,0,0,0,0,0,0,0,0,0,0,0,0,0,0,0,0,0,0,0,0,0
SRR5385081,PRJNA377739,COPD_Exacerbation,0.066190946,0.003583929,0.000215965,0,0,0,0.280639729,0.008755795,0,0.014315599,0.002196999,0,0,0,0,0,0,0,0,0,0,0,0.000465974,0,0,0,0,0,0.001472837,0,0,0,0,0,0,0,0,0,0,0,0,0,0,0,0,0,0.007090516,0,0,0,0.002071609,0,0.000771498,0,0,0.000375701,0.00036069,0,0,0,0,0,0.00022589,0,0,0.000254587,0,0,0,0,0,0,0,0,0,0,0,0,0,0,0,0,0,0,0,0,0,0,0,0,0,0,0,0,0,0,0,0,0,0,0,0,0,0,0,0,0,0,0,0,0,0,0,0,0,0,0,0,0,0,0,0,0,0,0,0,0,0,0,0,0,0,0,0,0,0,0,0,0,0,0,0,0,0,0,0,0,0,0,0,0,0,0,0,0,0,0,0,0,0,0,0,0,0,0,0,0,0,0,0,0,0,0,0,0,0,0,0,0,0,0,0,0,0,0,0,0,0,0,0,0,0,0,0,0,0,0,0,0,0,0,0,0,0,0,0,0,0,0,0,0,0,0,0,0,0,0,0,0,0,0,0,0,0,0,0,0,0,0,0,0,0,0,0,0,0,0,0,0,0,0,0,0,0,0,0,0,0,0,0,0,0,0,0,0,0,0,0,0,0,0,0,0,0,0,0,0,0,0,0,0,0
SRR5385082,PRJNA377739,COPD_Exacerbation,0.204090095,0.003432697,0,0,0,0,0.279037444,0.162534743,0,0.009091111,0.006943986,0.001511048,0.00486351,0,0,0,0,0.071770209,0,0,0,0,0,0.006256888,0,0,0,0,0,0,0,0,0,0,0,0,0,0,0,0.001893474,0,0,0,0,0,0,0.004340281,0.021844879,0,0,0.019707833,0,0.026103643,0,0,0.010292345,0,0.003473975,0,0,0,0,0.000183886,0.003835225,0,0,0,0,0,0.00072509,0,0,0,0,0,0,0,0,0,0,0,0,0,0,0,0,0,0,0,0,0,0,0,0,0,0,0,0,0,0,0,0,0,0,0,0,0,0,0,0,0,0,0,0,0,0,0,0,0,0,0,0,0,0,0,0,0,0,0,0,0,0,0,0,0,0,0,0,0,0,0,0,0,0,0,0,0,0,0,0,0,0,0,0,0,0,0,0,0,0,0,0,0,0,0,0,0,0,0,0,0,0,0,0,0,0,0,0,0,0,0,0,0,0,0,0,0,0,0,0,0,0,0,0,0,0,0,0,0,0,0,0,0,0,0,0,0,0,0,0,0,0,0,0,0,0,0,0,0,0,0,0,0,0,0,0,0,0,0,0,0,0,0,0,0,0,0,0,0,0,0,0,0,0,0,0,0,0,0,0,0,0,0,0,0,0,0,0,0,0,0,0,0,0,0,0,0,0,0,0,0,0
SRR5385083,PRJNA377739,COPD_Exacerbation,0.007340357,0.00027313,0,0,0,0,0.04421302,0.000388738,0,0.001400019,0,0,0,0,0,0,0,0,0,0,0,0,0,0,0,0,0,0,0,0,0,0,0,0,0,0,0,0,0,0,0,0,0,0,0,0,0,0,0,0,0,0,0,0,0,0,0,0,0,0,0,0,0,0,0,0,0,0,0,0,0,0,0,0,0,0,0,0,0,0,0,0,0,0,0,0,0,0,0,0,0,0,0,0,0,0,0,0,0,0,0,0,0,0,0,0,0,0,0,0,0,0,0,0,0,0,0,0,0,0,0,0,0,0,0,0,0,0,0,0,0,0,0,0,0,0,0,0,0,0,0,0,0,0,0,0,0,0,0,0,0,0,0,0,0,0,0,0,0,0,0,0,0,0,0,0,0,0,0,0,0,0,0,0,0,0,0,0,0,0,0,0,0,0,0,0,0,0,0,0,0,0,0,0,0,0,0,0,0,0,0,0,0,0,0,0,0,0,0,0,0,0,0,0,0,0,0,0,0,0,0,0,0,0,0,0,0,0,0,0,0,0,0,0,0,0,0,0,0,0,0,0,0,0,0,0,0,0,0,0,0,0,0,0,0,0,0,0,0,0,0,0,0,0,0,0,0,0,0,0,0,0
SRR5385084,PRJNA377739,COPD_Exacerbation,0.268857243,0.007066434,0.078528934,0,0,0,0.326038717,0.097156473,0,0.089400782,0.004241022,0.008864495,0.027928788,0,0,0,0,6.08E-05,0.001062853,0,0,0,0.011893011,0.007160145,0,0,0,0,0.003207059,0,0,0,0.000102368,0,0,0,0,0,0.002207184,0,0,0,0,0,0,0,0.000252928,0,0.001067664,0,0,0,0,0,0,0.000224301,0,0,0,0,0,0,0.00017422,0,0,0,0,0,0,0,0,0,0,0,0,0,0,0,0,0,0,0,0,0,0,0,0,0,0,0,0,0,0,0,0,0,0,0,0,0,0,0,0,0,0,0,0,0,0,0,0,0,0,0,0,0,0,0,0,0,0,0,0,0,0,0,0,0,0,0,0,0,0,0,0,0,0,0,0,0,0,0,0,0,0,0,0,0,0,0,0,0,0,0,0,0,0,0,0,0,0,0,0,0,0,0,0,0,0,0,0,0,0,0,0,0,0,0,0,0,0,0,0,0,0,0,0,0,0,0,0,0,0,0,0,0,0,0,0,0,0,0,0,0,0,0,0,0,0,0,0,0,0,0,0,0,0,0,0,0,0,0,0,0,0,0,0,0,0,0,0,0,0,0,0,0,0,0,0,0,0,0,0,0,0,0,0,0,0,0,0,0,0,0,0,0,0,0,0,0,0,0,0,0,0,0,0,0,0,0,0,0
SRR5385085,PRJNA377739,COPD_Exacerbation,0.033337728,0.000380628,0.847240473,0,0,0,0.081627119,0.000136569,0,0.006343174,0.00021736,0,0.002471135,0,0,0,0,6.44E-05,0.00010051,0,0,0,0.00058336,0.000596969,0,0,7.47E-05,0,0,0,0,0,0.00012752,0,0,0,0,0,5.36E-05,0,0,0,0,0,0,0,0.000987799,0,0.003085083,0,0.001564227,0,0,0,0,0,0,0,0,0,0,0,0,0,0,0,0.000139895,0,0,0,0,0,0,0,0,0,0,0,0,0,0,0,0,0,0,0,0,0,0,0,0,0,0,0,0,0,0,0,0,0,0,0,0,0,0,0,0,0,0,0,0,0,0,0,0,0,0,0,0,0,0,0,0,0,0,0,0,0,0,0,0,0,0,0,0,0,0,0,0,0,0,0,0,0,0,0,0,0,0,0,0,0,0,0,0,0,0,0,0,0,0,0,0,0,0,0,0,0,0,0,0,0,0,0,0,0,0,0,0,0,0,0,0,0,0,0,0,0,0,0,0,0,0,0,0,0,0,0,0,0,0,0,0,0,0,0,0,0,0,0,0,0,0,0,0,0,0,0,0,0,0,0,0,0,0,0,0,0,0,0,0,0,0,0,0,0,0,0,0,0,0,0,0,0,0,0,0,0,0,0,0,0,0,0,0,0,0,0,0,0,0,0,0,0,0,0,0,0,0,0,0,0
SRR5385086,PRJNA377739,COPD_Exacerbation,0.030510835,0.007386205,0.373658502,0,0,0,0.052465857,0.001935064,0,0.007813776,0.0389488,0,0,0,0,0,0,0.056255594,0,0,0,0,0,0,0,0.001900191,0,0,0,0,0,0,0,0,0.001610705,0,0,0,0,0,0,0,0,0,0,0.007278412,0.008560161,0.10185832,0.006062852,0,0.003285613,0.00012295,0.029157636,0.000140537,0,0.002286923,0,0,0,0.001384719,0.002486492,0,0,0.003466357,0,0.003569984,0,0,0,0.000171573,0,0,0,0,0,0,0,0,0,0,0,0,0,0,0,0,0,0,0,0,0,0,0,0,0,0,0,0,0,0,0,0,0,0,0,0,0,0,0,0,0,0,0,0,0,0,0,0,0,0,0,0,0,0,0,0,0,0,0,0,0,0,0,0,0,0,0,0,0,0,0,0,0,0,0,0,0,0,0,0,0,0,0,0,0,0,0,0,0,0,0,0,0,0,0,0,0,0,0,0,0,0,0,0,0,0,0,0,0,0,0,0,0,0,0,0,0,0,0,0,0,0,0,0,0,0,0,0,0,0,0,0,0,0,0,0,0,0,0,0,0,0,0,0,0,0,0,0,0,0,0,0,0,0,0,0,0,0,0,0,0,0,0,0,0,0,0,0,0,0,0,0,0,0,0,0,0,0,0,0,0,0,0,0,0,0,0,0,0,0,0,0,0,0,0,0,0,0,0,0,0,0
SRR5385087,PRJNA377739,COPD_Exacerbation,0.197837315,0.08941947,0,0,0,0,0.164362181,0.271588627,0,0.041621748,0.004263363,0.017107948,0.011830717,0,0,0.003430234,0.003610948,0,0.000644988,0,0,0,0.004632716,0.030517204,0,0,0,0,0.005306078,0,0,0,0,0,0,0,0,0,0.002269848,0,0,0,0,0,0,0,0.008044193,0,0.000355528,0,0.001018704,0.000144229,0,0,0,0.001571716,0,0,0,0,0,0,0.000525296,0,0,0,0,0,0,0,0,0,0,0,0,0,0,0,0,0,0,0,0,0,0,0,0,0,0,0,0,0,0,0,0,0,0,0,0,0,0,0,0,0,0,0,0,0,0,0,0,0,0,0,0,0,0,0,0,0,0,0,0,0,0,0,0,0,0,0,0,0,0,0,0,0,0,0,0,0,0,0,0,0,0,0,0,0,0,0,0,0,0,0,0,0,0,0,0,0,0,0,0,0,0,0,0,0,0,0,0,0,0,0,0,0,0,0,0,0,0,0,0,0,0,0,0,0,0,0,0,0,0,0,0,0,0,0,0,0,0,0,0,0,0,0,0,0,0,0,0,0,0,0,0,0,0,0,0,0,0,0,0,0,0,0,0,0,0,0,0,0,0,0,0,0,0,0,0,0,0,0,0,0,0,0,0,0,0,0,0,0,0,0,0,0,0,0,0,0,0,0,0,0,0,0,0,0,0,0,0,0
SRR5385088,PRJNA377739,COPD_Exacerbation,0.174766336,0.014177678,0.000252175,0,0,0,0.245620555,0.150776862,0,0.010602395,0.000172877,0.00180563,0.002888505,0,0,0.005442695,0.002507305,0,0,0,0,0,0.009183833,0,0,0.001785811,0,0,0.001445057,0.00469864,0,0,0,0,0.004590668,0.032439454,0,0,0,0,0,0,0,0,0,0,0.005607277,0,0.004783849,0,0,0.000538477,0,0,0.000143565,0,0,0,0,0,0,0.00506559,0.000476137,0,0.000137593,0,0,0,0,0,0,0,0,0,0,0,0,0,0,0,0,0,0,0,0,0,0,0,0,0,0,0,0,0,0,0,0,0,0,0,0,0,0,0,0,0,0,0,0,0,0,0,0,0,0,0,0,0,0,0,0,0,0,0,0,0,0,0,0,0,0,0,0,0,0,0,0,0,0,0,0,0,0,0,0,0,0,0,0,0,0,0,0,0,0,0,0,0,0,0,0,0,0,0,0,0,0,0,0,0,0,0,0,0,0,0,0,0,0,0,0,0,0,0,0,0,0,0,0,0,0,0,0,0,0,0,0,0,0,0,0,0,0,0,0,0,0,0,0,0,0,0,0,0,0,0,0,0,0,0,0,0,0,0,0,0,0,0,0,0,0,0,0,0,0,0,0,0,0,0,0,0,0,0,0,0,0,0,0,0,0,0,0,0,0,0,0,0,0,0,0,0,0,0,0,0,0,0,0,0,0,0
SRR5385089,PRJNA377739,COPD_Exacerbation,0.653691843,0.00360275,0.085241787,0,0,0,0.131071623,0,0,0.023678839,0,0,0.009300562,0,0,0,0,0,0,0,0,0,0.005770016,0.000120307,0,0,0,0,0,0,0,0,0,0,0.000423661,0,0,0,0,0,0,0,0,0,0,0,0,0,0,0.000356539,0,0.001343907,0,0.000683487,0.000780632,0,0.000622851,0,0,0,0,0,0,0,0,0,0,0,0,0,0,0,0,0,0,0,0,0,0,0,0,0,0,0,0,0,0,0,0,0,0,0,0,0,0,0,0,0,0,0,0,0,0,0,0,0,0,0,0,0,0,0,0,0,0,0,0,0,0,0,0,0,0,0,0,0,0,0,0,0,0,0,0,0,0,0,0,0,0,0,0,0,0,0,0,0,0,0,0,0,0,0,0,0,0,0,0,0,0,0,0,0,0,0,0,0,0,0,0,0,0,0,0,0,0,0,0,0,0,0,0,0,0,0,0,0,0,0,0,0,0,0,0,0,0,0,0,0,0,0,0,0,0,0,0,0,0,0,0,0,0,0,0,0,0,0,0,0,0,0,0,0,0,0,0,0,0,0,0,0,0,0,0,0,0,0,0,0,0,0,0,0,0,0,0,0,0,0,0,0,0,0,0,0,0,0,0,0,0,0,0,0,0,0,0,0,0,0,0,0,0,0
SRR5385090,PRJNA377739,COPD_Exacerbation,0.002526346,0.00083665,0.624502383,0,0,0,0.01802234,0,0,0.001336569,0.00018299,0,0.000114714,0,0,0,0,0.00025497,0,0,0,0,0.000149451,0.002560914,0,7.45E-05,0,0,0.00028584,0,0,0,0,0,0,6.66E-05,0,0,0,0,0,0,0,0,0,0,0.003531096,0,0,0.012666738,0.000102124,0.000823366,0,0.000446839,0,0,8.06E-05,0,9.80E-05,0,0,0,0,0,0,0,0,0,0.000179213,0,0,0,0,0,0,0,0,0,0,0,0,0,0,0,0,0,0,0,0,0,0,0,0,0,0,0,0,0,0,0,0,0,0,0,0,0,0,0,0,0,0,0,0,0,0,0,0,0,0,0,0,0,0,0,0,0,0,0,0,0,0,0,0,0,0,0,0,0,0,0,0,0,0,0,0,0,0,0,0,0,0,0,0,0,0,0,0,0,0,0,0,0,0,0,0,0,0,0,0,0,0,0,0,0,0,0,0,0,0,0,0,0,0,0,0,0,0,0,0,0,0,0,0,0,0,0,0,0,0,0,0,0,0,0,0,0,0,0,0,0,0,0,0,0,0,0,0,0,0,0,0,0,0,0,0,0,0,0,0,0,0,0,0,0,0,0,0,0,0,0,0,0,0,0,0,0,0,0,0,0,0,0,0,0,0,0,0,0,0,0,0,0,0,0,0,0,0,0,0,0,0,0
SRR5385091,PRJNA377739,COPD_Exacerbation,0.387445569,0.010460212,0,0,0,0,0.421730002,0.000860639,0,0.097585099,0,0,0.013555295,0,0,0,0,0,0,0,0,0,0.003995407,0.000126728,0,0.004190468,0,0,0,0.012085687,0.000745952,0,0.002301607,0,0,0,0,0,0,0,0,0,0,0,0,0,0,0,0,0,0,0.00266506,0,0.002032502,0.003036777,0,0.001704749,0,0,0,0,0,0.000180376,0,0.000724889,0,0,0,0.000372721,0,0,0,0,0,0,0,0,0,0,0,0,0,0,0,0,0,0,0,0,0,0,0,0,0,0,0,0,0,0,0,0,0,0,0,0,0,0,0,0,0,0,0,0,0,0,0,0,0,0,0,0,0,0,0,0,0,0,0,0,0,0,0,0,0,0,0,0,0,0,0,0,0,0,0,0,0,0,0,0,0,0,0,0,0,0,0,0,0,0,0,0,0,0,0,0,0,0,0,0,0,0,0,0,0,0,0,0,0,0,0,0,0,0,0,0,0,0,0,0,0,0,0,0,0,0,0,0,0,0,0,0,0,0,0,0,0,0,0,0,0,0,0,0,0,0,0,0,0,0,0,0,0,0,0,0,0,0,0,0,0,0,0,0,0,0,0,0,0,0,0,0,0,0,0,0,0,0,0,0,0,0,0,0,0,0,0,0,0,0,0,0,0,0,0,0,0,0,0,0,0,0,0
SRR5385092,PRJNA377739,COPD_Exacerbation,0.051408124,0.002673223,0,0,0,0,0.084774093,0.00749981,0.024017172,0.019377468,0.012224824,0.02274036,0.011152525,0,0,0.000464493,0.001050893,0,0.001360679,0.007762363,0,0,0.023659428,0.02675871,0,0.012943243,0,0,0,0,0,0,0,0,0,0,0,0,0,0,0,0,0,0,0,0,0.000592607,0.010702434,0.000971762,0,0,0.000859664,0.001736815,0.000302351,0.000364135,0,9.30E-05,0,0,0,0.001429819,0,0,0.000609922,0,0.000319968,8.24E-05,0.000477479,0,0,0,0,0,0,0,0,0,0,0,0,0,0,0,0,0,0,0,0,0,0,0,0,0,0,0,0,0,0,0,0,0,0,0,0,0,0,0,0,0,0,0,0,0,0,0,0,0,0,0,0,0,0,0,0,0,0,0,0,0,0,0,0,0,0,0,0,0,0,0,0,0,0,0,0,0,0,0,0,0,0,0,0,0,0,0,0,0,0,0,0,0,0,0,0,0,0,0,0,0,0,0,0,0,0,0,0,0,0,0,0,0,0,0,0,0,0,0,0,0,0,0,0,0,0,0,0,0,0,0,0,0,0,0,0,0,0,0,0,0,0,0,0,0,0,0,0,0,0,0,0,0,0,0,0,0,0,0,0,0,0,0,0,0,0,0,0,0,0,0,0,0,0,0,0,0,0,0,0,0,0,0,0,0,0,0,0,0,0,0,0,0,0,0,0,0,0,0,0,0,0,0,0
SRR5385093,PRJNA377739,COPD_Exacerbation,0.074661997,0.014066677,0,0,0,0,0.287971399,0.123416771,0,0.013838123,0.005368605,0.002080893,0.008178016,0,0,0.003245277,0.007178178,0.000443599,0.000831283,0.002540458,0,0,0.012701365,0.049238914,0,0.002757686,0,0,0.010798755,0.000491327,0,0,0,0,0,0.00190354,0,0,0.003077247,0,0,0,0,0,0,0,0.015186529,0,0.002557087,0,0,0.000391347,0,0.000133346,0.000192231,9.04E-05,0.000273199,0,0,0,0.001612192,7.08E-05,0,0,0,0,0,0,0,0,0,0,0,0,0,0,0,0,0,0,0,0,0,0,0,0,0,0,0,0,0,0,0,0,0,0,0,0,0,0,0,0,0,0,0,0,0,0,0,0,0,0,0,0,0,0,0,0,0,0,0,0,0,0,0,0,0,0,0,0,0,0,0,0,0,0,0,0,0,0,0,0,0,0,0,0,0,0,0,0,0,0,0,0,0,0,0,0,0,0,0,0,0,0,0,0,0,0,0,0,0,0,0,0,0,0,0,0,0,0,0,0,0,0,0,0,0,0,0,0,0,0,0,0,0,0,0,0,0,0,0,0,0,0,0,0,0,0,0,0,0,0,0,0,0,0,0,0,0,0,0,0,0,0,0,0,0,0,0,0,0,0,0,0,0,0,0,0,0,0,0,0,0,0,0,0,0,0,0,0,0,0,0,0,0,0,0,0,0,0,0,0,0,0,0,0,0,0,0,0,0,0
SRR5385094,PRJNA377739,COPD_Exacerbation,0.050544967,0.007476974,0.541878577,0,0,0,0.105358987,0.030930216,0,0.006683587,0.002129458,0,0.002803181,0,0,0.000225728,0.001984779,0,0.000226301,0.009075493,0,0.000680181,0.019974083,0,0,0,0,0,0.000667417,0,0,0,0,0,0,0.000170436,0,0,0.002320774,0,0,0,0,0,0,0,0.001396522,0,0,0,0,0.000614473,0,0.000349253,0.000410194,0,0.000128288,0,0,0,0,0,0.000291766,0,0,0,0,0,0,0,0,0,0,0,0,0,0,0,0,0,0,0,0,0,0,0,0,0,0,0,0,0,0,0,0,0,0,0,0,0,0,0,0,0,0,0,0,0,0,0,0,0,0,0,0,0,0,0,0,0,0,0,0,0,0,0,0,0,0,0,0,0,0,0,0,0,0,0,0,0,0,0,0,0,0,0,0,0,0,0,0,0,0,0,0,0,0,0,0,0,0,0,0,0,0,0,0,0,0,0,0,0,0,0,0,0,0,0,0,0,0,0,0,0,0,0,0,0,0,0,0,0,0,0,0,0,0,0,0,0,0,0,0,0,0,0,0,0,0,0,0,0,0,0,0,0,0,0,0,0,0,0,0,0,0,0,0,0,0,0,0,0,0,0,0,0,0,0,0,0,0,0,0,0,0,0,0,0,0,0,0,0,0,0,0,0,0,0,0,0,0,0,0,0,0,0,0,0,0,0,0,0
SRR5385095,PRJNA377739,COPD_Exacerbation,0.24225096,0.01884992,0,0,0,0,0.332476748,0.039724402,0,0.043360467,0.007238143,0.000824314,0.029850959,0,0,0.000699974,0.002544911,0.007377283,0,0,0,0,0.020242348,0.02635256,0,0.002394339,0,0,0.001230997,0.000871639,0,0,0,0,0,0,0,0,0.001721149,0.000340995,0,0,0,0,0,0.000557485,0.016469865,0.004056743,0.007418502,0,0.002287026,0.000632496,0.002767034,0.000532194,0.000285713,0.000283443,0,0,0,0,0,0,0.000448262,0,0,0,0,0.000176105,0,0.00037079,0,0,0,0,0,0,0,0,0,0,0,0,0,0,0,0,0,0,0,0,0,0,0,0,0,0,0,0,0,0,0,0,0,0,0,0,0,0,0,0,0,0,0,0,0,0,0,0,0,0,0,0,0,0,0,0,0,0,0,0,0,0,0,0,0,0,0,0,0,0,0,0,0,0,0,0,0,0,0,0,0,0,0,0,0,0,0,0,0,0,0,0,0,0,0,0,0,0,0,0,0,0,0,0,0,0,0,0,0,0,0,0,0,0,0,0,0,0,0,0,0,0,0,0,0,0,0,0,0,0,0,0,0,0,0,0,0,0,0,0,0,0,0,0,0,0,0,0,0,0,0,0,0,0,0,0,0,0,0,0,0,0,0,0,0,0,0,0,0,0,0,0,0,0,0,0,0,0,0,0,0,0,0,0,0,0,0,0,0,0,0,0,0,0,0,0,0,0,0,0,0,0
SRR5385096,PRJNA377739,COPD_Exacerbation,0.792134549,0.000421425,0.000383104,0,0,0,0.147700006,0.000787117,0,0.009717077,0,0,0.021635655,0,0,0,0,0,0,0,0,0,0.001019663,0.000235063,0,0,0,0,0,0,0,0,0,0,0,0.000378865,0,0,0,0,0,0,0,0,0,0,0,0,0.000102979,0,0,0.001087874,0,0.000577012,0.000274252,0,0.000452006,0,0,0,0,0,0,0,0,0,0.000200646,0,0.000109194,0,0,0,0,0,0,0,0,0,0,0,0,0,0,0,0,0,0,0,0,0,0,0,0,0,0,0,0,0,0,0,0,0,0,0,0,0,0,0,0,0,0,0,0,0,0,0,0,0,0,0,0,0,0,0,0,0,0,0,0,0,0,0,0,0,0,0,0,0,0,0,0,0,0,0,0,0,0,0,0,0,0,0,0,0,0,0,0,0,0,0,0,0,0,0,0,0,0,0,0,0,0,0,0,0,0,0,0,0,0,0,0,0,0,0,0,0,0,0,0,0,0,0,0,0,0,0,0,0,0,0,0,0,0,0,0,0,0,0,0,0,0,0,0,0,0,0,0,0,0,0,0,0,0,0,0,0,0,0,0,0,0,0,0,0,0,0,0,0,0,0,0,0,0,0,0,0,0,0,0,0,0,0,0,0,0,0,0,0,0,0,0,0,0,0,0,0,0,0,0,0,0,0
SRR5385097,PRJNA377739,COPD_Exacerbation,0.005736382,0.001545237,0.910571535,0,0,0,0.01778826,0.00355406,0,0.000831564,0.000141397,0,0.000395865,0,0,0,6.19E-05,0.000679824,0.000102871,0,0,0,0.000713954,0.005552143,0,0.000961038,0,0,0.000137102,0,0,0,0,0,0,0,0,0,0,0,0,0,0,0,0,0,0,6.75E-05,0.002546553,0,0,0.003825822,9.32E-05,0.002292214,0.002072574,0.000245724,0.00237678,0,0.000790415,0,0,0,0.000261423,0,0,0,0.000116589,0,0.00069097,0,0,0,0,0,0,0,0,0,0,0,0,0,0,0,0,0,0,0,0,0,0,0,0,0,0,0,0,0,0,0,0,0,0,0,0,0,0,0,0,0,0,0,0,0,0,0,0,0,0,0,0,0,0,0,0,0,0,0,0,0,0,0,0,0,0,0,0,0,0,0,0,0,0,0,0,0,0,0,0,0,0,0,0,0,0,0,0,0,0,0,0,0,0,0,0,0,0,0,0,0,0,0,0,0,0,0,0,0,0,0,0,0,0,0,0,0,0,0,0,0,0,0,0,0,0,0,0,0,0,0,0,0,0,0,0,0,0,0,0,0,0,0,0,0,0,0,0,0,0,0,0,0,0,0,0,0,0,0,0,0,0,0,0,0,0,0,0,0,0,0,0,0,0,0,0,0,0,0,0,0,0,0,0,0,0,0,0,0,0,0,0,0,0,0,0,0,0,0,0,0,0,0
SRR5385098,PRJNA377739,COPD_Exacerbation,0.214921675,0.003352864,0.006479136,0,0,0,0.136627017,0.016436333,0,0.038393545,0.015199674,0.001498391,0.007126465,0,0,0,0.001115075,0.000505641,0,0.085466871,0,0,0.068652539,0.011125568,0,0.028970872,0,0,0,0.00376009,0,0,0,0,0.000162648,0.005032839,0,0,0,0,0,0,0,0,0,0.001094824,0.002009856,0.00104262,0.034200467,0,0.005851773,0.022689149,0.003497017,0.022005575,0.016344912,0,0.008332583,0,0,0,0,8.13E-05,0.00160664,0,0.006947892,0,0,0,0.00318705,0,0,0,0,0,0,0,0,0,0,0,0,0,0,0,0,0,0,0,0,0,0,0,0,0,0,0,0,0,0,0,0,0,0,0,0,0,0,0,0,0,0,0,0,0,0,0,0,0,0,0,0,0,0,0,0,0,0,0,0,0,0,0,0,0,0,0,0,0,0,0,0,0,0,0,0,0,0,0,0,0,0,0,0,0,0,0,0,0,0,0,0,0,0,0,0,0,0,0,0,0,0,0,0,0,0,0,0,0,0,0,0,0,0,0,0,0,0,0,0,0,0,0,0,0,0,0,0,0,0,0,0,0,0,0,0,0,0,0,0,0,0,0,0,0,0,0,0,0,0,0,0,0,0,0,0,0,0,0,0,0,0,0,0,0,0,0,0,0,0,0,0,0,0,0,0,0,0,0,0,0,0,0,0,0,0,0,0,0,0,0,0,0,0,0,0,0,0,0,0,0,0,0
SRR5385099,PRJNA377739,COPD_Exacerbation,0.119374962,0.025558654,0,0,0,0,0.546283701,0.144354323,0,0.006241032,0,0,0.009534979,0,0,0.000606184,0.002728486,0,0,0,0,0,0.000195254,0,0,0,0,0,0.016576775,0.000777148,0,0,0,0,0,0.001026029,0,0,0,0,0,0,0,0,0,0,0.011985945,0,0,0,0,0.001820986,0,0.000958471,0.001043076,0,0.000527033,0,0.000286534,0,0,0,0.00029506,0,0,0,0.000798102,0,0,0,0,0,0,0,0,0,0,0,0,0,0,0,0,0,0,0,0,0,0,0,0,0,0,0,0,0,0,0,0,0,0,0,0,0,0,0,0,0,0,0,0,0,0,0,0,0,0,0,0,0,0,0,0,0,0,0,0,0,0,0,0,0,0,0,0,0,0,0,0,0,0,0,0,0,0,0,0,0,0,0,0,0,0,0,0,0,0,0,0,0,0,0,0,0,0,0,0,0,0,0,0,0,0,0,0,0,0,0,0,0,0,0,0,0,0,0,0,0,0,0,0,0,0,0,0,0,0,0,0,0,0,0,0,0,0,0,0,0,0,0,0,0,0,0,0,0,0,0,0,0,0,0,0,0,0,0,0,0,0,0,0,0,0,0,0,0,0,0,0,0,0,0,0,0,0,0,0,0,0,0,0,0,0,0,0,0,0,0,0,0,0,0,0,0,0,0,0,0,0,0,0,0
SRR5385100,PRJNA377739,COPD_Exacerbation,0.088069743,0.00100405,0.001052628,0,0,0,0.221156579,0.001822573,0,0.000853058,0,0,0,0,0,0,0,0,0,0,0,0,0.000179467,0.000321014,0,0.000469677,0.000378994,0,0,0,0,0,0,0,0,0.001979075,0,0,0,0.000210177,0,0,0,0,0,0,0,0.000122133,0,0,0,0.016145724,0,0.007399133,0.006269717,0,0.004588287,0,0,0,0,0,0,0,0,0,0,0,0.000174533,0,0,0,0,0,0,0,0,0,0,0,0,0,0,0,0,0,0,0,0,0,0,0,0,0,0,0,0,0,0,0,0,0,0,0,0,0,0,0,0,0,0,0,0,0,0,0,0,0,0,0,0,0,0,0,0,0,0,0,0,0,0,0,0,0,0,0,0,0,0,0,0,0,0,0,0,0,0,0,0,0,0,0,0,0,0,0,0,0,0,0,0,0,0,0,0,0,0,0,0,0,0,0,0,0,0,0,0,0,0,0,0,0,0,0,0,0,0,0,0,0,0,0,0,0,0,0,0,0,0,0,0,0,0,0,0,0,0,0,0,0,0,0,0,0,0,0,0,0,0,0,0,0,0,0,0,0,0,0,0,0,0,0,0,0,0,0,0,0,0,0,0,0,0,0,0,0,0,0,0,0,0,0,0,0,0,0,0,0,0,0,0,0,0,0,0,0,0,0,0,0,0,0
SRR5385101,PRJNA377739,COPD_Exacerbation,0.003176881,0,0,0,0,0,0.003093629,0,0,0.000933076,0,0,0,0,0,0,0,0.002123942,0,0,0,0,0,0,0,0,0,0,0,0,0,0,0,0,0,0,0,0,0,0,0,0,0,0,0,0,0,0,0,0,0.001821578,0.000222678,0,0.000106834,0,0,0,0,0,0,0,0,0,0,0,0,0,0,0,0,0,0,0,0,0,0,0,0,0,0,0,0,0,0,0,0,0,0,0,0,0,0,0,0,0,0,0,0,0,0,0,0,0,0,0,0,0,0,0,0,0,0,0,0,0,0,0,0,0,0,0,0,0,0,0,0,0,0,0,0,0,0,0,0,0,0,0,0,0,0,0,0,0,0,0,0,0,0,0,0,0,0,0,0,0,0,0,0,0,0,0,0,0,0,0,0,0,0,0,0,0,0,0,0,0,0,0,0,0,0,0,0,0,0,0,0,0,0,0,0,0,0,0,0,0,0,0,0,0,0,0,0,0,0,0,0,0,0,0,0,0,0,0,0,0,0,0,0,0,0,0,0,0,0,0,0,0,0,0,0,0,0,0,0,0,0,0,0,0,0,0,0,0,0,0,0,0,0,0,0,0,0,0,0,0,0,0,0,0,0,0,0,0,0,0,0,0,0,0,0,0,0
SRR5385102,PRJNA377739,COPD_Exacerbation,0.250591921,0.001443599,0.011917023,0,0,0,0.112381309,0.013824996,0.004069961,0,0,0,0,0,0,0,0,0,0,0,0,0,0,0,0,0,0,0,0,0,0,0,0,0,0.000320971,0.006394206,0,0,0,0,0,0,0,0,0,0,0.003594101,0,0,0,0,0.087041205,0,0.041776417,0.033180209,0,0.037818113,0,0,0,0,0,0,0,0,0,0,0,0.001044483,0,0,0,0,0,0,0,0,0,0,0,0,0,0,0,0,0,0,0,0,0,0,0,0,0,0,0,0,0,0,0,0,0,0,0,0,0,0,0,0,0,0,0,0,0,0,0,0,0,0,0,0,0,0,0,0,0,0,0,0,0,0,0,0,0,0,0,0,0,0,0,0,0,0,0,0,0,0,0,0,0,0,0,0,0,0,0,0,0,0,0,0,0,0,0,0,0,0,0,0,0,0,0,0,0,0,0,0,0,0,0,0,0,0,0,0,0,0,0,0,0,0,0,0,0,0,0,0,0,0,0,0,0,0,0,0,0,0,0,0,0,0,0,0,0,0,0,0,0,0,0,0,0,0,0,0,0,0,0,0,0,0,0,0,0,0,0,0,0,0,0,0,0,0,0,0,0,0,0,0,0,0,0,0,0,0,0,0,0,0,0,0,0,0,0,0,0,0,0,0,0,0,0
SRR5385103,PRJNA377739,COPD_Exacerbation,0.052227745,0.000443391,0.350430016,0,0,0,0.072214077,0.019823662,0,0.003311338,0.033265914,0.007071759,0.003624196,0,0,0,0,0.047759724,0.000400362,0.001630112,0,0,0.00015489,0.025361749,0,0,0,0,0,0,0,0,0.000298611,0,0.157235844,0,0,0,0,0.000505557,0,0,0,0,0,0.000616662,0.000510064,0.041740658,0.001356677,0.018763325,0.006135164,0.001217526,0.016161132,0.001451171,0.00062881,0.003792446,0.000460761,0.000544075,0.000131284,0,0.000437267,0.006039966,0,0,0,0,0,0.00235337,0.000191884,0,0.000109891,0,0,0,0,0,0,0,0,0,0,0,0,0,0,0,0,0,0,0,0,0,0,0,0,0,0,0,0,0,0,0,0,0,0,0,0,0,0,0,0,0,0,0,0,0,0,0,0,0,0,0,0,0,0,0,0,0,0,0,0,0,0,0,0,0,0,0,0,0,0,0,0,0,0,0,0,0,0,0,0,0,0,0,0,0,0,0,0,0,0,0,0,0,0,0,0,0,0,0,0,0,0,0,0,0,0,0,0,0,0,0,0,0,0,0,0,0,0,0,0,0,0,0,0,0,0,0,0,0,0,0,0,0,0,0,0,0,0,0,0,0,0,0,0,0,0,0,0,0,0,0,0,0,0,0,0,0,0,0,0,0,0,0,0,0,0,0,0,0,0,0,0,0,0,0,0,0,0,0,0,0,0,0,0,0,0,0,0,0,0,0,0,0,0,0,0,0,0,0,0,0
SRR5385104,PRJNA377739,COPD_Exacerbation,0.254134454,0.013214895,0.000524066,0,0,0,0.310403486,0.053041083,0,0.158593155,0.001394986,0.003086179,0.031175029,0,0,0,0.001075029,0,0.001450132,0,0,0,0.011437783,0.000950727,0,0.00044941,0,0,0.004824684,0.004575503,0,0,0.00190846,0,0.000334456,0.001714787,0,0,0,0,0,0,0,0,0,0,0.012946778,0,0.017817841,0,0,0.002157073,0,0.001191889,0.001500671,0,0.000852902,0,0,0,0,0,0.000778265,0,0,0,0,0,0.000146246,0,0,0,0,0,0,0,0,0,0,0,0,0,0,0,0,0,0,0,0,0,0,0,0,0,0,0,0,0,0,0,0,0,0,0,0,0,0,0,0,0,0,0,0,0,0,0,0,0,0,0,0,0,0,0,0,0,0,0,0,0,0,0,0,0,0,0,0,0,0,0,0,0,0,0,0,0,0,0,0,0,0,0,0,0,0,0,0,0,0,0,0,0,0,0,0,0,0,0,0,0,0,0,0,0,0,0,0,0,0,0,0,0,0,0,0,0,0,0,0,0,0,0,0,0,0,0,0,0,0,0,0,0,0,0,0,0,0,0,0,0,0,0,0,0,0,0,0,0,0,0,0,0,0,0,0,0,0,0,0,0,0,0,0,0,0,0,0,0,0,0,0,0,0,0,0,0,0,0,0,0,0,0,0,0,0,0,0,0,0,0,0,0,0,0,0,0,0,0,0,0,0,0
SRR5385105,PRJNA377739,COPD_Exacerbation,0.357201913,0.010640388,0.000554098,0,0,0,0.099908772,0.051417141,0,0.008527372,0.07123026,0.017786886,0.01571585,0,0,0,0.001507534,0.046247425,0,0,0,0,0.000439077,0.008441636,0,0.000316234,0,0,0,0.000186841,0,0,0.002915162,0,0,0,0,0,0.000741365,0.001853002,0,0,0,0,0,0,0.006166428,0.015881537,0,0,0.007579942,8.64E-05,0.006801893,0.000165623,6.98E-05,0.010460234,0,0.014001806,0,0,0.006135446,0,0,0.003566244,0,0,0,0,0,0.002158795,0,0,0,0,0,0,0,0,0,0,0,0,0,0,0,0,0,0,0,0,0,0,0,0,0,0,0,0,0,0,0,0,0,0,0,0,0,0,0,0,0,0,0,0,0,0,0,0,0,0,0,0,0,0,0,0,0,0,0,0,0,0,0,0,0,0,0,0,0,0,0,0,0,0,0,0,0,0,0,0,0,0,0,0,0,0,0,0,0,0,0,0,0,0,0,0,0,0,0,0,0,0,0,0,0,0,0,0,0,0,0,0,0,0,0,0,0,0,0,0,0,0,0,0,0,0,0,0,0,0,0,0,0,0,0,0,0,0,0,0,0,0,0,0,0,0,0,0,0,0,0,0,0,0,0,0,0,0,0,0,0,0,0,0,0,0,0,0,0,0,0,0,0,0,0,0,0,0,0,0,0,0,0,0,0,0,0,0,0,0,0,0,0,0,0,0,0,0,0,0,0,0
SRR5385106,PRJNA377739,COPD_Exacerbation,0.213723716,0.039505849,0,0,0,0,0.279538399,0,0,0.033163635,0.019381611,0.031616144,0.022299234,0,0,0.001588338,0.001578923,0,0,0,0,0,0.064804933,0.002334376,0,0,0,0,0.004082066,0,0,0,0,0,0,0,0,0,0.002709552,0,0,0,0,0,0,0,0.001792118,0,0,0,0,0.000536907,0,0,0.000297127,0,0,0,0,0,0.001661601,0,0.000772334,0,0.000145337,0,0,0,0,0,0,0,0,0,0,0,0,0,0,0,0,0,0,0,0,0,0,0,0,0,0,0,0,0,0,0,0,0,0,0,0,0,0,0,0,0,0,0,0,0,0,0,0,0,0,0,0,0,0,0,0,0,0,0,0,0,0,0,0,0,0,0,0,0,0,0,0,0,0,0,0,0,0,0,0,0,0,0,0,0,0,0,0,0,0,0,0,0,0,0,0,0,0,0,0,0,0,0,0,0,0,0,0,0,0,0,0,0,0,0,0,0,0,0,0,0,0,0,0,0,0,0,0,0,0,0,0,0,0,0,0,0,0,0,0,0,0,0,0,0,0,0,0,0,0,0,0,0,0,0,0,0,0,0,0,0,0,0,0,0,0,0,0,0,0,0,0,0,0,0,0,0,0,0,0,0,0,0,0,0,0,0,0,0,0,0,0,0,0,0,0,0,0,0,0,0,0,0,0,0,0,0
SRR5385107,PRJNA377739,COPD_Exacerbation,0.244517734,0.034380162,0.005080856,0,0,0,0.127449842,0.05507102,0,0.004792966,0.050562753,0.038185688,0.007914688,0,0,0.001192158,0.001909011,0.042564388,0.000819504,0.004021485,0,0,0.016164409,0.023728933,0,0.003319045,0,0,0.001579893,0.001599015,0,0,0,0,0,0.001714107,0,0,0.000521833,0.002250192,0,0,0,0,0,0.000211677,0.006949985,0.01940684,0.011214575,0,0.002717711,0.004982332,0.008473223,0.001659975,0.001709387,0.001236308,0.000867386,0,0,0,0.006120631,0,0.000528205,0.00222312,0,0,0.000485778,0.004934168,0,0.001435792,0.000220162,0,0,0,0,0,0,0,0,0,0,0,0,0,0,0,0,0,0,0,0,0,0,0,0,0,0,0,0,0,0,0,0,0,0,0,0,0,0,0,0,0,0,0,0,0,0,0,0,0,0,0,0,0,0,0,0,0,0,0,0,0,0,0,0,0,0,0,0,0,0,0,0,0,0,0,0,0,0,0,0,0,0,0,0,0,0,0,0,0,0,0,0,0,0,0,0,0,0,0,0,0,0,0,0,0,0,0,0,0,0,0,0,0,0,0,0,0,0,0,0,0,0,0,0,0,0,0,0,0,0,0,0,0,0,0,0,0,0,0,0,0,0,0,0,0,0,0,0,0,0,0,0,0,0,0,0,0,0,0,0,0,0,0,0,0,0,0,0,0,0,0,0,0,0,0,0,0,0,0,0,0,0,0,0,0,0,0,0,0,0,0,0,0,0,0,0,0,0,0,0,0
SRR5385108,PRJNA377739,COPD_Exacerbation,0.020847947,0.001999948,0.002209714,0,0,0,0.029579151,0.006995898,0,0.00061681,0,0,0.001868354,0,0,0,0,0,0,0,0,0,0,0,0,0,0,0,0,0,0,0,0,0,0,0,0,0,0,0,0,0,0,0,0,0,0,0,0.000652879,0,0,0.000468497,0,0,8.67E-05,0,0,0,0.000140714,0,0,0,0,0,0,0,0,0,0,0,0,0,0,0,0,0,0,0,0,0,0,0,0,0,0,0,0,0,0,0,0,0,0,0,0,0,0,0,0,0,0,0,0,0,0,0,0,0,0,0,0,0,0,0,0,0,0,0,0,0,0,0,0,0,0,0,0,0,0,0,0,0,0,0,0,0,0,0,0,0,0,0,0,0,0,0,0,0,0,0,0,0,0,0,0,0,0,0,0,0,0,0,0,0,0,0,0,0,0,0,0,0,0,0,0,0,0,0,0,0,0,0,0,0,0,0,0,0,0,0,0,0,0,0,0,0,0,0,0,0,0,0,0,0,0,0,0,0,0,0,0,0,0,0,0,0,0,0,0,0,0,0,0,0,0,0,0,0,0,0,0,0,0,0,0,0,0,0,0,0,0,0,0,0,0,0,0,0,0,0,0,0,0,0,0,0,0,0,0,0,0,0,0,0,0,0,0,0,0,0,0,0
SRR5385109,PRJNA377739,COPD_Exacerbation,0.052978505,0.023650498,0.000559906,0,0,0,0.296826517,0.217815599,0,0.002840923,0.013609261,0.002882387,0.001918811,0,0,0,0.001096491,0.055033314,0,0,0,0,0.000878174,0.023044539,0,0,0,0,0.000813,0.000693675,0,0,0,0,0,0,0,0,0.0002991,0.000517276,0,0,0,0,0,0,0.018088911,0.020287866,0.001295092,0,0.021065102,0.000712464,0.022572076,0.0004768,0.000672027,0.001820341,0.000391963,0.000580232,0,0,0.000898818,0,0,0.002120453,0,0,0,0,8.64E-05,0.001340716,0,0,0,0,0,0,0,0,0,0,0,0,0,0,0,0,0,0,0,0,0,0,0,0,0,0,0,0,0,0,0,0,0,0,0,0,0,0,0,0,0,0,0,0,0,0,0,0,0,0,0,0,0,0,0,0,0,0,0,0,0,0,0,0,0,0,0,0,0,0,0,0,0,0,0,0,0,0,0,0,0,0,0,0,0,0,0,0,0,0,0,0,0,0,0,0,0,0,0,0,0,0,0,0,0,0,0,0,0,0,0,0,0,0,0,0,0,0,0,0,0,0,0,0,0,0,0,0,0,0,0,0,0,0,0,0,0,0,0,0,0,0,0,0,0,0,0,0,0,0,0,0,0,0,0,0,0,0,0,0,0,0,0,0,0,0,0,0,0,0,0,0,0,0,0,0,0,0,0,0,0,0,0,0,0,0,0,0,0,0,0,0,0,0,0,0,0,0,0,0,0,0
SRR5385110,PRJNA377739,COPD_Exacerbation,0.39835731,0.005625844,0.000700042,0,0,0,0.424054035,0.002627266,0,0.070360716,0,0,0.011927723,0,0,0,0,0,0,0,0,0,0.001725742,0.000488428,0,0.001299292,0,0,0,0.000368419,0,0,0.004342418,0,0,0.00144678,0,0,0,0,0,0,0,0,0,0,0,0,0,0,0,0.008757349,0,0.002485167,0.002350663,0,0.002040581,0,0,0,0,0,5.90E-05,0,0.015972376,0,0.000871456,0,0,0,0,0,0,0,0,0,0,0,0,0,0,0,0,0,0,0,0,0,0,0,0,0,0,0,0,0,0,0,0,0,0,0,0,0,0,0,0,0,0,0,0,0,0,0,0,0,0,0,0,0,0,0,0,0,0,0,0,0,0,0,0,0,0,0,0,0,0,0,0,0,0,0,0,0,0,0,0,0,0,0,0,0,0,0,0,0,0,0,0,0,0,0,0,0,0,0,0,0,0,0,0,0,0,0,0,0,0,0,0,0,0,0,0,0,0,0,0,0,0,0,0,0,0,0,0,0,0,0,0,0,0,0,0,0,0,0,0,0,0,0,0,0,0,0,0,0,0,0,0,0,0,0,0,0,0,0,0,0,0,0,0,0,0,0,0,0,0,0,0,0,0,0,0,0,0,0,0,0,0,0,0,0,0,0,0,0,0,0,0,0,0,0,0,0,0,0,0,0,0,0,0,0
SRR5385111,PRJNA377739,COPD_Exacerbation,0.067350853,0.013764476,0.017421364,0,0,0,0.38588392,0.094966064,0.001023271,0.008170725,0.000492779,0,0.001505512,0,0,0,0.000745905,0,0,0,0,0,0.001162728,0.009443686,0,0.001465858,0,0,0.008648378,0.000330042,0,0,0,0,0,0.021859752,0,0,0,0,0,0,0,0,0,0,0.003305288,0,0,0,0.000223096,0.025531038,0,0.037252921,0.015959373,0,0.015275502,0,0,0,0,0,0,0,0.004146908,0,0.001211141,0,0.007093492,0,0,0,0,0,0,0,0,0,0,0,0,0,0,0,0,0,0,0,0,0,0,0,0,0,0,0,0,0,0,0,0,0,0,0,0,0,0,0,0,0,0,0,0,0,0,0,0,0,0,0,0,0,0,0,0,0,0,0,0,0,0,0,0,0,0,0,0,0,0,0,0,0,0,0,0,0,0,0,0,0,0,0,0,0,0,0,0,0,0,0,0,0,0,0,0,0,0,0,0,0,0,0,0,0,0,0,0,0,0,0,0,0,0,0,0,0,0,0,0,0,0,0,0,0,0,0,0,0,0,0,0,0,0,0,0,0,0,0,0,0,0,0,0,0,0,0,0,0,0,0,0,0,0,0,0,0,0,0,0,0,0,0,0,0,0,0,0,0,0,0,0,0,0,0,0,0,0,0,0,0,0,0,0,0,0,0,0,0,0,0,0,0,0,0,0,0,0,0,0,0,0,0
SRR5385112,PRJNA377739,COPD_Exacerbation,0.02515761,0.010840154,0.739946953,0,0,0,0.108822038,0.017955479,0,0.003874842,0.000927676,0.000900973,0.000959828,0,0,7.95E-05,0.000664337,0,0.00031568,0.002136685,0,0,0.002511922,0.004755023,0,0.000267395,0,0,0.0010931,0.000248933,0,0,0,0,0,0.000142468,0,0,0.000610601,0,0,0,0,0,0,0,0.002891222,0.001420046,0.00163689,0,0.00128122,0.000395256,0.000775098,0.00074822,0.000258687,0.00020234,0.000426239,0,0,0,0.000105489,0,0.000110883,0,0,0,0,0,0,0,0,0,0,0,0,0,0,0,0,0,0,0,0,0,0,0,0,0,0,0,0,0,0,0,0,0,0,0,0,0,0,0,0,0,0,0,0,0,0,0,0,0,0,0,0,0,0,0,0,0,0,0,0,0,0,0,0,0,0,0,0,0,0,0,0,0,0,0,0,0,0,0,0,0,0,0,0,0,0,0,0,0,0,0,0,0,0,0,0,0,0,0,0,0,0,0,0,0,0,0,0,0,0,0,0,0,0,0,0,0,0,0,0,0,0,0,0,0,0,0,0,0,0,0,0,0,0,0,0,0,0,0,0,0,0,0,0,0,0,0,0,0,0,0,0,0,0,0,0,0,0,0,0,0,0,0,0,0,0,0,0,0,0,0,0,0,0,0,0,0,0,0,0,0,0,0,0,0,0,0,0,0,0,0,0,0,0,0,0,0,0,0,0,0,0,0,0,0,0,0,0,0
SRR5385113,PRJNA377739,COPD_Exacerbation,0.035896894,0.017693209,0.126018874,0,0,0,0.401990867,0.004103681,0,0.021165127,0.021915818,0.007856973,0.005897571,0,0,0.000660407,0.005251836,0,0.011225338,0,0,0,0.11822499,0.077790928,0,0.014857104,0,0,0.003345096,0,0,0,0,0,0,0,0,0,0.001060871,0,0,0,0,0,0,0,0.01109559,0,0.002564878,0,0,0.000186036,0,0.000226807,0.00049535,0,0.000165178,0,0,0,0.001478496,0,0.000215428,0,0,0,0.000157459,0,0,0,0,0,0,0,0,0,0,0,0,0,0,0,0,0,0,0,0,0,0,0,0,0,0,0,0,0,0,0,0,0,0,0,0,0,0,0,0,0,0,0,0,0,0,0,0,0,0,0,0,0,0,0,0,0,0,0,0,0,0,0,0,0,0,0,0,0,0,0,0,0,0,0,0,0,0,0,0,0,0,0,0,0,0,0,0,0,0,0,0,0,0,0,0,0,0,0,0,0,0,0,0,0,0,0,0,0,0,0,0,0,0,0,0,0,0,0,0,0,0,0,0,0,0,0,0,0,0,0,0,0,0,0,0,0,0,0,0,0,0,0,0,0,0,0,0,0,0,0,0,0,0,0,0,0,0,0,0,0,0,0,0,0,0,0,0,0,0,0,0,0,0,0,0,0,0,0,0,0,0,0,0,0,0,0,0,0,0,0,0,0,0,0,0,0,0,0,0,0,0,0,0,0
SRR5385114,PRJNA377739,COPD_Exacerbation,0.462480059,0.057424299,0,0,0,0,0.311126174,0.020781804,0,0.034360727,0.000402427,0,0.000970197,0,0,0,0.000250484,0.001258732,0,0,0,0,0.006018815,0.000980031,0,0.000858085,0,0,0.002559352,0.005654692,0,0,0.005808634,0,0,0.010273223,0,0,0,0,0,0,0,0,0,0,0.00107636,0.000253193,0.00037842,0,0.000218593,0.000650743,0,0.000470297,0,0,0.000264997,0,0,0,0,0,0,0,0,0,0,0,0,0,0,0,0,0,0,0,0,0,0,0,0,0,0,0,0,0,0,0,0,0,0,0,0,0,0,0,0,0,0,0,0,0,0,0,0,0,0,0,0,0,0,0,0,0,0,0,0,0,0,0,0,0,0,0,0,0,0,0,0,0,0,0,0,0,0,0,0,0,0,0,0,0,0,0,0,0,0,0,0,0,0,0,0,0,0,0,0,0,0,0,0,0,0,0,0,0,0,0,0,0,0,0,0,0,0,0,0,0,0,0,0,0,0,0,0,0,0,0,0,0,0,0,0,0,0,0,0,0,0,0,0,0,0,0,0,0,0,0,0,0,0,0,0,0,0,0,0,0,0,0,0,0,0,0,0,0,0,0,0,0,0,0,0,0,0,0,0,0,0,0,0,0,0,0,0,0,0,0,0,0,0,0,0,0,0,0,0,0,0,0,0,0,0,0,0,0,0,0,0,0,0,0
SRR5385115,PRJNA377739,COPD_Exacerbation,0.09063501,0.014721695,0.008485375,0,0,0,0.262794173,0.104783172,0,0.015413753,0.027776737,0.005842595,0.010746156,0,0,0,0.000777418,0.004105974,0.000653086,0.012063214,0,0,0.049434748,0.066112454,0,0.030136143,0,0,0.00213044,0.00087022,0,0,0,0,0,0,0,0,0.000943957,0,0,0,0,0,0,0,0.011300668,0.000329564,0.017514051,0,0.000674094,0.000795166,0.000680543,0.000653941,0.000704538,0.00024912,0.000156837,0,0,0,0,0,0.000433279,0,0,0,0,0,0.000156837,0.000290405,0,0,0,0,0,0,0,0,0,0,0,0,0,0,0,0,0,0,0,0,0,0,0,0,0,0,0,0,0,0,0,0,0,0,0,0,0,0,0,0,0,0,0,0,0,0,0,0,0,0,0,0,0,0,0,0,0,0,0,0,0,0,0,0,0,0,0,0,0,0,0,0,0,0,0,0,0,0,0,0,0,0,0,0,0,0,0,0,0,0,0,0,0,0,0,0,0,0,0,0,0,0,0,0,0,0,0,0,0,0,0,0,0,0,0,0,0,0,0,0,0,0,0,0,0,0,0,0,0,0,0,0,0,0,0,0,0,0,0,0,0,0,0,0,0,0,0,0,0,0,0,0,0,0,0,0,0,0,0,0,0,0,0,0,0,0,0,0,0,0,0,0,0,0,0,0,0,0,0,0,0,0,0,0,0,0,0,0,0,0,0,0,0,0,0,0,0,0,0,0,0,0
SRR5385116,PRJNA377739,COPD_Exacerbation,0.175517909,0,0.000463409,0,0,0,0.000959551,0.000566992,0,0,0,0,0,0,0,0,0,0,0,0,0,0,0,0,0,0,0,0,0,0,0,0,0,0,0.001113391,0.000289008,0,0,0,0,0,0,0,0,0,0,0,0,0,0,0,0.002960667,0,0.001489561,0.000613862,0,0.001483397,0,0.000143785,0,0,0,0,0,0,0,0,0,0,0,0,0,0,0,0,0,0,0,0,0,0,0,0,0,0,0,0,0,0,0,0,0,0,0,0,0,0,0,0,0,0,0,0,0,0,0,0,0,0,0,0,0,0,0,0,0,0,0,0,0,0,0,0,0,0,0,0,0,0,0,0,0,0,0,0,0,0,0,0,0,0,0,0,0,0,0,0,0,0,0,0,0,0,0,0,0,0,0,0,0,0,0,0,0,0,0,0,0,0,0,0,0,0,0,0,0,0,0,0,0,0,0,0,0,0,0,0,0,0,0,0,0,0,0,0,0,0,0,0,0,0,0,0,0,0,0,0,0,0,0,0,0,0,0,0,0,0,0,0,0,0,0,0,0,0,0,0,0,0,0,0,0,0,0,0,0,0,0,0,0,0,0,0,0,0,0,0,0,0,0,0,0,0,0,0,0,0,0,0,0,0,0,0,0,0,0,0,0,0,0,0,0
SRR5385117,PRJNA377739,COPD_Exacerbation,0.101177033,0.001910371,0.000258609,0,0,0,0.234255376,0.121412539,0.002976615,0.001004026,0.002407344,0,0.001055779,0,0,0.000266664,0,0,0.00024449,0,0,0,0.000235625,0,0,0.000569747,0,0,0.001303023,0,0,0,0,0,0,0.000341809,0,0,0.000327718,0,0,0,0,0,0,0.000213772,0,0.000160467,0,0,0,0.001533296,0.000574662,0.001878464,0.000865643,0,0.000753122,0,0,0,0,0,0.000177526,0,0,0,0,0,0,0,0,0,0,0,0,0,0,0,0,0,0,0,0,0,0,0,0,0,0,0,0,0,0,0,0,0,0,0,0,0,0,0,0,0,0,0,0,0,0,0,0,0,0,0,0,0,0,0,0,0,0,0,0,0,0,0,0,0,0,0,0,0,0,0,0,0,0,0,0,0,0,0,0,0,0,0,0,0,0,0,0,0,0,0,0,0,0,0,0,0,0,0,0,0,0,0,0,0,0,0,0,0,0,0,0,0,0,0,0,0,0,0,0,0,0,0,0,0,0,0,0,0,0,0,0,0,0,0,0,0,0,0,0,0,0,0,0,0,0,0,0,0,0,0,0,0,0,0,0,0,0,0,0,0,0,0,0,0,0,0,0,0,0,0,0,0,0,0,0,0,0,0,0,0,0,0,0,0,0,0,0,0,0,0,0,0,0,0,0,0,0,0,0,0,0,0,0,0,0,0,0,0
SRR5385118,PRJNA377739,COPD_Exacerbation,0.279907655,0.006034857,0.000304026,0,0,0,0.304086607,0,0,0.011056995,0.003461618,0.032930139,0.025485588,0,0,0.001890647,0.009232526,0,0.002641437,0,0,0.006869154,0.016233409,0,0,0.005504937,0,0,0,0.000887376,0,0,0,0,0,0,0,0,0.000705562,0,0,0,0,0,0,9.39E-05,0,0.000143876,0,0,0.000295377,0.000579495,0,0.000279714,0.000181301,0,7.19E-05,0,0,0,0,0,0.001551572,0,0,0,0,0,0,0,0,0,0,0,0,0,0,0,0,0,0,0,0,0,0,0,0,0,0,0,0,0,0,0,0,0,0,0,0,0,0,0,0,0,0,0,0,0,0,0,0,0,0,0,0,0,0,0,0,0,0,0,0,0,0,0,0,0,0,0,0,0,0,0,0,0,0,0,0,0,0,0,0,0,0,0,0,0,0,0,0,0,0,0,0,0,0,0,0,0,0,0,0,0,0,0,0,0,0,0,0,0,0,0,0,0,0,0,0,0,0,0,0,0,0,0,0,0,0,0,0,0,0,0,0,0,0,0,0,0,0,0,0,0,0,0,0,0,0,0,0,0,0,0,0,0,0,0,0,0,0,0,0,0,0,0,0,0,0,0,0,0,0,0,0,0,0,0,0,0,0,0,0,0,0,0,0,0,0,0,0,0,0,0,0,0,0,0,0,0,0,0,0,0,0,0,0,0,0,0,0,0
SRR5385119,PRJNA377739,COPD_Exacerbation,0.365377858,0.031580997,0.007494801,0,0,0,0.157774107,0.138713477,0,0.009168511,0.007352536,0.007275358,0.008286947,0,0,0.001321378,0.001971031,0.021488725,0.00027316,0.012698158,0,0,0.0067077,0.001783786,0,0.002031278,0,0,0.000849067,0.004510767,0,0,0,0,0,0.004149817,0,0,0.000234513,0.000501851,0,0,0,0,0,6.32E-05,0.005662465,0.001646778,0.009802562,0,0.001444251,0.000847291,0.002485279,0.000291794,0.000187377,0.000185723,0.000167465,0.000538732,0,0,0,0,0.000345516,0,0,0.000400074,7.32E-05,0,0,0,0.000296569,0,0,0,0,0,0,0,0,0,0,0,0,0,0,0,0,0,0,0,0,0,0,0,0,0,0,0,0,0,0,0,0,0,0,0,0,0,0,0,0,0,0,0,0,0,0,0,0,0,0,0,0,0,0,0,0,0,0,0,0,0,0,0,0,0,0,0,0,0,0,0,0,0,0,0,0,0,0,0,0,0,0,0,0,0,0,0,0,0,0,0,0,0,0,0,0,0,0,0,0,0,0,0,0,0,0,0,0,0,0,0,0,0,0,0,0,0,0,0,0,0,0,0,0,0,0,0,0,0,0,0,0,0,0,0,0,0,0,0,0,0,0,0,0,0,0,0,0,0,0,0,0,0,0,0,0,0,0,0,0,0,0,0,0,0,0,0,0,0,0,0,0,0,0,0,0,0,0,0,0,0,0,0,0,0,0,0,0,0,0,0,0,0,0,0,0,0,0,0,0,0
SRR5385120,PRJNA377739,COPD_Exacerbation,0.254316213,0.036168382,0.000957217,0,0,0,0.357677254,0.00156412,0,0.019552504,0.010644963,0.004254534,0.038209242,0,0,0.001054179,0.00502174,0.000133316,0.003724993,0.003448063,0,0.000297946,0.027359941,0.015256237,0,0.003756314,0,0,0.003251659,0.00216557,0,0,0,0,0,0.000446256,0,0,0,0,0,0,0,0,0,0,0.002108534,0.000383047,0.001862254,0,0.000490093,0.001780125,0,0.001306857,0.00092139,0,0.000545921,0,0,0,0,0,0.001146729,0,0,0,0,0.000286186,0,0,0,0,0,0,0,0,0,0,0,0,0,0,0,0,0,0,0,0,0,0,0,0,0,0,0,0,0,0,0,0,0,0,0,0,0,0,0,0,0,0,0,0,0,0,0,0,0,0,0,0,0,0,0,0,0,0,0,0,0,0,0,0,0,0,0,0,0,0,0,0,0,0,0,0,0,0,0,0,0,0,0,0,0,0,0,0,0,0,0,0,0,0,0,0,0,0,0,0,0,0,0,0,0,0,0,0,0,0,0,0,0,0,0,0,0,0,0,0,0,0,0,0,0,0,0,0,0,0,0,0,0,0,0,0,0,0,0,0,0,0,0,0,0,0,0,0,0,0,0,0,0,0,0,0,0,0,0,0,0,0,0,0,0,0,0,0,0,0,0,0,0,0,0,0,0,0,0,0,0,0,0,0,0,0,0,0,0,0,0,0,0,0,0,0,0,0,0,0,0,0,0,0
SRR5385121,PRJNA377739,COPD_Exacerbation,0.258022618,0.055053052,0.000121545,0,0,0,0.234032742,0.107125415,0,0.016216013,0.006196748,0.002752024,0.016739325,0,0,0.002632314,0.001295264,0.007827194,0.004812218,0.005155389,0,0.004308872,0.028254169,0.006775061,0,0.001894626,0,0,0.001745954,0.00064595,0,0,0.000285492,0,0,0,0,0,0,0,0,0,0,0,0,0,0.001738566,0,0.003560858,0,0.002612058,0.000430531,0,0.000564329,0.000264219,0.000119344,0.000110935,0,0,0,0.000583527,0,0.000207153,0,0,0.000122519,0,0,0,0,0,0,0,0,0,0,0,0,0,0,0,0,0,0,0,0,0,0,0,0,0,0,0,0,0,0,0,0,0,0,0,0,0,0,0,0,0,0,0,0,0,0,0,0,0,0,0,0,0,0,0,0,0,0,0,0,0,0,0,0,0,0,0,0,0,0,0,0,0,0,0,0,0,0,0,0,0,0,0,0,0,0,0,0,0,0,0,0,0,0,0,0,0,0,0,0,0,0,0,0,0,0,0,0,0,0,0,0,0,0,0,0,0,0,0,0,0,0,0,0,0,0,0,0,0,0,0,0,0,0,0,0,0,0,0,0,0,0,0,0,0,0,0,0,0,0,0,0,0,0,0,0,0,0,0,0,0,0,0,0,0,0,0,0,0,0,0,0,0,0,0,0,0,0,0,0,0,0,0,0,0,0,0,0,0,0,0,0,0,0,0,0,0,0,0,0,0,0,0,0,0,0
SRR5385122,PRJNA377739,COPD_Exacerbation,0.049626117,0.012114088,0.122457371,0,0,0,0.351166116,0.165565508,0,0.007645165,0.007476848,0.002224745,0.00137541,0,0,0.000337259,0.001126233,0.008769043,0.002816989,0,0,0,0.012124529,0.043353065,0,0.000207855,0,0,0.002177946,0.001007761,0,0,0,0,0,0,0,0,0.000448929,0.000409241,0,0,0,0,0,0.000970601,0.013400083,0.012900824,0.006037354,0,0.0030257,0.004097157,0.005920797,0.000796191,0.000707403,0.000152477,0.001056134,0,0,0,0.000928178,0,6.86E-05,0,0,0,0.000169455,0,0.000487152,0,0.000100791,0,0,0,0,0,0,0,0,0,0,0,0,0,0,0,0,0,0,0,0,0,0,0,0,0,0,0,0,0,0,0,0,0,0,0,0,0,0,0,0,0,0,0,0,0,0,0,0,0,0,0,0,0,0,0,0,0,0,0,0,0,0,0,0,0,0,0,0,0,0,0,0,0,0,0,0,0,0,0,0,0,0,0,0,0,0,0,0,0,0,0,0,0,0,0,0,0,0,0,0,0,0,0,0,0,0,0,0,0,0,0,0,0,0,0,0,0,0,0,0,0,0,0,0,0,0,0,0,0,0,0,0,0,0,0,0,0,0,0,0,0,0,0,0,0,0,0,0,0,0,0,0,0,0,0,0,0,0,0,0,0,0,0,0,0,0,0,0,0,0,0,0,0,0,0,0,0,0,0,0,0,0,0,0,0,0,0,0,0,0,0,0,0,0,0,0,0,0,0,0,0
SRR5385123,PRJNA377739,COPD_Exacerbation,0.006322434,0.001602763,0,0,0,0,0.020740864,0.004609705,0,0.000890683,0.000114658,0,0,0,0,0,0,0,0.001195817,0,0,0,0,0,0,0,0,0,0.001615244,0,0,0,0,0,0,0,0,0,0.00030111,0,0,0,0,0,0,0,0,0,0,0,0,0.000902525,0,0.000445381,0.000556462,0,0.000309811,0,0,0,0,0,0,0,0,0,0,0,0.000115998,0,0,0,0,0,0,0,0,0,0,0,0,0,0,0,0,0,0,0,0,0,0,0,0,0,0,0,0,0,0,0,0,0,0,0,0,0,0,0,0,0,0,0,0,0,0,0,0,0,0,0,0,0,0,0,0,0,0,0,0,0,0,0,0,0,0,0,0,0,0,0,0,0,0,0,0,0,0,0,0,0,0,0,0,0,0,0,0,0,0,0,0,0,0,0,0,0,0,0,0,0,0,0,0,0,0,0,0,0,0,0,0,0,0,0,0,0,0,0,0,0,0,0,0,0,0,0,0,0,0,0,0,0,0,0,0,0,0,0,0,0,0,0,0,0,0,0,0,0,0,0,0,0,0,0,0,0,0,0,0,0,0,0,0,0,0,0,0,0,0,0,0,0,0,0,0,0,0,0,0,0,0,0,0,0,0,0,0,0,0,0,0,0,0,0,0,0,0,0,0,0,0,0
SRR5385124,PRJNA377739,COPD_Exacerbation,0.270877011,0.02124809,0.001051996,0,0,0,0.223559492,0.093189159,0,0.026083653,0.038256647,0.018410596,0.009043213,0,0,0.002675967,0.002193317,0.031143879,0,0.011473497,0,0,0.000968944,0.005854529,0,0.002903935,0,0,0,0.00575748,0,0,0.000736539,0,0,0,0,0,0.00156504,0.000901016,0,0,0,0,0,0.002223477,0.000945253,0.006569564,0.0012694,0.002213152,0.000653903,0.003214001,0.011374727,0.001519368,0.000993293,0.001353837,0.000482707,0.000165316,0,0,0.000242542,6.33E-05,0.000105216,0.001298964,0,0,0.00010767,0,0,0,7.66E-05,0,0,0,0,0,0,0,0,0,0,0,0,0,0,0,0,0,0,0,0,0,0,0,0,0,0,0,0,0,0,0,0,0,0,0,0,0,0,0,0,0,0,0,0,0,0,0,0,0,0,0,0,0,0,0,0,0,0,0,0,0,0,0,0,0,0,0,0,0,0,0,0,0,0,0,0,0,0,0,0,0,0,0,0,0,0,0,0,0,0,0,0,0,0,0,0,0,0,0,0,0,0,0,0,0,0,0,0,0,0,0,0,0,0,0,0,0,0,0,0,0,0,0,0,0,0,0,0,0,0,0,0,0,0,0,0,0,0,0,0,0,0,0,0,0,0,0,0,0,0,0,0,0,0,0,0,0,0,0,0,0,0,0,0,0,0,0,0,0,0,0,0,0,0,0,0,0,0,0,0,0,0,0,0,0,0,0,0,0,0,0,0,0,0,0,0,0,0,0,0,0
SRR5385125,PRJNA377739,COPD_Exacerbation,0.14842546,0.02733034,0.000716025,0,0,0,0.190206959,0.097528709,0,0.009264466,0.062985577,0.022348019,0.005665456,0,0,0.003587645,0.004538211,0.02321948,0.000861167,0,0,0,0.000808377,0.023222834,0,0.001173882,0,0,0.001135821,0.000636036,0,0,0.000401569,0,0.000266942,0.001414036,0,0,0.006410111,0.004616812,0,0,0,0,0,0.000306232,0.009326705,0.038112793,0.016208077,0,0.003060188,0.002326101,0.018079132,0.001388035,0.000504762,0.002085618,0.000427252,0,0,0,0.001975463,0,0.000222114,0.004479785,0,0.001586334,0,0.006713852,0,0.000895074,0.001959126,0,0,0,0,0,0,0,0,0,0,0,0,0,0,0,0,0,0,0,0,0,0,0,0,0,0,0,0,0,0,0,0,0,0,0,0,0,0,0,0,0,0,0,0,0,0,0,0,0,0,0,0,0,0,0,0,0,0,0,0,0,0,0,0,0,0,0,0,0,0,0,0,0,0,0,0,0,0,0,0,0,0,0,0,0,0,0,0,0,0,0,0,0,0,0,0,0,0,0,0,0,0,0,0,0,0,0,0,0,0,0,0,0,0,0,0,0,0,0,0,0,0,0,0,0,0,0,0,0,0,0,0,0,0,0,0,0,0,0,0,0,0,0,0,0,0,0,0,0,0,0,0,0,0,0,0,0,0,0,0,0,0,0,0,0,0,0,0,0,0,0,0,0,0,0,0,0,0,0,0,0,0,0,0,0,0,0,0,0,0,0,0,0,0,0,0,0,0,0,0,0
SRR5385126,PRJNA377739,COPD_Exacerbation,0.119708312,0.000720103,0,0,0,0,0.290093822,0.001042449,0,0.033672324,0,0,0.007359839,0,0,0,0,0,0.000629013,0,0,0,0,0,0,0,0,0,7.27E-05,0,0,0,0,0,0,0,0,0,0,0,0,0,0,0,0,0,0,0,0,0.074172341,0,0.003988956,0,0.001246365,0.001048496,0,0.001235682,0,0,0,0,0,0.000497392,0,0,0,0,0,0.000367816,0,0,0,0,0,0,0,0,0,0,0,0,0,0,0,0,0,0,0,0,0,0,0,0,0,0,0,0,0,0,0,0,0,0,0,0,0,0,0,0,0,0,0,0,0,0,0,0,0,0,0,0,0,0,0,0,0,0,0,0,0,0,0,0,0,0,0,0,0,0,0,0,0,0,0,0,0,0,0,0,0,0,0,0,0,0,0,0,0,0,0,0,0,0,0,0,0,0,0,0,0,0,0,0,0,0,0,0,0,0,0,0,0,0,0,0,0,0,0,0,0,0,0,0,0,0,0,0,0,0,0,0,0,0,0,0,0,0,0,0,0,0,0,0,0,0,0,0,0,0,0,0,0,0,0,0,0,0,0,0,0,0,0,0,0,0,0,0,0,0,0,0,0,0,0,0,0,0,0,0,0,0,0,0,0,0,0,0,0,0,0,0,0,0,0,0,0,0,0,0,0,0,0
SRR5385127,PRJNA377739,COPD_Exacerbation,0.086716168,0.001593626,0.576336761,0,0,0,0.087751277,0.01493019,0,0.009751792,0.007824673,0,0.002771789,0,0,0.000174352,0.000816684,0.00254207,0.00046377,0.002931393,0,0,0.002410379,0.008379655,0,0.000970553,0.000299097,0,0.000828505,0.000393816,0.000125574,0,0,0,0,0.000166184,0,0,0,0,0,0,0,0,0,0,0.001932028,0.00063853,0.002455952,0.000329148,0.002144661,0.000847415,0.000289594,0.000377929,0.000181922,0.000173837,0.000261981,0,0.00012406,0.000938199,0,0.000211034,0.000230715,0,0,0.000199311,0.000102125,0,0,0.000152917,0,0,0,0,0,0,0,0,0,0,0,0,0,0,0,0,0,0,0,0,0,0,0,0,0,0,0,0,0,0,0,0,0,0,0,0,0,0,0,0,0,0,0,0,0,0,0,0,0,0,0,0,0,0,0,0,0,0,0,0,0,0,0,0,0,0,0,0,0,0,0,0,0,0,0,0,0,0,0,0,0,0,0,0,0,0,0,0,0,0,0,0,0,0,0,0,0,0,0,0,0,0,0,0,0,0,0,0,0,0,0,0,0,0,0,0,0,0,0,0,0,0,0,0,0,0,0,0,0,0,0,0,0,0,0,0,0,0,0,0,0,0,0,0,0,0,0,0,0,0,0,0,0,0,0,0,0,0,0,0,0,0,0,0,0,0,0,0,0,0,0,0,0,0,0,0,0,0,0,0,0,0,0,0,0,0,0,0,0,0,0,0,0,0,0,0,0,0,0,0,0,0
SRR5385128,PRJNA377739,COPD_Exacerbation,0.052802317,0.002588641,0.079246814,0,0,0,0.199076678,0.043038964,0,0.009659931,0.02491253,0.014913896,0.009238222,0,0,0,0.000611331,0.004862146,0.002019996,0,0,0,0.02219885,0.011922202,0,0.005599468,0,0,0.000834835,0.000577768,0,0,0,0,0,0.000359884,0,0,0.000335468,0,0,0,0,0,0,0.000149164,0.001603918,0.001110828,0.005428528,0,0.000974693,0.001576762,0.001292424,0.000574083,0.000955051,0.000189926,4.51E-05,0,9.83E-05,0,0.000881934,0,8.52E-05,0,0,0,0,0,0,0,7.59E-05,0,0,0,0,0,0,0,0,0,0,0,0,0,0,0,0,0,0,0,0,0,0,0,0,0,0,0,0,0,0,0,0,0,0,0,0,0,0,0,0,0,0,0,0,0,0,0,0,0,0,0,0,0,0,0,0,0,0,0,0,0,0,0,0,0,0,0,0,0,0,0,0,0,0,0,0,0,0,0,0,0,0,0,0,0,0,0,0,0,0,0,0,0,0,0,0,0,0,0,0,0,0,0,0,0,0,0,0,0,0,0,0,0,0,0,0,0,0,0,0,0,0,0,0,0,0,0,0,0,0,0,0,0,0,0,0,0,0,0,0,0,0,0,0,0,0,0,0,0,0,0,0,0,0,0,0,0,0,0,0,0,0,0,0,0,0,0,0,0,0,0,0,0,0,0,0,0,0,0,0,0,0,0,0,0,0,0,0,0,0,0,0,0,0,0,0,0,0,0,0,0
SRR5385129,PRJNA377739,COPD_Exacerbation,0.038470342,0.002760894,0.000503823,0,0,0,0.169735905,0.016549172,0,0.008792573,0.001321364,0,0.002393107,0,0,0,0,0,0,0,0,0,0.004430459,0,0,0.003511641,0,0,0,0.003405882,0,0,0,0,0,0,0,0,0.000353137,0,0,0,0,0,0,0,0,0,0.002434271,0,0,0.003633807,0.000558846,0.002606116,0.006201394,0,0.002617462,0,0.000474614,0,0,0,0,0,0,0,0,0,0.000825496,0,0,0,0,0,0,0,0,0,0,0,0,0,0,0,0,0,0,0,0,0,0,0,0,0,0,0,0,0,0,0,0,0,0,0,0,0,0,0,0,0,0,0,0,0,0,0,0,0,0,0,0,0,0,0,0,0,0,0,0,0,0,0,0,0,0,0,0,0,0,0,0,0,0,0,0,0,0,0,0,0,0,0,0,0,0,0,0,0,0,0,0,0,0,0,0,0,0,0,0,0,0,0,0,0,0,0,0,0,0,0,0,0,0,0,0,0,0,0,0,0,0,0,0,0,0,0,0,0,0,0,0,0,0,0,0,0,0,0,0,0,0,0,0,0,0,0,0,0,0,0,0,0,0,0,0,0,0,0,0,0,0,0,0,0,0,0,0,0,0,0,0,0,0,0,0,0,0,0,0,0,0,0,0,0,0,0,0,0,0,0,0,0,0,0,0,0,0,0,0,0,0,0
SRR5385130,PRJNA377739,COPD_Exacerbation,0.183151624,0.004009761,0.001146871,0,0,0,0.307892661,0.094069251,0,0.019261946,0.000514889,0.006530022,0.016129863,0,0,0.00174268,0.00084844,0.001421503,0,0.00471269,0,0,0.006803389,0.030207966,0,0.002308707,0,0,0.004472794,0.002488535,0,0,0.000183042,0,0,0.000438234,0,0,0.00133353,0,0,0,0,0,0,0,0.024272094,0,0.003702447,0,0,0.000752858,0,0.001140477,0.001300811,0,0.000839729,0,0,0,0,0,0.000244175,0,0,0,0,0,0,0,0,0,0,0,0,0,0,0,0,0,0,0,0,0,0,0,0,0,0,0,0,0,0,0,0,0,0,0,0,0,0,0,0,0,0,0,0,0,0,0,0,0,0,0,0,0,0,0,0,0,0,0,0,0,0,0,0,0,0,0,0,0,0,0,0,0,0,0,0,0,0,0,0,0,0,0,0,0,0,0,0,0,0,0,0,0,0,0,0,0,0,0,0,0,0,0,0,0,0,0,0,0,0,0,0,0,0,0,0,0,0,0,0,0,0,0,0,0,0,0,0,0,0,0,0,0,0,0,0,0,0,0,0,0,0,0,0,0,0,0,0,0,0,0,0,0,0,0,0,0,0,0,0,0,0,0,0,0,0,0,0,0,0,0,0,0,0,0,0,0,0,0,0,0,0,0,0,0,0,0,0,0,0,0,0,0,0,0,0,0,0,0,0,0,0,0,0,0,0,0,0,0
SRR5385131,PRJNA377739,COPD_Exacerbation,0.015904127,0.00074851,0.173565141,0,0,0,0.023167185,0.001293409,0,0.002859073,0.000800703,0,0.000321229,0,0,0,0,0.001036403,0,0,0,0,0,0,0,0,0,0,0,0,0,0,0,0,0,0.000441502,0,0,0,0,0,0,0,0,0,0,0.002082299,0,0,0,0.00092271,0.001631937,0,0.00103547,0.001996498,0,0.001287048,0,0.00010635,0,0,0,0,0,0.000243883,0,0,0,0.000243741,0,0,0,0,0,0,0,0,0,0,0,0,0,0,0,0,0,0,0,0,0,0,0,0,0,0,0,0,0,0,0,0,0,0,0,0,0,0,0,0,0,0,0,0,0,0,0,0,0,0,0,0,0,0,0,0,0,0,0,0,0,0,0,0,0,0,0,0,0,0,0,0,0,0,0,0,0,0,0,0,0,0,0,0,0,0,0,0,0,0,0,0,0,0,0,0,0,0,0,0,0,0,0,0,0,0,0,0,0,0,0,0,0,0,0,0,0,0,0,0,0,0,0,0,0,0,0,0,0,0,0,0,0,0,0,0,0,0,0,0,0,0,0,0,0,0,0,0,0,0,0,0,0,0,0,0,0,0,0,0,0,0,0,0,0,0,0,0,0,0,0,0,0,0,0,0,0,0,0,0,0,0,0,0,0,0,0,0,0,0,0,0,0,0,0,0,0,0,0,0,0,0,0
SRR5385132,PRJNA377739,COPD_Exacerbation,0.112819333,0.001930941,0.359994157,0,0,0,0.041959376,0.004925484,0.156996785,0.002865652,0.00493206,0.01220947,0.013984502,0,0,0.000323712,0.000446426,0.000758252,0.016057404,0.009403722,0,0.004284201,0.025783662,0.030714996,0,0.003544584,0,0,0.002598033,0.000623204,0,0,0,0,0,0,0,0,0.000431174,0,0,0,0,0,0,0,0.003517701,0.01046605,0.013394448,0,0,0.000867076,0.00091236,0.000672879,0.000613857,0,0.000249619,0,0,0,0,5.23E-05,0,0.000346122,0,0,5.63E-05,0.000796814,0,0,0,0,0,0,0,0,0,0,0,0,0,0,0,0,0,0,0,0,0,0,0,0,0,0,0,0,0,0,0,0,0,0,0,0,0,0,0,0,0,0,0,0,0,0,0,0,0,0,0,0,0,0,0,0,0,0,0,0,0,0,0,0,0,0,0,0,0,0,0,0,0,0,0,0,0,0,0,0,0,0,0,0,0,0,0,0,0,0,0,0,0,0,0,0,0,0,0,0,0,0,0,0,0,0,0,0,0,0,0,0,0,0,0,0,0,0,0,0,0,0,0,0,0,0,0,0,0,0,0,0,0,0,0,0,0,0,0,0,0,0,0,0,0,0,0,0,0,0,0,0,0,0,0,0,0,0,0,0,0,0,0,0,0,0,0,0,0,0,0,0,0,0,0,0,0,0,0,0,0,0,0,0,0,0,0,0,0,0,0,0,0,0,0,0,0,0,0,0,0,0,0,0
SRR5385133,PRJNA377739,COPD_Exacerbation,0.025829963,0.003296349,0.001231907,0,0,0,0.030639342,0.008689199,0,0.014824221,0.000391016,0,0.001026293,0,0,0,0,0,0,0.012805351,0,0,0.000468901,0,0,0.000969234,0,0,0,0.000878677,0,0,0.000528776,0,0,0.000842397,0,0,0.000144872,0,0,0,0,0,0,0,0.000486461,0.00134027,0.001024124,0,0,0.012833499,0,0.014680669,0.004541298,0,0.003721504,0,0,0,0,0,0,0,0,0,0,0,0.000876343,0,0,0,0,0,0,0,0,0,0,0,0,0,0,0,0,0,0,0,0,0,0,0,0,0,0,0,0,0,0,0,0,0,0,0,0,0,0,0,0,0,0,0,0,0,0,0,0,0,0,0,0,0,0,0,0,0,0,0,0,0,0,0,0,0,0,0,0,0,0,0,0,0,0,0,0,0,0,0,0,0,0,0,0,0,0,0,0,0,0,0,0,0,0,0,0,0,0,0,0,0,0,0,0,0,0,0,0,0,0,0,0,0,0,0,0,0,0,0,0,0,0,0,0,0,0,0,0,0,0,0,0,0,0,0,0,0,0,0,0,0,0,0,0,0,0,0,0,0,0,0,0,0,0,0,0,0,0,0,0,0,0,0,0,0,0,0,0,0,0,0,0,0,0,0,0,0,0,0,0,0,0,0,0,0,0,0,0,0,0,0,0,0,0,0,0,0,0,0,0,0,0,0
SRR5385134,PRJNA377739,COPD_Exacerbation,0.682043244,0.030938863,0.005831948,0,0,0,0.146379528,0.019619237,0,0.007723058,0.002144928,0.001257586,0.000879652,0,0,0.000512744,0.000464907,0.001568802,0.00116886,0,0,0,0.006527774,0.020261357,0,0.000499419,0,0,0.000969295,0,0,0,0,0,0,0.000606927,0,0,0.000292273,0,0,0,0,0,0,0,0.006731067,0,0.004824925,0,0.000490627,0.001076196,7.80E-05,0.000564634,0.000180242,0,0,0,0,0,0.000259015,0,0.000388277,0,0,0,0,0,0,0,0,0,0,0,0,0,0,0,0,0,0,0,0,0,0,0,0,0,0,0,0,0,0,0,0,0,0,0,0,0,0,0,0,0,0,0,0,0,0,0,0,0,0,0,0,0,0,0,0,0,0,0,0,0,0,0,0,0,0,0,0,0,0,0,0,0,0,0,0,0,0,0,0,0,0,0,0,0,0,0,0,0,0,0,0,0,0,0,0,0,0,0,0,0,0,0,0,0,0,0,0,0,0,0,0,0,0,0,0,0,0,0,0,0,0,0,0,0,0,0,0,0,0,0,0,0,0,0,0,0,0,0,0,0,0,0,0,0,0,0,0,0,0,0,0,0,0,0,0,0,0,0,0,0,0,0,0,0,0,0,0,0,0,0,0,0,0,0,0,0,0,0,0,0,0,0,0,0,0,0,0,0,0,0,0,0,0,0,0,0,0,0,0,0,0,0,0,0,0,0,0,0
SRR5385135,PRJNA377739,COPD_Exacerbation,0.882816612,0,0.00052837,0,0,0,0.002347306,0.029103561,0,0.008192044,0.005832757,0.000432064,0,0,0,0,0,0,0,0,0,0,0.000185874,0.002618992,0,0,0,0,0,0,0,0,0.002340165,0,0,0,0,0,0,0,0,0,0,0,0,0.000141626,0.002882536,0.00196461,0,0,0.001418759,0.002249617,0.001751457,0.001594353,0.000771792,0.000125899,0.000337335,0.003567336,0.000193729,0,0,0,0,0,0,0,0.000141103,0,0.000316647,0.00043714,0,0,0,0,0,0,0,0,0,0,0,0,0,0,0,0,0,0,0,0,0,0,0,0,0,0,0,0,0,0,0,0,0,0,0,0,0,0,0,0,0,0,0,0,0,0,0,0,0,0,0,0,0,0,0,0,0,0,0,0,0,0,0,0,0,0,0,0,0,0,0,0,0,0,0,0,0,0,0,0,0,0,0,0,0,0,0,0,0,0,0,0,0,0,0,0,0,0,0,0,0,0,0,0,0,0,0,0,0,0,0,0,0,0,0,0,0,0,0,0,0,0,0,0,0,0,0,0,0,0,0,0,0,0,0,0,0,0,0,0,0,0,0,0,0,0,0,0,0,0,0,0,0,0,0,0,0,0,0,0,0,0,0,0,0,0,0,0,0,0,0,0,0,0,0,0,0,0,0,0,0,0,0,0,0,0,0,0,0,0,0,0,0,0,0,0,0,0,0,0,0,0
SRR5385136,PRJNA377739,COPD_Exacerbation,0.508460507,0.007551268,0.000613949,0,0,0,0.103298112,0.035157227,0,0.008672193,0.011626914,0.018641003,0.008409579,0,0,0.000359774,0.002079758,0.003602192,0.003920427,0.025345498,0,0.001330471,0.017306156,0.012970496,0,0.001929724,0,0,0.006248762,0.003761867,0,0,0.000308754,0,0.000302789,0,0,0,0,0.001704869,0,0,0,0,0,0,0.009192331,0.011197729,0.014131064,0,0.001837324,0.001432582,0.001259587,0.001565681,0.001694776,0.000382648,0.000446394,0,0,0,0.000486347,0,0.000254316,0.000840908,0,0.000224363,0,0.001391161,0,0.00149551,0,0,0,0,0,0,0,0,0,0,0,0,0,0,0,0,0,0,0,0,0,0,0,0,0,0,0,0,0,0,0,0,0,0,0,0,0,0,0,0,0,0,0,0,0,0,0,0,0,0,0,0,0,0,0,0,0,0,0,0,0,0,0,0,0,0,0,0,0,0,0,0,0,0,0,0,0,0,0,0,0,0,0,0,0,0,0,0,0,0,0,0,0,0,0,0,0,0,0,0,0,0,0,0,0,0,0,0,0,0,0,0,0,0,0,0,0,0,0,0,0,0,0,0,0,0,0,0,0,0,0,0,0,0,0,0,0,0,0,0,0,0,0,0,0,0,0,0,0,0,0,0,0,0,0,0,0,0,0,0,0,0,0,0,0,0,0,0,0,0,0,0,0,0,0,0,0,0,0,0,0,0,0,0,0,0,0,0,0,0,0,0,0,0,0,0,0,0,0,0,0,0
SRR5385137,PRJNA377739,COPD_Exacerbation,0.059375984,0.003417627,0.73146479,0,0,0,0.030916554,0,0,0.032244741,0.005314617,0.00078725,0.002556522,0,0,0,0,9.71E-05,0.001945602,0.011705937,0,0.003733786,0.006231158,0.002594697,0,0.001270672,0,0,0.00135447,0.000879428,0,0,0,0,0.000138359,0.001006485,0,0,0,0,0,0,0,0,0,0,0.005534926,0,0.013227907,0,0,0.002417149,4.49E-05,0.001581228,0.001506088,0,0.000410782,0,0,0,0.000598144,0,0.000379341,0,0,0,0.000304396,0,0,0,0,0,0,0,0,0,0,0,0,0,0,0,0,0,0,0,0,0,0,0,0,0,0,0,0,0,0,0,0,0,0,0,0,0,0,0,0,0,0,0,0,0,0,0,0,0,0,0,0,0,0,0,0,0,0,0,0,0,0,0,0,0,0,0,0,0,0,0,0,0,0,0,0,0,0,0,0,0,0,0,0,0,0,0,0,0,0,0,0,0,0,0,0,0,0,0,0,0,0,0,0,0,0,0,0,0,0,0,0,0,0,0,0,0,0,0,0,0,0,0,0,0,0,0,0,0,0,0,0,0,0,0,0,0,0,0,0,0,0,0,0,0,0,0,0,0,0,0,0,0,0,0,0,0,0,0,0,0,0,0,0,0,0,0,0,0,0,0,0,0,0,0,0,0,0,0,0,0,0,0,0,0,0,0,0,0,0,0,0,0,0,0,0,0,0,0,0,0,0,0,0,0
SRR5385138,PRJNA377739,COPD_Exacerbation,0.399550367,0.001981229,0.00198654,0,0,0,0.136623288,0.021643923,0,0.08108264,0.001336929,0,0,0,0,0,0,0,0,0,0,0,0,0,0,0,0,0,0,0,0,0,0.000484817,0,0,0.001026676,0,0,0,0.000840739,0,0,0,0,0,0.001658614,0,0,0,0,0.001808104,0.006976208,0,0.005935775,0.006378487,0.000819258,0.001174875,0,0,0.000138027,0,0,0,0,0,0.00106519,0,0,0.002139389,0,0,0,0,0,0,0,0,0,0,0,0,0,0,0,0,0,0,0,0,0,0,0,0,0,0,0,0,0,0,0,0,0,0,0,0,0,0,0,0,0,0,0,0,0,0,0,0,0,0,0,0,0,0,0,0,0,0,0,0,0,0,0,0,0,0,0,0,0,0,0,0,0,0,0,0,0,0,0,0,0,0,0,0,0,0,0,0,0,0,0,0,0,0,0,0,0,0,0,0,0,0,0,0,0,0,0,0,0,0,0,0,0,0,0,0,0,0,0,0,0,0,0,0,0,0,0,0,0,0,0,0,0,0,0,0,0,0,0,0,0,0,0,0,0,0,0,0,0,0,0,0,0,0,0,0,0,0,0,0,0,0,0,0,0,0,0,0,0,0,0,0,0,0,0,0,0,0,0,0,0,0,0,0,0,0,0,0,0,0,0,0,0,0,0,0,0,0,0,0,0,0,0
SRR5385139,PRJNA377739,COPD_Exacerbation,0.067292017,0.004657548,0.321282183,0,0,0,0.126469798,0.026776036,0,0.008065734,0.001018734,0,0.000911921,0,0,0,0.000574295,0,0.00095924,0.000660436,0,0,0.00096196,0.000573599,0,0.000214143,0,0,0.001140741,0,0,0,0,0,0,0,0,0,0,0,0,0,0,0,0,0,0.00282905,0,0.003590284,0,0,0.000162785,0,0,6.44E-05,0,0,0,0,0,0,0,0.000350743,0,0,0,0,0,0,0,0,0,0,0,0,0,0,0,0,0,0,0,0,0,0,0,0,0,0,0,0,0,0,0,0,0,0,0,0,0,0,0,0,0,0,0,0,0,0,0,0,0,0,0,0,0,0,0,0,0,0,0,0,0,0,0,0,0,0,0,0,0,0,0,0,0,0,0,0,0,0,0,0,0,0,0,0,0,0,0,0,0,0,0,0,0,0,0,0,0,0,0,0,0,0,0,0,0,0,0,0,0,0,0,0,0,0,0,0,0,0,0,0,0,0,0,0,0,0,0,0,0,0,0,0,0,0,0,0,0,0,0,0,0,0,0,0,0,0,0,0,0,0,0,0,0,0,0,0,0,0,0,0,0,0,0,0,0,0,0,0,0,0,0,0,0,0,0,0,0,0,0,0,0,0,0,0,0,0,0,0,0,0,0,0,0,0,0,0,0,0,0,0,0,0,0,0,0,0,0,0,0
SRR5385140,PRJNA377739,COPD_Exacerbation,0.069423435,0.018850453,0,0,0,0,0.107460274,0.056035403,0,0.008123046,0.00564299,0.021887171,0.005937865,0,0,0.001390806,0,0,0.002865478,0,0,0.002359307,0.006930472,0.002960383,0,0.001720292,0,0,0.001309756,0.000773163,0,0,0.000288214,0,0,0,0,0,0.00084774,0,0,0,0,0,0,0,0.003302687,0.002183442,0.003841433,0,0.000979848,0.000316887,0.000143898,9.75E-05,0.000270197,0.001008616,9.60E-05,0,0,0,0.000698972,0,0.000378448,0,0,0,0,0.000668512,0,0,0,0,0,0,0,0,0,0,0,0,0,0,0,0,0,0,0,0,0,0,0,0,0,0,0,0,0,0,0,0,0,0,0,0,0,0,0,0,0,0,0,0,0,0,0,0,0,0,0,0,0,0,0,0,0,0,0,0,0,0,0,0,0,0,0,0,0,0,0,0,0,0,0,0,0,0,0,0,0,0,0,0,0,0,0,0,0,0,0,0,0,0,0,0,0,0,0,0,0,0,0,0,0,0,0,0,0,0,0,0,0,0,0,0,0,0,0,0,0,0,0,0,0,0,0,0,0,0,0,0,0,0,0,0,0,0,0,0,0,0,0,0,0,0,0,0,0,0,0,0,0,0,0,0,0,0,0,0,0,0,0,0,0,0,0,0,0,0,0,0,0,0,0,0,0,0,0,0,0,0,0,0,0,0,0,0,0,0,0,0,0,0,0,0,0,0,0,0,0,0,0,0
SRR5385141,PRJNA377739,COPD_Exacerbation,0.020681341,0.001055176,0.000242657,0,0,0,0.092750476,0.027013589,0,0,0.000849747,0.001828864,0.001455281,0,0,0.000253297,0.000459403,0.001305038,0,0.004057523,0,0,0.007904317,0.007361835,0,0,0,0,0.000283151,0,0,0,0,0,0,0,0,0,0.00047392,0,0,0,0,0,0,0,0.002970375,0.000308663,0.000696742,0,0.000170365,0.000448906,0,0.000318717,0,0,0.000362136,0,0,0,0,0,0,0,0,0,0.000138906,0,9.43E-05,0,0,0,0,0,0,0,0,0,0,0,0,0,0,0,0,0,0,0,0,0,0,0,0,0,0,0,0,0,0,0,0,0,0,0,0,0,0,0,0,0,0,0,0,0,0,0,0,0,0,0,0,0,0,0,0,0,0,0,0,0,0,0,0,0,0,0,0,0,0,0,0,0,0,0,0,0,0,0,0,0,0,0,0,0,0,0,0,0,0,0,0,0,0,0,0,0,0,0,0,0,0,0,0,0,0,0,0,0,0,0,0,0,0,0,0,0,0,0,0,0,0,0,0,0,0,0,0,0,0,0,0,0,0,0,0,0,0,0,0,0,0,0,0,0,0,0,0,0,0,0,0,0,0,0,0,0,0,0,0,0,0,0,0,0,0,0,0,0,0,0,0,0,0,0,0,0,0,0,0,0,0,0,0,0,0,0,0,0,0,0,0,0,0,0,0,0,0,0,0,0,0,0
SRR5385142,PRJNA377739,COPD_Exacerbation,0.085674312,0.00285561,0.000908727,0,0,0,0.569650562,0.00578466,0,0.010545233,0,0,0.000296535,0,0,0,0,0,0.00151079,0.002049762,0,0,0.001561966,0,0,0,0.080538232,0,0.000521176,0,0,0,0,0,0.000306081,0.010113626,0,0,0,0,0,0,0,0,0,0,0,0,0,0,0,0.021662221,0,0.013059814,0.009507841,0,0.006643117,0,0.000431257,0,0,0,0,0,0,0,0,0,0.002659975,0,0,0,0,0,0,0,0,0,0,0,0,0,0,0,0,0,0,0,0,0,0,0,0,0,0,0,0,0,0,0,0,0,0,0,0,0,0,0,0,0,0,0,0,0,0,0,0,0,0,0,0,0,0,0,0,0,0,0,0,0,0,0,0,0,0,0,0,0,0,0,0,0,0,0,0,0,0,0,0,0,0,0,0,0,0,0,0,0,0,0,0,0,0,0,0,0,0,0,0,0,0,0,0,0,0,0,0,0,0,0,0,0,0,0,0,0,0,0,0,0,0,0,0,0,0,0,0,0,0,0,0,0,0,0,0,0,0,0,0,0,0,0,0,0,0,0,0,0,0,0,0,0,0,0,0,0,0,0,0,0,0,0,0,0,0,0,0,0,0,0,0,0,0,0,0,0,0,0,0,0,0,0,0,0,0,0,0,0,0,0,0,0,0,0,0,0,0,0,0,0,0,0
SRR5385143,PRJNA377739,COPD_Exacerbation,0.52333014,0.0011276,0.003371792,0,0,0,0.09847679,0.010956127,0,0.003492232,0,0,0,0,0,0,0,0,0,0,0,0,0.002366762,0,0,0,0.000450065,0,0,0,0,0,0,0,0.000317466,0.008952003,0,0,0,0,0,0,0,0,0,0,0,0,0,0,0,0.049530259,0,0.021041404,0.023912487,0,0.014578414,0,0,0,0,0,0,0,0.004184299,0,0.011182662,0,0.004360239,0,0,0,0,0,0,0,0,0,0,0,0,0,0,0,0,0,0,0,0,0,0,0,0,0,0,0,0,0,0,0,0,0,0,0,0,0,0,0,0,0,0,0,0,0,0,0,0,0,0,0,0,0,0,0,0,0,0,0,0,0,0,0,0,0,0,0,0,0,0,0,0,0,0,0,0,0,0,0,0,0,0,0,0,0,0,0,0,0,0,0,0,0,0,0,0,0,0,0,0,0,0,0,0,0,0,0,0,0,0,0,0,0,0,0,0,0,0,0,0,0,0,0,0,0,0,0,0,0,0,0,0,0,0,0,0,0,0,0,0,0,0,0,0,0,0,0,0,0,0,0,0,0,0,0,0,0,0,0,0,0,0,0,0,0,0,0,0,0,0,0,0,0,0,0,0,0,0,0,0,0,0,0,0,0,0,0,0,0,0,0,0,0,0,0,0,0,0,0,0,0,0,0
SRR5385144,PRJNA377739,COPD_Exacerbation,0.1514216,0.045730012,0.055994169,0,0,0,0.387736018,0.079126349,0,0.006583269,0.003286815,0,0.007487268,0,0,0,0.003261523,0,0.004050145,0,0,0,0.00484443,0.026293985,0,0.003423598,0,0,0.003498579,0.001866132,0,0,0,0,0,0,0,0,0,0,0,0,0,0,0,0,0.004868644,0,0,0,0,0.000371992,0.000279265,0.000344756,0.00047756,0.000209032,0.000183185,0,0,0,0,0,0.001184808,0,0,0,0,0,0,0,0,0,0,0,0,0,0,0,0,0,0,0,0,0,0,0,0,0,0,0,0,0,0,0,0,0,0,0,0,0,0,0,0,0,0,0,0,0,0,0,0,0,0,0,0,0,0,0,0,0,0,0,0,0,0,0,0,0,0,0,0,0,0,0,0,0,0,0,0,0,0,0,0,0,0,0,0,0,0,0,0,0,0,0,0,0,0,0,0,0,0,0,0,0,0,0,0,0,0,0,0,0,0,0,0,0,0,0,0,0,0,0,0,0,0,0,0,0,0,0,0,0,0,0,0,0,0,0,0,0,0,0,0,0,0,0,0,0,0,0,0,0,0,0,0,0,0,0,0,0,0,0,0,0,0,0,0,0,0,0,0,0,0,0,0,0,0,0,0,0,0,0,0,0,0,0,0,0,0,0,0,0,0,0,0,0,0,0,0,0,0,0,0,0,0,0,0,0,0,0,0,0
SRR5385145,PRJNA377739,COPD_Exacerbation,0.028383583,0.003439436,0.627145,0,0,0,0.094460308,0.031054586,0,0.000542477,0.001327606,0.002633993,0.002311983,0,0,0.000320039,0.000326443,0.00151208,0,0.005342978,0,0,0.005904473,0.01656769,0,0.000168023,0,0,0,0.000290273,0,0,0.000233185,0,0,0,0,0,0.00026087,0.000161255,0,0,0,0,0,0,0.004556828,0.00201351,0.003637082,0,0.000294962,0.000638928,0.001583878,0.000372516,0.000425663,8.58E-05,0.000276271,0,0,0,0,0,0.000133941,0.000255553,0,0,0.000185942,0.000479488,0.000111942,0.000206232,9.91E-05,0,0,0,0,0,0,0,0,0,0,0,0,0,0,0,0,0,0,0,0,0,0,0,0,0,0,0,0,0,0,0,0,0,0,0,0,0,0,0,0,0,0,0,0,0,0,0,0,0,0,0,0,0,0,0,0,0,0,0,0,0,0,0,0,0,0,0,0,0,0,0,0,0,0,0,0,0,0,0,0,0,0,0,0,0,0,0,0,0,0,0,0,0,0,0,0,0,0,0,0,0,0,0,0,0,0,0,0,0,0,0,0,0,0,0,0,0,0,0,0,0,0,0,0,0,0,0,0,0,0,0,0,0,0,0,0,0,0,0,0,0,0,0,0,0,0,0,0,0,0,0,0,0,0,0,0,0,0,0,0,0,0,0,0,0,0,0,0,0,0,0,0,0,0,0,0,0,0,0,0,0,0,0,0,0,0,0,0,0,0,0,0,0,0,0,0,0,0,0,0,0
SRR5385146,PRJNA377739,COPD_Exacerbation,0.170996942,0.00328148,0.000338319,0,0,0,0.119169021,0,0,0.093094149,0.000503466,0.002503848,0.023428402,0,0,0,0.000292694,0,0.001225038,0,0,0,0.00390159,0,0,0,0,0,0.000447119,0,0,0,0,0,0,0.000230108,0,0,0,0,0,0,0,0,0,0,0,0,0,0.461590223,0,0.003467034,0,0.002125769,0.002315732,0,0.002104674,0,0,0,0,0,0.000157151,0,0.000856113,0,0.000176271,0,0.000219222,0,0,0,0,0,0,0,0,0,0,0,0,0,0,0,0,0,0,0,0,0,0,0,0,0,0,0,0,0,0,0,0,0,0,0,0,0,0,0,0,0,0,0,0,0,0,0,0,0,0,0,0,0,0,0,0,0,0,0,0,0,0,0,0,0,0,0,0,0,0,0,0,0,0,0,0,0,0,0,0,0,0,0,0,0,0,0,0,0,0,0,0,0,0,0,0,0,0,0,0,0,0,0,0,0,0,0,0,0,0,0,0,0,0,0,0,0,0,0,0,0,0,0,0,0,0,0,0,0,0,0,0,0,0,0,0,0,0,0,0,0,0,0,0,0,0,0,0,0,0,0,0,0,0,0,0,0,0,0,0,0,0,0,0,0,0,0,0,0,0,0,0,0,0,0,0,0,0,0,0,0,0,0,0,0,0,0,0,0,0,0,0,0,0,0,0,0,0,0,0,0,0,0
SRR5385147,PRJNA377739,COPD_Exacerbation,0.007047594,0.004096138,0.931050134,0,0,0,0.016122315,0.008526092,0,0.000495543,0.000337894,0,0.000184103,0,0,0,0,0,0,0,0,0,0.001592521,0.001306216,0,0.000474444,0,0,0,0.000165291,0,0,0,0,0,0,0,0,0,0,0,0,0,0,0,0,0.000309087,0,0,0,0.000200193,0.000218132,0,0.000278432,0.000296067,0,0.000284928,0,0,0,0,0,0.000159729,0,0,0,0,0,0,0,0,0,0,0,0,0,0,0,0,0,0,0,0,0,0,0,0,0,0,0,0,0,0,0,0,0,0,0,0,0,0,0,0,0,0,0,0,0,0,0,0,0,0,0,0,0,0,0,0,0,0,0,0,0,0,0,0,0,0,0,0,0,0,0,0,0,0,0,0,0,0,0,0,0,0,0,0,0,0,0,0,0,0,0,0,0,0,0,0,0,0,0,0,0,0,0,0,0,0,0,0,0,0,0,0,0,0,0,0,0,0,0,0,0,0,0,0,0,0,0,0,0,0,0,0,0,0,0,0,0,0,0,0,0,0,0,0,0,0,0,0,0,0,0,0,0,0,0,0,0,0,0,0,0,0,0,0,0,0,0,0,0,0,0,0,0,0,0,0,0,0,0,0,0,0,0,0,0,0,0,0,0,0,0,0,0,0,0,0,0,0,0,0,0,0,0,0,0,0,0,0,0
SRR5385148,PRJNA377739,COPD_Exacerbation,0.001262186,0,0.000142056,0,0,0,0.000400821,0.00050724,0,0,0,0,0,0,0,0,0,0.000159831,0,0,0,0,0,0.000221259,0,0,0.000188523,0,0,0,0,0,0,0,0.000163913,0.000643743,0,0,0,0,0,0,0,0,0,0,0,0,6.49E-05,0,0,0.000928391,0,0.000701581,0.000614473,0,0.000458868,0,0,0,0,0,0,0,0,0,0,0,0,0,0,0,0,0,0,0,0,0,0,0,0,0,0,0,0,0,0,0,0,0,0,0,0,0,0,0,0,0,0,0,0,0,0,0,0,0,0,0,0,0,0,0,0,0,0,0,0,0,0,0,0,0,0,0,0,0,0,0,0,0,0,0,0,0,0,0,0,0,0,0,0,0,0,0,0,0,0,0,0,0,0,0,0,0,0,0,0,0,0,0,0,0,0,0,0,0,0,0,0,0,0,0,0,0,0,0,0,0,0,0,0,0,0,0,0,0,0,0,0,0,0,0,0,0,0,0,0,0,0,0,0,0,0,0,0,0,0,0,0,0,0,0,0,0,0,0,0,0,0,0,0,0,0,0,0,0,0,0,0,0,0,0,0,0,0,0,0,0,0,0,0,0,0,0,0,0,0,0,0,0,0,0,0,0,0,0,0,0,0,0,0,0,0,0,0,0,0,0,0,0,0,0
SRR5385149,PRJNA377739,COPD_Exacerbation,0.749028239,0.000609411,0,0,0,0,0.024582516,0.002150128,0,0.044473882,0,0,0.027928386,0,0,0,0.000792723,0,0,0,0,0,0.000160527,0.001116101,0,0,0,0,0,0,0,0,0,0,0.001216191,0.000345871,0,0,0,0,0,0,0,0,0,0,0,0,0,0,0,0.005236405,0,0.002407011,0.001064846,0,0.001435267,0,0,0,0,0,0.000609234,0,0,0,0.00038102,0,0.000138794,0,0,0,0,0,0,0,0,0,0,0,0,0,0,0,0,0,0,0,0,0,0,0,0,0,0,0,0,0,0,0,0,0,0,0,0,0,0,0,0,0,0,0,0,0,0,0,0,0,0,0,0,0,0,0,0,0,0,0,0,0,0,0,0,0,0,0,0,0,0,0,0,0,0,0,0,0,0,0,0,0,0,0,0,0,0,0,0,0,0,0,0,0,0,0,0,0,0,0,0,0,0,0,0,0,0,0,0,0,0,0,0,0,0,0,0,0,0,0,0,0,0,0,0,0,0,0,0,0,0,0,0,0,0,0,0,0,0,0,0,0,0,0,0,0,0,0,0,0,0,0,0,0,0,0,0,0,0,0,0,0,0,0,0,0,0,0,0,0,0,0,0,0,0,0,0,0,0,0,0,0,0,0,0,0,0,0,0,0,0,0,0,0,0,0,0,0,0,0,0,0,0,0
SRR5385150,PRJNA377739,COPD_Exacerbation,0.181955684,0.002236219,0,0,0,0,0.343456336,0.003210338,0.002173462,0.078490437,0,0,0.006133113,0,0,0,0,0,0,0,0,0,0,0,0,0.001058374,0,0,0,0,0,0,0.000655819,0,0.000803237,0.012048861,0,0,0,0,0,0,0,0,0,0,0,0,0,0,0,0.059708335,0,0.034141391,0.036823157,0,0.035896783,0,0,0,0,0,0,0,0.003005905,0,0,0,0.005366688,0,0,0,0,0,0,0,0,0,0,0,0,0,0,0,0,0,0,0,0,0,0,0,0,0,0,0,0,0,0,0,0,0,0,0,0,0,0,0,0,0,0,0,0,0,0,0,0,0,0,0,0,0,0,0,0,0,0,0,0,0,0,0,0,0,0,0,0,0,0,0,0,0,0,0,0,0,0,0,0,0,0,0,0,0,0,0,0,0,0,0,0,0,0,0,0,0,0,0,0,0,0,0,0,0,0,0,0,0,0,0,0,0,0,0,0,0,0,0,0,0,0,0,0,0,0,0,0,0,0,0,0,0,0,0,0,0,0,0,0,0,0,0,0,0,0,0,0,0,0,0,0,0,0,0,0,0,0,0,0,0,0,0,0,0,0,0,0,0,0,0,0,0,0,0,0,0,0,0,0,0,0,0,0,0,0,0,0,0,0,0,0,0,0,0,0,0,0,0,0,0,0,0
SRR5385151,PRJNA377739,COPD_Exacerbation,0.171096614,0.006199865,0,0,0,0,0.234768981,0.05226946,0,0.036679669,0.049597961,0.02260613,0.028234318,0,0,0,0.000568826,0.005203752,0,0,0,0.001184858,0.001675843,0.050305312,0,0.003478163,0,0,0.001046926,0.00626873,0,0,0.001084472,0,0,0,0,0,0.000444949,0.001876898,0,0,0,0,0,0.002545999,0.004988734,0.0962981,0.002630622,0.000899688,0.004036901,0.001205757,0.029360813,0.00015828,0.000319508,0.002794785,0.000205078,0,0,0,0.00084578,0,0.001031203,0.002706558,0,0.000437893,0,0,0,0.000582114,0,0,0,0,0,0,0,0,0,0,0,0,0,0,0,0,0,0,0,0,0,0,0,0,0,0,0,0,0,0,0,0,0,0,0,0,0,0,0,0,0,0,0,0,0,0,0,0,0,0,0,0,0,0,0,0,0,0,0,0,0,0,0,0,0,0,0,0,0,0,0,0,0,0,0,0,0,0,0,0,0,0,0,0,0,0,0,0,0,0,0,0,0,0,0,0,0,0,0,0,0,0,0,0,0,0,0,0,0,0,0,0,0,0,0,0,0,0,0,0,0,0,0,0,0,0,0,0,0,0,0,0,0,0,0,0,0,0,0,0,0,0,0,0,0,0,0,0,0,0,0,0,0,0,0,0,0,0,0,0,0,0,0,0,0,0,0,0,0,0,0,0,0,0,0,0,0,0,0,0,0,0,0,0,0,0,0,0,0,0,0,0,0,0,0,0,0,0,0,0,0,0
SRR5385152,PRJNA377739,COPD_Exacerbation,0.557614695,0.000891231,0,0,0,0,0.313774778,0.001396508,0,0.068230973,0,0,0.004150226,0,0,0,0,0,0,0,0,0,0.003644801,0,0,0,0,0,0,0,0.000676814,0,0,0,0.000342187,0,0,0,0,0,0,0,0,0,0,0,0,0,0.000197565,0,0,0.004718689,0,0.001203519,0.001982855,0,0.000922717,0,0.000231162,0.000475642,0,0,0,0,0.000318552,0,0.000565944,0,0.000374368,0,0,0,0,0,0,0,0,0,0,0,0,0,0,0,0,0,0,0,0,0,0,0,0,0,0,0,0,0,0,0,0,0,0,0,0,0,0,0,0,0,0,0,0,0,0,0,0,0,0,0,0,0,0,0,0,0,0,0,0,0,0,0,0,0,0,0,0,0,0,0,0,0,0,0,0,0,0,0,0,0,0,0,0,0,0,0,0,0,0,0,0,0,0,0,0,0,0,0,0,0,0,0,0,0,0,0,0,0,0,0,0,0,0,0,0,0,0,0,0,0,0,0,0,0,0,0,0,0,0,0,0,0,0,0,0,0,0,0,0,0,0,0,0,0,0,0,0,0,0,0,0,0,0,0,0,0,0,0,0,0,0,0,0,0,0,0,0,0,0,0,0,0,0,0,0,0,0,0,0,0,0,0,0,0,0,0,0,0,0,0,0,0,0,0,0,0,0,0,0,0,0,0
SRR5385153,PRJNA377739,COPD_Exacerbation,0.171652866,0.008163084,0,0,0,0,0.241460109,0,0,0.042921093,0.020666617,0,0.019924863,0,0,0,0.029461429,0,0.007824082,0,0,0,0.072910355,0.020306343,0,0.008667966,0,0,0.017878548,0.003318626,0,0,0,0,0,0.000360273,0,0,0.00444125,0,0,0,0,0,0,0,0.012994308,0,0.001885801,0,0.000381542,0.000936002,0,0.000330886,0.000267669,0,0.000296411,0,0,0,0.000828511,0,0,0,0,0,0,0,0,0,0,0,0,0,0,0,0,0,0,0,0,0,0,0,0,0,0,0,0,0,0,0,0,0,0,0,0,0,0,0,0,0,0,0,0,0,0,0,0,0,0,0,0,0,0,0,0,0,0,0,0,0,0,0,0,0,0,0,0,0,0,0,0,0,0,0,0,0,0,0,0,0,0,0,0,0,0,0,0,0,0,0,0,0,0,0,0,0,0,0,0,0,0,0,0,0,0,0,0,0,0,0,0,0,0,0,0,0,0,0,0,0,0,0,0,0,0,0,0,0,0,0,0,0,0,0,0,0,0,0,0,0,0,0,0,0,0,0,0,0,0,0,0,0,0,0,0,0,0,0,0,0,0,0,0,0,0,0,0,0,0,0,0,0,0,0,0,0,0,0,0,0,0,0,0,0,0,0,0,0,0,0,0,0,0,0,0,0,0,0,0,0,0,0,0,0,0,0,0,0,0,0
SRR5385154,PRJNA377739,COPD_Exacerbation,0.246241926,0.007495826,0.141833709,0,0,0,0.170266479,0.054120662,0.001334411,0.014967977,0.001405398,0.003009615,0.016525377,0,0,0.000274777,0.003898632,0.002052013,0.003733311,0.018418078,0,0,0.008777967,0.01590455,0,0.001180299,0,0,0.002049084,0.000247362,0.001225602,0,0,0,0,0.00043665,0,0,0.002108219,9.98E-05,0,0,0,0,0,0.000104255,0.005858683,0.000369015,0.004096448,0.000279461,0.000627635,0.000923199,0.0004461,0.000227958,0.000121378,0,0.000574142,7.51E-05,0,0.002829163,0,0.000121378,0.000498728,0,0,0,0,0,0,0,0,0,0,0,0,0,0,0,0,0,0,0,0,0,0,0,0,0,0,0,0,0,0,0,0,0,0,0,0,0,0,0,0,0,0,0,0,0,0,0,0,0,0,0,0,0,0,0,0,0,0,0,0,0,0,0,0,0,0,0,0,0,0,0,0,0,0,0,0,0,0,0,0,0,0,0,0,0,0,0,0,0,0,0,0,0,0,0,0,0,0,0,0,0,0,0,0,0,0,0,0,0,0,0,0,0,0,0,0,0,0,0,0,0,0,0,0,0,0,0,0,0,0,0,0,0,0,0,0,0,0,0,0,0,0,0,0,0,0,0,0,0,0,0,0,0,0,0,0,0,0,0,0,0,0,0,0,0,0,0,0,0,0,0,0,0,0,0,0,0,0,0,0,0,0,0,0,0,0,0,0,0,0,0,0,0,0,0,0,0,0,0,0,0,0,0,0,0,0,0,0,0
SRR5385155,PRJNA377739,COPD_Exacerbation,0.141754762,0.032019728,0.000167858,0,0,0,0.051016809,0,0,0.011850401,0.002215015,0.024250913,0.018648333,0,0,0.000631832,0.001821425,0.001285859,0.001376396,0,0,0,0.008490736,0.005072874,0,0.002700529,0,0,0.001567756,0,0,0,0,0,0,0,0,0,0,0,0,0,0,0,0,0,0.001117177,0,0,0,0,0.002249912,0,0.000822949,0.000353927,0,0.000251217,0,0,0,0.000396408,0,0.000784315,0,0,0,0,0,0,0,0,0,0,0,0,0,0,0,0,0,0,0,0,0,0,0,0,0,0,0,0,0,0,0,0,0,0,0,0,0,0,0,0,0,0,0,0,0,0,0,0,0,0,0,0,0,0,0,0,0,0,0,0,0,0,0,0,0,0,0,0,0,0,0,0,0,0,0,0,0,0,0,0,0,0,0,0,0,0,0,0,0,0,0,0,0,0,0,0,0,0,0,0,0,0,0,0,0,0,0,0,0,0,0,0,0,0,0,0,0,0,0,0,0,0,0,0,0,0,0,0,0,0,0,0,0,0,0,0,0,0,0,0,0,0,0,0,0,0,0,0,0,0,0,0,0,0,0,0,0,0,0,0,0,0,0,0,0,0,0,0,0,0,0,0,0,0,0,0,0,0,0,0,0,0,0,0,0,0,0,0,0,0,0,0,0,0,0,0,0,0,0,0,0,0,0,0,0,0,0,0,0
SRR5385156,PRJNA377739,COPD_Exacerbation,0.005382036,0,0.000127187,0,0,0,0.002414185,0,0,0,0,0,0,0,0,0,0,0,0,0,0,0,0,0,0,0,0,0,0,0,0,0,0,0,0,0,0,0,0,0,0,0,0,0,0,0,0,0,0,0,0,0.001915603,0,0.000703809,0.001208317,0,0.000696479,0.000177445,0,0,0,0,0,0,0,0,0.000132905,0,0,0,0,0,0,0,0,0,0,0,0,0,0,0,0,0,0,0,0,0,0,0,0,0,0,0,0,0,0,0,0,0,0,0,0,0,0,0,0,0,0,0,0,0,0,0,0,0,0,0,0,0,0,0,0,0,0,0,0,0,0,0,0,0,0,0,0,0,0,0,0,0,0,0,0,0,0,0,0,0,0,0,0,0,0,0,0,0,0,0,0,0,0,0,0,0,0,0,0,0,0,0,0,0,0,0,0,0,0,0,0,0,0,0,0,0,0,0,0,0,0,0,0,0,0,0,0,0,0,0,0,0,0,0,0,0,0,0,0,0,0,0,0,0,0,0,0,0,0,0,0,0,0,0,0,0,0,0,0,0,0,0,0,0,0,0,0,0,0,0,0,0,0,0,0,0,0,0,0,0,0,0,0,0,0,0,0,0,0,0,0,0,0,0,0,0,0,0,0,0,0,0,0,0
SRR5385157,PRJNA377739,COPD_Exacerbation,0.319899899,0.00272951,0.000197108,0,0,0,0.239922607,0.000688887,0,0.025619663,0.009222507,0,0.009286408,0,0,0,0.002001296,0,0.002240728,0.017212354,0,0.00405898,0.027922176,0.017257311,0,0.008587277,0,0,0.004103452,0.001332329,0,0,0.000128117,0,0,0.000295461,0,0,0.00036342,0,0,0,0,0,0,0,0.018901689,0,0.006297996,0,0.000122921,0.001524781,0,0.001572422,0.000546238,0.000180271,0.000831706,0.000260532,0,0,0.002315598,0,0.000560377,0,0,0,0.000594734,0,0,0,0,0,0,0,0,0,0,0,0,0,0,0,0,0,0,0,0,0,0,0,0,0,0,0,0,0,0,0,0,0,0,0,0,0,0,0,0,0,0,0,0,0,0,0,0,0,0,0,0,0,0,0,0,0,0,0,0,0,0,0,0,0,0,0,0,0,0,0,0,0,0,0,0,0,0,0,0,0,0,0,0,0,0,0,0,0,0,0,0,0,0,0,0,0,0,0,0,0,0,0,0,0,0,0,0,0,0,0,0,0,0,0,0,0,0,0,0,0,0,0,0,0,0,0,0,0,0,0,0,0,0,0,0,0,0,0,0,0,0,0,0,0,0,0,0,0,0,0,0,0,0,0,0,0,0,0,0,0,0,0,0,0,0,0,0,0,0,0,0,0,0,0,0,0,0,0,0,0,0,0,0,0,0,0,0,0,0,0,0,0,0,0,0,0,0,0,0,0,0,0,0,0
SRR5385158,PRJNA377739,COPD_Exacerbation,0.102643526,0.002641907,0.001470555,0,0,0,0.215873361,0.29763276,0,0.010392035,0.001914902,0,0.01139385,0,0,0.001943415,0.00512408,0,0,0,0,0,0.008654775,0.007226743,0,0.002653113,0,0,0.004621627,0.000182686,0,0,0,0,0,0.006044909,0,0,0,0,0,0,0,0,0,0,0.00374745,9.22E-05,0.001150039,0,6.00E-05,0,0,0,0,0,0,0,0,0.00026038,0,0,0.000756525,0,0,0,0,0,0,0,0,0,0,0,0,0,0,0,0,0,0,0,0,0,0,0,0,0,0,0,0,0,0,0,0,0,0,0,0,0,0,0,0,0,0,0,0,0,0,0,0,0,0,0,0,0,0,0,0,0,0,0,0,0,0,0,0,0,0,0,0,0,0,0,0,0,0,0,0,0,0,0,0,0,0,0,0,0,0,0,0,0,0,0,0,0,0,0,0,0,0,0,0,0,0,0,0,0,0,0,0,0,0,0,0,0,0,0,0,0,0,0,0,0,0,0,0,0,0,0,0,0,0,0,0,0,0,0,0,0,0,0,0,0,0,0,0,0,0,0,0,0,0,0,0,0,0,0,0,0,0,0,0,0,0,0,0,0,0,0,0,0,0,0,0,0,0,0,0,0,0,0,0,0,0,0,0,0,0,0,0,0,0,0,0,0,0,0,0,0,0,0,0,0,0,0,0,0,0,0,0,0
SRR5385159,PRJNA377739,COPD_Exacerbation,0.215845446,0.00789831,0,0,0,0,0.267198841,0.316342897,0,0.006233326,0.002396913,0,0,0,0,0.009193411,0,0,0,0.032243364,0,0,0,0,0,0,0,0,0,0.000265369,0,0,0,0,0,0,0,0,0,0,0,0,0,0,0,0,0,0,0,0,0,0.000398787,0.000389123,0.000353359,0.000383073,0.000560897,0.000347489,0.000333048,0,0,0,0,0.000782234,0,0,0,0.000532439,0,0,0,0,0,0,0,0,0,0,0,0,0,0,0,0,0,0,0,0,0,0,0,0,0,0,0,0,0,0,0,0,0,0,0,0,0,0,0,0,0,0,0,0,0,0,0,0,0,0,0,0,0,0,0,0,0,0,0,0,0,0,0,0,0,0,0,0,0,0,0,0,0,0,0,0,0,0,0,0,0,0,0,0,0,0,0,0,0,0,0,0,0,0,0,0,0,0,0,0,0,0,0,0,0,0,0,0,0,0,0,0,0,0,0,0,0,0,0,0,0,0,0,0,0,0,0,0,0,0,0,0,0,0,0,0,0,0,0,0,0,0,0,0,0,0,0,0,0,0,0,0,0,0,0,0,0,0,0,0,0,0,0,0,0,0,0,0,0,0,0,0,0,0,0,0,0,0,0,0,0,0,0,0,0,0,0,0,0,0,0,0,0,0,0,0,0,0,0,0,0,0,0,0,0
SRR5385160,PRJNA377739,COPD_Exacerbation,0.06076121,0.02258732,0.002604746,0,0,0,0.266345772,0.067746951,0,0.00721163,0.005828575,0.002496378,0.003090429,0,0,0.001914545,0.001623387,0.002936655,0.000839763,0,0,0,0.024867618,0.026477977,0,0.001605991,0,0,0.001711636,0.000626549,0,0,0,0,0,0,0,0,0.000501718,0,0,0,0,0,0,0,0.004645316,0.00314879,0.001701359,0,0.000540747,0,0.000350541,0.000368625,0.000250902,0,0,0,0,0,0,0,0,0,0,0,0,0,0,0,0,0,0,0,0,0,0,0,0,0,0,0,0,0,0,0,0,0,0,0,0,0,0,0,0,0,0,0,0,0,0,0,0,0,0,0,0,0,0,0,0,0,0,0,0,0,0,0,0,0,0,0,0,0,0,0,0,0,0,0,0,0,0,0,0,0,0,0,0,0,0,0,0,0,0,0,0,0,0,0,0,0,0,0,0,0,0,0,0,0,0,0,0,0,0,0,0,0,0,0,0,0,0,0,0,0,0,0,0,0,0,0,0,0,0,0,0,0,0,0,0,0,0,0,0,0,0,0,0,0,0,0,0,0,0,0,0,0,0,0,0,0,0,0,0,0,0,0,0,0,0,0,0,0,0,0,0,0,0,0,0,0,0,0,0,0,0,0,0,0,0,0,0,0,0,0,0,0,0,0,0,0,0,0,0,0,0,0,0,0,0,0,0,0,0,0,0,0,0,0,0,0
SRR5385161,PRJNA377739,COPD_Exacerbation,0.273900874,0.025050911,0.000155994,0,0,0,0.148970549,0.06743286,0,0.034387955,0.024356741,0.101639235,0.025765832,0,0,0.000818453,0.001755287,0,0.001592696,0.002363665,0,0.000665669,0.030008222,0.025181067,0,0.020904071,0,0,0.005139762,0.001269194,0,0,0,0,0,0.000622482,0,0,0,0,0,0,0,0,0,0,0.003018281,0,0.00246123,0,0,0.002465551,0,0.000571409,0.000573552,0,0.000297124,0,0,0,0.000130744,0,0.001515699,0,0,0,9.34E-05,0,0,0,0,0,0,0,0,0,0,0,0,0,0,0,0,0,0,0,0,0,0,0,0,0,0,0,0,0,0,0,0,0,0,0,0,0,0,0,0,0,0,0,0,0,0,0,0,0,0,0,0,0,0,0,0,0,0,0,0,0,0,0,0,0,0,0,0,0,0,0,0,0,0,0,0,0,0,0,0,0,0,0,0,0,0,0,0,0,0,0,0,0,0,0,0,0,0,0,0,0,0,0,0,0,0,0,0,0,0,0,0,0,0,0,0,0,0,0,0,0,0,0,0,0,0,0,0,0,0,0,0,0,0,0,0,0,0,0,0,0,0,0,0,0,0,0,0,0,0,0,0,0,0,0,0,0,0,0,0,0,0,0,0,0,0,0,0,0,0,0,0,0,0,0,0,0,0,0,0,0,0,0,0,0,0,0,0,0,0,0,0,0,0,0,0,0,0,0,0,0,0,0,0,0
SRR5385162,PRJNA377739,COPD_Exacerbation,0.063253382,0.001988325,0,0,0,0,0.099317887,0.026004341,0,0.001118521,0.003040289,0,0,0,0,0.000271369,0.000689483,0.010588199,0.002310469,0.606117908,0,0,0.018089206,0.00512793,0,0.001994937,0,0,0,0.000229747,0,0,0.000545625,0,0,0,0,0,0,0,0,0,0,0,0,0,0.02528998,0,0.006596758,0,0.003578824,0.000160245,0,0.000173679,6.09E-05,0.000105049,6.09E-05,0,0,0,9.60E-05,0,0.00231976,0,0,0,0,0,0,0.000152277,0,0,0,0,0,0,0,0,0,0,0,0,0,0,0,0,0,0,0,0,0,0,0,0,0,0,0,0,0,0,0,0,0,0,0,0,0,0,0,0,0,0,0,0,0,0,0,0,0,0,0,0,0,0,0,0,0,0,0,0,0,0,0,0,0,0,0,0,0,0,0,0,0,0,0,0,0,0,0,0,0,0,0,0,0,0,0,0,0,0,0,0,0,0,0,0,0,0,0,0,0,0,0,0,0,0,0,0,0,0,0,0,0,0,0,0,0,0,0,0,0,0,0,0,0,0,0,0,0,0,0,0,0,0,0,0,0,0,0,0,0,0,0,0,0,0,0,0,0,0,0,0,0,0,0,0,0,0,0,0,0,0,0,0,0,0,0,0,0,0,0,0,0,0,0,0,0,0,0,0,0,0,0,0,0,0,0,0,0,0,0,0,0,0,0,0,0,0,0,0,0,0
SRR5385163,PRJNA377739,COPD_Exacerbation,0.034132266,0,0.000203849,0,0,0,0.000727169,0.000501658,0,0.000184287,0,0,0,0,0,0,0,0,0,0,0,0,0,0,0,0,0,0,0,0,0,0,0,0,0,0.000289436,0,0,0,0,0,0,0,0,0,0,0,0,0,0,0,0.000893657,0,0.000880766,0.000843501,0,0.000266332,0,0,0,0,0,0,0,0,0,7.04E-05,0,0,0,0,0,0,0,0,0,0,0,0,0,0,0,0,0,0,0,0,0,0,0,0,0,0,0,0,0,0,0,0,0,0,0,0,0,0,0,0,0,0,0,0,0,0,0,0,0,0,0,0,0,0,0,0,0,0,0,0,0,0,0,0,0,0,0,0,0,0,0,0,0,0,0,0,0,0,0,0,0,0,0,0,0,0,0,0,0,0,0,0,0,0,0,0,0,0,0,0,0,0,0,0,0,0,0,0,0,0,0,0,0,0,0,0,0,0,0,0,0,0,0,0,0,0,0,0,0,0,0,0,0,0,0,0,0,0,0,0,0,0,0,0,0,0,0,0,0,0,0,0,0,0,0,0,0,0,0,0,0,0,0,0,0,0,0,0,0,0,0,0,0,0,0,0,0,0,0,0,0,0,0,0,0,0,0,0,0,0,0,0,0,0,0,0,0,0,0,0,0,0,0,0,0
SRR5385164,PRJNA377739,COPD_Exacerbation,0.072303189,0.034457098,0.000818746,0,0,0,0.421462398,0.079065933,0,0.003475652,0.016634052,0.000830058,0.007047915,0,0,0.00146844,0.000366702,0,0.00564354,0.001622576,0,0,0.006764504,0.138732805,0,0.005000528,0,0,0,0.000396048,0,0,0,0,0,0,0,0,0.00116349,0,0,0,0,0,0,0,0.002810148,0,0.00181186,0,0.000806264,0.001449482,0,0.000878607,0.00120178,0.00025087,0.000653384,0,0,0,0,0,0,0,0,0,0,0.008676895,0.000218452,0.000388129,0,0,0,0,0,0,0,0,0,0,0,0,0,0,0,0,0,0,0,0,0,0,0,0,0,0,0,0,0,0,0,0,0,0,0,0,0,0,0,0,0,0,0,0,0,0,0,0,0,0,0,0,0,0,0,0,0,0,0,0,0,0,0,0,0,0,0,0,0,0,0,0,0,0,0,0,0,0,0,0,0,0,0,0,0,0,0,0,0,0,0,0,0,0,0,0,0,0,0,0,0,0,0,0,0,0,0,0,0,0,0,0,0,0,0,0,0,0,0,0,0,0,0,0,0,0,0,0,0,0,0,0,0,0,0,0,0,0,0,0,0,0,0,0,0,0,0,0,0,0,0,0,0,0,0,0,0,0,0,0,0,0,0,0,0,0,0,0,0,0,0,0,0,0,0,0,0,0,0,0,0,0,0,0,0,0,0,0,0,0,0,0,0,0,0,0,0,0,0,0,0,0
SRR5385165,PRJNA377739,COPD_Exacerbation,0.320819745,0.00136243,0,0,0,0,0.088973329,0.004522806,0,0.014147022,0,0,0.012679589,0,0,0,0,0,0,0,0,0,0,0.000473785,0,0,0,0,0.000615575,0,0,0,0,0,0.000520008,0.005630561,0,0,0,0,0,0,0,0,0,0,0.000574769,0,0,0,0,0.021691457,0,0.008096078,0.018053134,0,0.000848719,0,0,0,0,0,0,0,0.002325586,0,0,0,0.001284667,0,0,0,0,0,0,0,0,0,0,0,0,0,0,0,0,0,0,0,0,0,0,0,0,0,0,0,0,0,0,0,0,0,0,0,0,0,0,0,0,0,0,0,0,0,0,0,0,0,0,0,0,0,0,0,0,0,0,0,0,0,0,0,0,0,0,0,0,0,0,0,0,0,0,0,0,0,0,0,0,0,0,0,0,0,0,0,0,0,0,0,0,0,0,0,0,0,0,0,0,0,0,0,0,0,0,0,0,0,0,0,0,0,0,0,0,0,0,0,0,0,0,0,0,0,0,0,0,0,0,0,0,0,0,0,0,0,0,0,0,0,0,0,0,0,0,0,0,0,0,0,0,0,0,0,0,0,0,0,0,0,0,0,0,0,0,0,0,0,0,0,0,0,0,0,0,0,0,0,0,0,0,0,0,0,0,0,0,0,0,0,0,0,0,0,0,0,0,0,0,0,0,0
SRR5385166,PRJNA377739,COPD_Exacerbation,0.0253679,0.000274151,0.000451219,0,0,0,0.011082146,0.002071585,0,0.007366891,0.000140266,0,0,0,0,0,0,0,0,0,0,0,0,0.000280799,0,0,0,0,0,0,0,0,0.000226147,0,0,0.000506827,0,0,0,0,0,0,0,0,0,0,0,0,0,0,0.000100312,0.002241935,0,0.000942989,0.001137977,0,0.00095663,0,0,0,0,0,0,0,0.000505381,0,0,0,0,0,0,0,0,0,0,0,0,0,0,0,0,0,0,0,0,0,0,0,0,0,0,0,0,0,0,0,0,0,0,0,0,0,0,0,0,0,0,0,0,0,0,0,0,0,0,0,0,0,0,0,0,0,0,0,0,0,0,0,0,0,0,0,0,0,0,0,0,0,0,0,0,0,0,0,0,0,0,0,0,0,0,0,0,0,0,0,0,0,0,0,0,0,0,0,0,0,0,0,0,0,0,0,0,0,0,0,0,0,0,0,0,0,0,0,0,0,0,0,0,0,0,0,0,0,0,0,0,0,0,0,0,0,0,0,0,0,0,0,0,0,0,0,0,0,0,0,0,0,0,0,0,0,0,0,0,0,0,0,0,0,0,0,0,0,0,0,0,0,0,0,0,0,0,0,0,0,0,0,0,0,0,0,0,0,0,0,0,0,0,0,0,0,0,0,0,0,0,0,0,0,0,0
SRR5385167,PRJNA377739,COPD_Exacerbation,0.26238371,0.015084372,0.000857506,0,0,0,0.301044771,0,0,0.022516504,0.000157169,0,0.016071368,0,0,0.011148023,0.021010337,0,0.004371311,0,0,0,0.00055652,0.000199302,0,0.000618245,0,0,0,0,0,0,0,0,0,0,0,0,0.001533389,0,0,0,0,0,0,0,0,0,0,0,0,0.002536669,0,0.001057151,0.000788714,0,0.000337673,0,0,0,0,0,0.001909769,0,0,0,6.93E-05,0,0,0,0,0,0,0,0,0,0,0,0,0,0,0,0,0,0,0,0,0,0,0,0,0,0,0,0,0,0,0,0,0,0,0,0,0,0,0,0,0,0,0,0,0,0,0,0,0,0,0,0,0,0,0,0,0,0,0,0,0,0,0,0,0,0,0,0,0,0,0,0,0,0,0,0,0,0,0,0,0,0,0,0,0,0,0,0,0,0,0,0,0,0,0,0,0,0,0,0,0,0,0,0,0,0,0,0,0,0,0,0,0,0,0,0,0,0,0,0,0,0,0,0,0,0,0,0,0,0,0,0,0,0,0,0,0,0,0,0,0,0,0,0,0,0,0,0,0,0,0,0,0,0,0,0,0,0,0,0,0,0,0,0,0,0,0,0,0,0,0,0,0,0,0,0,0,0,0,0,0,0,0,0,0,0,0,0,0,0,0,0,0,0,0,0,0,0,0,0,0,0,0,0,0
SRR5385168,PRJNA377739,COPD_Exacerbation,0.157844274,0.001444749,0.000214844,0,0,0,0.510589114,0.010840649,0,0.146779953,0.002986499,0.002213945,0.018855169,0,0,0,0,0.017538071,0,0,0,0,0,0,0,0.038750686,0,0,0,0,0,0,0.00132273,0,0.013957469,0,0,0,0,0.000175734,0,0,0,0,0,0.001056917,0,0,0.001727102,0,0.000527778,0.002451349,0.000379261,0.001791436,0.001578323,0.001341353,0.000311037,0,0,0,0,0,0.000664278,0,0,0.00123103,0,0,0.00035856,0,0,0,0,0,0,0,0,0,0,0,0,0,0,0,0,0,0,0,0,0,0,0,0,0,0,0,0,0,0,0,0,0,0,0,0,0,0,0,0,0,0,0,0,0,0,0,0,0,0,0,0,0,0,0,0,0,0,0,0,0,0,0,0,0,0,0,0,0,0,0,0,0,0,0,0,0,0,0,0,0,0,0,0,0,0,0,0,0,0,0,0,0,0,0,0,0,0,0,0,0,0,0,0,0,0,0,0,0,0,0,0,0,0,0,0,0,0,0,0,0,0,0,0,0,0,0,0,0,0,0,0,0,0,0,0,0,0,0,0,0,0,0,0,0,0,0,0,0,0,0,0,0,0,0,0,0,0,0,0,0,0,0,0,0,0,0,0,0,0,0,0,0,0,0,0,0,0,0,0,0,0,0,0,0,0,0,0,0,0,0,0,0,0,0,0,0,0,0,0,0,0,0
SRR5385169,PRJNA377739,COPD_Exacerbation,0.155159751,0.029900551,0,0,0,0,0.263831808,0.210267263,0,0.033418441,0.024845524,0.010783477,0.010843656,0,0,0.001453099,0.00304,0.000153533,0.001011334,0,0,0,0.009304396,0.064705643,0,0.001148171,0,0,0.004743473,0,0,0,0,0,0,0,0,0,0.001529717,0,0,0,0,0,0,0,0.012923966,0,0.003696249,0,0.005066069,0,0,0,0,0.007263589,0,0,0,0,0.000404215,0.000320153,0.000488153,0,0,0,0,0,0,0,0,0,0,0,0,0,0,0,0,0,0,0,0,0,0,0,0,0,0,0,0,0,0,0,0,0,0,0,0,0,0,0,0,0,0,0,0,0,0,0,0,0,0,0,0,0,0,0,0,0,0,0,0,0,0,0,0,0,0,0,0,0,0,0,0,0,0,0,0,0,0,0,0,0,0,0,0,0,0,0,0,0,0,0,0,0,0,0,0,0,0,0,0,0,0,0,0,0,0,0,0,0,0,0,0,0,0,0,0,0,0,0,0,0,0,0,0,0,0,0,0,0,0,0,0,0,0,0,0,0,0,0,0,0,0,0,0,0,0,0,0,0,0,0,0,0,0,0,0,0,0,0,0,0,0,0,0,0,0,0,0,0,0,0,0,0,0,0,0,0,0,0,0,0,0,0,0,0,0,0,0,0,0,0,0,0,0,0,0,0,0,0,0,0,0,0,0,0,0,0,0,0
SRR5385170,PRJNA377739,COPD_Exacerbation,0.753675302,0.009200192,0.000405637,0,0,0,0.09312344,0.023812097,0,0.013313719,0.003119596,0,0.001448412,0,0,0.000216803,0.000638158,0.000940992,0.000384204,0,0,0,0.01934104,0.001453366,0,0.005394577,0,0,0.000340114,0.001086852,0,0,0,0,0,0.000558569,0,0,0.000479365,0,0,0,0,0,0,0,0.000383508,0.0008995,0.004135911,0,0.001486548,0.004112746,0.001856664,0.001123828,0.000778624,0,0.001180376,0,0,0,0,0,0,0,0,0,0.000234244,0,5.55E-05,0,0,0,0,0,0,0,0,0,0,0,0,0,0,0,0,0,0,0,0,0,0,0,0,0,0,0,0,0,0,0,0,0,0,0,0,0,0,0,0,0,0,0,0,0,0,0,0,0,0,0,0,0,0,0,0,0,0,0,0,0,0,0,0,0,0,0,0,0,0,0,0,0,0,0,0,0,0,0,0,0,0,0,0,0,0,0,0,0,0,0,0,0,0,0,0,0,0,0,0,0,0,0,0,0,0,0,0,0,0,0,0,0,0,0,0,0,0,0,0,0,0,0,0,0,0,0,0,0,0,0,0,0,0,0,0,0,0,0,0,0,0,0,0,0,0,0,0,0,0,0,0,0,0,0,0,0,0,0,0,0,0,0,0,0,0,0,0,0,0,0,0,0,0,0,0,0,0,0,0,0,0,0,0,0,0,0,0,0,0,0,0,0,0,0,0,0,0,0,0,0,0,0
SRR5385171,PRJNA377739,COPD_Exacerbation,0.185578036,0.009743701,0.000285584,0,0,0,0.274265223,0.168337866,0,0.026099937,0.023770258,0.002437572,0.015526836,0,0,0,0.010232755,0.040724313,0,0,0,0,0.00759207,0.002757554,0,0.004757607,0,0,0.003173574,0,0,0,0,0,0,0,0,0,0.003114631,0,0,0,0,0,0,0,0.015738102,0.004544317,0,0,0.007309454,0.001539644,0.012807149,0.001199162,0.001698106,0.003466963,0.000824595,0.001123245,0,0,0,0,0,0.001685346,0,0,0,0,0,0.001584237,0,0,0,0,0,0,0,0,0,0,0,0,0,0,0,0,0,0,0,0,0,0,0,0,0,0,0,0,0,0,0,0,0,0,0,0,0,0,0,0,0,0,0,0,0,0,0,0,0,0,0,0,0,0,0,0,0,0,0,0,0,0,0,0,0,0,0,0,0,0,0,0,0,0,0,0,0,0,0,0,0,0,0,0,0,0,0,0,0,0,0,0,0,0,0,0,0,0,0,0,0,0,0,0,0,0,0,0,0,0,0,0,0,0,0,0,0,0,0,0,0,0,0,0,0,0,0,0,0,0,0,0,0,0,0,0,0,0,0,0,0,0,0,0,0,0,0,0,0,0,0,0,0,0,0,0,0,0,0,0,0,0,0,0,0,0,0,0,0,0,0,0,0,0,0,0,0,0,0,0,0,0,0,0,0,0,0,0,0,0,0,0,0,0,0,0,0,0,0,0,0,0
SRR5385172,PRJNA377739,COPD_Exacerbation,0.250169602,0.025707167,0.018823421,0,0,0,0.272447106,0.099958238,0.000944281,0.043735751,0.008902189,0.004661618,0.00559758,0,0,0.003272488,0.001911852,0.010468059,0.000861573,0.001232509,0,0,0.005429026,0.004262792,0,0.000576563,0.00204549,0,0.001134682,0.000396383,0.000163861,0,0.000816267,0,0.000543043,0.003248481,0,0,0.001955392,0,0,0,0,0,0,0,0.007069819,0.002194037,0.003364999,0,0.003166436,0.000154338,0.000508642,0.0003758,0,0.001346463,0.000129158,0.000304549,0,0,0,0.000153174,0,0.000411218,0,0,0,0.000708454,0,0.000249159,0,0,0,0,0,0,0,0,0,0,0,0,0,0,0,0,0,0,0,0,0,0,0,0,0,0,0,0,0,0,0,0,0,0,0,0,0,0,0,0,0,0,0,0,0,0,0,0,0,0,0,0,0,0,0,0,0,0,0,0,0,0,0,0,0,0,0,0,0,0,0,0,0,0,0,0,0,0,0,0,0,0,0,0,0,0,0,0,0,0,0,0,0,0,0,0,0,0,0,0,0,0,0,0,0,0,0,0,0,0,0,0,0,0,0,0,0,0,0,0,0,0,0,0,0,0,0,0,0,0,0,0,0,0,0,0,0,0,0,0,0,0,0,0,0,0,0,0,0,0,0,0,0,0,0,0,0,0,0,0,0,0,0,0,0,0,0,0,0,0,0,0,0,0,0,0,0,0,0,0,0,0,0,0,0,0,0,0,0,0,0,0,0,0,0,0,0,0,0,0,0,0
SRR5385173,PRJNA377739,COPD_Exacerbation,0.224901553,0.00308951,0,0,0,0,0.262535582,0.008060608,0,0.020654546,0.002122193,0.00561383,0.004786899,0,0,0,0.000218172,0,0.00155048,0,0,0,0.019969969,0.00377216,0,0.001656493,0,0,0.001540073,0,0,0,0.000324844,0,0,0,0,0,0.000109783,0,0,0,0,0,0,0,0,0,0.004181895,0,0,0.00888411,0,0.003405671,0.001971023,0,0.001681092,0,0,0,0,0,0,0,0,0,0.000251102,0,0,0,0,0,0,0,0,0,0,0,0,0,0,0,0,0,0,0,0,0,0,0,0,0,0,0,0,0,0,0,0,0,0,0,0,0,0,0,0,0,0,0,0,0,0,0,0,0,0,0,0,0,0,0,0,0,0,0,0,0,0,0,0,0,0,0,0,0,0,0,0,0,0,0,0,0,0,0,0,0,0,0,0,0,0,0,0,0,0,0,0,0,0,0,0,0,0,0,0,0,0,0,0,0,0,0,0,0,0,0,0,0,0,0,0,0,0,0,0,0,0,0,0,0,0,0,0,0,0,0,0,0,0,0,0,0,0,0,0,0,0,0,0,0,0,0,0,0,0,0,0,0,0,0,0,0,0,0,0,0,0,0,0,0,0,0,0,0,0,0,0,0,0,0,0,0,0,0,0,0,0,0,0,0,0,0,0,0,0,0,0,0,0,0,0,0,0,0,0,0,0,0,0,0
SRR5385174,PRJNA377739,COPD_Exacerbation,0.077038124,0.001308742,0.000447293,0,0,0,0.143321184,0,0,0.017126958,0.000421583,0,0.00063389,0,0,0,0,0,0,0,0,0,0.000115426,0,0,0,0,0,0,0.000199249,0,0,0,0,0.050865375,0.0003896,0,0,0,0,0,0,0,0,0,0,0.000883391,0,0,0,0.001234416,0.00098497,0.000357402,0.000971184,0.000876009,0,0.000496962,0,0,0,0,0,0,0,0,0,0.000246212,0,8.18E-05,0,0,0,0,0,0,0,0,0,0,0,0,0,0,0,0,0,0,0,0,0,0,0,0,0,0,0,0,0,0,0,0,0,0,0,0,0,0,0,0,0,0,0,0,0,0,0,0,0,0,0,0,0,0,0,0,0,0,0,0,0,0,0,0,0,0,0,0,0,0,0,0,0,0,0,0,0,0,0,0,0,0,0,0,0,0,0,0,0,0,0,0,0,0,0,0,0,0,0,0,0,0,0,0,0,0,0,0,0,0,0,0,0,0,0,0,0,0,0,0,0,0,0,0,0,0,0,0,0,0,0,0,0,0,0,0,0,0,0,0,0,0,0,0,0,0,0,0,0,0,0,0,0,0,0,0,0,0,0,0,0,0,0,0,0,0,0,0,0,0,0,0,0,0,0,0,0,0,0,0,0,0,0,0,0,0,0,0,0,0,0,0,0,0,0,0,0,0,0,0,0,0,0
SRR5385175,PRJNA377739,COPD_Exacerbation,0.167046157,0.017427219,0,0,0,0,0.523173624,0.05247715,0,0.018668192,0.002123486,0.005750949,0.019790963,0,0,0.000663066,0.000215855,0.000712746,0.005024723,0.003329628,0,0,0.01398474,0.004892685,0,0.009618118,0,0,0.002061645,0.001931713,0,0,0.000228592,0,0,0.000784447,0,0,0,0,0,0,0,0,0,0,0.004395454,0,0.000515304,0,0.000208575,0.007106663,0,0.003949646,0.004707021,0,0.002145382,0,0,0,0,0,0.000895596,0,0,0,0.000252668,0,0,0,0,0,0,0,0,0,0,0,0,0,0,0,0,0,0,0,0,0,0,0,0,0,0,0,0,0,0,0,0,0,0,0,0,0,0,0,0,0,0,0,0,0,0,0,0,0,0,0,0,0,0,0,0,0,0,0,0,0,0,0,0,0,0,0,0,0,0,0,0,0,0,0,0,0,0,0,0,0,0,0,0,0,0,0,0,0,0,0,0,0,0,0,0,0,0,0,0,0,0,0,0,0,0,0,0,0,0,0,0,0,0,0,0,0,0,0,0,0,0,0,0,0,0,0,0,0,0,0,0,0,0,0,0,0,0,0,0,0,0,0,0,0,0,0,0,0,0,0,0,0,0,0,0,0,0,0,0,0,0,0,0,0,0,0,0,0,0,0,0,0,0,0,0,0,0,0,0,0,0,0,0,0,0,0,0,0,0,0,0,0,0,0,0,0,0,0,0,0,0,0,0,0
SRR5385176,PRJNA377739,COPD_Exacerbation,0.015384183,0.000143053,0.000160597,0,0,0,0.003919008,0.000597324,0,0.001244392,0.000359682,0,0.00094359,0,0,0,0,9.72E-05,0,0,0,0,0,0,0,0,0,0,0,0,0,0,0,0,0,0,0,0,0,0,0,0,0,0,0,0,0.00011562,5.57E-05,0,0,0,0.000671799,0,0.00018114,0.00030592,0,0.000189221,0,0,0,0,0,0,0,0,0,3.67E-05,0,7.25E-05,0,0,0,0,0,0,0,0,0,0,0,0,0,0,0,0,0,0,0,0,0,0,0,0,0,0,0,0,0,0,0,0,0,0,0,0,0,0,0,0,0,0,0,0,0,0,0,0,0,0,0,0,0,0,0,0,0,0,0,0,0,0,0,0,0,0,0,0,0,0,0,0,0,0,0,0,0,0,0,0,0,0,0,0,0,0,0,0,0,0,0,0,0,0,0,0,0,0,0,0,0,0,0,0,0,0,0,0,0,0,0,0,0,0,0,0,0,0,0,0,0,0,0,0,0,0,0,0,0,0,0,0,0,0,0,0,0,0,0,0,0,0,0,0,0,0,0,0,0,0,0,0,0,0,0,0,0,0,0,0,0,0,0,0,0,0,0,0,0,0,0,0,0,0,0,0,0,0,0,0,0,0,0,0,0,0,0,0,0,0,0,0,0,0,0,0,0,0,0,0,0,0,0
SRR6871428,PRJNA439311,COPD_Exacerbation,0.085656881,0.00766778,0.000271558,0,0,0,0.234850186,0.088395177,0,0.005935396,0.002298077,0.005127987,0.011251351,0,0,0.003980029,0.001139447,0.001132641,0.002936468,0,0,0,0.03924674,0.018323308,0,0,0,0,0.005588485,0,0,0,0,0,0,0,0,0,0.003496143,0,0,0,0,0,0,0,0,0,0,0,0,0.00058836,0,0,0,0,0,0,0.000833503,0,0.000387478,0,0,0,0.005493708,0,0.000492045,0,0,0,0,0.001301351,0,0.000342052,0,0.000386224,0,0,0,0,0,0,0,0,0,0,0,0,0,0,0,0,0,0,0,0,0,0,0,0,0,0,0,0,0,0,0,0,0,0,0,0,0,0,0,0,0,0,0,0,0,0,0,0,0,0,0,0,0,0,0,0,0,0,0,0,0,0,0,0,0,0,0,0,0,0,0,0,0,0,0,0,0,0,0,0,0,0,0,0,0,0,0,0,0,0,0,0,0,0,0,0,0,0,0,0,0,0,0,0,0,0,0,0,0,0,0,0,0,0,0,0,0,0,0,0,0,0,0,0,0,0,0,0,0,0,0,0,0,0,0,0,0,0,0,0,0,0,0,0,0,0,0,0,0,0,0,0,0,0,0,0,0,0,0,0,0,0,0,0,0,0,0,0,0,0,0,0,0,0,0,0,0,0,0,0,0,0,0,0,0,0,0,0,0,0,0,0,0,0,0,0
SRR6871429,PRJNA439311,COPD_Exacerbation,0.357141929,0.002569619,0,0,0,0,0.177376662,0.042962287,0,0.01580724,0.021079793,0.007878857,0.018790439,0,0,0,0,0.045086268,0,0,0.00162359,0,0.004897922,0.004792793,0,0.002172243,0,0,0.000629811,0,0,0,0,0,0,0,0,0,0.000333519,0,0,0,0,0,0,0.001354406,0.002294302,0,0.00067744,0,0.007116772,0,0,0,0,0.002207264,0,0,0,0,0,0,0.000433064,0,0.00010507,0,0.000152129,0,0,0.000759129,0,0,0,0,0,0,0,0,0.000905042,0,0,0,0,0,0,0,0,0,0,0,0,0,0,0,0,0,0,0,0,0,0,0,0,0,0,0,0,0,0,0,0,0,0,0,0,0,0,0,0,0,0,0,0,0,0,0,0,0,0,0,0,0,0,0,0,0,0,0,0,0,0,0,0,0,0,0,0,0,0,0,0,0,0,0,0,0,0,0,0,0,0,0,0,0,0,0,0,0,0,0,0,0,0,0,0,0,0,0,0,0,0,0,0,0,0,0,0,0,0,0,0,0,0,0,0,0,0,0,0,0,0,0,0,0,0,0,0,0,0,0,0,0,0,0,0,0,0,0,0,0,0,0,0,0,0,0,0,0,0,0,0,0,0,0,0,0,0,0,0,0,0,0,0,0,0,0,0,0,0,0,0,0,0,0,0,0,0,0,0,0,0,0,0,0,0,0,0,0,0,0,0,0
SRR6871433,PRJNA439311,COPD_Stable,0.374181384,0.00128691,0.000217434,0,0,0,0.157569211,0.005243208,0,0.081501318,0.029782007,0.019089306,0.001703404,0,0,0,0,0,0,0,0.011048322,0,0.001627162,0.04261432,0,0.000146068,0,0,0,0.00028663,0,0,0,0,0,0,0,0,0,0,0,0,0,0,0,0.001502148,0.001483601,0,0.00132172,0,0.005126286,0,0,0,0,0.003879868,0,0,0,0,0,0,0.000200882,0,0.000152558,0,2.26E-05,0,0,0.00048874,0,0,0,0,0,0,0,0,0.000361907,0,0,0,0,0,0,0,0,0,0,0,0,0,0,0,0,0,0,0,0,0,0,0,0,0,0,0,0,0,0,0,0,0,0,0,0,0,0,0,0,0,0,0,0,0,0,0,0,0,0,0,0,0,0,0,0,0,0,0,0,0,0,0,0,0,0,0,0,0,0,0,0,0,0,0,0,0,0,0,0,0,0,0,0,0,0,0,0,0,0,0,0,0,0,0,0,0,0,0,0,0,0,0,0,0,0,0,0,0,0,0,0,0,0,0,0,0,0,0,0,0,0,0,0,0,0,0,0,0,0,0,0,0,0,0,0,0,0,0,0,0,0,0,0,0,0,0,0,0,0,0,0,0,0,0,0,0,0,0,0,0,0,0,0,0,0,0,0,0,0,0,0,0,0,0,0,0,0,0,0,0,0,0,0,0,0,0,0,0,0,0,0,0
SRR6871434,PRJNA439311,COPD_Stable,0.288707144,0.010703658,0,0,0,0,0.123302312,0.030527506,0,0.029378268,0.028439821,0.013452741,0.012475007,0,0,0,0,0.026399507,0,0,0.005248447,0,0.028713708,0.013011621,0,0.005456235,0,0,0,0.019921635,0,0,0,0,0,0,0,0,0.001104382,0,0,0,0,0,0,0.004081367,0.044069643,0,0.020276534,0,0.026273218,0.000971201,0,0,0,0.005716366,0,0,7.38E-05,0,0,0,9.59E-05,0,0.001114305,0,0,0,0,0.002791989,0,0,0,0,0.000194683,0,0.000194683,0.000236258,0.002787408,0,0,0,0,0,0,0,0,0,0,0,0,0,0,0,0,0,0,0,0,0,0,0,0,0,0,0,0,0,0,0,0,0,0,0,0,0,0,0,0,0,0,0,0,0,0,0,0,0,0,0,0,0,0,0,0,0,0,0,0,0,0,0,0,0,0,0,0,0,0,0,0,0,0,0,0,0,0,0,0,0,0,0,0,0,0,0,0,0,0,0,0,0,0,0,0,0,0,0,0,0,0,0,0,0,0,0,0,0,0,0,0,0,0,0,0,0,0,0,0,0,0,0,0,0,0,0,0,0,0,0,0,0,0,0,0,0,0,0,0,0,0,0,0,0,0,0,0,0,0,0,0,0,0,0,0,0,0,0,0,0,0,0,0,0,0,0,0,0,0,0,0,0,0,0,0,0,0,0,0,0,0,0,0,0,0,0,0,0,0,0,0,0
SRR6871436,PRJNA439311,COPD_Stable,0.39836302,0.001570594,0.001184233,0,0,0,0.137889046,0.014180557,0,0.10927474,0.00108785,0,0.000316066,0,0,0,0,0.00086788,0,0,0,0,0,0,0,0.000138,0,0,0,0,0,0,0,0,0,0,0,0,0,0,0,0,0,0,0,0,0,0.000671889,0,0,0,0,0,0,0,0,0,0,0,0,0,0,0,0,0.03099676,0,0.006888875,0,0,0,0,0.009030241,0,0.004883761,0.009877727,0,0,0,0,0,0,0,0,0,0,0,0,0,0,0,0,0,0,0,0,0,0,0,0,0,0,0,0,0,0,0,0,0,0,0,0,0,0,0,0,0,0,0,0,0,0,0,0,0,0,0,0,0,0,0,0,0,0,0,0,0,0,0,0,0,0,0,0,0,0,0,0,0,0,0,0,0,0,0,0,0,0,0,0,0,0,0,0,0,0,0,0,0,0,0,0,0,0,0,0,0,0,0,0,0,0,0,0,0,0,0,0,0,0,0,0,0,0,0,0,0,0,0,0,0,0,0,0,0,0,0,0,0,0,0,0,0,0,0,0,0,0,0,0,0,0,0,0,0,0,0,0,0,0,0,0,0,0,0,0,0,0,0,0,0,0,0,0,0,0,0,0,0,0,0,0,0,0,0,0,0,0,0,0,0,0,0,0,0,0,0,0,0,0,0,0,0
SRR6871437,PRJNA439311,COPD_Exacerbation,0.031766523,0,0.941113605,0,0,0,0.000893427,4.93E-05,0,0.00578362,0,0,0.000663326,0,0,0,0,0,0,0,0.002559204,0,0,0,0,0,0,0,0,0,0,0,0,0,0,0,0,0,0,0,0,0,0,0,0,0,0,0,0,0,0,0,0,0,0,0,0,0.00039831,0,0,0,0,0,0,0.003517584,0,0.000180681,0,0,0,0,0.000640728,0,0.000418138,0,0,0,0,0,0,0,0,0,0,0,0,0,0,0,0,0,0,0,0,0,0,0,0,0,0,0,0,0,0,0,0,0,0,0,0,0,0,0,0,0,0,0,0,0,0,0,0,0,0,0,0,0,0,0,0,0,0,0,0,0,0,0,0,0,0,0,0,0,0,0,0,0,0,0,0,0,0,0,0,0,0,0,0,0,0,0,0,0,0,0,0,0,0,0,0,0,0,0,0,0,0,0,0,0,0,0,0,0,0,0,0,0,0,0,0,0,0,0,0,0,0,0,0,0,0,0,0,0,0,0,0,0,0,0,0,0,0,0,0,0,0,0,0,0,0,0,0,0,0,0,0,0,0,0,0,0,0,0,0,0,0,0,0,0,0,0,0,0,0,0,0,0,0,0,0,0,0,0,0,0,0,0,0,0,0,0,0,0,0,0,0,0,0,0,0,0,0
SRR6871438,PRJNA439311,COPD_Stable,0.125010214,0.00558496,0.000261413,0,0,0,0.320682126,0.026657899,0,0.017900806,0.01570833,0.015862429,0.006419867,0,0,0.001230238,0.00266688,0.004875271,0.00387735,0,0,0,0.002865947,0.027505935,0,0.000375439,0,0.002432791,0.004342583,0.00351875,0,0,0,0,0,0,0,0,0.001419367,0,0,0,0,0,0,0.00077809,0.014399353,0.171642243,0.029179203,0,0.005233085,0,0.006336586,0,0,0.005079758,0,0.001456741,0,0,0,0,0,0,0.000622116,0,0,0,0,0.001426553,0,0,0.024252049,0,0.000128023,0,0,0.000129262,0.001191598,0,0,0,0,0,0,0,0,0,0,0,0,0,0,0,0,0,0,0,0,0,0,0,0,0,0,0,0,0,0,0,0,0,0,0,0,0,0,0,0,0,0,0,0,0,0,0,0,0,0,0,0,0,0,0,0,0,0,0,0,0,0,0,0,0,0,0,0,0,0,0,0,0,0,0,0,0,0,0,0,0,0,0,0,0,0,0,0,0,0,0,0,0,0,0,0,0,0,0,0,0,0,0,0,0,0,0,0,0,0,0,0,0,0,0,0,0,0,0,0,0,0,0,0,0,0,0,0,0,0,0,0,0,0,0,0,0,0,0,0,0,0,0,0,0,0,0,0,0,0,0,0,0,0,0,0,0,0,0,0,0,0,0,0,0,0,0,0,0,0,0,0,0,0,0,0,0,0,0,0,0,0,0,0,0,0,0,0,0,0,0,0,0
SRR6871441,PRJNA439311,COPD_Stable,0.077917304,0.001146246,0,0,0,0,0.095266864,0.003813149,0,0.005400483,0.001541484,0.001029121,0.001495416,0,0,0,0.001110309,0.00073164,0,0,0,0,0.000508465,0.002065099,0,0.000447334,0,0.000772327,0.001607234,0.001520352,0,0,0,0,0,0,0,0,0,0,0,0,0,0,0,0,0.00037921,0.000279447,0.004078991,0,0.000374511,0,0.000801188,0,0,0.000215018,0,0,0.000314151,0,0,0,0,0.000345797,0.002791476,0,0,0,0,0.000145891,0,0.000222433,0.000145181,0,0,0,0,0.000177147,4.84E-05,0,0,0,0,0,0,0,0,0,0,0,0,0,0,0,0,0,0,0,0,0,0,0,0,0,0,0,0,0,0,0,0,0,0,0,0,0,0,0,0,0,0,0,0,0,0,0,0,0,0,0,0,0,0,0,0,0,0,0,0,0,0,0,0,0,0,0,0,0,0,0,0,0,0,0,0,0,0,0,0,0,0,0,0,0,0,0,0,0,0,0,0,0,0,0,0,0,0,0,0,0,0,0,0,0,0,0,0,0,0,0,0,0,0,0,0,0,0,0,0,0,0,0,0,0,0,0,0,0,0,0,0,0,0,0,0,0,0,0,0,0,0,0,0,0,0,0,0,0,0,0,0,0,0,0,0,0,0,0,0,0,0,0,0,0,0,0,0,0,0,0,0,0,0,0,0,0,0,0,0,0,0,0,0,0,0,0,0,0,0,0,0,0
SRR6871443,PRJNA439311,COPD_Stable,0.432406489,0.006389284,0,0,0,0,0.214769414,0.066639872,0,0.005202668,0.005854119,0.023944954,0.000594206,0,0,0.001005746,0.000761958,0.016996636,0,0,0.007403226,0,0,0.00851628,0,0.00010431,0,0,0.001254604,0,0,0,0,0,0,0,0,0,0.000193297,0,0,0,0,0,0,0.000237669,0.005857936,0.038195125,0.001883884,0,0.010700567,0.000129721,0.004202004,0,0,0.002953694,0,0.002193302,0,0,0,0,0,0.001505866,0.002160592,0,0.000245944,0,0,0.001005527,0,0.00011714,0.008171458,0.000272245,0,0,0,0,0.000369122,0,0,0,0,0,0,0,0,0,0,0,0,0,0,0,0,0,0,0,0,0,0,0,0,0,0,0,0,0,0,0,0,0,0,0,0,0,0,0,0,0,0,0,0,0,0,0,0,0,0,0,0,0,0,0,0,0,0,0,0,0,0,0,0,0,0,0,0,0,0,0,0,0,0,0,0,0,0,0,0,0,0,0,0,0,0,0,0,0,0,0,0,0,0,0,0,0,0,0,0,0,0,0,0,0,0,0,0,0,0,0,0,0,0,0,0,0,0,0,0,0,0,0,0,0,0,0,0,0,0,0,0,0,0,0,0,0,0,0,0,0,0,0,0,0,0,0,0,0,0,0,0,0,0,0,0,0,0,0,0,0,0,0,0,0,0,0,0,0,0,0,0,0,0,0,0,0,0,0,0,0,0,0,0,0,0,0,0,0,0,0,0,0
SRR6871445,PRJNA439311,COPD_Stable,0.259024288,0.024598823,0.001660522,0,0,0,0.382998681,0.015137049,0,0.098531734,0.000523887,0,0.021372312,0,0,0,0,0.000327676,0,0.001033618,0.001381653,0,0.008072544,0,0,0.001474107,0,0.001780111,0.001989403,0.00607884,0,0,0,0,0,0,0,0,0,0,0,0,0,0,0,0,0,0,0.000576362,0.001874745,0,0.007923326,0,0,0,0,0,0,0,0,0,0,0,0,0.00445933,0,0.000625704,0,0,0,0,0,0,0.001439274,0,0.000869033,0,0.001322756,0,0,0,0,0,0,0,0,0,0,0,0,0,0,0,0,0,0,0,0,0,0,0,0,0,0,0,0,0,0,0,0,0,0,0,0,0,0,0,0,0,0,0,0,0,0,0,0,0,0,0,0,0,0,0,0,0,0,0,0,0,0,0,0,0,0,0,0,0,0,0,0,0,0,0,0,0,0,0,0,0,0,0,0,0,0,0,0,0,0,0,0,0,0,0,0,0,0,0,0,0,0,0,0,0,0,0,0,0,0,0,0,0,0,0,0,0,0,0,0,0,0,0,0,0,0,0,0,0,0,0,0,0,0,0,0,0,0,0,0,0,0,0,0,0,0,0,0,0,0,0,0,0,0,0,0,0,0,0,0,0,0,0,0,0,0,0,0,0,0,0,0,0,0,0,0,0,0,0,0,0,0,0,0,0,0,0,0,0,0,0,0,0,0
SRR6871448,PRJNA439311,COPD_Stable,0.333112681,0.005316715,0.001855592,0.028282678,0,0,0.266966113,0.083506626,0,0.021930154,0.013356173,0.005287729,0.012952689,0,0,0.000888179,0,0.0186687,0,0.000989645,0,0,0.00087916,0.007876045,0,0.000274878,0,0,0.002956264,0.000186542,0,0,0,0,0,0,0,0,0,0,0,0,0,0,0,0,0.001676331,0.005120302,0.001834856,0,0.005326545,0.002587325,0.004147479,0,0,0.000171247,0,0,0.000989165,0,0,0,0,0.000151672,0.005057085,0,0,0.000414407,0,0,0,0.004388471,0,0.001037727,8.08E-05,0,0,0,0.000866983,0,0,0,0,0,0,0,0,0,0,0,0,0,0,0,0,0,0,0,0,0,0,0,0,0,0,0,0,0,0,0,0,0,0,0,0,0,0,0,0,0,0,0,0,0,0,0,0,0,0,0,0,0,0,0,0,0,0,0,0,0,0,0,0,0,0,0,0,0,0,0,0,0,0,0,0,0,0,0,0,0,0,0,0,0,0,0,0,0,0,0,0,0,0,0,0,0,0,0,0,0,0,0,0,0,0,0,0,0,0,0,0,0,0,0,0,0,0,0,0,0,0,0,0,0,0,0,0,0,0,0,0,0,0,0,0,0,0,0,0,0,0,0,0,0,0,0,0,0,0,0,0,0,0,0,0,0,0,0,0,0,0,0,0,0,0,0,0,0,0,0,0,0,0,0,0,0,0,0,0,0,0,0,0,0,0,0,0,0,0,0,0,0
SRR6871449,PRJNA439311,COPD_Stable,0.126686085,0.018963228,0,0,0,0,0.371108868,0.093533722,0,0.045218839,0.010294624,0.01812423,0.010930802,0,0,0.001769594,0.005094231,0.004076585,0.003890639,0.005158327,0,0.001577704,0.01163615,0.016217277,0,0.006837028,0,0.008395946,0.001917242,0.001099148,0,0,0,0,0,0,0,0.00089138,0,0,0,0,0,0,0,0.000159368,0.00183274,0,0.003060951,0,8.10E-05,0.007799702,0,0,0,0,0,0,0.000612439,0,0,0,0,0,0.005955087,0,0.002145056,0,0,0,0,0.00106822,0,0.000728668,0.001759663,0.004354524,0,0,0,0,0,0,0,0,0,0,0,0,0,0,0,0,0,0,0,0,0,0,0,0,0,0,0,0,0,0,0,0,0,0,0,0,0,0,0,0,0,0,0,0,0,0,0,0,0,0,0,0,0,0,0,0,0,0,0,0,0,0,0,0,0,0,0,0,0,0,0,0,0,0,0,0,0,0,0,0,0,0,0,0,0,0,0,0,0,0,0,0,0,0,0,0,0,0,0,0,0,0,0,0,0,0,0,0,0,0,0,0,0,0,0,0,0,0,0,0,0,0,0,0,0,0,0,0,0,0,0,0,0,0,0,0,0,0,0,0,0,0,0,0,0,0,0,0,0,0,0,0,0,0,0,0,0,0,0,0,0,0,0,0,0,0,0,0,0,0,0,0,0,0,0,0,0,0,0,0,0,0,0,0,0,0,0,0,0,0,0,0,0,0,0,0
SRR6871452,PRJNA439311,COPD_Stable,0.637443065,0.001011557,9.39E-05,0,0,0,0.12990204,0.031452547,0,0.048501527,0,0,0.05081992,0,0,0.000737966,0,0,0,0,0.001349043,0,0,0,0,0,0,0,9.05E-05,0,0,0,0,0,0,0,0,0,0,0,0,0,0,0,0,0,0,0.000358478,0,0,0,0.000285922,0,0,0,0,0,0,0.000529946,0,0,0,0.000190876,0,0.002751438,0,0.000208325,0,0,0,0,0,0,0.000479927,0.000239782,0.000197757,0.000299819,0,0,0,0,0,0,0,0,0,0,0,0,0,0,0,0,0,0,0,0,0,0,0,0,0,0,0,0,0,0,0,0,0,0,0,0,0,0,0,0,0,0,0,0,0,0,0,0,0,0,0,0,0,0,0,0,0,0,0,0,0,0,0,0,0,0,0,0,0,0,0,0,0,0,0,0,0,0,0,0,0,0,0,0,0,0,0,0,0,0,0,0,0,0,0,0,0,0,0,0,0,0,0,0,0,0,0,0,0,0,0,0,0,0,0,0,0,0,0,0,0,0,0,0,0,0,0,0,0,0,0,0,0,0,0,0,0,0,0,0,0,0,0,0,0,0,0,0,0,0,0,0,0,0,0,0,0,0,0,0,0,0,0,0,0,0,0,0,0,0,0,0,0,0,0,0,0,0,0,0,0,0,0,0,0,0,0,0,0,0,0,0,0,0,0
SRR6871455,PRJNA439311,COPD_Stable,0.44444441,0.007830775,0.000647339,0,0,0,0.375058553,0.008856518,0,0.125401652,6.58E-05,0.000170084,0.006819217,0,0,0.000134106,0,7.36E-05,0,0,0,0,0.001753135,9.62E-05,0,0.000440403,0,0,0,0.001422261,0,0,0,0,0,0,0,0,0,0,0,0,0,0,0,0,0,0.000187822,0.000220997,0,0,0,5.14E-05,0,0,0,0,0,0,0,0,0,0.000414914,0,0.000359652,0,0.00015081,0,0,0,0,0,0,0,9.47E-05,0,0,0.00052592,0,0,0,0,0,0,0,0,0,0,0,0,0,0,0,0,0,0,0,0,0,0,0,0,0,0,0,0,0,0,0,0,0,0,0,0,0,0,0,0,0,0,0,0,0,0,0,0,0,0,0,0,0,0,0,0,0,0,0,0,0,0,0,0,0,0,0,0,0,0,0,0,0,0,0,0,0,0,0,0,0,0,0,0,0,0,0,0,0,0,0,0,0,0,0,0,0,0,0,0,0,0,0,0,0,0,0,0,0,0,0,0,0,0,0,0,0,0,0,0,0,0,0,0,0,0,0,0,0,0,0,0,0,0,0,0,0,0,0,0,0,0,0,0,0,0,0,0,0,0,0,0,0,0,0,0,0,0,0,0,0,0,0,0,0,0,0,0,0,0,0,0,0,0,0,0,0,0,0,0,0,0,0,0,0,0,0,0,0,0,0,0,0,0
SRR6871456,PRJNA439311,COPD_Exacerbation,0.039360199,0.00626798,0.046457918,0.007836486,0,0,0.479865889,0.082352433,0,0.005521143,0.015253463,0.001571324,0.002635206,0,0,0.000614665,0.004890711,0.001068744,0.001182901,0.001213056,0,0,0.024280981,0.001964785,0,0.00153433,0,0,0.003258559,0,0,0,0,0,0,0,0,0.000871892,0.001486698,0,0,0,0,0,0,0.000220378,0.011370172,0.013283043,0.014091215,0,0.002941106,0,0,0,0,0.000143798,0,0,0,0,0.004096873,0,0,0,0.007220634,0,0.001112889,0,0,0.000477964,0,0.000261687,0,0,0.000635074,0,0.000446716,0,0,0,0,0,0,0,0,0,0,0,0,0,0,0,0,0,0,0,0,0,0,0,0,0,0,0,0,0,0,0,0,0,0,0,0,0,0,0,0,0,0,0,0,0,0,0,0,0,0,0,0,0,0,0,0,0,0,0,0,0,0,0,0,0,0,0,0,0,0,0,0,0,0,0,0,0,0,0,0,0,0,0,0,0,0,0,0,0,0,0,0,0,0,0,0,0,0,0,0,0,0,0,0,0,0,0,0,0,0,0,0,0,0,0,0,0,0,0,0,0,0,0,0,0,0,0,0,0,0,0,0,0,0,0,0,0,0,0,0,0,0,0,0,0,0,0,0,0,0,0,0,0,0,0,0,0,0,0,0,0,0,0,0,0,0,0,0,0,0,0,0,0,0,0,0,0,0,0,0,0,0,0,0,0,0,0,0,0,0,0,0,0,0,0
SRR6871457,PRJNA439311,COPD_Stable,0.410864084,0.067499733,0.001135521,0,0,0,0.358527094,0.031914537,0,0.028716352,0,0,0,0,0,0.002475037,0.000861912,0,0.000723791,0,0.00872869,0,0.006229064,0,0,0.001966991,0,0.009506528,0.002103126,0,0,0,0,0,0,0,0,0,0,0,0,0,0,0,0,0,0,0.000383445,0.00063594,0,0.000584333,0,0,0,0,0.000353446,0,0,0,0,0,0,0.001013907,0,0.00261753,0,0,0,0,0,0,0.000429805,0,0,0,0,0,0.000442479,0,0,0,0,0,0,0,0,0,0,0,0,0,0,0,0,0,0,0,0,0,0,0,0,0,0,0,0,0,0,0,0,0,0,0,0,0,0,0,0,0,0,0,0,0,0,0,0,0,0,0,0,0,0,0,0,0,0,0,0,0,0,0,0,0,0,0,0,0,0,0,0,0,0,0,0,0,0,0,0,0,0,0,0,0,0,0,0,0,0,0,0,0,0,0,0,0,0,0,0,0,0,0,0,0,0,0,0,0,0,0,0,0,0,0,0,0,0,0,0,0,0,0,0,0,0,0,0,0,0,0,0,0,0,0,0,0,0,0,0,0,0,0,0,0,0,0,0,0,0,0,0,0,0,0,0,0,0,0,0,0,0,0,0,0,0,0,0,0,0,0,0,0,0,0,0,0,0,0,0,0,0,0,0,0,0,0,0,0,0,0,0,0,0
SRR6871458,PRJNA439311,COPD_Stable,0.145092388,0.094160845,0,0,0,0,0.5264883,0.113400869,0,0.018743853,0,0.00040516,0.010683395,0,0,0.001338541,0.009983045,0,0,0.000805036,0.002844954,0,0,0.000163515,0,0.001094706,0,0,0.001782335,0,0,0,0,0,0,0,0,0.000571077,0,0,0,0,0,0,0,0,0,0,0,0,0,0,0,0,0,0,0,0,0.000639395,0,0,0,0,0,0.001173502,0,0.000135961,0,0,0,0,0.000458928,0,0.000412556,0.000165672,0,0,0,0,0,0,0,0,0,0,0,0,0,0,0,0,0,0,0,0,0,0,0,0,0,0,0,0,0,0,0,0,0,0,0,0,0,0,0,0,0,0,0,0,0,0,0,0,0,0,0,0,0,0,0,0,0,0,0,0,0,0,0,0,0,0,0,0,0,0,0,0,0,0,0,0,0,0,0,0,0,0,0,0,0,0,0,0,0,0,0,0,0,0,0,0,0,0,0,0,0,0,0,0,0,0,0,0,0,0,0,0,0,0,0,0,0,0,0,0,0,0,0,0,0,0,0,0,0,0,0,0,0,0,0,0,0,0,0,0,0,0,0,0,0,0,0,0,0,0,0,0,0,0,0,0,0,0,0,0,0,0,0,0,0,0,0,0,0,0,0,0,0,0,0,0,0,0,0,0,0,0,0,0,0,0,0,0,0,0,0,0,0,0,0,0,0
SRR6871459,PRJNA439311,COPD_Stable,0.282433856,0.034876273,0.001784576,0,0,0,0.144028896,0.111567444,0,0.000690099,0.001968641,0.005235503,0.003966106,0,0,0.001712121,0.000963049,0.013671309,0,0.089977162,0,0.000460205,0.004858211,0.030357139,0,0.000705346,0,0,0.001908116,0.000283654,0,0,0,0,0,0,0,0.000900935,0.000691956,0,0,0,0,0,0,0,0,0.001354452,0.002628468,0,0.000217433,0,0.003145876,0,0,0.000150116,0,0,0,0,0,0,0,0.000156633,9.55E-05,0,0,0.00026775,0,0.001191319,0,0,0.001386218,0,0,0,0,0,0,0,0,0,0,0,0,0,0,0,0,0,0,0,0,0,0,0,0,0,0,0,0,0,0,0,0,0,0,0,0,0,0,0,0,0,0,0,0,0,0,0,0,0,0,0,0,0,0,0,0,0,0,0,0,0,0,0,0,0,0,0,0,0,0,0,0,0,0,0,0,0,0,0,0,0,0,0,0,0,0,0,0,0,0,0,0,0,0,0,0,0,0,0,0,0,0,0,0,0,0,0,0,0,0,0,0,0,0,0,0,0,0,0,0,0,0,0,0,0,0,0,0,0,0,0,0,0,0,0,0,0,0,0,0,0,0,0,0,0,0,0,0,0,0,0,0,0,0,0,0,0,0,0,0,0,0,0,0,0,0,0,0,0,0,0,0,0,0,0,0,0,0,0,0,0,0,0,0,0,0,0,0,0,0,0,0,0,0,0,0,0,0,0
SRR6871460,PRJNA439311,COPD_Stable,0.245812983,0.035324035,0,0,0,0,0.191981298,0.037042289,0,0.017639587,0.005452221,0.023022176,0.029651565,0,0,0.001809159,0.005832264,0.000818993,0.001063118,0.039150288,0,0.00339333,0.005913514,0.013185515,0,0.012256273,0,0.001622507,0.003752427,0.005891465,0,0,0,0,0,0,0,0,0.002085823,0,0,0,0,0,0,0.000380777,0.005490836,0.009784995,0.028200253,0.052881799,0.001225832,0,0.000479876,0,0,0.000584511,0,0,0.000133224,0,0,0,0.00036495,0,0.001120583,0,0,0,0,0,0,0,0,0,0,0.000176546,0,0,0.000109272,0,0,0,0,0,0,0,0,0,0,0,0,0,0,0,0,0,0,0,0,0,0,0,0,0,0,0,0,0,0,0,0,0,0,0,0,0,0,0,0,0,0,0,0,0,0,0,0,0,0,0,0,0,0,0,0,0,0,0,0,0,0,0,0,0,0,0,0,0,0,0,0,0,0,0,0,0,0,0,0,0,0,0,0,0,0,0,0,0,0,0,0,0,0,0,0,0,0,0,0,0,0,0,0,0,0,0,0,0,0,0,0,0,0,0,0,0,0,0,0,0,0,0,0,0,0,0,0,0,0,0,0,0,0,0,0,0,0,0,0,0,0,0,0,0,0,0,0,0,0,0,0,0,0,0,0,0,0,0,0,0,0,0,0,0,0,0,0,0,0,0,0,0,0,0,0,0,0,0,0,0,0,0,0,0,0,0,0,0,0,0,0,0
SRR6871463,PRJNA439311,COPD_Exacerbation,0.057891369,0.007238859,0,0,0,0,0.087249031,0.009989646,0,0,0.185007431,0.006138023,0.019705408,0,0,0.000576599,0.000592069,0.511721071,0.000248958,0.0010421,0,0.000592101,0.002174441,0.041020716,0,0.00097972,0,0,0,0.000192286,0,0,0,0,0,0,0,0,0.001096617,0,0,0,0,0,0,0,0.001021213,0.002081541,0.003509717,0.008552659,0.000349461,0,5.75E-05,0,0,0.002851302,0,0,0,0,0,0,0,0,0.00034881,0,8.65E-05,0,0,0,0,0,0,0,0,0,0,0,0,0,0,0,0,0,0,0,0,0,0,0,0,0,0,0,0,0,0,0,0,0,0,0,0,0,0,0,0,0,0,0,0,0,0,0,0,0,0,0,0,0,0,0,0,0,0,0,0,0,0,0,0,0,0,0,0,0,0,0,0,0,0,0,0,0,0,0,0,0,0,0,0,0,0,0,0,0,0,0,0,0,0,0,0,0,0,0,0,0,0,0,0,0,0,0,0,0,0,0,0,0,0,0,0,0,0,0,0,0,0,0,0,0,0,0,0,0,0,0,0,0,0,0,0,0,0,0,0,0,0,0,0,0,0,0,0,0,0,0,0,0,0,0,0,0,0,0,0,0,0,0,0,0,0,0,0,0,0,0,0,0,0,0,0,0,0,0,0,0,0,0,0,0,0,0,0,0,0,0,0,0,0,0,0,0,0,0,0,0,0,0,0,0
SRR6871465,PRJNA439311,COPD_Stable,0.452639112,0.009995808,0.000736183,0,0,0,0.171807637,0.03318697,0,0.024631404,0.005455545,0.007509662,0.013652326,0,0,0,0.001169383,0.000836216,0.000315639,0.003536978,0,0.000179625,0.012750561,0.020078069,0,0.002877388,0,0,0.001522413,0.002892922,0,0,0,0,0,0,0,0.00074074,0.000393827,0,0,0,0,0,0,0.000263478,0.042474928,0.001896877,0.037911214,0,0.005407798,0.000149917,0.001944604,0,0,0.000410033,0,0,0.0003709,0,0,0,0.000270505,0,0.001560435,0,0.000133143,0,0,0.003955868,0,0,0,0,0.000168834,0.000175889,0,8.52E-05,0,0,0,0,0,0,0,0,0,0,0,0,0,0,0,0,0,0,0,0,0,0,0,0,0,0,0,0,0,0,0,0,0,0,0,0,0,0,0,0,0,0,0,0,0,0,0,0,0,0,0,0,0,0,0,0,0,0,0,0,0,0,0,0,0,0,0,0,0,0,0,0,0,0,0,0,0,0,0,0,0,0,0,0,0,0,0,0,0,0,0,0,0,0,0,0,0,0,0,0,0,0,0,0,0,0,0,0,0,0,0,0,0,0,0,0,0,0,0,0,0,0,0,0,0,0,0,0,0,0,0,0,0,0,0,0,0,0,0,0,0,0,0,0,0,0,0,0,0,0,0,0,0,0,0,0,0,0,0,0,0,0,0,0,0,0,0,0,0,0,0,0,0,0,0,0,0,0,0,0,0,0,0,0,0,0,0,0,0,0,0,0,0,0
SRR6871467,PRJNA439311,COPD_Stable,0.164094873,0.000810065,0,0.004419172,0,0,0.42952392,0.031628256,0,0.013514246,0.01609735,0.008730896,0,0,0,0.001283251,0.000239942,0.020381266,0,0,0.164135736,0,0.000663297,0.00799613,0,0.000238833,0,0,0.000860275,0,0,0,0,0,0,0,0,0,0,0,0,0,0,0,0,0,0.000690856,0.012526927,0.001656247,0.000196883,0.002916266,0,0.004417283,0,0,0.002444076,0,0.000848946,0,0,0,0,0,0.001025254,0.000424232,0,0.000106559,0.000517057,0,0,0,0,0,0,0,0,0,0,0.000191216,0,0,0,0,0,0,0,0,0,0,0,0,0,0,0,0,0,0,0,0,0,0,0,0,0,0,0,0,0,0,0,0,0,0,0,0,0,0,0,0,0,0,0,0,0,0,0,0,0,0,0,0,0,0,0,0,0,0,0,0,0,0,0,0,0,0,0,0,0,0,0,0,0,0,0,0,0,0,0,0,0,0,0,0,0,0,0,0,0,0,0,0,0,0,0,0,0,0,0,0,0,0,0,0,0,0,0,0,0,0,0,0,0,0,0,0,0,0,0,0,0,0,0,0,0,0,0,0,0,0,0,0,0,0,0,0,0,0,0,0,0,0,0,0,0,0,0,0,0,0,0,0,0,0,0,0,0,0,0,0,0,0,0,0,0,0,0,0,0,0,0,0,0,0,0,0,0,0,0,0,0,0,0,0,0,0,0,0,0,0,0,0,0
SRR6871468,PRJNA439311,COPD_Stable,0.235697322,0.032672,0.000159756,0.005503603,0,0,0.351826915,0.105422746,0,0.004780711,0.001647783,0.000232037,0.002848556,0,0,0.002157665,0.002457811,0.006579488,0,0,0,0,0.009981727,0.013379944,0,0.001024443,0,0,0.001882437,0.00066852,0,0,0,0,0,0,0,0.00061654,0.001610512,0,0,0,0,0,0,0,0,0.000592828,0.002645628,0,0.000896668,0,0,0,0,0,0,0,0,0,0.000279777,0,0.000325943,0,0.000306706,0,0,0,0,0.000280729,0,8.26E-05,0,0,0,0,0,0,0,0,0,0,0,0,0,0,0,0,0,0,0,0,0,0,0,0,0,0,0,0,0,0,0,0,0,0,0,0,0,0,0,0,0,0,0,0,0,0,0,0,0,0,0,0,0,0,0,0,0,0,0,0,0,0,0,0,0,0,0,0,0,0,0,0,0,0,0,0,0,0,0,0,0,0,0,0,0,0,0,0,0,0,0,0,0,0,0,0,0,0,0,0,0,0,0,0,0,0,0,0,0,0,0,0,0,0,0,0,0,0,0,0,0,0,0,0,0,0,0,0,0,0,0,0,0,0,0,0,0,0,0,0,0,0,0,0,0,0,0,0,0,0,0,0,0,0,0,0,0,0,0,0,0,0,0,0,0,0,0,0,0,0,0,0,0,0,0,0,0,0,0,0,0,0,0,0,0,0,0,0,0,0,0,0,0,0,0,0,0,0,0,0
SRR6871470,PRJNA439311,COPD_Stable,0.172777324,0.007341351,0,0,0,0,0.505373274,0.110681607,0,0.017875395,0.004369463,0,0.009402256,0,0,0,0.000166965,0.002365951,0,0,0,0,0.000290208,0.032048529,0,0.000428716,0,0,0.001539712,0,0,0,0,0,0,0,0,0,0.000861399,0,0,0,0,0,0,0,0,0.023078343,0.003230854,0,0.002261344,0,0.000517445,0,0,0.000269209,0,0.000471804,0,0,0,0,0,0,0.000532697,0,0.000123121,0,0,0.000597779,0,0,0.004519383,0,0,0,0,0,0.000107628,0,0,0,0,0,0,0,0,0,0,0,0,0,0,0,0,0,0,0,0,0,0,0,0,0,0,0,0,0,0,0,0,0,0,0,0,0,0,0,0,0,0,0,0,0,0,0,0,0,0,0,0,0,0,0,0,0,0,0,0,0,0,0,0,0,0,0,0,0,0,0,0,0,0,0,0,0,0,0,0,0,0,0,0,0,0,0,0,0,0,0,0,0,0,0,0,0,0,0,0,0,0,0,0,0,0,0,0,0,0,0,0,0,0,0,0,0,0,0,0,0,0,0,0,0,0,0,0,0,0,0,0,0,0,0,0,0,0,0,0,0,0,0,0,0,0,0,0,0,0,0,0,0,0,0,0,0,0,0,0,0,0,0,0,0,0,0,0,0,0,0,0,0,0,0,0,0,0,0,0,0,0,0,0,0,0,0,0,0,0,0,0,0
SRR6871476,PRJNA439311,COPD_Stable,0.161720757,0.001007893,0.338526294,0,0,0,0.049787299,0.024405191,0,0.001702127,0.00081902,0.001679146,0.000894612,0,0,0.000904272,0.000438897,0.002164959,0,0,0,0,0.002438052,0.003670446,0,0,0,0,0,0,0,0,0,0,0,0,0,0.000205432,0,0,0,0,0,0,0,0,0,0,0,0.000270746,0,0,0,0,0,0,0,0,0,0,0.000289189,0,5.05E-05,0,4.50E-05,0,0,0.000398495,0,0,0,0,0,0,0,3.20E-05,0,0,0,0,0,0,0,0,0,0,0,0,0,0,0,0,0,0,0,0,0,0,0,0,0,0,0,0,0,0,0,0,0,0,0,0,0,0,0,0,0,0,0,0,0,0,0,0,0,0,0,0,0,0,0,0,0,0,0,0,0,0,0,0,0,0,0,0,0,0,0,0,0,0,0,0,0,0,0,0,0,0,0,0,0,0,0,0,0,0,0,0,0,0,0,0,0,0,0,0,0,0,0,0,0,0,0,0,0,0,0,0,0,0,0,0,0,0,0,0,0,0,0,0,0,0,0,0,0,0,0,0,0,0,0,0,0,0,0,0,0,0,0,0,0,0,0,0,0,0,0,0,0,0,0,0,0,0,0,0,0,0,0,0,0,0,0,0,0,0,0,0,0,0,0,0,0,0,0,0,0,0,0,0,0,0,0,0,0,0,0,0,0,0,0,0
SRR6871478,PRJNA439311,COPD_Stable,0.123265069,0.029815091,0.001059573,0,0,0,0.251946642,0.067899954,0,0.005958843,0.020178848,0.028262357,0.037817611,0,0,0.003236851,0.002331334,0.01812387,0.001049508,0.005480003,0,0,0.014308024,0.038969427,0,0.009046596,0,0.003460188,0.003932912,0.002026435,0,0,0,0,0,0,0,0.001364225,0,0,0,0,0,0,0,0.000445136,0.00447373,0.014450019,0.021463729,0,0.002354484,0,0.005186781,0,0,0.001937214,0,0,0,0,0.002114602,0,0.000908614,0.001002039,0.008465442,0,0.001051019,0.00233436,0,0.002488333,0,0.00142828,0.004356805,0.001020426,0,0.000313665,0.000549252,0,0.001104472,0,0,0,0,0,0,0,0,0,0,0,0,0,0,0,0,0,0,0,0,0,0,0,0,0,0,0,0,0,0,0,0,0,0,0,0,0,0,0,0,0,0,0,0,0,0,0,0,0,0,0,0,0,0,0,0,0,0,0,0,0,0,0,0,0,0,0,0,0,0,0,0,0,0,0,0,0,0,0,0,0,0,0,0,0,0,0,0,0,0,0,0,0,0,0,0,0,0,0,0,0,0,0,0,0,0,0,0,0,0,0,0,0,0,0,0,0,0,0,0,0,0,0,0,0,0,0,0,0,0,0,0,0,0,0,0,0,0,0,0,0,0,0,0,0,0,0,0,0,0,0,0,0,0,0,0,0,0,0,0,0,0,0,0,0,0,0,0,0,0,0,0,0,0,0,0,0,0,0,0,0,0,0,0,0,0,0,0,0,0,0,0,0
SRR6871479,PRJNA439311,COPD_Stable,0.145834002,0.043226724,0.005937275,0,0,0,0.386796969,0.079495134,0,0.004067564,0.013937059,0.016088249,0.012175767,0,0,0.000880742,0.004235348,0.00106444,0.015423679,0.009231742,0,0,0.018942934,0.014267405,0,0.003650176,0,0.000443989,0.011333741,0.00196148,0,0,0,0,0,0,0,0.000499554,0.000294883,0,0,0,0,0,0,0,0.003655306,0.000783532,0.010903379,0,0.000411526,0.004589358,0.00196593,0,0,0.002458221,0,0,0.005259495,0,0,0,0.000104663,0,0.020904862,0,0.001013261,0.000442725,0,0,0,0.003425461,0,0.001955579,0.001460626,0,0,0,0.000812676,0,0,0,0,0,0,0,0,0,0,0,0,0,0,0,0,0,0,0,0,0,0,0,0,0,0,0,0,0,0,0,0,0,0,0,0,0,0,0,0,0,0,0,0,0,0,0,0,0,0,0,0,0,0,0,0,0,0,0,0,0,0,0,0,0,0,0,0,0,0,0,0,0,0,0,0,0,0,0,0,0,0,0,0,0,0,0,0,0,0,0,0,0,0,0,0,0,0,0,0,0,0,0,0,0,0,0,0,0,0,0,0,0,0,0,0,0,0,0,0,0,0,0,0,0,0,0,0,0,0,0,0,0,0,0,0,0,0,0,0,0,0,0,0,0,0,0,0,0,0,0,0,0,0,0,0,0,0,0,0,0,0,0,0,0,0,0,0,0,0,0,0,0,0,0,0,0,0,0,0,0,0,0,0,0,0,0,0,0,0,0,0,0
SRR6871480,PRJNA439311,COPD_Stable,0.090451535,0.031855119,0.000803807,0,0,0,0.45252269,0.088867505,0,0.018874614,0.005878208,0.006540888,0.008969144,0,0,0.000864776,0.01198379,0,0,0.006648501,0.000324064,0.008012683,0.143215164,0.014502315,0,0.013505376,0,0.011668595,0.003960843,0,0,0,0,0,0,0,0,0.000519786,0.004576496,0,0,0,0,0,0,0,0,0,0.002398299,0,0,0,0,0,0,0,0,0,0,0,0.001425645,0,0.001835221,0,0.000375633,0,0,0,0,0,0,0.00013594,0,0,0,0,0,0.000574384,0,0,0,0,0,0,0,0,0,0,0,0,0,0,0,0,0,0,0,0,0,0,0,0,0,0,0,0,0,0,0,0,0,0,0,0,0,0,0,0,0,0,0,0,0,0,0,0,0,0,0,0,0,0,0,0,0,0,0,0,0,0,0,0,0,0,0,0,0,0,0,0,0,0,0,0,0,0,0,0,0,0,0,0,0,0,0,0,0,0,0,0,0,0,0,0,0,0,0,0,0,0,0,0,0,0,0,0,0,0,0,0,0,0,0,0,0,0,0,0,0,0,0,0,0,0,0,0,0,0,0,0,0,0,0,0,0,0,0,0,0,0,0,0,0,0,0,0,0,0,0,0,0,0,0,0,0,0,0,0,0,0,0,0,0,0,0,0,0,0,0,0,0,0,0,0,0,0,0,0,0,0,0,0,0,0,0,0,0,0,0,0,0,0
SRR6871481,PRJNA439311,COPD_Stable,0.096006802,0.01522348,0.000276799,0,0,0,0.376941643,0.152010581,0,0.009625306,0.004919699,0.000669878,0.009806457,0,0,0.003856746,0.00274859,0.0143733,0.001400516,0,0,0,0.006611562,0.024663798,0,0.000551724,0,0,0.001993168,0.003238806,0,0,0,0,0,0,0,0.001610532,0.001174269,0,0,0,0,0,0,0,0.004065541,0.001108048,0.009340925,0,0.000940384,0,0.000684508,0,0,0,0,0,0,0,0,0,0.000325085,0,0.001609778,0,0,0,0,0.000347561,0,0,0.007007489,0.000138035,0,0,0,0.000228019,0,0,0,0,0,0,0,0,0,0,0,0,0,0,0,0,0,0,0,0,0,0,0,0,0,0,0,0,0,0,0,0,0,0,0,0,0,0,0,0,0,0,0,0,0,0,0,0,0,0,0,0,0,0,0,0,0,0,0,0,0,0,0,0,0,0,0,0,0,0,0,0,0,0,0,0,0,0,0,0,0,0,0,0,0,0,0,0,0,0,0,0,0,0,0,0,0,0,0,0,0,0,0,0,0,0,0,0,0,0,0,0,0,0,0,0,0,0,0,0,0,0,0,0,0,0,0,0,0,0,0,0,0,0,0,0,0,0,0,0,0,0,0,0,0,0,0,0,0,0,0,0,0,0,0,0,0,0,0,0,0,0,0,0,0,0,0,0,0,0,0,0,0,0,0,0,0,0,0,0,0,0,0,0,0,0,0,0,0,0,0,0,0,0
SRR6871482,PRJNA439311,COPD_Stable,0.349423194,0.100437749,0.006888219,0,0,0,0.246734687,0.04602141,0,0.027685908,0.003576354,0,0.016715904,0,0,0.000527985,0.000176228,0.000563506,0.000489731,0.024436167,0.000602041,0,0.024318408,0.000674552,0,0.021950748,0,0,0.001607121,0,0,0,0,0,0,0,0,0.000327831,0.003041722,0,0,0,0,0,0,0,0,0,0.002154204,0,0,0,0,0,0,0,0,0.000386542,0,0,0,0,0,0,5.37E-05,0,0,0,0,0.000136595,0,0,0,0,0,0,0,0.002442466,0,0,0,0,0,0,0,0,0,0,0,0,0,0,0,0,0,0,0,0,0,0,0,0,0,0,0,0,0,0,0,0,0,0,0,0,0,0,0,0,0,0,0,0,0,0,0,0,0,0,0,0,0,0,0,0,0,0,0,0,0,0,0,0,0,0,0,0,0,0,0,0,0,0,0,0,0,0,0,0,0,0,0,0,0,0,0,0,0,0,0,0,0,0,0,0,0,0,0,0,0,0,0,0,0,0,0,0,0,0,0,0,0,0,0,0,0,0,0,0,0,0,0,0,0,0,0,0,0,0,0,0,0,0,0,0,0,0,0,0,0,0,0,0,0,0,0,0,0,0,0,0,0,0,0,0,0,0,0,0,0,0,0,0,0,0,0,0,0,0,0,0,0,0,0,0,0,0,0,0,0,0,0,0,0,0,0,0,0,0,0,0,0,0
SRR6871484,PRJNA439311,COPD_Exacerbation,0.093078041,0.000912561,0.791725372,0,0,0,0.025842309,0.001284753,0,0.015753387,0.002288599,0.003310188,0.004342676,0,0,0,0.000578427,0.000138452,0.000136324,0.000828886,0,0.000186477,0.000875958,5.58E-05,0,0.000421082,0,0.000242869,0.000387458,0,0,0,0,0,0,0,0,0,0,0,0,0,0,0,0,0,0,0,0,0,0,0,0,0,0,0,0,0,0,0,0,0,0,0,0.001127048,0,0,0,0,0,0,0,0,0,0.000204775,0,0,0,0,0,0,0,0,0,0,0,0,0,0,0,0,0,0,0,0,0,0,0,0,0,0,0,0,0,0,0,0,0,0,0,0,0,0,0,0,0,0,0,0,0,0,0,0,0,0,0,0,0,0,0,0,0,0,0,0,0,0,0,0,0,0,0,0,0,0,0,0,0,0,0,0,0,0,0,0,0,0,0,0,0,0,0,0,0,0,0,0,0,0,0,0,0,0,0,0,0,0,0,0,0,0,0,0,0,0,0,0,0,0,0,0,0,0,0,0,0,0,0,0,0,0,0,0,0,0,0,0,0,0,0,0,0,0,0,0,0,0,0,0,0,0,0,0,0,0,0,0,0,0,0,0,0,0,0,0,0,0,0,0,0,0,0,0,0,0,0,0,0,0,0,0,0,0,0,0,0,0,0,0,0,0,0,0,0,0,0,0,0,0,0,0,0
SRR6871485,PRJNA439311,COPD_Stable,0.33696709,0.004147336,0,0.00318809,0,0,0.199486503,0.038542121,0,0.01899032,0.020629993,0.005027373,0.018883061,0,0,0,0,0.043185141,0,0,0.002130853,0,0.005058076,0.002732019,0,0.001360769,0,0,0.000675711,0,0,0,0,0,0,0,0,0,0.000890765,0,0,0,0,0,0,0.001365793,0.001136403,8.66E-05,0.000300849,0,0.00968679,0,0,0,0,0.002442827,0,0,0,0,0,0,0,0,0.000509199,0,0,0,0,0.001306423,0,0.000354531,0,0,0.000346766,0.000155724,0,9.89E-05,0.000392489,0,0,0,0,0,0,0,0,0,0,0,0,0,0,0,0,0,0,0,0,0,0,0,0,0,0,0,0,0,0,0,0,0,0,0,0,0,0,0,0,0,0,0,0,0,0,0,0,0,0,0,0,0,0,0,0,0,0,0,0,0,0,0,0,0,0,0,0,0,0,0,0,0,0,0,0,0,0,0,0,0,0,0,0,0,0,0,0,0,0,0,0,0,0,0,0,0,0,0,0,0,0,0,0,0,0,0,0,0,0,0,0,0,0,0,0,0,0,0,0,0,0,0,0,0,0,0,0,0,0,0,0,0,0,0,0,0,0,0,0,0,0,0,0,0,0,0,0,0,0,0,0,0,0,0,0,0,0,0,0,0,0,0,0,0,0,0,0,0,0,0,0,0,0,0,0,0,0,0,0,0,0,0,0,0,0,0,0,0,0,0,0,0
SRR6871486,PRJNA439311,COPD_Exacerbation,0.03950235,0.002236953,0,0.003244053,0,0,0.143791809,0.082310604,0,0.000428148,0.001293583,0.001954625,0.002239171,0,0,0.001649744,0.001454535,0.002530226,0,0,0,0.000842145,0.005840689,0.008002279,0,0.001590496,0,0,0.00175153,0.000328051,0,0,0,0,0,0,0,0,0.001210906,0,0,0,0,0,0,0,0,0.000369804,0.001685998,0,0.000197785,0,0,0,0,0,0,0,0,0,0,0,0.000318447,0,0.000146932,0,0,0,0,0,0,0,0,0,0,0,0,0.000205123,0,0,0,0,0,0,0,0,0,0,0,0,0,0,0,0,0,0,0,0,0,0,0,0,0,0,0,0,0,0,0,0,0,0,0,0,0,0,0,0,0,0,0,0,0,0,0,0,0,0,0,0,0,0,0,0,0,0,0,0,0,0,0,0,0,0,0,0,0,0,0,0,0,0,0,0,0,0,0,0,0,0,0,0,0,0,0,0,0,0,0,0,0,0,0,0,0,0,0,0,0,0,0,0,0,0,0,0,0,0,0,0,0,0,0,0,0,0,0,0,0,0,0,0,0,0,0,0,0,0,0,0,0,0,0,0,0,0,0,0,0,0,0,0,0,0,0,0,0,0,0,0,0,0,0,0,0,0,0,0,0,0,0,0,0,0,0,0,0,0,0,0,0,0,0,0,0,0,0,0,0,0,0,0,0,0,0,0,0,0,0,0,0,0
SRR6871488,PRJNA439311,COPD_Exacerbation,0.138983247,0.000388426,0,0,0,0,0.040379049,0.004953418,0,0.000564968,0.000315805,7.16E-05,0.000214189,0,0,0,0.00020895,0.00017485,0,0,0,0,0.00052486,0.001386733,0,0.000117947,0,0.000213928,0,0.000322191,0,0,0,0,0,0,0,0,0,0,0,0,0,0,0,0,0.000752009,0.000461107,0.001025146,0,0.000146998,0.000182851,2.55E-05,0,0,0,0,0,0,0,9.23E-05,0,0,0,0.000640849,0,0,0,0,0,0,0,0,0,0,0,0,3.08E-05,0,0,0,0,0,0,0,0,0,0,0,0,0,0,0,0,0,0,0,0,0,0,0,0,0,0,0,0,0,0,0,0,0,0,0,0,0,0,0,0,0,0,0,0,0,0,0,0,0,0,0,0,0,0,0,0,0,0,0,0,0,0,0,0,0,0,0,0,0,0,0,0,0,0,0,0,0,0,0,0,0,0,0,0,0,0,0,0,0,0,0,0,0,0,0,0,0,0,0,0,0,0,0,0,0,0,0,0,0,0,0,0,0,0,0,0,0,0,0,0,0,0,0,0,0,0,0,0,0,0,0,0,0,0,0,0,0,0,0,0,0,0,0,0,0,0,0,0,0,0,0,0,0,0,0,0,0,0,0,0,0,0,0,0,0,0,0,0,0,0,0,0,0,0,0,0,0,0,0,0,0,0,0,0,0,0,0,0,0,0,0,0,0,0
SRR6871489,PRJNA439311,COPD_Exacerbation,0.200902881,0.035319467,0,0,0,0,0.402385684,0.122956846,0,0.003850894,0.000518396,0.001980358,0.003443988,0,0,0.004586201,0.00172865,0.004189249,0,0,0,0.000706067,0.005245706,0.013438544,0,0.001707758,0,0,0.001820935,0.000737825,0,0,0,0,0,0,0,0,0.000426139,0,0,0,0,0,0,0.00012062,0.003529465,0.002539469,0.003619302,0,0.000755343,0,0,0,0,0.000130041,0,0,0,0,0,0,0.000425549,0.000223947,0.001623089,0,0,0,0,0.000373066,0,0.000546087,0.000714373,0,0,0,0,0.000166266,0,0,0,0,0,0,0,0,0,0,0,0,0,0,0,0,0,0,0,0,0,0,0,0,0,0,0,0,0,0,0,0,0,0,0,0,0,0,0,0,0,0,0,0,0,0,0,0,0,0,0,0,0,0,0,0,0,0,0,0,0,0,0,0,0,0,0,0,0,0,0,0,0,0,0,0,0,0,0,0,0,0,0,0,0,0,0,0,0,0,0,0,0,0,0,0,0,0,0,0,0,0,0,0,0,0,0,0,0,0,0,0,0,0,0,0,0,0,0,0,0,0,0,0,0,0,0,0,0,0,0,0,0,0,0,0,0,0,0,0,0,0,0,0,0,0,0,0,0,0,0,0,0,0,0,0,0,0,0,0,0,0,0,0,0,0,0,0,0,0,0,0,0,0,0,0,0,0,0,0,0,0,0,0,0,0,0,0,0,0,0,0,0,0
SRR6871490,PRJNA439311,COPD_Exacerbation,0.077901952,0,0.219308586,0.122313879,0,0,0.161962492,0.00804545,0,0.010129554,0.008002142,0.006081039,0.006819001,0,0,0.000126743,0.000621667,0.001635083,0.001316319,0.00733894,0,0.000911379,0.003078024,0.004199201,0,0.027625971,0,0.00503065,0.002600666,0.000561756,0,0,0,0,0,0,0,0,0,0,0,0,0,0,0,0,0.005388639,0.007803975,0.004568254,0,0.002661323,0.003485052,0.003302559,0,0,0.000373643,0,0,0,0,0,0,0,0,0.008085399,0,0,0,0,6.84E-05,0,0.000703374,0,0.001860237,0.000504882,0.000582776,0.001073508,0,9.12E-05,0,0,0,0,0,0,0,0,0,0,0,0,0,0,0,0,0,0,0,0,0,0,0,0,0,0,0,0,0,0,0,0,0,0,0,0,0,0,0,0,0,0,0,0,0,0,0,0,0,0,0,0,0,0,0,0,0,0,0,0,0,0,0,0,0,0,0,0,0,0,0,0,0,0,0,0,0,0,0,0,0,0,0,0,0,0,0,0,0,0,0,0,0,0,0,0,0,0,0,0,0,0,0,0,0,0,0,0,0,0,0,0,0,0,0,0,0,0,0,0,0,0,0,0,0,0,0,0,0,0,0,0,0,0,0,0,0,0,0,0,0,0,0,0,0,0,0,0,0,0,0,0,0,0,0,0,0,0,0,0,0,0,0,0,0,0,0,0,0,0,0,0,0,0,0,0,0,0,0,0,0,0,0,0,0,0,0,0,0,0,0,0,0
SRR6871493,PRJNA439311,COPD_Stable,0.050960323,0.002774952,0,0,0,0,0.03184552,0.00219865,0,0,0,0,0,0,0,0.00074228,0,0,0,0,0.002230205,0,0,0,0,0,0,0,0,0,0,0,0,0,0,0,0,0,0,0,0,0,0,0,0,0,0,0,0,0,0,0.002642225,0,0,0,0,0,0.001378685,0,0,0,0,0,0,0.010501478,0,0.0074106,0,0,0,0,0.001504267,0,0.0006344,0,0.019774571,0.008320512,0,0,0,0,0,0,0,0,0,0,0,0,0,0,0,0,0,0,0,0,0,0,0,0,0,0,0,0,0,0,0,0,0,0,0,0,0,0,0,0,0,0,0,0,0,0,0,0,0,0,0,0,0,0,0,0,0,0,0,0,0,0,0,0,0,0,0,0,0,0,0,0,0,0,0,0,0,0,0,0,0,0,0,0,0,0,0,0,0,0,0,0,0,0,0,0,0,0,0,0,0,0,0,0,0,0,0,0,0,0,0,0,0,0,0,0,0,0,0,0,0,0,0,0,0,0,0,0,0,0,0,0,0,0,0,0,0,0,0,0,0,0,0,0,0,0,0,0,0,0,0,0,0,0,0,0,0,0,0,0,0,0,0,0,0,0,0,0,0,0,0,0,0,0,0,0,0,0,0,0,0,0,0,0,0,0,0,0,0,0,0,0,0,0,0
SRR6871495,PRJNA439311,COPD_Exacerbation,0.412534357,0.019676156,0.000163526,0,0,0,0.235682801,0.03609995,0,0.062981761,0.000387452,0,0.001775567,0,0,0.00110722,0.002669502,0.001485019,0.000349945,0.03959943,0.009017004,0.001810415,0.014967352,0,0,0.018503527,0,0,0.000272867,0,0,0,0,0,0,0,0,0.000275151,0.001938803,0,0,0,0,0,0,0,0,0,0.005222795,0,0,0.001114059,0,0,0,0,0,0.002455584,0,0,0,0,0.00130532,0,0.002333259,0,0,0,0,0,0,0,0,0.000554799,0.000313005,0,0,0.00500496,0,0,0,0,0,0,0,0,0,0,0,0,0,0,0,0,0,0,0,0,0,0,0,0,0,0,0,0,0,0,0,0,0,0,0,0,0,0,0,0,0,0,0,0,0,0,0,0,0,0,0,0,0,0,0,0,0,0,0,0,0,0,0,0,0,0,0,0,0,0,0,0,0,0,0,0,0,0,0,0,0,0,0,0,0,0,0,0,0,0,0,0,0,0,0,0,0,0,0,0,0,0,0,0,0,0,0,0,0,0,0,0,0,0,0,0,0,0,0,0,0,0,0,0,0,0,0,0,0,0,0,0,0,0,0,0,0,0,0,0,0,0,0,0,0,0,0,0,0,0,0,0,0,0,0,0,0,0,0,0,0,0,0,0,0,0,0,0,0,0,0,0,0,0,0,0,0,0,0,0,0,0,0,0,0,0,0,0,0,0,0,0,0,0
SRR6871497,PRJNA439311,COPD_Stable,0.061320004,0.005305215,0.000177717,0,0,0,0.138547119,0.045856309,0,0.004287651,0.014683617,0.008423441,0.00856712,0,0,0,0.000747531,0.016051029,0.004570765,0.004308302,0,0,0.02988141,0.088366045,0,0.003658135,0,0.005950781,0.00414636,0.000742912,0,0,0,0,0,0,0,0,0,0,0,0,0,0,0,0,0.008324339,0.044895124,0.05254687,0,0.025540509,0,0.03685059,0,0,0.00249612,0,0,0,0,0,0,0.000199239,0.007638569,0.000331328,0,0,0.006885211,0,0.002666606,0,0,0.104837956,0,0,0,0,6.80E-05,0.000773726,0,0,0,0,0,0,0,0,0,0,0,0,0,0,0,0,0,0,0,0,0,0,0,0,0,0,0,0,0,0,0,0,0,0,0,0,0,0,0,0,0,0,0,0,0,0,0,0,0,0,0,0,0,0,0,0,0,0,0,0,0,0,0,0,0,0,0,0,0,0,0,0,0,0,0,0,0,0,0,0,0,0,0,0,0,0,0,0,0,0,0,0,0,0,0,0,0,0,0,0,0,0,0,0,0,0,0,0,0,0,0,0,0,0,0,0,0,0,0,0,0,0,0,0,0,0,0,0,0,0,0,0,0,0,0,0,0,0,0,0,0,0,0,0,0,0,0,0,0,0,0,0,0,0,0,0,0,0,0,0,0,0,0,0,0,0,0,0,0,0,0,0,0,0,0,0,0,0,0,0,0,0,0,0,0,0,0,0,0,0,0,0,0
SRR6871498,PRJNA439311,COPD_Stable,0.481891209,0.009286164,0,0,0,0,0.275105204,0.036692235,0,0.03442902,0.002161536,0,0.053521792,0,0,0.000339768,0.001280889,0.000381704,0.000840828,0.006213121,0.001772522,0,0.004925674,4.56E-05,0,0.003386527,0,0,0.00266058,0,0,0,0,0,0,0,0,0.000320257,0.000275124,0,0,0,0,0,0,0,0,0,0.003112732,0,0,0,0,0,0,0.000216386,0,0.000567425,0,0,0,0,0.000201036,0,6.55E-05,0,0,0,0,0,0,0,0,0,0,0,0,0.001139632,0,0,0,0,0,0,0,0,0,0,0,0,0,0,0,0,0,0,0,0,0,0,0,0,0,0,0,0,0,0,0,0,0,0,0,0,0,0,0,0,0,0,0,0,0,0,0,0,0,0,0,0,0,0,0,0,0,0,0,0,0,0,0,0,0,0,0,0,0,0,0,0,0,0,0,0,0,0,0,0,0,0,0,0,0,0,0,0,0,0,0,0,0,0,0,0,0,0,0,0,0,0,0,0,0,0,0,0,0,0,0,0,0,0,0,0,0,0,0,0,0,0,0,0,0,0,0,0,0,0,0,0,0,0,0,0,0,0,0,0,0,0,0,0,0,0,0,0,0,0,0,0,0,0,0,0,0,0,0,0,0,0,0,0,0,0,0,0,0,0,0,0,0,0,0,0,0,0,0,0,0,0,0,0,0,0,0,0,0,0,0,0,0,0
SRR6871499,PRJNA439311,COPD_Exacerbation,0.19196824,0.004415248,0,0,0,0,0.700892244,0.003464081,0,0.053073733,0,0,0.007755397,0,0,0.000631896,0.000394365,0,0,0,0.003456689,0,0,0,0,0,0,0,0.00027434,0,0,0,0,0,0,0,0,0,0,0,0,0,0,0,0,0,0,0,0,0,0,0.000794904,0,0,0,0,0,0,0,0,0,0,0,0,0.005709592,0,0,0,0,0,0,0,0,0,0.000798169,0,0,0,0,0,0,0,0,0,0,0,0,0,0,0,0,0,0,0,0,0,0,0,0,0,0,0,0,0,0,0,0,0,0,0,0,0,0,0,0,0,0,0,0,0,0,0,0,0,0,0,0,0,0,0,0,0,0,0,0,0,0,0,0,0,0,0,0,0,0,0,0,0,0,0,0,0,0,0,0,0,0,0,0,0,0,0,0,0,0,0,0,0,0,0,0,0,0,0,0,0,0,0,0,0,0,0,0,0,0,0,0,0,0,0,0,0,0,0,0,0,0,0,0,0,0,0,0,0,0,0,0,0,0,0,0,0,0,0,0,0,0,0,0,0,0,0,0,0,0,0,0,0,0,0,0,0,0,0,0,0,0,0,0,0,0,0,0,0,0,0,0,0,0,0,0,0,0,0,0,0,0,0,0,0,0,0,0,0,0,0,0,0,0,0,0,0
SRR6871500,PRJNA439311,COPD_Stable,0.652153036,0.010291697,0.000394791,0,0,0,0.163005365,0.039555359,0,0.00992241,0.00196237,0,0.002073915,0,0,0,0,0.002635807,0,0,0.001846325,0,0.001055371,0,0,0.000213802,0,0,0.001083134,0.001128359,0,0,0,0,0,0,0,0,0,0,0,0,0,0,0,0,0.001615812,0,0.00110927,0,0.003938554,0.001104516,0,0,0,0.00132451,0,0,0.000367877,0,0,0,0.000266322,0.000100764,0.001422622,0,0,0,0,0.000230712,0,0,0,0,0.00013826,0,0,0.000159029,0.001153705,0,0,0,0,0,0,0,0,0,0,0,0,0,0,0,0,0,0,0,0,0,0,0,0,0,0,0,0,0,0,0,0,0,0,0,0,0,0,0,0,0,0,0,0,0,0,0,0,0,0,0,0,0,0,0,0,0,0,0,0,0,0,0,0,0,0,0,0,0,0,0,0,0,0,0,0,0,0,0,0,0,0,0,0,0,0,0,0,0,0,0,0,0,0,0,0,0,0,0,0,0,0,0,0,0,0,0,0,0,0,0,0,0,0,0,0,0,0,0,0,0,0,0,0,0,0,0,0,0,0,0,0,0,0,0,0,0,0,0,0,0,0,0,0,0,0,0,0,0,0,0,0,0,0,0,0,0,0,0,0,0,0,0,0,0,0,0,0,0,0,0,0,0,0,0,0,0,0,0,0,0,0,0,0,0,0,0,0,0,0,0,0,0
SRR6871501,PRJNA439311,COPD_Stable,0.124929271,0,0,0,0,0,0.006503199,0.000308584,0,0.006629876,0,0,0.014238419,0,0,0,0,0,0,0.004510597,0,0,0,0,0,0,0,0,0,0,0,0,0,0,0,0,0,0,0,0,0,0,0,0,0,0,0,0,0,0,0,0.00080946,0,0,0,0,0,0,0,0,0,0,0,0,0.010722018,0,0,0,0,0,0,0.001148117,0,0.000848687,0.001822143,0,0,0,0,0,0,0,0,0,0,0,0,0,0,0,0,0,0,0,0,0,0,0,0,0,0,0,0,0,0,0,0,0,0,0,0,0,0,0,0,0,0,0,0,0,0,0,0,0,0,0,0,0,0,0,0,0,0,0,0,0,0,0,0,0,0,0,0,0,0,0,0,0,0,0,0,0,0,0,0,0,0,0,0,0,0,0,0,0,0,0,0,0,0,0,0,0,0,0,0,0,0,0,0,0,0,0,0,0,0,0,0,0,0,0,0,0,0,0,0,0,0,0,0,0,0,0,0,0,0,0,0,0,0,0,0,0,0,0,0,0,0,0,0,0,0,0,0,0,0,0,0,0,0,0,0,0,0,0,0,0,0,0,0,0,0,0,0,0,0,0,0,0,0,0,0,0,0,0,0,0,0,0,0,0,0,0,0,0,0,0,0,0,0,0,0,0
SRR6871504,PRJNA439311,COPD_Exacerbation,0.000862692,0,0.303138734,0.00115771,0,0,0.000920296,0,0,0,0,0,0,0,0,0,0,0,0,0.00022171,0.000139849,0,0,0,0,0,0,0,0,0,0,0,0,0,0,0,0,0,0,0,0,0,0,0,0,0,0,0,0,0,0,0,0,0,0,0,0,0,0,0,0,0,0,0,0.000388399,0,0,0,0,0,0,0,0,4.37E-05,0,0,5.82E-05,0,0,0,0,0,0,0,0,0,0,0,0,0,0,0,0,0,0,0,0,0,0,0,0,0,0,0,0,0,0,0,0,0,0,0,0,0,0,0,0,0,0,0,0,0,0,0,0,0,0,0,0,0,0,0,0,0,0,0,0,0,0,0,0,0,0,0,0,0,0,0,0,0,0,0,0,0,0,0,0,0,0,0,0,0,0,0,0,0,0,0,0,0,0,0,0,0,0,0,0,0,0,0,0,0,0,0,0,0,0,0,0,0,0,0,0,0,0,0,0,0,0,0,0,0,0,0,0,0,0,0,0,0,0,0,0,0,0,0,0,0,0,0,0,0,0,0,0,0,0,0,0,0,0,0,0,0,0,0,0,0,0,0,0,0,0,0,0,0,0,0,0,0,0,0,0,0,0,0,0,0,0,0,0,0,0,0,0,0,0,0,0,0,0,0
SRR6871505,PRJNA439311,COPD_Stable,0.120287734,0.024150314,0,0,0,0,0.400869655,0.080122833,0,0.014764778,0.008319147,0.000743063,0.012822135,0,0,0.002277378,0.003468806,0.008885686,0.00172508,0,0,0.001764283,0.023346044,0.030842096,0,0.000938513,0,0,0.004968074,0.001351679,0,0,0,0,0,0,0,0.001507728,0.003926922,0,0,0,0,0,0,0.000103701,0.006247784,0.003006136,0.001243862,0,0.001603616,0,0.00040372,0,0,0.001247234,0,0,0.002298462,0,0.000781597,0,0,0,0.000261253,0,0,0,0,0.000332964,0,0.00323976,0,0,0,0,0,0.000264796,0,0,0,0,0,0,0,0,0,0,0,0,0,0,0,0,0,0,0,0,0,0,0,0,0,0,0,0,0,0,0,0,0,0,0,0,0,0,0,0,0,0,0,0,0,0,0,0,0,0,0,0,0,0,0,0,0,0,0,0,0,0,0,0,0,0,0,0,0,0,0,0,0,0,0,0,0,0,0,0,0,0,0,0,0,0,0,0,0,0,0,0,0,0,0,0,0,0,0,0,0,0,0,0,0,0,0,0,0,0,0,0,0,0,0,0,0,0,0,0,0,0,0,0,0,0,0,0,0,0,0,0,0,0,0,0,0,0,0,0,0,0,0,0,0,0,0,0,0,0,0,0,0,0,0,0,0,0,0,0,0,0,0,0,0,0,0,0,0,0,0,0,0,0,0,0,0,0,0,0,0,0,0,0,0,0,0,0,0,0,0,0,0,0
SRR6871506,PRJNA439311,COPD_Stable,0.053091547,0.007331147,0.469238108,0,0,0,0.176413149,0.190048236,0,0.003227296,0.005238084,0.002480627,0.000464524,0,0,0,0.001439377,0,0.001747159,0,0,0,0.000749901,0.007320322,0,0.000578177,0,0.001068475,0.001384589,0.000176772,0,0,0,0,0,0,0,0,0,0,0,0,0,0,0,0.00079922,0,0.001221675,0.001048514,0,0.000377332,0.000316548,0.000976393,0,0,0.000224655,0,0,0,0,0,0,0.000981602,0,0.000330303,0,0,0,0,0,0,0,0,0,0.00010162,0,0,0,0,0,0,0,0,0,0,0,0,0,0,0,0,0,0,0,0,0,0,0,0,0,0,0,0,0,0,0,0,0,0,0,0,0,0,0,0,0,0,0,0,0,0,0,0,0,0,0,0,0,0,0,0,0,0,0,0,0,0,0,0,0,0,0,0,0,0,0,0,0,0,0,0,0,0,0,0,0,0,0,0,0,0,0,0,0,0,0,0,0,0,0,0,0,0,0,0,0,0,0,0,0,0,0,0,0,0,0,0,0,0,0,0,0,0,0,0,0,0,0,0,0,0,0,0,0,0,0,0,0,0,0,0,0,0,0,0,0,0,0,0,0,0,0,0,0,0,0,0,0,0,0,0,0,0,0,0,0,0,0,0,0,0,0,0,0,0,0,0,0,0,0,0,0,0,0,0,0,0,0,0,0,0,0,0,0,0,0,0,0,0,0,0,0
SRR6871507,PRJNA439311,COPD_Stable,0.023475783,0.00310053,0.000366991,0,0,0,0.121375173,0.052338911,0,0.002830513,0,0.000137875,0.000451882,0,0,0,0.000419831,0,0.001249628,0,0.002154217,0,0.001277699,0.001124444,0,0.000363841,0,0,0.000706058,0,0,0,0,0,0,0,0,0,0,0,0,0,0,0,0,0,0,0.003448316,0.001282241,0,0,0.001087097,9.76E-05,0,0,0,0,0,0.000756808,0,0,0,0,0,0.002132703,0,0.000360573,0,0,0,0,0.00031134,0,0,0.000664946,0,0,0,0,0,0,0,0,0,0,0,0,0,0,0,0,0,0,0,0,0,0,0,0,0,0,0,0,0,0,0,0,0,0,0,0,0,0,0,0,0,0,0,0,0,0,0,0,0,0,0,0,0,0,0,0,0,0,0,0,0,0,0,0,0,0,0,0,0,0,0,0,0,0,0,0,0,0,0,0,0,0,0,0,0,0,0,0,0,0,0,0,0,0,0,0,0,0,0,0,0,0,0,0,0,0,0,0,0,0,0,0,0,0,0,0,0,0,0,0,0,0,0,0,0,0,0,0,0,0,0,0,0,0,0,0,0,0,0,0,0,0,0,0,0,0,0,0,0,0,0,0,0,0,0,0,0,0,0,0,0,0,0,0,0,0,0,0,0,0,0,0,0,0,0,0,0,0,0,0,0,0,0,0,0,0,0,0,0,0,0,0,0,0,0,0,0
SRR6871508,PRJNA439311,COPD_Stable,0.764736943,0.004468206,0,0,0,0,0.080612895,0.007704718,0,0.00302779,0.002602049,0.002908225,0.000868152,0,0,0,0,0.006567206,0,0,0,0.000975286,0.000554456,0.00586198,0,0.001632214,0,0,0.00021398,0.000435264,0,0,0,0,0,0,0,0,0,0,0,0,0,0,0,0,0,0.005865715,0.001692106,0,0.000573089,0.000685304,0.000457971,0,0,0.000548508,0,0,0,0,0,0,0.000422296,0.000263731,0.002680707,0,0.000988823,0.000160494,0,0,0,0.001379606,0.002690742,0,0,0,0.000233832,0,2.74E-05,0,0,0,0,0,0,0,0,0,0,0,0,0,0,0,0,0,0,0,0,0,0,0,0,0,0,0,0,0,0,0,0,0,0,0,0,0,0,0,0,0,0,0,0,0,0,0,0,0,0,0,0,0,0,0,0,0,0,0,0,0,0,0,0,0,0,0,0,0,0,0,0,0,0,0,0,0,0,0,0,0,0,0,0,0,0,0,0,0,0,0,0,0,0,0,0,0,0,0,0,0,0,0,0,0,0,0,0,0,0,0,0,0,0,0,0,0,0,0,0,0,0,0,0,0,0,0,0,0,0,0,0,0,0,0,0,0,0,0,0,0,0,0,0,0,0,0,0,0,0,0,0,0,0,0,0,0,0,0,0,0,0,0,0,0,0,0,0,0,0,0,0,0,0,0,0,0,0,0,0,0,0,0,0,0,0,0,0,0,0,0,0,0
SRR6871510,PRJNA439311,COPD_Stable,0.001677964,0,0.000665957,0,0,0,0.004814358,0.001851954,0,0,0.000316032,0.000117847,0,0,0,0,0.000149285,0.000261599,0,0,0,0,0,0.00029709,0,0.000188272,0,0,0,0,0,0,0,0,0,0,0,0,0,0,0,0,0,0,0,0,0.000253869,0.000804493,0.000248496,0,8.48E-05,0,7.24E-05,0,0,0,0,0,0,0,0,0,0,0.000110851,0.000344367,0,0,0,0,0,0,0,0,0,0.00015624,0,0,0,0,0,0,0,0,0,0,0,0,0,0,0,0,0,0,0,0,0,0,0,0,0,0,0,0,0,0,0,0,0,0,0,0,0,0,0,0,0,0,0,0,0,0,0,0,0,0,0,0,0,0,0,0,0,0,0,0,0,0,0,0,0,0,0,0,0,0,0,0,0,0,0,0,0,0,0,0,0,0,0,0,0,0,0,0,0,0,0,0,0,0,0,0,0,0,0,0,0,0,0,0,0,0,0,0,0,0,0,0,0,0,0,0,0,0,0,0,0,0,0,0,0,0,0,0,0,0,0,0,0,0,0,0,0,0,0,0,0,0,0,0,0,0,0,0,0,0,0,0,0,0,0,0,0,0,0,0,0,0,0,0,0,0,0,0,0,0,0,0,0,0,0,0,0,0,0,0,0,0,0,0,0,0,0,0,0,0,0,0,0,0,0,0,0
SRR6871512,PRJNA439311,COPD_Stable,0.041430868,0.011748266,0.000929756,0,0,0,0.253436181,0.13642538,0,0.006216222,0.015091277,0.033197823,0.011791844,0,0,0.000910195,0.001811742,0.007260636,0.001106303,0.075318057,0,0.000605737,0.037461747,0.053237553,0,0.007360336,0,0.000975565,0.005076222,0.000932241,0,0,0,0,0,0,0,0.004954021,0.002696344,0,0,0,0,0,0,0,0,0.001779204,0.002062525,0,0.000586882,0.000453277,0.003324407,0,0,0.001023721,0,0,0,0,0.0006135,0,0.002478509,0.000882625,0.000329897,0,0,0.001438819,0,0.00015109,0,0,0.001221786,0,0,0,0,0,0,0,0,0,0,0,0,0,0,0,0,0,0,0,0,0,0,0,0,0,0,0,0,0,0,0,0,0,0,0,0,0,0,0,0,0,0,0,0,0,0,0,0,0,0,0,0,0,0,0,0,0,0,0,0,0,0,0,0,0,0,0,0,0,0,0,0,0,0,0,0,0,0,0,0,0,0,0,0,0,0,0,0,0,0,0,0,0,0,0,0,0,0,0,0,0,0,0,0,0,0,0,0,0,0,0,0,0,0,0,0,0,0,0,0,0,0,0,0,0,0,0,0,0,0,0,0,0,0,0,0,0,0,0,0,0,0,0,0,0,0,0,0,0,0,0,0,0,0,0,0,0,0,0,0,0,0,0,0,0,0,0,0,0,0,0,0,0,0,0,0,0,0,0,0,0,0,0,0,0,0,0,0,0,0,0,0,0,0,0,0,0,0,0
SRR6871514,PRJNA439311,COPD_Exacerbation,0.054773368,0.000144433,0.23279496,0,0,0,0.069905818,0.023335923,0,0.001004473,0.011094745,0.024484502,0.011917183,0,0,0.0008364,0.000574593,0.005908192,0.001647452,0.025606458,0,0,0.021336009,0.008962098,0,0.045571601,0,0,0.003711811,0,0,0,0,0,0,0,0,0,0.000754284,0,0,0,0,0,0,0,0,0.00207533,0.000480448,0,0.000336794,0.000864464,0.001327246,0,0,0.000576261,0,0,5.42E-05,0,0,0,0,0.000806153,0.008805881,0,0.000623335,0.000219156,0,0,0,0,0,0.000786939,0.001009035,0.000414779,0.000594856,0.000129056,0,0,0,0,0,0,0,0,0,0,0,0,0,0,0,0,0,0,0,0,0,0,0,0,0,0,0,0,0,0,0,0,0,0,0,0,0,0,0,0,0,0,0,0,0,0,0,0,0,0,0,0,0,0,0,0,0,0,0,0,0,0,0,0,0,0,0,0,0,0,0,0,0,0,0,0,0,0,0,0,0,0,0,0,0,0,0,0,0,0,0,0,0,0,0,0,0,0,0,0,0,0,0,0,0,0,0,0,0,0,0,0,0,0,0,0,0,0,0,0,0,0,0,0,0,0,0,0,0,0,0,0,0,0,0,0,0,0,0,0,0,0,0,0,0,0,0,0,0,0,0,0,0,0,0,0,0,0,0,0,0,0,0,0,0,0,0,0,0,0,0,0,0,0,0,0,0,0,0,0,0,0,0,0,0,0,0,0,0,0,0,0,0,0
SRR6871515,PRJNA439311,COPD_Exacerbation,0.447698498,0.000515823,0.00042676,0,0,0,0.066467051,0.033694753,0,0.001752303,0.003783483,0.025786443,0.002516847,0,0,0.000700665,0.001111899,0.003317356,0.001741404,0.025915032,0,0.00031263,0.013115833,0.016413061,0,0.010189864,0,0,0.000977896,0,0,0,0,0,0,0,0,0,0.00035897,0,0,0,0,0,0,0,0,0.000701803,0.000378927,0,0.00013079,0.000170228,0.000463298,0,0,0.000153006,0,0,0,0,0,0,0,0.000242485,0.001307831,0,0,0,0,0,0,0,0,0.000107567,0,5.03E-05,0,0.000102069,0,0,0,0,0,0,0,0,0,0,0,0,0,0,0,0,0,0,0,0,0,0,0,0,0,0,0,0,0,0,0,0,0,0,0,0,0,0,0,0,0,0,0,0,0,0,0,0,0,0,0,0,0,0,0,0,0,0,0,0,0,0,0,0,0,0,0,0,0,0,0,0,0,0,0,0,0,0,0,0,0,0,0,0,0,0,0,0,0,0,0,0,0,0,0,0,0,0,0,0,0,0,0,0,0,0,0,0,0,0,0,0,0,0,0,0,0,0,0,0,0,0,0,0,0,0,0,0,0,0,0,0,0,0,0,0,0,0,0,0,0,0,0,0,0,0,0,0,0,0,0,0,0,0,0,0,0,0,0,0,0,0,0,0,0,0,0,0,0,0,0,0,0,0,0,0,0,0,0,0,0,0,0,0,0,0,0,0,0,0,0,0,0,0
SRR6871519,PRJNA439311,COPD_Exacerbation,0.493327608,0.011023578,0,0,0,0,0.207330934,0.004326416,0,0,0.004806259,0,0,0,0,0,0.00413884,0,0,0,0,0,0,0.000421967,0,0,0,0,0,0,0,0,0,0,0,0,0,0,0,0,0,0,0,0,0,0,0,0,0.003502984,0,0,0,0,0,0,0,0,0.004211863,0,0,0,0,0,0,0.030966645,0,0.00168808,0,0,0,0,0,0,0.003861728,0,0,0,0,0,0,0,0,0,0,0,0,0,0,0,0,0,0,0,0,0,0,0,0,0,0,0,0,0,0,0,0,0,0,0,0,0,0,0,0,0,0,0,0,0,0,0,0,0,0,0,0,0,0,0,0,0,0,0,0,0,0,0,0,0,0,0,0,0,0,0,0,0,0,0,0,0,0,0,0,0,0,0,0,0,0,0,0,0,0,0,0,0,0,0,0,0,0,0,0,0,0,0,0,0,0,0,0,0,0,0,0,0,0,0,0,0,0,0,0,0,0,0,0,0,0,0,0,0,0,0,0,0,0,0,0,0,0,0,0,0,0,0,0,0,0,0,0,0,0,0,0,0,0,0,0,0,0,0,0,0,0,0,0,0,0,0,0,0,0,0,0,0,0,0,0,0,0,0,0,0,0,0,0,0,0,0,0,0,0,0,0,0,0,0,0,0,0
SRR9093017,PRJNA543785,COPD_Exacerbation,0.31158995,0,0,0,0,0,0.087992242,0,0,0,0,0,0.002750771,0,0,0,0,0,0,0,0,0,0,0,0,0,0,0,0,0,0,0,0,0,0,0,0,0,0,0,0,0,0,0,0,0,0,0,0,0,0,0,0,0,0,0,0,0,0,0,0,0,0,0,0,0,0,0,0,0,0,0,0,0,0,0,0,0,0,0,0,0,0,0,0,0,0,0,0,0,0,0,0,0,0,0,0,0,0,0,0,0,0,0,0,0,0,0,0,0,0,0,0,0,0,0,0,0,0,0,0,0,0,0,0,0,0,0,0,0,0,0,0,0,0,0,0,0,0,0,0,0,0,0,0,0,0,0,0,0,0,0,0,0,0,0,0,0,0,0,0,0,0,0,0,0,0,0,0,0,0,0,0,0,0,0,0,0,0,0,0,0,0,0,0,0,0,0,0,0,0,0,0,0,0,0,0,0,0,0,0,0,0,0,0,0,0,0,0,0,0,0,0,0,0,0,0,0,0,0,0,0,0,0,0,0,0,0,0,0,0,0,0,0,0,0,0,0,0,0,0,0,0,0,0,0,0,0,0,0,0,0,0,0,0,0,0,0,0,0,0,0,0,0,0,0,0,0,0,0,0,0
SRR9093023,PRJNA543785,COPD_Exacerbation,0.055583354,0.002874632,0,0,0,0,0.215061258,0,0,0,0,0,0,0,0,0,0,0,0,0,0,0,0,0,0,0,0,0,0,0,0,0,0,0,0,0,0,0,0,0,0,0,0,0,0,0,0,0,0,0,0,0,0,0,0,0,0,0,0,0,0,0,0,0,0,0,0,0,0,0,0,0,0,0,0,0,0,0,0,0,0,0,0,0,0,0,0,0,0,0,0,0,0,0,0,0,0,0,0,0,0,0,0,0,0,0,0,0,0,0,0,0,0,0,0,0,0,0,0,0,0,0,0,0,0,0,0,0,0,0,0,0,0,0,0,0,0,0,0,0,0,0,0,0,0,0,0,0,0,0,0,0,0,0,0,0,0,0,0,0,0,0,0,0,0,0,0,0,0,0,0,0,0,0,0,0,0,0,0,0,0,0,0,0,0,0,0,0,0,0,0,0,0,0,0,0,0,0,0,0,0,0,0,0,0,0,0,0,0,0,0,0,0,0,0,0,0,0,0,0,0,0,0,0,0,0,0,0,0,0,0,0,0,0,0,0,0,0,0,0,0,0,0,0,0,0,0,0,0,0,0,0,0,0,0,0,0,0,0,0,0,0,0,0,0,0,0,0,0,0,0,0
SRR9093024,PRJNA543785,COPD_Exacerbation,0.257688521,0,0,0,0,0,0,0,0,0,0,0,0,0,0,0,0,0,0,0,0,0,0,0,0,0,0,0,0,0,0,0,0,0,0,0,0,0,0,0,0,0,0,0,0,0,0,0,0,0,0,0,0,0,0,0,0,0,0,0,0,0,0,0,0,0,0,0,0,0,0,0,0,0,0,0,0,0,0,0,0,0,0,0,0,0,0,0,0,0,0,0,0,0,0,0,0,0,0,0,0,0,0,0,0,0,0,0,0,0,0,0,0,0,0,0,0,0,0,0,0,0,0,0,0,0,0,0,0,0,0,0,0,0,0,0,0,0,0,0,0,0,0,0,0,0,0,0,0,0,0,0,0,0,0,0,0,0,0,0,0,0,0,0,0,0,0,0,0,0,0,0,0,0,0,0,0,0,0,0,0,0,0,0,0,0,0,0,0,0,0,0,0,0,0,0,0,0,0,0,0,0,0,0,0,0,0,0,0,0,0,0,0,0,0,0,0,0,0,0,0,0,0,0,0,0,0,0,0,0,0,0,0,0,0,0,0,0,0,0,0,0,0,0,0,0,0,0,0,0,0,0,0,0,0,0,0,0,0,0,0,0,0,0,0,0,0,0,0,0,0,0
SRR9093032,PRJNA543785,COPD_Exacerbation,0.008844743,0,0,0,0,0,0.048648859,0,0,0,0,0,0,0,0,0,0,0,0,0,0,0,0,0,0,0,0,0,0,0,0,0,0,0,0,0,0,0,0,0,0,0,0,0,0,0,0,0,0,0,0,0,0,0,0,0,0,0,0,0,0,0,0,0,0,0,0,0,0,0,0,0,0,0,0,0,0,0,0,0,0,0,0,0,0,0,0,0,0,0,0,0,0,0,0,0,0,0,0,0,0,0,0,0,0,0,0,0,0,0,0,0,0,0,0,0,0,0,0,0,0,0,0,0,0,0,0,0,0,0,0,0,0,0,0,0,0,0,0,0,0,0,0,0,0,0,0,0,0,0,0,0,0,0,0,0,0,0,0,0,0,0,0,0,0,0,0,0,0,0,0,0,0,0,0,0,0,0,0,0,0,0,0,0,0,0,0,0,0,0,0,0,0,0,0,0,0,0,0,0,0,0,0,0,0,0,0,0,0,0,0,0,0,0,0,0,0,0,0,0,0,0,0,0,0,0,0,0,0,0,0,0,0,0,0,0,0,0,0,0,0,0,0,0,0,0,0,0,0,0,0,0,0,0,0,0,0,0,0,0,0,0,0,0,0,0,0,0,0,0,0,0
SRR9093033,PRJNA543785,COPD_Exacerbation,0,0,0,0,0,0,0,0,0,0,0,0,0,0,0,0,0,0,0,0,0,0,0,0,0,0,0,0,0,0,0,0,0,0,0,0,0,0,0,0,0,0,0,0,0,0,0,0,0,0,0,0,0,0,0,0,0,0,0,0,0,0,0,0,0,0,0,0,0,0,0,0,0,0,0,0,0,0,0,0,0,0,0,0,0,0,0,0,0,0,0,0,0,0,0,0,0,0,0,0,0,0,0,0,0,0,0,0,0,0,0,0,0,0,0,0,0,0,0,0,0,0,0,0,0,0,0,0,0,0,0,0,0,0,0,0,0,0,0,0,0,0,0,0,0,0,0,0,0,0,0,0,0,0,0,0,0,0,0,0,0,0,0,0,0,0,0,0,0,0,0,0,0,0,0,0,0,0,0,0,0,0,0,0,0,0,0,0,0,0,0,0,0,0,0,0,0,0,0,0,0,0,0,0,0,0,0,0,0,0,0,0,0,0,0,0,0,0,0,0,0,0,0,0,0,0,0,0,0,0,0,0,0,0,0,0,0,0,0,0,0,0,0,0,0,0,0,0,0,0,0,0,0,0,0,0,0,0,0,0,0,0,0,0,0,0,0,0,0,0,0,0
SRR9093039,PRJNA543785,COPD_Exacerbation,0,0,0,0,0,0,0,0,0,0,0,0,0,0,0,0,0,0,0,0,0,0,0,0,0,0,0,0,0,0,0,0,0,0,0,0,0,0,0,0,0,0,0,0,0,0,0,0,0,0,0,0,0,0,0,0,0,0,0,0,0,0,0,0,0,0,0,0,0,0,0,0,0,0,0,0,0,0,0,0,0,0,0,0,0,0,0,0,0,0,0,0,0,0,0,0,0,0,0,0,0,0,0,0,0,0,0,0,0,0,0,0,0,0,0,0,0,0,0,0,0,0,0,0,0,0,0,0,0,0,0,0,0,0,0,0,0,0,0,0,0,0,0,0,0,0,0,0,0,0,0,0,0,0,0,0,0,0,0,0,0,0,0,0,0,0,0,0,0,0,0,0,0,0,0,0,0,0,0,0,0,0,0,0,0,0,0,0,0,0,0,0,0,0,0,0,0,0,0,0,0,0,0,0,0,0,0,0,0,0,0,0,0,0,0,0,0,0,0,0,0,0,0,0,0,0,0,0,0,0,0,0,0,0,0,0,0,0,0,0,0,0,0,0,0,0,0,0,0,0,0,0,0,0,0,0,0,0,0,0,0,0,0,0,0,0,0,0,0,0,0,0
SRR9093042,PRJNA543785,COPD_Exacerbation,0.189745961,0,0,0,0,0,0.137154331,0,0,0,0,0,0,0,0,0,0,0,0,0,0,0,0,0,0,0,0,0,0,0,0,0,0,0,0,0,0,0,0,0,0,0,0,0,0,0,0,0,0,0,0,0,0,0,0,0,0,0,0,0,0,0,0,0,0,0,0,0,0,0,0,0,0,0,0,0,0,0,0,0,0,0,0,0,0,0,0,0,0,0,0,0,0,0,0,0,0,0,0,0,0,0,0,0,0,0,0,0,0,0,0,0,0,0,0,0,0,0,0,0,0,0,0,0,0,0,0,0,0,0,0,0,0,0,0,0,0,0,0,0,0,0,0,0,0,0,0,0,0,0,0,0,0,0,0,0,0,0,0,0,0,0,0,0,0,0,0,0,0,0,0,0,0,0,0,0,0,0,0,0,0,0,0,0,0,0,0,0,0,0,0,0,0,0,0,0,0,0,0,0,0,0,0,0,0,0,0,0,0,0,0,0,0,0,0,0,0,0,0,0,0,0,0,0,0,0,0,0,0,0,0,0,0,0,0,0,0,0,0,0,0,0,0,0,0,0,0,0,0,0,0,0,0,0,0,0,0,0,0,0,0,0,0,0,0,0,0,0,0,0,0,0
SRR9093045,PRJNA543785,COPD_Exacerbation,0.298911785,0,0,0,0,0,0,0,0,0,0,0,0,0,0,0,0,0,0,0,0,0,0,0,0,0,0,0,0,0,0,0,0,0,0,0,0,0,0,0,0,0,0,0,0,0,0,0,0,0,0,0,0,0,0,0,0,0,0,0,0,0,0,0,0,0,0,0,0,0,0,0,0,0,0,0,0,0,0,0,0,0,0,0,0,0,0,0,0,0,0,0,0,0,0,0,0,0,0,0,0,0,0,0,0,0,0,0,0,0,0,0,0,0,0,0,0,0,0,0,0,0,0,0,0,0,0,0,0,0,0,0,0,0,0,0,0,0,0,0,0,0,0,0,0,0,0,0,0,0,0,0,0,0,0,0,0,0,0,0,0,0,0,0,0,0,0,0,0,0,0,0,0,0,0,0,0,0,0,0,0,0,0,0,0,0,0,0,0,0,0,0,0,0,0,0,0,0,0,0,0,0,0,0,0,0,0,0,0,0,0,0,0,0,0,0,0,0,0,0,0,0,0,0,0,0,0,0,0,0,0,0,0,0,0,0,0,0,0,0,0,0,0,0,0,0,0,0,0,0,0,0,0,0,0,0,0,0,0,0,0,0,0,0,0,0,0,0,0,0,0,0
SRR9093049,PRJNA543785,COPD_Exacerbation,0.103991114,0,0,0,0,0,0.057195685,0,0,0,0.003991125,0,0,0,0,0,0,0,0,0,0,0,0,0,0,0,0,0,0,0,0,0,0,0,0,0,0,0,0,0,0,0,0,0,0,0,0,0,0,0,0,0,0,0,0,0,0,0,0,0,0,0,0,0,0,0,0,0,0,0,0,0,0,0,0,0,0,0,0,0,0,0,0,0,0,0,0,0,0,0,0,0,0,0,0,0,0,0,0,0,0,0,0,0,0,0,0,0,0,0,0,0,0,0,0,0,0,0,0,0,0,0,0,0,0,0,0,0,0,0,0,0,0,0,0,0,0,0,0,0,0,0,0,0,0,0,0,0,0,0,0,0,0,0,0,0,0,0,0,0,0,0,0,0,0,0,0,0,0,0,0,0,0,0,0,0,0,0,0,0,0,0,0,0,0,0,0,0,0,0,0,0,0,0,0,0,0,0,0,0,0,0,0,0,0,0,0,0,0,0,0,0,0,0,0,0,0,0,0,0,0,0,0,0,0,0,0,0,0,0,0,0,0,0,0,0,0,0,0,0,0,0,0,0,0,0,0,0,0,0,0,0,0,0,0,0,0,0,0,0,0,0,0,0,0,0,0,0,0,0,0,0
SRR9093065,PRJNA543785,COPD_Exacerbation,0.278849877,0,0,0,0,0,0,0,0,0,0,0,0,0,0,0,0,0,0,0,0,0,0,0,0,0,0,0,0,0,0,0,0,0,0,0,0,0,0,0,0,0,0,0,0,0,0,0,0,0,0,0,0,0,0,0,0,0,0,0,0,0,0,0,0,0,0,0,0,0,0,0,0,0,0,0,0,0,0,0,0,0,0,0,0,0,0,0,0,0,0,0,0,0,0,0,0,0,0,0,0,0,0,0,0,0,0,0,0,0,0,0,0,0,0,0,0,0,0,0,0,0,0,0,0,0,0,0,0,0,0,0,0,0,0,0,0,0,0,0,0,0,0,0,0,0,0,0,0,0,0,0,0,0,0,0,0,0,0,0,0,0,0,0,0,0,0,0,0,0,0,0,0,0,0,0,0,0,0,0,0,0,0,0,0,0,0,0,0,0,0,0,0,0,0,0,0,0,0,0,0,0,0,0,0,0,0,0,0,0,0,0,0,0,0,0,0,0,0,0,0,0,0,0,0,0,0,0,0,0,0,0,0,0,0,0,0,0,0,0,0,0,0,0,0,0,0,0,0,0,0,0,0,0,0,0,0,0,0,0,0,0,0,0,0,0,0,0,0,0,0,0
SRR9093067,PRJNA543785,COPD_Exacerbation,0,0,0,0,0,0,0,0,0,0,0,0,0,0,0,0,0,0,0,0,0,0,0,0,0,0,0,0,0,0,0,0,0,0,0,0,0,0,0,0,0,0,0,0,0,0,0,0,0,0,0,0,0,0,0,0,0,0,0,0,0,0,0,0,0,0,0,0,0,0,0,0,0,0,0,0,0,0,0,0,0,0,0,0,0,0,0,0,0,0,0,0,0,0,0,0,0,0,0,0,0,0,0,0,0,0,0,0,0,0,0,0,0,0,0,0,0,0,0,0,0,0,0,0,0,0,0,0,0,0,0,0,0,0,0,0,0,0,0,0,0,0,0,0,0,0,0,0,0,0,0,0,0,0,0,0,0,0,0,0,0,0,0,0,0,0,0,0,0,0,0,0,0,0,0,0,0,0,0,0,0,0,0,0,0,0,0,0,0,0,0,0,0,0,0,0,0,0,0,0,0,0,0,0,0,0,0,0,0,0,0,0,0,0,0,0,0,0,0,0,0,0,0,0,0,0,0,0,0,0,0,0,0,0,0,0,0,0,0,0,0,0,0,0,0,0,0,0,0,0,0,0,0,0,0,0,0,0,0,0,0,0,0,0,0,0,0,0,0,0,0,0
SRR9093068,PRJNA543785,COPD_Exacerbation,0,0,0,0,0,0,0,0,0,0,0,0,0,0,0,0,0,0,0,0,0,0,0,0,0,0,0,0,0,0,0,0,0,0,0,0,0,0,0,0,0,0,0,0,0,0,0,0,0,0,0,0,0,0,0,0,0,0,0,0,0,0,0,0,0,0,0,0,0,0,0,0,0,0,0,0,0,0,0,0,0,0,0,0,0,0,0,0,0,0,0,0,0,0,0,0,0,0,0,0,0,0,0,0,0,0,0,0,0,0,0,0,0,0,0,0,0,0,0,0,0,0,0,0,0,0,0,0,0,0,0,0,0,0,0,0,0,0,0,0,0,0,0,0,0,0,0,0,0,0,0,0,0,0,0,0,0,0,0,0,0,0,0,0,0,0,0,0,0,0,0,0,0,0,0,0,0,0,0,0,0,0,0,0,0,0,0,0,0,0,0,0,0,0,0,0,0,0,0,0,0,0,0,0,0,0,0,0,0,0,0,0,0,0,0,0,0,0,0,0,0,0,0,0,0,0,0,0,0,0,0,0,0,0,0,0,0,0,0,0,0,0,0,0,0,0,0,0,0,0,0,0,0,0,0,0,0,0,0,0,0,0,0,0,0,0,0,0,0,0,0,0
SRR9093078,PRJNA543785,COPD_Exacerbation,0.034916813,0,0,0,0,0,0,0,0,0,0,0,0,0,0,0,0,0,0,0,0,0,0,0,0,0,0,0,0,0,0,0,0,0,0,0,0,0,0,0,0,0,0,0,0,0,0,0,0,0,0,0,0,0,0,0,0,0,0,0,0,0,0,0,0,0,0,0,0,0,0,0,0,0,0,0,0,0,0,0,0,0,0,0,0,0,0,0,0,0,0,0,0,0,0,0,0,0,0,0,0,0,0,0,0,0,0,0,0,0,0,0,0,0,0,0,0,0,0,0,0,0,0,0,0,0,0,0,0,0,0,0,0,0,0,0,0,0,0,0,0,0,0,0,0,0,0,0,0,0,0,0,0,0,0,0,0,0,0,0,0,0,0,0,0,0,0,0,0,0,0,0,0,0,0,0,0,0,0,0,0,0,0,0,0,0,0,0,0,0,0,0,0,0,0,0,0,0,0,0,0,0,0,0,0,0,0,0,0,0,0,0,0,0,0,0,0,0,0,0,0,0,0,0,0,0,0,0,0,0,0,0,0,0,0,0,0,0,0,0,0,0,0,0,0,0,0,0,0,0,0,0,0,0,0,0,0,0,0,0,0,0,0,0,0,0,0,0,0,0,0,0
SRR9093088,PRJNA543785,COPD_Exacerbation,0.082113647,0.001977262,0,0,0,0,0.085506368,0,0,0,0,0,0,0,0,0,0,0,0,0,0,0,0,0,0,0,0,0,0,0,0,0,0,0,0,0,0,0,0,0,0,0,0,0,0,0,0,0,0,0,0,0,0,0,0,0,0,0,0,0,0,0,0,0,0,0,0,0,0,0,0,0,0,0,0,0,0,0,0,0,0,0,0,0,0,0,0,0,0,0,0,0,0,0,0,0,0,0,0,0,0,0,0,0,0,0,0,0,0,0,0,0,0,0,0,0,0,0,0,0,0,0,0,0,0,0,0,0,0,0,0,0,0,0,0,0,0,0,0,0,0,0,0,0,0,0,0,0,0,0,0,0,0,0,0,0,0,0,0,0,0,0,0,0,0,0,0,0,0,0,0,0,0,0,0,0,0,0,0,0,0,0,0,0,0,0,0,0,0,0,0,0,0,0,0,0,0,0,0,0,0,0,0,0,0,0,0,0,0,0,0,0,0,0,0,0,0,0,0,0,0,0,0,0,0,0,0,0,0,0,0,0,0,0,0,0,0,0,0,0,0,0,0,0,0,0,0,0,0,0,0,0,0,0,0,0,0,0,0,0,0,0,0,0,0,0,0,0,0,0,0,0
SRR9093090,PRJNA543785,COPD_Exacerbation,0.012569244,0.028834714,0,0,0,0,0.089895095,0,0,0,0,0,0,0,0,0,0,0,0,0,0,0,0,0,0,0,0,0,0,0,0,0,0,0,0,0,0,0,0,0,0,0,0,0,0,0,0,0,0,0,0,0,0,0,0,0,0,0,0,0,0,0,0,0,0,0,0,0,0,0,0,0,0,0,0,0,0,0,0,0,0,0,0,0,0,0,0,0,0,0,0,0,0,0,0,0,0,0,0,0,0,0,0,0,0,0,0,0,0,0,0,0,0,0,0,0,0,0,0,0,0,0,0,0,0,0,0,0,0,0,0,0,0,0,0,0,0,0,0,0,0,0,0,0,0,0,0,0,0,0,0,0,0,0,0,0,0,0,0,0,0,0,0,0,0,0,0,0,0,0,0,0,0,0,0,0,0,0,0,0,0,0,0,0,0,0,0,0,0,0,0,0,0,0,0,0,0,0,0,0,0,0,0,0,0,0,0,0,0,0,0,0,0,0,0,0,0,0,0,0,0,0,0,0,0,0,0,0,0,0,0,0,0,0,0,0,0,0,0,0,0,0,0,0,0,0,0,0,0,0,0,0,0,0,0,0,0,0,0,0,0,0,0,0,0,0,0,0,0,0,0,0
